,game_id,scrape_time,game_date,home_team,away_team,game_key,book,market,player,over_under,line,price,commence_time,commence_time_et,Date,team,Week
206863,d55cb69fed50a09170560b5b75d8de86,2026-09-29 07:36:51 EDT,2026-10-01,CLE,PIT,CLE@PIT,DraftKings,player_pass_completions,Aaron Rodgers,Over,21.5,-115,2026-10-02 00:15:00+00:00,2026-10-01 20:15:00-04:00,2026-10-01,PIT,4.0
206864,d55cb69fed50a09170560b5b75d8de86,2026-09-29 07:36:51 EDT,2026-10-01,CLE,PIT,CLE@PIT,DraftKings,player_pass_completions,Aaron Rodgers,Under,21.5,-111,2026-10-02 00:15:00+00:00,2026-10-01 20:15:00-04:00,2026-10-01,PIT,4.0
206865,d55cb69fed50a09170560b5b75d8de86,2026-09-29 07:36:51 EDT,2026-10-01,CLE,PIT,CLE@PIT,DraftKings,player_pass_completions,Deshaun Watson,Over,18.5,103,2026-10-02 00:15:00+00:00,2026-10-01 20:15:00-04:00,2026-10-01,CLE,4.0
206866,d55cb69fed50a09170560b5b75d8de86,2026-09-29 07:36:51 EDT,2026-10-01,CLE,PIT,CLE@PIT,DraftKings,player_pass_completions,Deshaun Watson,Under,18.5,-131,2026-10-02 00:15:00+00:00,2026-10-01 20:15:00-04:00,2026-10-01,CLE,4.0
206867,d55cb69fed50a09170560b5b75d8de86,2026-09-29 07:36:51 EDT,2026-10-01,CLE,PIT,CLE@PIT,BetOnline.ag,player_pass_completions,Deshaun Watson,Over,18.5,-109,2026-10-02 00:15:00+00:00,2026-10-01 20:15:00-04:00,2026-10-01,CLE,4.0
206868,d55cb69fed50a09170560b5b75d8de86,2026-09-29 07:36:51 EDT,2026-10-01,CLE,PIT,CLE@PIT,BetOnline.ag,player_pass_completions,Deshaun Watson,Under,18.5,-119,2026-10-02 00:15:00+00:00,2026-10-01 20:15:00-04:00,2026-10-01,CLE,4.0
206869,d55cb69fed50a09170560b5b75d8de86,2026-09-29 07:36:51 EDT,2026-10-01,CLE,PIT,CLE@PIT,BetOnline.ag,player_pass_completions,Aaron Rodgers,Over,21.5,-111,2026-10-02 00:15:00+00:00,2026-10-01 20:15:00-04:00,2026-10-01,PIT,4.0
206870,d55cb69fed50a09170560b5b75d8de86,2026-09-29 07:36:51 EDT,2026-10-01,CLE,PIT,CLE@PIT,BetOnline.ag,player_pass_completions,Aaron Rodgers,Under,21.5,-116,2026-10-02 00:15:00+00:00,2026-10-01 20:15:00-04:00,2026-10-01,PIT,4.0
206871,d55cb69fed50a09170560b5b75d8de86,2026-09-29 07:36:51 EDT,2026-10-01,CLE,PIT,CLE@PIT,BetRivers,player_pass_completions,Aaron Rodgers,Over,21.5,-112,2026-10-02 00:15:00+00:00,2026-10-01 20:15:00-04:00,2026-10-01,PIT,4.0
206872,d55cb69fed50a09170560b5b75d8de86,2026-09-29 07:36:51 EDT,2026-10-01,CLE,PIT,CLE@PIT,BetRivers,player_pass_completions,Deshaun Watson,Over,18.5,102,2026-10-02 00:15:00+00:00,2026-10-01 20:15:00-04:00,2026-10-01,CLE,4.0
206873,d55cb69fed50a09170560b5b75d8de86,2026-09-29 07:36:51 EDT,2026-10-01,CLE,PIT,CLE@PIT,Bovada,player_pass_completions,Aaron Rodgers,Over,21.5,-120,2026-10-02 00:15:00+00:00,2026-10-01 20:15:00-04:00,2026-10-01,PIT,4.0
206874,d55cb69fed50a09170560b5b75d8de86,2026-09-29 07:36:51 EDT,2026-10-01,CLE,PIT,CLE@PIT,Bovada,player_pass_completions,Aaron Rodgers,Under,21.5,-110,2026-10-02 00:15:00+00:00,2026-10-01 20:15:00-04:00,2026-10-01,PIT,4.0
206875,d55cb69fed50a09170560b5b75d8de86,2026-09-29 07:36:51 EDT,2026-10-01,CLE,PIT,CLE@PIT,BetMGM,player_pass_completions,Deshaun Watson,Over,18.5,-130,2026-10-02 00:15:00+00:00,2026-10-01 20:15:00-04:00,2026-10-01,CLE,4.0
206876,d55cb69fed50a09170560b5b75d8de86,2026-09-29 07:36:51 EDT,2026-10-01,CLE,PIT,CLE@PIT,BetMGM,player_pass_completions,Deshaun Watson,Under,18.5,-105,2026-10-02 00:15:00+00:00,2026-10-01 20:15:00-04:00,2026-10-01,CLE,4.0
206877,d55cb69fed50a09170560b5b75d8de86,2026-09-29 07:36:51 EDT,2026-10-01,CLE,PIT,CLE@PIT,BetMGM,player_pass_completions,Aaron Rodgers,Over,20.5,-135,2026-10-02 00:15:00+00:00,2026-10-01 20:15:00-04:00,2026-10-01,PIT,4.0
206878,d55cb69fed50a09170560b5b75d8de86,2026-09-29 07:36:51 EDT,2026-10-01,CLE,PIT,CLE@PIT,BetMGM,player_pass_completions,Aaron Rodgers,Under,20.5,100,2026-10-02 00:15:00+00:00,2026-10-01 20:15:00-04:00,2026-10-01,PIT,4.0
206879,d55cb69fed50a09170560b5b75d8de86,2026-09-29 07:36:51 EDT,2026-10-01,CLE,PIT,CLE@PIT,DraftKings,player_pass_attempts,Aaron Rodgers,Over,34.5,-123,2026-10-02 00:15:00+00:00,2026-10-01 20:15:00-04:00,2026-10-01,PIT,4.0
206880,d55cb69fed50a09170560b5b75d8de86,2026-09-29 07:36:51 EDT,2026-10-01,CLE,PIT,CLE@PIT,DraftKings,player_pass_attempts,Aaron Rodgers,Under,34.5,-103,2026-10-02 00:15:00+00:00,2026-10-01 20:15:00-04:00,2026-10-01,PIT,4.0
206881,d55cb69fed50a09170560b5b75d8de86,2026-09-29 07:36:51 EDT,2026-10-01,CLE,PIT,CLE@PIT,DraftKings,player_pass_attempts,Deshaun Watson,Over,28.5,-115,2026-10-02 00:15:00+00:00,2026-10-01 20:15:00-04:00,2026-10-01,CLE,4.0
206882,d55cb69fed50a09170560b5b75d8de86,2026-09-29 07:36:51 EDT,2026-10-01,CLE,PIT,CLE@PIT,DraftKings,player_pass_attempts,Deshaun Watson,Under,28.5,-111,2026-10-02 00:15:00+00:00,2026-10-01 20:15:00-04:00,2026-10-01,CLE,4.0
206883,d55cb69fed50a09170560b5b75d8de86,2026-09-29 07:36:51 EDT,2026-10-01,CLE,PIT,CLE@PIT,BetOnline.ag,player_pass_attempts,Deshaun Watson,Over,28.5,-118,2026-10-02 00:15:00+00:00,2026-10-01 20:15:00-04:00,2026-10-01,CLE,4.0
206884,d55cb69fed50a09170560b5b75d8de86,2026-09-29 07:36:51 EDT,2026-10-01,CLE,PIT,CLE@PIT,BetOnline.ag,player_pass_attempts,Deshaun Watson,Under,28.5,-110,2026-10-02 00:15:00+00:00,2026-10-01 20:15:00-04:00,2026-10-01,CLE,4.0
206885,d55cb69fed50a09170560b5b75d8de86,2026-09-29 07:36:51 EDT,2026-10-01,CLE,PIT,CLE@PIT,BetOnline.ag,player_pass_attempts,Aaron Rodgers,Over,34.5,-119,2026-10-02 00:15:00+00:00,2026-10-01 20:15:00-04:00,2026-10-01,PIT,4.0
206886,d55cb69fed50a09170560b5b75d8de86,2026-09-29 07:36:51 EDT,2026-10-01,CLE,PIT,CLE@PIT,BetOnline.ag,player_pass_attempts,Aaron Rodgers,Under,34.5,-109,2026-10-02 00:15:00+00:00,2026-10-01 20:15:00-04:00,2026-10-01,PIT,4.0
206887,d55cb69fed50a09170560b5b75d8de86,2026-09-29 07:36:51 EDT,2026-10-01,CLE,PIT,CLE@PIT,Bovada,player_pass_attempts,Aaron Rodgers,Over,34.5,-125,2026-10-02 00:15:00+00:00,2026-10-01 20:15:00-04:00,2026-10-01,PIT,4.0
206888,d55cb69fed50a09170560b5b75d8de86,2026-09-29 07:36:51 EDT,2026-10-01,CLE,PIT,CLE@PIT,Bovada,player_pass_attempts,Aaron Rodgers,Under,34.5,-105,2026-10-02 00:15:00+00:00,2026-10-01 20:15:00-04:00,2026-10-01,PIT,4.0
206889,d55cb69fed50a09170560b5b75d8de86,2026-09-29 07:36:51 EDT,2026-10-01,CLE,PIT,CLE@PIT,BetMGM,player_pass_attempts,Aaron Rodgers,Over,34.5,-110,2026-10-02 00:15:00+00:00,2026-10-01 20:15:00-04:00,2026-10-01,PIT,4.0
206890,d55cb69fed50a09170560b5b75d8de86,2026-09-29 07:36:51 EDT,2026-10-01,CLE,PIT,CLE@PIT,BetMGM,player_pass_attempts,Aaron Rodgers,Under,34.5,-120,2026-10-02 00:15:00+00:00,2026-10-01 20:15:00-04:00,2026-10-01,PIT,4.0
206891,d55cb69fed50a09170560b5b75d8de86,2026-09-29 07:36:51 EDT,2026-10-01,CLE,PIT,CLE@PIT,DraftKings,player_pass_yds,Aaron Rodgers,Over,212.5,-112,2026-10-02 00:15:00+00:00,2026-10-01 20:15:00-04:00,2026-10-01,PIT,4.0
206892,d55cb69fed50a09170560b5b75d8de86,2026-09-29 07:36:51 EDT,2026-10-01,CLE,PIT,CLE@PIT,DraftKings,player_pass_yds,Aaron Rodgers,Under,212.5,-112,2026-10-02 00:15:00+00:00,2026-10-01 20:15:00-04:00,2026-10-01,PIT,4.0
206893,d55cb69fed50a09170560b5b75d8de86,2026-09-29 07:36:51 EDT,2026-10-01,CLE,PIT,CLE@PIT,DraftKings,player_pass_yds,Deshaun Watson,Over,188.5,-111,2026-10-02 00:15:00+00:00,2026-10-01 20:15:00-04:00,2026-10-01,CLE,4.0
206894,d55cb69fed50a09170560b5b75d8de86,2026-09-29 07:36:51 EDT,2026-10-01,CLE,PIT,CLE@PIT,DraftKings,player_pass_yds,Deshaun Watson,Under,188.5,-113,2026-10-02 00:15:00+00:00,2026-10-01 20:15:00-04:00,2026-10-01,CLE,4.0
206895,d55cb69fed50a09170560b5b75d8de86,2026-09-29 07:36:51 EDT,2026-10-01,CLE,PIT,CLE@PIT,FanDuel,player_pass_yds,Aaron Rodgers,Over,212.5,-114,2026-10-02 00:15:00+00:00,2026-10-01 20:15:00-04:00,2026-10-01,PIT,4.0
206896,d55cb69fed50a09170560b5b75d8de86,2026-09-29 07:36:51 EDT,2026-10-01,CLE,PIT,CLE@PIT,FanDuel,player_pass_yds,Aaron Rodgers,Under,212.5,-114,2026-10-02 00:15:00+00:00,2026-10-01 20:15:00-04:00,2026-10-01,PIT,4.0
206897,d55cb69fed50a09170560b5b75d8de86,2026-09-29 07:36:51 EDT,2026-10-01,CLE,PIT,CLE@PIT,FanDuel,player_pass_yds,Deshaun Watson,Over,187.5,-114,2026-10-02 00:15:00+00:00,2026-10-01 20:15:00-04:00,2026-10-01,CLE,4.0
206898,d55cb69fed50a09170560b5b75d8de86,2026-09-29 07:36:51 EDT,2026-10-01,CLE,PIT,CLE@PIT,FanDuel,player_pass_yds,Deshaun Watson,Under,187.5,-114,2026-10-02 00:15:00+00:00,2026-10-01 20:15:00-04:00,2026-10-01,CLE,4.0
206899,d55cb69fed50a09170560b5b75d8de86,2026-09-29 07:36:51 EDT,2026-10-01,CLE,PIT,CLE@PIT,BetOnline.ag,player_pass_yds,Aaron Rodgers,Over,212.5,-114,2026-10-02 00:15:00+00:00,2026-10-01 20:15:00-04:00,2026-10-01,PIT,4.0
206900,d55cb69fed50a09170560b5b75d8de86,2026-09-29 07:36:51 EDT,2026-10-01,CLE,PIT,CLE@PIT,BetOnline.ag,player_pass_yds,Aaron Rodgers,Under,212.5,-114,2026-10-02 00:15:00+00:00,2026-10-01 20:15:00-04:00,2026-10-01,PIT,4.0
206901,d55cb69fed50a09170560b5b75d8de86,2026-09-29 07:36:51 EDT,2026-10-01,CLE,PIT,CLE@PIT,BetOnline.ag,player_pass_yds,Deshaun Watson,Over,187.5,-114,2026-10-02 00:15:00+00:00,2026-10-01 20:15:00-04:00,2026-10-01,CLE,4.0
206902,d55cb69fed50a09170560b5b75d8de86,2026-09-29 07:36:51 EDT,2026-10-01,CLE,PIT,CLE@PIT,BetOnline.ag,player_pass_yds,Deshaun Watson,Under,187.5,-114,2026-10-02 00:15:00+00:00,2026-10-01 20:15:00-04:00,2026-10-01,CLE,4.0
206903,d55cb69fed50a09170560b5b75d8de86,2026-09-29 07:36:51 EDT,2026-10-01,CLE,PIT,CLE@PIT,BetRivers,player_pass_yds,Aaron Rodgers,Over,212.5,-114,2026-10-02 00:15:00+00:00,2026-10-01 20:15:00-04:00,2026-10-01,PIT,4.0
206904,d55cb69fed50a09170560b5b75d8de86,2026-09-29 07:36:51 EDT,2026-10-01,CLE,PIT,CLE@PIT,BetRivers,player_pass_yds,Aaron Rodgers,Under,212.5,-117,2026-10-02 00:15:00+00:00,2026-10-01 20:15:00-04:00,2026-10-01,PIT,4.0
206905,d55cb69fed50a09170560b5b75d8de86,2026-09-29 07:36:51 EDT,2026-10-01,CLE,PIT,CLE@PIT,BetRivers,player_pass_yds,Deshaun Watson,Over,181.5,-115,2026-10-02 00:15:00+00:00,2026-10-01 20:15:00-04:00,2026-10-01,CLE,4.0
206906,d55cb69fed50a09170560b5b75d8de86,2026-09-29 07:36:51 EDT,2026-10-01,CLE,PIT,CLE@PIT,BetRivers,player_pass_yds,Deshaun Watson,Under,181.5,-115,2026-10-02 00:15:00+00:00,2026-10-01 20:15:00-04:00,2026-10-01,CLE,4.0
206907,d55cb69fed50a09170560b5b75d8de86,2026-09-29 07:36:51 EDT,2026-10-01,CLE,PIT,CLE@PIT,Bovada,player_pass_yds,Aaron Rodgers,Over,212.5,-115,2026-10-02 00:15:00+00:00,2026-10-01 20:15:00-04:00,2026-10-01,PIT,4.0
206908,d55cb69fed50a09170560b5b75d8de86,2026-09-29 07:36:51 EDT,2026-10-01,CLE,PIT,CLE@PIT,Bovada,player_pass_yds,Aaron Rodgers,Under,212.5,-115,2026-10-02 00:15:00+00:00,2026-10-01 20:15:00-04:00,2026-10-01,PIT,4.0
206909,d55cb69fed50a09170560b5b75d8de86,2026-09-29 07:36:51 EDT,2026-10-01,CLE,PIT,CLE@PIT,Fanatics,player_pass_yds,Deshaun Watson,Over,185.5,-110,2026-10-02 00:15:00+00:00,2026-10-01 20:15:00-04:00,2026-10-01,CLE,4.0
206910,d55cb69fed50a09170560b5b75d8de86,2026-09-29 07:36:51 EDT,2026-10-01,CLE,PIT,CLE@PIT,Fanatics,player_pass_yds,Deshaun Watson,Under,185.5,-120,2026-10-02 00:15:00+00:00,2026-10-01 20:15:00-04:00,2026-10-01,CLE,4.0
206911,d55cb69fed50a09170560b5b75d8de86,2026-09-29 07:36:51 EDT,2026-10-01,CLE,PIT,CLE@PIT,BetMGM,player_pass_yds,Aaron Rodgers,Over,211.5,-115,2026-10-02 00:15:00+00:00,2026-10-01 20:15:00-04:00,2026-10-01,PIT,4.0
206912,d55cb69fed50a09170560b5b75d8de86,2026-09-29 07:36:51 EDT,2026-10-01,CLE,PIT,CLE@PIT,BetMGM,player_pass_yds,Aaron Rodgers,Under,211.5,-115,2026-10-02 00:15:00+00:00,2026-10-01 20:15:00-04:00,2026-10-01,PIT,4.0
206913,d55cb69fed50a09170560b5b75d8de86,2026-09-29 07:36:51 EDT,2026-10-01,CLE,PIT,CLE@PIT,BetMGM,player_pass_yds,Deshaun Watson,Over,189.5,-115,2026-10-02 00:15:00+00:00,2026-10-01 20:15:00-04:00,2026-10-01,CLE,4.0
206914,d55cb69fed50a09170560b5b75d8de86,2026-09-29 07:36:51 EDT,2026-10-01,CLE,PIT,CLE@PIT,BetMGM,player_pass_yds,Deshaun Watson,Under,189.5,-115,2026-10-02 00:15:00+00:00,2026-10-01 20:15:00-04:00,2026-10-01,CLE,4.0
206915,d55cb69fed50a09170560b5b75d8de86,2026-09-29 07:36:51 EDT,2026-10-01,CLE,PIT,CLE@PIT,DraftKings,player_pass_interceptions,Aaron Rodgers,Over,0.5,103,2026-10-02 00:15:00+00:00,2026-10-01 20:15:00-04:00,2026-10-01,PIT,4.0
206916,d55cb69fed50a09170560b5b75d8de86,2026-09-29 07:36:51 EDT,2026-10-01,CLE,PIT,CLE@PIT,DraftKings,player_pass_interceptions,Aaron Rodgers,Under,0.5,-131,2026-10-02 00:15:00+00:00,2026-10-01 20:15:00-04:00,2026-10-01,PIT,4.0
206917,d55cb69fed50a09170560b5b75d8de86,2026-09-29 07:36:51 EDT,2026-10-01,CLE,PIT,CLE@PIT,DraftKings,player_pass_interceptions,Deshaun Watson,Over,0.5,-119,2026-10-02 00:15:00+00:00,2026-10-01 20:15:00-04:00,2026-10-01,CLE,4.0
206918,d55cb69fed50a09170560b5b75d8de86,2026-09-29 07:36:51 EDT,2026-10-01,CLE,PIT,CLE@PIT,DraftKings,player_pass_interceptions,Deshaun Watson,Under,0.5,-107,2026-10-02 00:15:00+00:00,2026-10-01 20:15:00-04:00,2026-10-01,CLE,4.0
206919,d55cb69fed50a09170560b5b75d8de86,2026-09-29 07:36:51 EDT,2026-10-01,CLE,PIT,CLE@PIT,BetOnline.ag,player_pass_interceptions,Deshaun Watson,Over,0.5,-115,2026-10-02 00:15:00+00:00,2026-10-01 20:15:00-04:00,2026-10-01,CLE,4.0
206920,d55cb69fed50a09170560b5b75d8de86,2026-09-29 07:36:51 EDT,2026-10-01,CLE,PIT,CLE@PIT,BetOnline.ag,player_pass_interceptions,Deshaun Watson,Under,0.5,-112,2026-10-02 00:15:00+00:00,2026-10-01 20:15:00-04:00,2026-10-01,CLE,4.0
206921,d55cb69fed50a09170560b5b75d8de86,2026-09-29 07:36:51 EDT,2026-10-01,CLE,PIT,CLE@PIT,BetRivers,player_pass_interceptions,Deshaun Watson,Over,0.5,-114,2026-10-02 00:15:00+00:00,2026-10-01 20:15:00-04:00,2026-10-01,CLE,4.0
206922,d55cb69fed50a09170560b5b75d8de86,2026-09-29 07:36:51 EDT,2026-10-01,CLE,PIT,CLE@PIT,BetRivers,player_pass_interceptions,Deshaun Watson,Under,0.5,-117,2026-10-02 00:15:00+00:00,2026-10-01 20:15:00-04:00,2026-10-01,CLE,4.0
206923,d55cb69fed50a09170560b5b75d8de86,2026-09-29 07:36:51 EDT,2026-10-01,CLE,PIT,CLE@PIT,BetRivers,player_pass_interceptions,Aaron Rodgers,Over,0.5,-105,2026-10-02 00:15:00+00:00,2026-10-01 20:15:00-04:00,2026-10-01,PIT,4.0
206924,d55cb69fed50a09170560b5b75d8de86,2026-09-29 07:36:51 EDT,2026-10-01,CLE,PIT,CLE@PIT,BetRivers,player_pass_interceptions,Aaron Rodgers,Under,0.5,-125,2026-10-02 00:15:00+00:00,2026-10-01 20:15:00-04:00,2026-10-01,PIT,4.0
206925,d55cb69fed50a09170560b5b75d8de86,2026-09-29 07:36:51 EDT,2026-10-01,CLE,PIT,CLE@PIT,Bovada,player_pass_interceptions,Aaron Rodgers,Over,0.5,105,2026-10-02 00:15:00+00:00,2026-10-01 20:15:00-04:00,2026-10-01,PIT,4.0
206926,d55cb69fed50a09170560b5b75d8de86,2026-09-29 07:36:51 EDT,2026-10-01,CLE,PIT,CLE@PIT,Bovada,player_pass_interceptions,Aaron Rodgers,Under,0.5,-135,2026-10-02 00:15:00+00:00,2026-10-01 20:15:00-04:00,2026-10-01,PIT,4.0
206927,d55cb69fed50a09170560b5b75d8de86,2026-09-29 07:36:51 EDT,2026-10-01,CLE,PIT,CLE@PIT,BetMGM,player_pass_interceptions,Deshaun Watson,Over,0.5,-115,2026-10-02 00:15:00+00:00,2026-10-01 20:15:00-04:00,2026-10-01,CLE,4.0
206928,d55cb69fed50a09170560b5b75d8de86,2026-09-29 07:36:51 EDT,2026-10-01,CLE,PIT,CLE@PIT,BetMGM,player_pass_interceptions,Deshaun Watson,Under,0.5,-115,2026-10-02 00:15:00+00:00,2026-10-01 20:15:00-04:00,2026-10-01,CLE,4.0
206929,d55cb69fed50a09170560b5b75d8de86,2026-09-29 07:36:51 EDT,2026-10-01,CLE,PIT,CLE@PIT,BetMGM,player_pass_interceptions,Aaron Rodgers,Over,0.5,105,2026-10-02 00:15:00+00:00,2026-10-01 20:15:00-04:00,2026-10-01,PIT,4.0
206930,d55cb69fed50a09170560b5b75d8de86,2026-09-29 07:36:51 EDT,2026-10-01,CLE,PIT,CLE@PIT,BetMGM,player_pass_interceptions,Aaron Rodgers,Under,0.5,-140,2026-10-02 00:15:00+00:00,2026-10-01 20:15:00-04:00,2026-10-01,PIT,4.0
206931,d55cb69fed50a09170560b5b75d8de86,2026-09-29 07:36:51 EDT,2026-10-01,CLE,PIT,CLE@PIT,DraftKings,player_pass_tds,Aaron Rodgers,Over,1.5,157,2026-10-02 00:15:00+00:00,2026-10-01 20:15:00-04:00,2026-10-01,PIT,4.0
206932,d55cb69fed50a09170560b5b75d8de86,2026-09-29 07:36:51 EDT,2026-10-01,CLE,PIT,CLE@PIT,DraftKings,player_pass_tds,Aaron Rodgers,Under,1.5,-202,2026-10-02 00:15:00+00:00,2026-10-01 20:15:00-04:00,2026-10-01,PIT,4.0
206933,d55cb69fed50a09170560b5b75d8de86,2026-09-29 07:36:51 EDT,2026-10-01,CLE,PIT,CLE@PIT,DraftKings,player_pass_tds,Deshaun Watson,Over,0.5,-221,2026-10-02 00:15:00+00:00,2026-10-01 20:15:00-04:00,2026-10-01,CLE,4.0
206934,d55cb69fed50a09170560b5b75d8de86,2026-09-29 07:36:51 EDT,2026-10-01,CLE,PIT,CLE@PIT,DraftKings,player_pass_tds,Deshaun Watson,Under,0.5,171,2026-10-02 00:15:00+00:00,2026-10-01 20:15:00-04:00,2026-10-01,CLE,4.0
206935,d55cb69fed50a09170560b5b75d8de86,2026-09-29 07:36:51 EDT,2026-10-01,CLE,PIT,CLE@PIT,FanDuel,player_pass_tds,Aaron Rodgers,Over,1.5,164,2026-10-02 00:15:00+00:00,2026-10-01 20:15:00-04:00,2026-10-01,PIT,4.0
206936,d55cb69fed50a09170560b5b75d8de86,2026-09-29 07:36:51 EDT,2026-10-01,CLE,PIT,CLE@PIT,FanDuel,player_pass_tds,Aaron Rodgers,Under,1.5,-225,2026-10-02 00:15:00+00:00,2026-10-01 20:15:00-04:00,2026-10-01,PIT,4.0
206937,d55cb69fed50a09170560b5b75d8de86,2026-09-29 07:36:51 EDT,2026-10-01,CLE,PIT,CLE@PIT,FanDuel,player_pass_tds,Deshaun Watson,Over,0.5,-220,2026-10-02 00:15:00+00:00,2026-10-01 20:15:00-04:00,2026-10-01,CLE,4.0
206938,d55cb69fed50a09170560b5b75d8de86,2026-09-29 07:36:51 EDT,2026-10-01,CLE,PIT,CLE@PIT,FanDuel,player_pass_tds,Deshaun Watson,Under,0.5,162,2026-10-02 00:15:00+00:00,2026-10-01 20:15:00-04:00,2026-10-01,CLE,4.0
206939,d55cb69fed50a09170560b5b75d8de86,2026-09-29 07:36:51 EDT,2026-10-01,CLE,PIT,CLE@PIT,BetOnline.ag,player_pass_tds,Deshaun Watson,Over,0.5,-227,2026-10-02 00:15:00+00:00,2026-10-01 20:15:00-04:00,2026-10-01,CLE,4.0
206940,d55cb69fed50a09170560b5b75d8de86,2026-09-29 07:36:51 EDT,2026-10-01,CLE,PIT,CLE@PIT,BetOnline.ag,player_pass_tds,Deshaun Watson,Under,0.5,171,2026-10-02 00:15:00+00:00,2026-10-01 20:15:00-04:00,2026-10-01,CLE,4.0
206941,d55cb69fed50a09170560b5b75d8de86,2026-09-29 07:36:51 EDT,2026-10-01,CLE,PIT,CLE@PIT,BetOnline.ag,player_pass_tds,Aaron Rodgers,Over,1.5,164,2026-10-02 00:15:00+00:00,2026-10-01 20:15:00-04:00,2026-10-01,PIT,4.0
206942,d55cb69fed50a09170560b5b75d8de86,2026-09-29 07:36:51 EDT,2026-10-01,CLE,PIT,CLE@PIT,BetOnline.ag,player_pass_tds,Aaron Rodgers,Under,1.5,-217,2026-10-02 00:15:00+00:00,2026-10-01 20:15:00-04:00,2026-10-01,PIT,4.0
206943,d55cb69fed50a09170560b5b75d8de86,2026-09-29 07:36:51 EDT,2026-10-01,CLE,PIT,CLE@PIT,BetRivers,player_pass_tds,Aaron Rodgers,Over,1.5,165,2026-10-02 00:15:00+00:00,2026-10-01 20:15:00-04:00,2026-10-01,PIT,4.0
206944,d55cb69fed50a09170560b5b75d8de86,2026-09-29 07:36:51 EDT,2026-10-01,CLE,PIT,CLE@PIT,BetRivers,player_pass_tds,Aaron Rodgers,Under,1.5,-225,2026-10-02 00:15:00+00:00,2026-10-01 20:15:00-04:00,2026-10-01,PIT,4.0
206945,d55cb69fed50a09170560b5b75d8de86,2026-09-29 07:36:51 EDT,2026-10-01,CLE,PIT,CLE@PIT,BetRivers,player_pass_tds,Deshaun Watson,Over,0.5,-275,2026-10-02 00:15:00+00:00,2026-10-01 20:15:00-04:00,2026-10-01,CLE,4.0
206946,d55cb69fed50a09170560b5b75d8de86,2026-09-29 07:36:51 EDT,2026-10-01,CLE,PIT,CLE@PIT,BetRivers,player_pass_tds,Deshaun Watson,Under,0.5,195,2026-10-02 00:15:00+00:00,2026-10-01 20:15:00-04:00,2026-10-01,CLE,4.0
206947,d55cb69fed50a09170560b5b75d8de86,2026-09-29 07:36:51 EDT,2026-10-01,CLE,PIT,CLE@PIT,Bovada,player_pass_tds,Aaron Rodgers,Over,1.5,155,2026-10-02 00:15:00+00:00,2026-10-01 20:15:00-04:00,2026-10-01,PIT,4.0
206948,d55cb69fed50a09170560b5b75d8de86,2026-09-29 07:36:51 EDT,2026-10-01,CLE,PIT,CLE@PIT,Bovada,player_pass_tds,Aaron Rodgers,Under,1.5,-210,2026-10-02 00:15:00+00:00,2026-10-01 20:15:00-04:00,2026-10-01,PIT,4.0
206949,d55cb69fed50a09170560b5b75d8de86,2026-09-29 07:36:51 EDT,2026-10-01,CLE,PIT,CLE@PIT,BetMGM,player_pass_tds,Deshaun Watson,Over,0.5,-220,2026-10-02 00:15:00+00:00,2026-10-01 20:15:00-04:00,2026-10-01,CLE,4.0
206950,d55cb69fed50a09170560b5b75d8de86,2026-09-29 07:36:51 EDT,2026-10-01,CLE,PIT,CLE@PIT,BetMGM,player_pass_tds,Deshaun Watson,Under,0.5,165,2026-10-02 00:15:00+00:00,2026-10-01 20:15:00-04:00,2026-10-01,CLE,4.0
206951,d55cb69fed50a09170560b5b75d8de86,2026-09-29 07:36:51 EDT,2026-10-01,CLE,PIT,CLE@PIT,BetMGM,player_pass_tds,Aaron Rodgers,Over,1.5,175,2026-10-02 00:15:00+00:00,2026-10-01 20:15:00-04:00,2026-10-01,PIT,4.0
206952,d55cb69fed50a09170560b5b75d8de86,2026-09-29 07:36:51 EDT,2026-10-01,CLE,PIT,CLE@PIT,BetMGM,player_pass_tds,Aaron Rodgers,Under,1.5,-235,2026-10-02 00:15:00+00:00,2026-10-01 20:15:00-04:00,2026-10-01,PIT,4.0
206953,d55cb69fed50a09170560b5b75d8de86,2026-09-29 07:36:51 EDT,2026-10-01,CLE,PIT,CLE@PIT,DraftKings,player_rush_attempts,Quinshon Judkins,Over,16.5,-112,2026-10-02 00:15:00+00:00,2026-10-01 20:15:00-04:00,2026-10-01,CLE,4.0
206954,d55cb69fed50a09170560b5b75d8de86,2026-09-29 07:36:51 EDT,2026-10-01,CLE,PIT,CLE@PIT,DraftKings,player_rush_attempts,Quinshon Judkins,Under,16.5,-113,2026-10-02 00:15:00+00:00,2026-10-01 20:15:00-04:00,2026-10-01,CLE,4.0
206955,d55cb69fed50a09170560b5b75d8de86,2026-09-29 07:36:51 EDT,2026-10-01,CLE,PIT,CLE@PIT,DraftKings,player_rush_attempts,Jaylen Warren,Over,15.5,-114,2026-10-02 00:15:00+00:00,2026-10-01 20:15:00-04:00,2026-10-01,PIT,4.0
206956,d55cb69fed50a09170560b5b75d8de86,2026-09-29 07:36:51 EDT,2026-10-01,CLE,PIT,CLE@PIT,DraftKings,player_rush_attempts,Jaylen Warren,Under,15.5,-112,2026-10-02 00:15:00+00:00,2026-10-01 20:15:00-04:00,2026-10-01,PIT,4.0
206957,d55cb69fed50a09170560b5b75d8de86,2026-09-29 07:36:51 EDT,2026-10-01,CLE,PIT,CLE@PIT,DraftKings,player_rush_attempts,Deshaun Watson,Over,5.5,-134,2026-10-02 00:15:00+00:00,2026-10-01 20:15:00-04:00,2026-10-01,CLE,4.0
206958,d55cb69fed50a09170560b5b75d8de86,2026-09-29 07:36:51 EDT,2026-10-01,CLE,PIT,CLE@PIT,DraftKings,player_rush_attempts,Deshaun Watson,Under,5.5,105,2026-10-02 00:15:00+00:00,2026-10-01 20:15:00-04:00,2026-10-01,CLE,4.0
206959,d55cb69fed50a09170560b5b75d8de86,2026-09-29 07:36:51 EDT,2026-10-01,CLE,PIT,CLE@PIT,BetOnline.ag,player_rush_attempts,Quinshon Judkins,Over,16.5,-112,2026-10-02 00:15:00+00:00,2026-10-01 20:15:00-04:00,2026-10-01,CLE,4.0
206960,d55cb69fed50a09170560b5b75d8de86,2026-09-29 07:36:51 EDT,2026-10-01,CLE,PIT,CLE@PIT,BetOnline.ag,player_rush_attempts,Quinshon Judkins,Under,16.5,-115,2026-10-02 00:15:00+00:00,2026-10-01 20:15:00-04:00,2026-10-01,CLE,4.0
206961,d55cb69fed50a09170560b5b75d8de86,2026-09-29 07:36:51 EDT,2026-10-01,CLE,PIT,CLE@PIT,BetOnline.ag,player_rush_attempts,Jaylen Warren,Over,15.5,-112,2026-10-02 00:15:00+00:00,2026-10-01 20:15:00-04:00,2026-10-01,PIT,4.0
206962,d55cb69fed50a09170560b5b75d8de86,2026-09-29 07:36:51 EDT,2026-10-01,CLE,PIT,CLE@PIT,BetOnline.ag,player_rush_attempts,Jaylen Warren,Under,15.5,-115,2026-10-02 00:15:00+00:00,2026-10-01 20:15:00-04:00,2026-10-01,PIT,4.0
206963,d55cb69fed50a09170560b5b75d8de86,2026-09-29 07:36:51 EDT,2026-10-01,CLE,PIT,CLE@PIT,BetOnline.ag,player_rush_attempts,Deshaun Watson,Over,5.5,-135,2026-10-02 00:15:00+00:00,2026-10-01 20:15:00-04:00,2026-10-01,CLE,4.0
206964,d55cb69fed50a09170560b5b75d8de86,2026-09-29 07:36:51 EDT,2026-10-01,CLE,PIT,CLE@PIT,BetOnline.ag,player_rush_attempts,Deshaun Watson,Under,5.5,105,2026-10-02 00:15:00+00:00,2026-10-01 20:15:00-04:00,2026-10-01,CLE,4.0
206965,d55cb69fed50a09170560b5b75d8de86,2026-09-29 07:36:51 EDT,2026-10-01,CLE,PIT,CLE@PIT,BetMGM,player_rush_attempts,Quinshon Judkins,Over,16.5,-105,2026-10-02 00:15:00+00:00,2026-10-01 20:15:00-04:00,2026-10-01,CLE,4.0
206966,d55cb69fed50a09170560b5b75d8de86,2026-09-29 07:36:51 EDT,2026-10-01,CLE,PIT,CLE@PIT,BetMGM,player_rush_attempts,Quinshon Judkins,Under,16.5,-125,2026-10-02 00:15:00+00:00,2026-10-01 20:15:00-04:00,2026-10-01,CLE,4.0
206967,d55cb69fed50a09170560b5b75d8de86,2026-09-29 07:36:51 EDT,2026-10-01,CLE,PIT,CLE@PIT,DraftKings,player_rush_yds,Jaylen Warren,Over,65.5,-113,2026-10-02 00:15:00+00:00,2026-10-01 20:15:00-04:00,2026-10-01,PIT,4.0
206968,d55cb69fed50a09170560b5b75d8de86,2026-09-29 07:36:51 EDT,2026-10-01,CLE,PIT,CLE@PIT,DraftKings,player_rush_yds,Jaylen Warren,Under,65.5,-111,2026-10-02 00:15:00+00:00,2026-10-01 20:15:00-04:00,2026-10-01,PIT,4.0
206969,d55cb69fed50a09170560b5b75d8de86,2026-09-29 07:36:51 EDT,2026-10-01,CLE,PIT,CLE@PIT,DraftKings,player_rush_yds,Quinshon Judkins,Over,55.5,-113,2026-10-02 00:15:00+00:00,2026-10-01 20:15:00-04:00,2026-10-01,CLE,4.0
206970,d55cb69fed50a09170560b5b75d8de86,2026-09-29 07:36:51 EDT,2026-10-01,CLE,PIT,CLE@PIT,DraftKings,player_rush_yds,Quinshon Judkins,Under,55.5,-111,2026-10-02 00:15:00+00:00,2026-10-01 20:15:00-04:00,2026-10-01,CLE,4.0
206971,d55cb69fed50a09170560b5b75d8de86,2026-09-29 07:36:51 EDT,2026-10-01,CLE,PIT,CLE@PIT,DraftKings,player_rush_yds,Deshaun Watson,Over,28.5,-116,2026-10-02 00:15:00+00:00,2026-10-01 20:15:00-04:00,2026-10-01,CLE,4.0
206972,d55cb69fed50a09170560b5b75d8de86,2026-09-29 07:36:51 EDT,2026-10-01,CLE,PIT,CLE@PIT,DraftKings,player_rush_yds,Deshaun Watson,Under,28.5,-108,2026-10-02 00:15:00+00:00,2026-10-01 20:15:00-04:00,2026-10-01,CLE,4.0
206973,d55cb69fed50a09170560b5b75d8de86,2026-09-29 07:36:51 EDT,2026-10-01,CLE,PIT,CLE@PIT,DraftKings,player_rush_yds,Aaron Rodgers,Over,1.5,-118,2026-10-02 00:15:00+00:00,2026-10-01 20:15:00-04:00,2026-10-01,PIT,4.0
206974,d55cb69fed50a09170560b5b75d8de86,2026-09-29 07:36:51 EDT,2026-10-01,CLE,PIT,CLE@PIT,DraftKings,player_rush_yds,Aaron Rodgers,Under,1.5,-106,2026-10-02 00:15:00+00:00,2026-10-01 20:15:00-04:00,2026-10-01,PIT,4.0
206975,d55cb69fed50a09170560b5b75d8de86,2026-09-29 07:36:51 EDT,2026-10-01,CLE,PIT,CLE@PIT,FanDuel,player_rush_yds,Aaron Rodgers,Over,0.5,-140,2026-10-02 00:15:00+00:00,2026-10-01 20:15:00-04:00,2026-10-01,PIT,4.0
206976,d55cb69fed50a09170560b5b75d8de86,2026-09-29 07:36:51 EDT,2026-10-01,CLE,PIT,CLE@PIT,FanDuel,player_rush_yds,Aaron Rodgers,Under,0.5,108,2026-10-02 00:15:00+00:00,2026-10-01 20:15:00-04:00,2026-10-01,PIT,4.0
206977,d55cb69fed50a09170560b5b75d8de86,2026-09-29 07:36:51 EDT,2026-10-01,CLE,PIT,CLE@PIT,FanDuel,player_rush_yds,Deshaun Watson,Over,29.5,-114,2026-10-02 00:15:00+00:00,2026-10-01 20:15:00-04:00,2026-10-01,CLE,4.0
206978,d55cb69fed50a09170560b5b75d8de86,2026-09-29 07:36:51 EDT,2026-10-01,CLE,PIT,CLE@PIT,FanDuel,player_rush_yds,Deshaun Watson,Under,29.5,-114,2026-10-02 00:15:00+00:00,2026-10-01 20:15:00-04:00,2026-10-01,CLE,4.0
206979,d55cb69fed50a09170560b5b75d8de86,2026-09-29 07:36:51 EDT,2026-10-01,CLE,PIT,CLE@PIT,FanDuel,player_rush_yds,Quinshon Judkins,Over,55.5,-114,2026-10-02 00:15:00+00:00,2026-10-01 20:15:00-04:00,2026-10-01,CLE,4.0
206980,d55cb69fed50a09170560b5b75d8de86,2026-09-29 07:36:51 EDT,2026-10-01,CLE,PIT,CLE@PIT,FanDuel,player_rush_yds,Quinshon Judkins,Under,55.5,-114,2026-10-02 00:15:00+00:00,2026-10-01 20:15:00-04:00,2026-10-01,CLE,4.0
206981,d55cb69fed50a09170560b5b75d8de86,2026-09-29 07:36:51 EDT,2026-10-01,CLE,PIT,CLE@PIT,FanDuel,player_rush_yds,Jaylen Warren,Over,65.5,-114,2026-10-02 00:15:00+00:00,2026-10-01 20:15:00-04:00,2026-10-01,PIT,4.0
206982,d55cb69fed50a09170560b5b75d8de86,2026-09-29 07:36:51 EDT,2026-10-01,CLE,PIT,CLE@PIT,FanDuel,player_rush_yds,Jaylen Warren,Under,65.5,-114,2026-10-02 00:15:00+00:00,2026-10-01 20:15:00-04:00,2026-10-01,PIT,4.0
206983,d55cb69fed50a09170560b5b75d8de86,2026-09-29 07:36:51 EDT,2026-10-01,CLE,PIT,CLE@PIT,BetOnline.ag,player_rush_yds,Deshaun Watson,Over,29.5,-114,2026-10-02 00:15:00+00:00,2026-10-01 20:15:00-04:00,2026-10-01,CLE,4.0
206984,d55cb69fed50a09170560b5b75d8de86,2026-09-29 07:36:51 EDT,2026-10-01,CLE,PIT,CLE@PIT,BetOnline.ag,player_rush_yds,Deshaun Watson,Under,29.5,-114,2026-10-02 00:15:00+00:00,2026-10-01 20:15:00-04:00,2026-10-01,CLE,4.0
206985,d55cb69fed50a09170560b5b75d8de86,2026-09-29 07:36:51 EDT,2026-10-01,CLE,PIT,CLE@PIT,BetOnline.ag,player_rush_yds,Jaylen Warren,Over,65.5,-114,2026-10-02 00:15:00+00:00,2026-10-01 20:15:00-04:00,2026-10-01,PIT,4.0
206986,d55cb69fed50a09170560b5b75d8de86,2026-09-29 07:36:51 EDT,2026-10-01,CLE,PIT,CLE@PIT,BetOnline.ag,player_rush_yds,Jaylen Warren,Under,65.5,-114,2026-10-02 00:15:00+00:00,2026-10-01 20:15:00-04:00,2026-10-01,PIT,4.0
206987,d55cb69fed50a09170560b5b75d8de86,2026-09-29 07:36:51 EDT,2026-10-01,CLE,PIT,CLE@PIT,BetOnline.ag,player_rush_yds,Quinshon Judkins,Over,55.5,-114,2026-10-02 00:15:00+00:00,2026-10-01 20:15:00-04:00,2026-10-01,CLE,4.0
206988,d55cb69fed50a09170560b5b75d8de86,2026-09-29 07:36:51 EDT,2026-10-01,CLE,PIT,CLE@PIT,BetOnline.ag,player_rush_yds,Quinshon Judkins,Under,55.5,-114,2026-10-02 00:15:00+00:00,2026-10-01 20:15:00-04:00,2026-10-01,CLE,4.0
206989,d55cb69fed50a09170560b5b75d8de86,2026-09-29 07:36:51 EDT,2026-10-01,CLE,PIT,CLE@PIT,BetRivers,player_rush_yds,Deshaun Watson,Over,28.5,-117,2026-10-02 00:15:00+00:00,2026-10-01 20:15:00-04:00,2026-10-01,CLE,4.0
206990,d55cb69fed50a09170560b5b75d8de86,2026-09-29 07:36:51 EDT,2026-10-01,CLE,PIT,CLE@PIT,BetRivers,player_rush_yds,Deshaun Watson,Under,28.5,-114,2026-10-02 00:15:00+00:00,2026-10-01 20:15:00-04:00,2026-10-01,CLE,4.0
206991,d55cb69fed50a09170560b5b75d8de86,2026-09-29 07:36:51 EDT,2026-10-01,CLE,PIT,CLE@PIT,BetRivers,player_rush_yds,Quinshon Judkins,Over,56.5,-118,2026-10-02 00:15:00+00:00,2026-10-01 20:15:00-04:00,2026-10-01,CLE,4.0
206992,d55cb69fed50a09170560b5b75d8de86,2026-09-29 07:36:51 EDT,2026-10-01,CLE,PIT,CLE@PIT,BetRivers,player_rush_yds,Quinshon Judkins,Under,56.5,-113,2026-10-02 00:15:00+00:00,2026-10-01 20:15:00-04:00,2026-10-01,CLE,4.0
206993,d55cb69fed50a09170560b5b75d8de86,2026-09-29 07:36:51 EDT,2026-10-01,CLE,PIT,CLE@PIT,BetRivers,player_rush_yds,Jaylen Warren,Over,64.5,-115,2026-10-02 00:15:00+00:00,2026-10-01 20:15:00-04:00,2026-10-01,PIT,4.0
206994,d55cb69fed50a09170560b5b75d8de86,2026-09-29 07:36:51 EDT,2026-10-01,CLE,PIT,CLE@PIT,BetRivers,player_rush_yds,Jaylen Warren,Under,64.5,-115,2026-10-02 00:15:00+00:00,2026-10-01 20:15:00-04:00,2026-10-01,PIT,4.0
206995,d55cb69fed50a09170560b5b75d8de86,2026-09-29 07:36:51 EDT,2026-10-01,CLE,PIT,CLE@PIT,Bovada,player_rush_yds,Aaron Rodgers,Over,1.5,-120,2026-10-02 00:15:00+00:00,2026-10-01 20:15:00-04:00,2026-10-01,PIT,4.0
206996,d55cb69fed50a09170560b5b75d8de86,2026-09-29 07:36:51 EDT,2026-10-01,CLE,PIT,CLE@PIT,Bovada,player_rush_yds,Aaron Rodgers,Under,1.5,-110,2026-10-02 00:15:00+00:00,2026-10-01 20:15:00-04:00,2026-10-01,PIT,4.0
206997,d55cb69fed50a09170560b5b75d8de86,2026-09-29 07:36:51 EDT,2026-10-01,CLE,PIT,CLE@PIT,Bovada,player_rush_yds,Jaylen Warren,Over,65.5,-115,2026-10-02 00:15:00+00:00,2026-10-01 20:15:00-04:00,2026-10-01,PIT,4.0
206998,d55cb69fed50a09170560b5b75d8de86,2026-09-29 07:36:51 EDT,2026-10-01,CLE,PIT,CLE@PIT,Bovada,player_rush_yds,Jaylen Warren,Under,65.5,-115,2026-10-02 00:15:00+00:00,2026-10-01 20:15:00-04:00,2026-10-01,PIT,4.0
206999,d55cb69fed50a09170560b5b75d8de86,2026-09-29 07:36:51 EDT,2026-10-01,CLE,PIT,CLE@PIT,Bovada,player_rush_yds,Quinshon Judkins,Over,55.5,-115,2026-10-02 00:15:00+00:00,2026-10-01 20:15:00-04:00,2026-10-01,CLE,4.0
207000,d55cb69fed50a09170560b5b75d8de86,2026-09-29 07:36:51 EDT,2026-10-01,CLE,PIT,CLE@PIT,Bovada,player_rush_yds,Quinshon Judkins,Under,55.5,-115,2026-10-02 00:15:00+00:00,2026-10-01 20:15:00-04:00,2026-10-01,CLE,4.0
207001,d55cb69fed50a09170560b5b75d8de86,2026-09-29 07:36:51 EDT,2026-10-01,CLE,PIT,CLE@PIT,Fanatics,player_rush_yds,Quinshon Judkins,Over,55.5,-110,2026-10-02 00:15:00+00:00,2026-10-01 20:15:00-04:00,2026-10-01,CLE,4.0
207002,d55cb69fed50a09170560b5b75d8de86,2026-09-29 07:36:51 EDT,2026-10-01,CLE,PIT,CLE@PIT,Fanatics,player_rush_yds,Quinshon Judkins,Under,55.5,-120,2026-10-02 00:15:00+00:00,2026-10-01 20:15:00-04:00,2026-10-01,CLE,4.0
207003,d55cb69fed50a09170560b5b75d8de86,2026-09-29 07:36:51 EDT,2026-10-01,CLE,PIT,CLE@PIT,BetMGM,player_rush_yds,Deshaun Watson,Over,31.5,-115,2026-10-02 00:15:00+00:00,2026-10-01 20:15:00-04:00,2026-10-01,CLE,4.0
207004,d55cb69fed50a09170560b5b75d8de86,2026-09-29 07:36:51 EDT,2026-10-01,CLE,PIT,CLE@PIT,BetMGM,player_rush_yds,Deshaun Watson,Under,31.5,-115,2026-10-02 00:15:00+00:00,2026-10-01 20:15:00-04:00,2026-10-01,CLE,4.0
207005,d55cb69fed50a09170560b5b75d8de86,2026-09-29 07:36:51 EDT,2026-10-01,CLE,PIT,CLE@PIT,BetMGM,player_rush_yds,Quinshon Judkins,Over,55.5,-115,2026-10-02 00:15:00+00:00,2026-10-01 20:15:00-04:00,2026-10-01,CLE,4.0
207006,d55cb69fed50a09170560b5b75d8de86,2026-09-29 07:36:51 EDT,2026-10-01,CLE,PIT,CLE@PIT,BetMGM,player_rush_yds,Quinshon Judkins,Under,55.5,-115,2026-10-02 00:15:00+00:00,2026-10-01 20:15:00-04:00,2026-10-01,CLE,4.0
207007,d55cb69fed50a09170560b5b75d8de86,2026-09-29 07:36:51 EDT,2026-10-01,CLE,PIT,CLE@PIT,BetMGM,player_rush_yds,Raheim Sanders,Over,6.5,-110,2026-10-02 00:15:00+00:00,2026-10-01 20:15:00-04:00,2026-10-01,CLE,4.0
207008,d55cb69fed50a09170560b5b75d8de86,2026-09-29 07:36:51 EDT,2026-10-01,CLE,PIT,CLE@PIT,BetMGM,player_rush_yds,Raheim Sanders,Under,6.5,-120,2026-10-02 00:15:00+00:00,2026-10-01 20:15:00-04:00,2026-10-01,CLE,4.0
207009,d55cb69fed50a09170560b5b75d8de86,2026-09-29 07:36:51 EDT,2026-10-01,CLE,PIT,CLE@PIT,BetMGM,player_rush_yds,Jaylen Warren,Over,65.5,-115,2026-10-02 00:15:00+00:00,2026-10-01 20:15:00-04:00,2026-10-01,PIT,4.0
207010,d55cb69fed50a09170560b5b75d8de86,2026-09-29 07:36:51 EDT,2026-10-01,CLE,PIT,CLE@PIT,BetMGM,player_rush_yds,Jaylen Warren,Under,65.5,-115,2026-10-02 00:15:00+00:00,2026-10-01 20:15:00-04:00,2026-10-01,PIT,4.0
207011,d55cb69fed50a09170560b5b75d8de86,2026-09-29 07:36:51 EDT,2026-10-01,CLE,PIT,CLE@PIT,DraftKings,player_receptions,Harold Fannin,Over,4.5,-114,2026-10-02 00:15:00+00:00,2026-10-01 20:15:00-04:00,2026-10-01,CLE,4.0
207012,d55cb69fed50a09170560b5b75d8de86,2026-09-29 07:36:51 EDT,2026-10-01,CLE,PIT,CLE@PIT,DraftKings,player_receptions,Harold Fannin,Under,4.5,-112,2026-10-02 00:15:00+00:00,2026-10-01 20:15:00-04:00,2026-10-01,CLE,4.0
207013,d55cb69fed50a09170560b5b75d8de86,2026-09-29 07:36:51 EDT,2026-10-01,CLE,PIT,CLE@PIT,DraftKings,player_receptions,KC Concepcion,Over,3.5,-133,2026-10-02 00:15:00+00:00,2026-10-01 20:15:00-04:00,2026-10-01,CLE,4.0
207014,d55cb69fed50a09170560b5b75d8de86,2026-09-29 07:36:51 EDT,2026-10-01,CLE,PIT,CLE@PIT,DraftKings,player_receptions,KC Concepcion,Under,3.5,104,2026-10-02 00:15:00+00:00,2026-10-01 20:15:00-04:00,2026-10-01,CLE,4.0
207015,d55cb69fed50a09170560b5b75d8de86,2026-09-29 07:36:51 EDT,2026-10-01,CLE,PIT,CLE@PIT,DraftKings,player_receptions,Pat Freiermuth,Over,3.5,-124,2026-10-02 00:15:00+00:00,2026-10-01 20:15:00-04:00,2026-10-01,PIT,4.0
207016,d55cb69fed50a09170560b5b75d8de86,2026-09-29 07:36:51 EDT,2026-10-01,CLE,PIT,CLE@PIT,DraftKings,player_receptions,Pat Freiermuth,Under,3.5,-103,2026-10-02 00:15:00+00:00,2026-10-01 20:15:00-04:00,2026-10-01,PIT,4.0
207017,d55cb69fed50a09170560b5b75d8de86,2026-09-29 07:36:51 EDT,2026-10-01,CLE,PIT,CLE@PIT,DraftKings,player_receptions,DK Metcalf,Over,3.5,-120,2026-10-02 00:15:00+00:00,2026-10-01 20:15:00-04:00,2026-10-01,PIT,4.0
207018,d55cb69fed50a09170560b5b75d8de86,2026-09-29 07:36:51 EDT,2026-10-01,CLE,PIT,CLE@PIT,DraftKings,player_receptions,DK Metcalf,Under,3.5,-106,2026-10-02 00:15:00+00:00,2026-10-01 20:15:00-04:00,2026-10-01,PIT,4.0
207019,d55cb69fed50a09170560b5b75d8de86,2026-09-29 07:36:51 EDT,2026-10-01,CLE,PIT,CLE@PIT,DraftKings,player_receptions,Michael Pittman Jr.,Over,3.5,104,2026-10-02 00:15:00+00:00,2026-10-01 20:15:00-04:00,2026-10-01,PIT,4.0
207020,d55cb69fed50a09170560b5b75d8de86,2026-09-29 07:36:51 EDT,2026-10-01,CLE,PIT,CLE@PIT,DraftKings,player_receptions,Michael Pittman Jr.,Under,3.5,-133,2026-10-02 00:15:00+00:00,2026-10-01 20:15:00-04:00,2026-10-01,PIT,4.0
207021,d55cb69fed50a09170560b5b75d8de86,2026-09-29 07:36:51 EDT,2026-10-01,CLE,PIT,CLE@PIT,DraftKings,player_receptions,Jaylen Warren,Over,3.5,118,2026-10-02 00:15:00+00:00,2026-10-01 20:15:00-04:00,2026-10-01,PIT,4.0
207022,d55cb69fed50a09170560b5b75d8de86,2026-09-29 07:36:51 EDT,2026-10-01,CLE,PIT,CLE@PIT,DraftKings,player_receptions,Jaylen Warren,Under,3.5,-150,2026-10-02 00:15:00+00:00,2026-10-01 20:15:00-04:00,2026-10-01,PIT,4.0
207023,d55cb69fed50a09170560b5b75d8de86,2026-09-29 07:36:51 EDT,2026-10-01,CLE,PIT,CLE@PIT,DraftKings,player_receptions,Denzel Boston,Over,2.5,-148,2026-10-02 00:15:00+00:00,2026-10-01 20:15:00-04:00,2026-10-01,CLE,4.0
207024,d55cb69fed50a09170560b5b75d8de86,2026-09-29 07:36:51 EDT,2026-10-01,CLE,PIT,CLE@PIT,DraftKings,player_receptions,Denzel Boston,Under,2.5,116,2026-10-02 00:15:00+00:00,2026-10-01 20:15:00-04:00,2026-10-01,CLE,4.0
207025,d55cb69fed50a09170560b5b75d8de86,2026-09-29 07:36:51 EDT,2026-10-01,CLE,PIT,CLE@PIT,DraftKings,player_receptions,Roman Wilson,Over,2.5,105,2026-10-02 00:15:00+00:00,2026-10-01 20:15:00-04:00,2026-10-01,PIT,4.0
207026,d55cb69fed50a09170560b5b75d8de86,2026-09-29 07:36:51 EDT,2026-10-01,CLE,PIT,CLE@PIT,DraftKings,player_receptions,Roman Wilson,Under,2.5,-134,2026-10-02 00:15:00+00:00,2026-10-01 20:15:00-04:00,2026-10-01,PIT,4.0
207027,d55cb69fed50a09170560b5b75d8de86,2026-09-29 07:36:51 EDT,2026-10-01,CLE,PIT,CLE@PIT,DraftKings,player_receptions,Quinshon Judkins,Over,2.5,137,2026-10-02 00:15:00+00:00,2026-10-01 20:15:00-04:00,2026-10-01,CLE,4.0
207028,d55cb69fed50a09170560b5b75d8de86,2026-09-29 07:36:51 EDT,2026-10-01,CLE,PIT,CLE@PIT,DraftKings,player_receptions,Quinshon Judkins,Under,2.5,-175,2026-10-02 00:15:00+00:00,2026-10-01 20:15:00-04:00,2026-10-01,CLE,4.0
207029,d55cb69fed50a09170560b5b75d8de86,2026-09-29 07:36:51 EDT,2026-10-01,CLE,PIT,CLE@PIT,DraftKings,player_receptions,Raheim Sanders,Over,2.5,141,2026-10-02 00:15:00+00:00,2026-10-01 20:15:00-04:00,2026-10-01,CLE,4.0
207030,d55cb69fed50a09170560b5b75d8de86,2026-09-29 07:36:51 EDT,2026-10-01,CLE,PIT,CLE@PIT,DraftKings,player_receptions,Raheim Sanders,Under,2.5,-182,2026-10-02 00:15:00+00:00,2026-10-01 20:15:00-04:00,2026-10-01,CLE,4.0
207031,d55cb69fed50a09170560b5b75d8de86,2026-09-29 07:36:51 EDT,2026-10-01,CLE,PIT,CLE@PIT,DraftKings,player_receptions,Darnell Washington,Over,1.5,-179,2026-10-02 00:15:00+00:00,2026-10-01 20:15:00-04:00,2026-10-01,PIT,4.0
207032,d55cb69fed50a09170560b5b75d8de86,2026-09-29 07:36:51 EDT,2026-10-01,CLE,PIT,CLE@PIT,DraftKings,player_receptions,Darnell Washington,Under,1.5,140,2026-10-02 00:15:00+00:00,2026-10-01 20:15:00-04:00,2026-10-01,PIT,4.0
207033,d55cb69fed50a09170560b5b75d8de86,2026-09-29 07:36:51 EDT,2026-10-01,CLE,PIT,CLE@PIT,DraftKings,player_receptions,Jerry Jeudy,Over,1.5,144,2026-10-02 00:15:00+00:00,2026-10-01 20:15:00-04:00,2026-10-01,CLE,4.0
207034,d55cb69fed50a09170560b5b75d8de86,2026-09-29 07:36:51 EDT,2026-10-01,CLE,PIT,CLE@PIT,DraftKings,player_receptions,Jerry Jeudy,Under,1.5,-185,2026-10-02 00:15:00+00:00,2026-10-01 20:15:00-04:00,2026-10-01,CLE,4.0
207035,d55cb69fed50a09170560b5b75d8de86,2026-09-29 07:36:51 EDT,2026-10-01,CLE,PIT,CLE@PIT,FanDuel,player_receptions,DK Metcalf,Over,3.5,-122,2026-10-02 00:15:00+00:00,2026-10-01 20:15:00-04:00,2026-10-01,PIT,4.0
207036,d55cb69fed50a09170560b5b75d8de86,2026-09-29 07:36:51 EDT,2026-10-01,CLE,PIT,CLE@PIT,FanDuel,player_receptions,DK Metcalf,Under,3.5,-108,2026-10-02 00:15:00+00:00,2026-10-01 20:15:00-04:00,2026-10-01,PIT,4.0
207037,d55cb69fed50a09170560b5b75d8de86,2026-09-29 07:36:51 EDT,2026-10-01,CLE,PIT,CLE@PIT,FanDuel,player_receptions,Darnell Washington,Over,1.5,-188,2026-10-02 00:15:00+00:00,2026-10-01 20:15:00-04:00,2026-10-01,PIT,4.0
207038,d55cb69fed50a09170560b5b75d8de86,2026-09-29 07:36:51 EDT,2026-10-01,CLE,PIT,CLE@PIT,FanDuel,player_receptions,Darnell Washington,Under,1.5,140,2026-10-02 00:15:00+00:00,2026-10-01 20:15:00-04:00,2026-10-01,PIT,4.0
207039,d55cb69fed50a09170560b5b75d8de86,2026-09-29 07:36:51 EDT,2026-10-01,CLE,PIT,CLE@PIT,FanDuel,player_receptions,KC Concepcion,Over,3.5,-125,2026-10-02 00:15:00+00:00,2026-10-01 20:15:00-04:00,2026-10-01,CLE,4.0
207040,d55cb69fed50a09170560b5b75d8de86,2026-09-29 07:36:51 EDT,2026-10-01,CLE,PIT,CLE@PIT,FanDuel,player_receptions,KC Concepcion,Under,3.5,-106,2026-10-02 00:15:00+00:00,2026-10-01 20:15:00-04:00,2026-10-01,CLE,4.0
207041,d55cb69fed50a09170560b5b75d8de86,2026-09-29 07:36:51 EDT,2026-10-01,CLE,PIT,CLE@PIT,FanDuel,player_receptions,Pat Freiermuth,Over,3.5,-122,2026-10-02 00:15:00+00:00,2026-10-01 20:15:00-04:00,2026-10-01,PIT,4.0
207042,d55cb69fed50a09170560b5b75d8de86,2026-09-29 07:36:51 EDT,2026-10-01,CLE,PIT,CLE@PIT,FanDuel,player_receptions,Pat Freiermuth,Under,3.5,-108,2026-10-02 00:15:00+00:00,2026-10-01 20:15:00-04:00,2026-10-01,PIT,4.0
207043,d55cb69fed50a09170560b5b75d8de86,2026-09-29 07:36:51 EDT,2026-10-01,CLE,PIT,CLE@PIT,FanDuel,player_receptions,Harold Fannin,Over,4.5,-114,2026-10-02 00:15:00+00:00,2026-10-01 20:15:00-04:00,2026-10-01,CLE,4.0
207044,d55cb69fed50a09170560b5b75d8de86,2026-09-29 07:36:51 EDT,2026-10-01,CLE,PIT,CLE@PIT,FanDuel,player_receptions,Harold Fannin,Under,4.5,-114,2026-10-02 00:15:00+00:00,2026-10-01 20:15:00-04:00,2026-10-01,CLE,4.0
207045,d55cb69fed50a09170560b5b75d8de86,2026-09-29 07:36:51 EDT,2026-10-01,CLE,PIT,CLE@PIT,FanDuel,player_receptions,Quinshon Judkins,Over,2.5,140,2026-10-02 00:15:00+00:00,2026-10-01 20:15:00-04:00,2026-10-01,CLE,4.0
207046,d55cb69fed50a09170560b5b75d8de86,2026-09-29 07:36:51 EDT,2026-10-01,CLE,PIT,CLE@PIT,FanDuel,player_receptions,Quinshon Judkins,Under,2.5,-188,2026-10-02 00:15:00+00:00,2026-10-01 20:15:00-04:00,2026-10-01,CLE,4.0
207047,d55cb69fed50a09170560b5b75d8de86,2026-09-29 07:36:51 EDT,2026-10-01,CLE,PIT,CLE@PIT,FanDuel,player_receptions,Jerry Jeudy,Over,1.5,134,2026-10-02 00:15:00+00:00,2026-10-01 20:15:00-04:00,2026-10-01,CLE,4.0
207048,d55cb69fed50a09170560b5b75d8de86,2026-09-29 07:36:51 EDT,2026-10-01,CLE,PIT,CLE@PIT,FanDuel,player_receptions,Jerry Jeudy,Under,1.5,-180,2026-10-02 00:15:00+00:00,2026-10-01 20:15:00-04:00,2026-10-01,CLE,4.0
207049,d55cb69fed50a09170560b5b75d8de86,2026-09-29 07:36:51 EDT,2026-10-01,CLE,PIT,CLE@PIT,FanDuel,player_receptions,Denzel Boston,Over,2.5,-146,2026-10-02 00:15:00+00:00,2026-10-01 20:15:00-04:00,2026-10-01,CLE,4.0
207050,d55cb69fed50a09170560b5b75d8de86,2026-09-29 07:36:51 EDT,2026-10-01,CLE,PIT,CLE@PIT,FanDuel,player_receptions,Denzel Boston,Under,2.5,110,2026-10-02 00:15:00+00:00,2026-10-01 20:15:00-04:00,2026-10-01,CLE,4.0
207051,d55cb69fed50a09170560b5b75d8de86,2026-09-29 07:36:51 EDT,2026-10-01,CLE,PIT,CLE@PIT,FanDuel,player_receptions,Raheim Sanders,Over,1.5,-198,2026-10-02 00:15:00+00:00,2026-10-01 20:15:00-04:00,2026-10-01,CLE,4.0
207052,d55cb69fed50a09170560b5b75d8de86,2026-09-29 07:36:51 EDT,2026-10-01,CLE,PIT,CLE@PIT,FanDuel,player_receptions,Raheim Sanders,Under,1.5,146,2026-10-02 00:15:00+00:00,2026-10-01 20:15:00-04:00,2026-10-01,CLE,4.0
207053,d55cb69fed50a09170560b5b75d8de86,2026-09-29 07:36:51 EDT,2026-10-01,CLE,PIT,CLE@PIT,FanDuel,player_receptions,Michael Pittman Jr.,Over,3.5,106,2026-10-02 00:15:00+00:00,2026-10-01 20:15:00-04:00,2026-10-01,PIT,4.0
207054,d55cb69fed50a09170560b5b75d8de86,2026-09-29 07:36:51 EDT,2026-10-01,CLE,PIT,CLE@PIT,FanDuel,player_receptions,Michael Pittman Jr.,Under,3.5,-140,2026-10-02 00:15:00+00:00,2026-10-01 20:15:00-04:00,2026-10-01,PIT,4.0
207055,d55cb69fed50a09170560b5b75d8de86,2026-09-29 07:36:51 EDT,2026-10-01,CLE,PIT,CLE@PIT,FanDuel,player_receptions,Roman Wilson,Over,2.5,-102,2026-10-02 00:15:00+00:00,2026-10-01 20:15:00-04:00,2026-10-01,PIT,4.0
207056,d55cb69fed50a09170560b5b75d8de86,2026-09-29 07:36:51 EDT,2026-10-01,CLE,PIT,CLE@PIT,FanDuel,player_receptions,Roman Wilson,Under,2.5,-130,2026-10-02 00:15:00+00:00,2026-10-01 20:15:00-04:00,2026-10-01,PIT,4.0
207057,d55cb69fed50a09170560b5b75d8de86,2026-09-29 07:36:51 EDT,2026-10-01,CLE,PIT,CLE@PIT,FanDuel,player_receptions,Jaylen Warren,Over,3.5,116,2026-10-02 00:15:00+00:00,2026-10-01 20:15:00-04:00,2026-10-01,PIT,4.0
207058,d55cb69fed50a09170560b5b75d8de86,2026-09-29 07:36:51 EDT,2026-10-01,CLE,PIT,CLE@PIT,FanDuel,player_receptions,Jaylen Warren,Under,3.5,-154,2026-10-02 00:15:00+00:00,2026-10-01 20:15:00-04:00,2026-10-01,PIT,4.0
207059,d55cb69fed50a09170560b5b75d8de86,2026-09-29 07:36:51 EDT,2026-10-01,CLE,PIT,CLE@PIT,BetOnline.ag,player_receptions,DK Metcalf,Over,3.5,-125,2026-10-02 00:15:00+00:00,2026-10-01 20:15:00-04:00,2026-10-01,PIT,4.0
207060,d55cb69fed50a09170560b5b75d8de86,2026-09-29 07:36:51 EDT,2026-10-01,CLE,PIT,CLE@PIT,BetOnline.ag,player_receptions,DK Metcalf,Under,3.5,-103,2026-10-02 00:15:00+00:00,2026-10-01 20:15:00-04:00,2026-10-01,PIT,4.0
207061,d55cb69fed50a09170560b5b75d8de86,2026-09-29 07:36:51 EDT,2026-10-01,CLE,PIT,CLE@PIT,BetOnline.ag,player_receptions,Pat Freiermuth,Over,3.5,-119,2026-10-02 00:15:00+00:00,2026-10-01 20:15:00-04:00,2026-10-01,PIT,4.0
207062,d55cb69fed50a09170560b5b75d8de86,2026-09-29 07:36:51 EDT,2026-10-01,CLE,PIT,CLE@PIT,BetOnline.ag,player_receptions,Pat Freiermuth,Under,3.5,-109,2026-10-02 00:15:00+00:00,2026-10-01 20:15:00-04:00,2026-10-01,PIT,4.0
207063,d55cb69fed50a09170560b5b75d8de86,2026-09-29 07:36:51 EDT,2026-10-01,CLE,PIT,CLE@PIT,BetOnline.ag,player_receptions,Denzel Boston,Over,2.5,-143,2026-10-02 00:15:00+00:00,2026-10-01 20:15:00-04:00,2026-10-01,CLE,4.0
207064,d55cb69fed50a09170560b5b75d8de86,2026-09-29 07:36:51 EDT,2026-10-01,CLE,PIT,CLE@PIT,BetOnline.ag,player_receptions,Denzel Boston,Under,2.5,110,2026-10-02 00:15:00+00:00,2026-10-01 20:15:00-04:00,2026-10-01,CLE,4.0
207065,d55cb69fed50a09170560b5b75d8de86,2026-09-29 07:36:51 EDT,2026-10-01,CLE,PIT,CLE@PIT,BetOnline.ag,player_receptions,KC Concepcion,Over,3.5,-130,2026-10-02 00:15:00+00:00,2026-10-01 20:15:00-04:00,2026-10-01,CLE,4.0
207066,d55cb69fed50a09170560b5b75d8de86,2026-09-29 07:36:51 EDT,2026-10-01,CLE,PIT,CLE@PIT,BetOnline.ag,player_receptions,KC Concepcion,Under,3.5,100,2026-10-02 00:15:00+00:00,2026-10-01 20:15:00-04:00,2026-10-01,CLE,4.0
207067,d55cb69fed50a09170560b5b75d8de86,2026-09-29 07:36:51 EDT,2026-10-01,CLE,PIT,CLE@PIT,BetOnline.ag,player_receptions,Harold Fannin,Over,4.5,-114,2026-10-02 00:15:00+00:00,2026-10-01 20:15:00-04:00,2026-10-01,CLE,4.0
207068,d55cb69fed50a09170560b5b75d8de86,2026-09-29 07:36:51 EDT,2026-10-01,CLE,PIT,CLE@PIT,BetOnline.ag,player_receptions,Harold Fannin,Under,4.5,-114,2026-10-02 00:15:00+00:00,2026-10-01 20:15:00-04:00,2026-10-01,CLE,4.0
207069,d55cb69fed50a09170560b5b75d8de86,2026-09-29 07:36:51 EDT,2026-10-01,CLE,PIT,CLE@PIT,BetOnline.ag,player_receptions,Michael Pittman Jr.,Over,3.5,106,2026-10-02 00:15:00+00:00,2026-10-01 20:15:00-04:00,2026-10-01,PIT,4.0
207070,d55cb69fed50a09170560b5b75d8de86,2026-09-29 07:36:51 EDT,2026-10-01,CLE,PIT,CLE@PIT,BetOnline.ag,player_receptions,Michael Pittman Jr.,Under,3.5,-137,2026-10-02 00:15:00+00:00,2026-10-01 20:15:00-04:00,2026-10-01,PIT,4.0
207071,d55cb69fed50a09170560b5b75d8de86,2026-09-29 07:36:51 EDT,2026-10-01,CLE,PIT,CLE@PIT,BetOnline.ag,player_receptions,Jaylen Warren,Over,3.5,115,2026-10-02 00:15:00+00:00,2026-10-01 20:15:00-04:00,2026-10-01,PIT,4.0
207072,d55cb69fed50a09170560b5b75d8de86,2026-09-29 07:36:51 EDT,2026-10-01,CLE,PIT,CLE@PIT,BetOnline.ag,player_receptions,Jaylen Warren,Under,3.5,-149,2026-10-02 00:15:00+00:00,2026-10-01 20:15:00-04:00,2026-10-01,PIT,4.0
207073,d55cb69fed50a09170560b5b75d8de86,2026-09-29 07:36:51 EDT,2026-10-01,CLE,PIT,CLE@PIT,BetOnline.ag,player_receptions,Darnell Washington,Over,1.5,-185,2026-10-02 00:15:00+00:00,2026-10-01 20:15:00-04:00,2026-10-01,PIT,4.0
207074,d55cb69fed50a09170560b5b75d8de86,2026-09-29 07:36:51 EDT,2026-10-01,CLE,PIT,CLE@PIT,BetOnline.ag,player_receptions,Darnell Washington,Under,1.5,140,2026-10-02 00:15:00+00:00,2026-10-01 20:15:00-04:00,2026-10-01,PIT,4.0
207075,d55cb69fed50a09170560b5b75d8de86,2026-09-29 07:36:51 EDT,2026-10-01,CLE,PIT,CLE@PIT,BetOnline.ag,player_receptions,Jerry Jeudy,Over,1.5,132,2026-10-02 00:15:00+00:00,2026-10-01 20:15:00-04:00,2026-10-01,CLE,4.0
207076,d55cb69fed50a09170560b5b75d8de86,2026-09-29 07:36:51 EDT,2026-10-01,CLE,PIT,CLE@PIT,BetOnline.ag,player_receptions,Jerry Jeudy,Under,1.5,-172,2026-10-02 00:15:00+00:00,2026-10-01 20:15:00-04:00,2026-10-01,CLE,4.0
207077,d55cb69fed50a09170560b5b75d8de86,2026-09-29 07:36:51 EDT,2026-10-01,CLE,PIT,CLE@PIT,BetRivers,player_receptions,Denzel Boston,Over,2.5,-143,2026-10-02 00:15:00+00:00,2026-10-01 20:15:00-04:00,2026-10-01,CLE,4.0
207078,d55cb69fed50a09170560b5b75d8de86,2026-09-29 07:36:51 EDT,2026-10-01,CLE,PIT,CLE@PIT,BetRivers,player_receptions,Pat Freiermuth,Over,3.5,-125,2026-10-02 00:15:00+00:00,2026-10-01 20:15:00-04:00,2026-10-01,PIT,4.0
207079,d55cb69fed50a09170560b5b75d8de86,2026-09-29 07:36:51 EDT,2026-10-01,CLE,PIT,CLE@PIT,BetRivers,player_receptions,Harold Fannin,Over,4.5,-112,2026-10-02 00:15:00+00:00,2026-10-01 20:15:00-04:00,2026-10-01,CLE,4.0
207080,d55cb69fed50a09170560b5b75d8de86,2026-09-29 07:36:51 EDT,2026-10-01,CLE,PIT,CLE@PIT,BetRivers,player_receptions,Michael Pittman Jr.,Over,3.5,102,2026-10-02 00:15:00+00:00,2026-10-01 20:15:00-04:00,2026-10-01,PIT,4.0
207081,d55cb69fed50a09170560b5b75d8de86,2026-09-29 07:36:51 EDT,2026-10-01,CLE,PIT,CLE@PIT,BetRivers,player_receptions,DK Metcalf,Over,3.5,-115,2026-10-02 00:15:00+00:00,2026-10-01 20:15:00-04:00,2026-10-01,PIT,4.0
207082,d55cb69fed50a09170560b5b75d8de86,2026-09-29 07:36:51 EDT,2026-10-01,CLE,PIT,CLE@PIT,BetRivers,player_receptions,Jerry Jeudy,Over,1.5,135,2026-10-02 00:15:00+00:00,2026-10-01 20:15:00-04:00,2026-10-01,CLE,4.0
207083,d55cb69fed50a09170560b5b75d8de86,2026-09-29 07:36:51 EDT,2026-10-01,CLE,PIT,CLE@PIT,BetRivers,player_receptions,Darnell Washington,Over,1.5,-182,2026-10-02 00:15:00+00:00,2026-10-01 20:15:00-04:00,2026-10-01,PIT,4.0
207084,d55cb69fed50a09170560b5b75d8de86,2026-09-29 07:36:51 EDT,2026-10-01,CLE,PIT,CLE@PIT,BetRivers,player_receptions,KC Concepcion,Over,3.5,-122,2026-10-02 00:15:00+00:00,2026-10-01 20:15:00-04:00,2026-10-01,CLE,4.0
207085,d55cb69fed50a09170560b5b75d8de86,2026-09-29 07:36:51 EDT,2026-10-01,CLE,PIT,CLE@PIT,BetRivers,player_receptions,Jaylen Warren,Over,3.5,114,2026-10-02 00:15:00+00:00,2026-10-01 20:15:00-04:00,2026-10-01,PIT,4.0
207086,d55cb69fed50a09170560b5b75d8de86,2026-09-29 07:36:51 EDT,2026-10-01,CLE,PIT,CLE@PIT,Bovada,player_receptions,Darnell Washington,Over,1.5,-185,2026-10-02 00:15:00+00:00,2026-10-01 20:15:00-04:00,2026-10-01,PIT,4.0
207087,d55cb69fed50a09170560b5b75d8de86,2026-09-29 07:36:51 EDT,2026-10-01,CLE,PIT,CLE@PIT,Bovada,player_receptions,Darnell Washington,Under,1.5,140,2026-10-02 00:15:00+00:00,2026-10-01 20:15:00-04:00,2026-10-01,PIT,4.0
207088,d55cb69fed50a09170560b5b75d8de86,2026-09-29 07:36:51 EDT,2026-10-01,CLE,PIT,CLE@PIT,Bovada,player_receptions,Denzel Boston,Over,2.5,-150,2026-10-02 00:15:00+00:00,2026-10-01 20:15:00-04:00,2026-10-01,CLE,4.0
207089,d55cb69fed50a09170560b5b75d8de86,2026-09-29 07:36:51 EDT,2026-10-01,CLE,PIT,CLE@PIT,Bovada,player_receptions,Denzel Boston,Under,2.5,115,2026-10-02 00:15:00+00:00,2026-10-01 20:15:00-04:00,2026-10-01,CLE,4.0
207090,d55cb69fed50a09170560b5b75d8de86,2026-09-29 07:36:51 EDT,2026-10-01,CLE,PIT,CLE@PIT,Bovada,player_receptions,DK Metcalf,Over,3.5,-120,2026-10-02 00:15:00+00:00,2026-10-01 20:15:00-04:00,2026-10-01,PIT,4.0
207091,d55cb69fed50a09170560b5b75d8de86,2026-09-29 07:36:51 EDT,2026-10-01,CLE,PIT,CLE@PIT,Bovada,player_receptions,DK Metcalf,Under,3.5,-110,2026-10-02 00:15:00+00:00,2026-10-01 20:15:00-04:00,2026-10-01,PIT,4.0
207092,d55cb69fed50a09170560b5b75d8de86,2026-09-29 07:36:51 EDT,2026-10-01,CLE,PIT,CLE@PIT,Bovada,player_receptions,Harold Fannin,Over,4.5,-115,2026-10-02 00:15:00+00:00,2026-10-01 20:15:00-04:00,2026-10-01,CLE,4.0
207093,d55cb69fed50a09170560b5b75d8de86,2026-09-29 07:36:51 EDT,2026-10-01,CLE,PIT,CLE@PIT,Bovada,player_receptions,Harold Fannin,Under,4.5,-115,2026-10-02 00:15:00+00:00,2026-10-01 20:15:00-04:00,2026-10-01,CLE,4.0
207094,d55cb69fed50a09170560b5b75d8de86,2026-09-29 07:36:51 EDT,2026-10-01,CLE,PIT,CLE@PIT,Bovada,player_receptions,Jaylen Warren,Over,3.5,115,2026-10-02 00:15:00+00:00,2026-10-01 20:15:00-04:00,2026-10-01,PIT,4.0
207095,d55cb69fed50a09170560b5b75d8de86,2026-09-29 07:36:51 EDT,2026-10-01,CLE,PIT,CLE@PIT,Bovada,player_receptions,Jaylen Warren,Under,3.5,-150,2026-10-02 00:15:00+00:00,2026-10-01 20:15:00-04:00,2026-10-01,PIT,4.0
207096,d55cb69fed50a09170560b5b75d8de86,2026-09-29 07:36:51 EDT,2026-10-01,CLE,PIT,CLE@PIT,Bovada,player_receptions,Jerry Jeudy,Over,1.5,145,2026-10-02 00:15:00+00:00,2026-10-01 20:15:00-04:00,2026-10-01,CLE,4.0
207097,d55cb69fed50a09170560b5b75d8de86,2026-09-29 07:36:51 EDT,2026-10-01,CLE,PIT,CLE@PIT,Bovada,player_receptions,Jerry Jeudy,Under,1.5,-190,2026-10-02 00:15:00+00:00,2026-10-01 20:15:00-04:00,2026-10-01,CLE,4.0
207098,d55cb69fed50a09170560b5b75d8de86,2026-09-29 07:36:51 EDT,2026-10-01,CLE,PIT,CLE@PIT,Bovada,player_receptions,KC Concepcion,Over,3.5,-135,2026-10-02 00:15:00+00:00,2026-10-01 20:15:00-04:00,2026-10-01,CLE,4.0
207099,d55cb69fed50a09170560b5b75d8de86,2026-09-29 07:36:51 EDT,2026-10-01,CLE,PIT,CLE@PIT,Bovada,player_receptions,KC Concepcion,Under,3.5,105,2026-10-02 00:15:00+00:00,2026-10-01 20:15:00-04:00,2026-10-01,CLE,4.0
207100,d55cb69fed50a09170560b5b75d8de86,2026-09-29 07:36:51 EDT,2026-10-01,CLE,PIT,CLE@PIT,Bovada,player_receptions,Michael Pittman Jr.,Over,3.5,105,2026-10-02 00:15:00+00:00,2026-10-01 20:15:00-04:00,2026-10-01,PIT,4.0
207101,d55cb69fed50a09170560b5b75d8de86,2026-09-29 07:36:51 EDT,2026-10-01,CLE,PIT,CLE@PIT,Bovada,player_receptions,Michael Pittman Jr.,Under,3.5,-135,2026-10-02 00:15:00+00:00,2026-10-01 20:15:00-04:00,2026-10-01,PIT,4.0
207102,d55cb69fed50a09170560b5b75d8de86,2026-09-29 07:36:51 EDT,2026-10-01,CLE,PIT,CLE@PIT,Bovada,player_receptions,Pat Freiermuth,Over,3.5,-125,2026-10-02 00:15:00+00:00,2026-10-01 20:15:00-04:00,2026-10-01,PIT,4.0
207103,d55cb69fed50a09170560b5b75d8de86,2026-09-29 07:36:51 EDT,2026-10-01,CLE,PIT,CLE@PIT,Bovada,player_receptions,Pat Freiermuth,Under,3.5,-105,2026-10-02 00:15:00+00:00,2026-10-01 20:15:00-04:00,2026-10-01,PIT,4.0
207104,d55cb69fed50a09170560b5b75d8de86,2026-09-29 07:36:51 EDT,2026-10-01,CLE,PIT,CLE@PIT,Bovada,player_receptions,Quinshon Judkins,Over,2.5,135,2026-10-02 00:15:00+00:00,2026-10-01 20:15:00-04:00,2026-10-01,CLE,4.0
207105,d55cb69fed50a09170560b5b75d8de86,2026-09-29 07:36:51 EDT,2026-10-01,CLE,PIT,CLE@PIT,Bovada,player_receptions,Quinshon Judkins,Under,2.5,-180,2026-10-02 00:15:00+00:00,2026-10-01 20:15:00-04:00,2026-10-01,CLE,4.0
207106,d55cb69fed50a09170560b5b75d8de86,2026-09-29 07:36:51 EDT,2026-10-01,CLE,PIT,CLE@PIT,Bovada,player_receptions,Raheim Sanders,Over,2.5,140,2026-10-02 00:15:00+00:00,2026-10-01 20:15:00-04:00,2026-10-01,CLE,4.0
207107,d55cb69fed50a09170560b5b75d8de86,2026-09-29 07:36:51 EDT,2026-10-01,CLE,PIT,CLE@PIT,Bovada,player_receptions,Raheim Sanders,Under,2.5,-185,2026-10-02 00:15:00+00:00,2026-10-01 20:15:00-04:00,2026-10-01,CLE,4.0
207108,d55cb69fed50a09170560b5b75d8de86,2026-09-29 07:36:51 EDT,2026-10-01,CLE,PIT,CLE@PIT,Bovada,player_receptions,Roman Wilson,Over,2.5,105,2026-10-02 00:15:00+00:00,2026-10-01 20:15:00-04:00,2026-10-01,PIT,4.0
207109,d55cb69fed50a09170560b5b75d8de86,2026-09-29 07:36:51 EDT,2026-10-01,CLE,PIT,CLE@PIT,Bovada,player_receptions,Roman Wilson,Under,2.5,-135,2026-10-02 00:15:00+00:00,2026-10-01 20:15:00-04:00,2026-10-01,PIT,4.0
207110,d55cb69fed50a09170560b5b75d8de86,2026-09-29 07:36:51 EDT,2026-10-01,CLE,PIT,CLE@PIT,BetMGM,player_receptions,Quinshon Judkins,Over,2.5,135,2026-10-02 00:15:00+00:00,2026-10-01 20:15:00-04:00,2026-10-01,CLE,4.0
207111,d55cb69fed50a09170560b5b75d8de86,2026-09-29 07:36:51 EDT,2026-10-01,CLE,PIT,CLE@PIT,BetMGM,player_receptions,Quinshon Judkins,Under,2.5,-185,2026-10-02 00:15:00+00:00,2026-10-01 20:15:00-04:00,2026-10-01,CLE,4.0
207112,d55cb69fed50a09170560b5b75d8de86,2026-09-29 07:36:51 EDT,2026-10-01,CLE,PIT,CLE@PIT,BetMGM,player_receptions,Raheim Sanders,Over,1.5,-200,2026-10-02 00:15:00+00:00,2026-10-01 20:15:00-04:00,2026-10-01,CLE,4.0
207113,d55cb69fed50a09170560b5b75d8de86,2026-09-29 07:36:51 EDT,2026-10-01,CLE,PIT,CLE@PIT,BetMGM,player_receptions,Raheim Sanders,Under,1.5,150,2026-10-02 00:15:00+00:00,2026-10-01 20:15:00-04:00,2026-10-01,CLE,4.0
207114,d55cb69fed50a09170560b5b75d8de86,2026-09-29 07:36:51 EDT,2026-10-01,CLE,PIT,CLE@PIT,BetMGM,player_receptions,Harold Fannin,Over,4.5,-111,2026-10-02 00:15:00+00:00,2026-10-01 20:15:00-04:00,2026-10-01,CLE,4.0
207115,d55cb69fed50a09170560b5b75d8de86,2026-09-29 07:36:51 EDT,2026-10-01,CLE,PIT,CLE@PIT,BetMGM,player_receptions,Harold Fannin,Under,4.5,-118,2026-10-02 00:15:00+00:00,2026-10-01 20:15:00-04:00,2026-10-01,CLE,4.0
207116,d55cb69fed50a09170560b5b75d8de86,2026-09-29 07:36:51 EDT,2026-10-01,CLE,PIT,CLE@PIT,BetMGM,player_receptions,Denzel Boston,Over,2.5,-160,2026-10-02 00:15:00+00:00,2026-10-01 20:15:00-04:00,2026-10-01,CLE,4.0
207117,d55cb69fed50a09170560b5b75d8de86,2026-09-29 07:36:51 EDT,2026-10-01,CLE,PIT,CLE@PIT,BetMGM,player_receptions,Denzel Boston,Under,2.5,120,2026-10-02 00:15:00+00:00,2026-10-01 20:15:00-04:00,2026-10-01,CLE,4.0
207118,d55cb69fed50a09170560b5b75d8de86,2026-09-29 07:36:51 EDT,2026-10-01,CLE,PIT,CLE@PIT,BetMGM,player_receptions,KC Concepcion,Over,3.5,-150,2026-10-02 00:15:00+00:00,2026-10-01 20:15:00-04:00,2026-10-01,CLE,4.0
207119,d55cb69fed50a09170560b5b75d8de86,2026-09-29 07:36:51 EDT,2026-10-01,CLE,PIT,CLE@PIT,BetMGM,player_receptions,KC Concepcion,Under,3.5,110,2026-10-02 00:15:00+00:00,2026-10-01 20:15:00-04:00,2026-10-01,CLE,4.0
207120,d55cb69fed50a09170560b5b75d8de86,2026-09-29 07:36:51 EDT,2026-10-01,CLE,PIT,CLE@PIT,BetMGM,player_receptions,Jerry Jeudy,Over,1.5,110,2026-10-02 00:15:00+00:00,2026-10-01 20:15:00-04:00,2026-10-01,CLE,4.0
207121,d55cb69fed50a09170560b5b75d8de86,2026-09-29 07:36:51 EDT,2026-10-01,CLE,PIT,CLE@PIT,BetMGM,player_receptions,Jerry Jeudy,Under,1.5,-150,2026-10-02 00:15:00+00:00,2026-10-01 20:15:00-04:00,2026-10-01,CLE,4.0
207122,d55cb69fed50a09170560b5b75d8de86,2026-09-29 07:36:51 EDT,2026-10-01,CLE,PIT,CLE@PIT,BetMGM,player_receptions,Darnell Washington,Over,1.5,-185,2026-10-02 00:15:00+00:00,2026-10-01 20:15:00-04:00,2026-10-01,PIT,4.0
207123,d55cb69fed50a09170560b5b75d8de86,2026-09-29 07:36:51 EDT,2026-10-01,CLE,PIT,CLE@PIT,BetMGM,player_receptions,Darnell Washington,Under,1.5,135,2026-10-02 00:15:00+00:00,2026-10-01 20:15:00-04:00,2026-10-01,PIT,4.0
207124,d55cb69fed50a09170560b5b75d8de86,2026-09-29 07:36:51 EDT,2026-10-01,CLE,PIT,CLE@PIT,BetMGM,player_receptions,DK Metcalf,Over,3.5,-135,2026-10-02 00:15:00+00:00,2026-10-01 20:15:00-04:00,2026-10-01,PIT,4.0
207125,d55cb69fed50a09170560b5b75d8de86,2026-09-29 07:36:51 EDT,2026-10-01,CLE,PIT,CLE@PIT,BetMGM,player_receptions,DK Metcalf,Under,3.5,100,2026-10-02 00:15:00+00:00,2026-10-01 20:15:00-04:00,2026-10-01,PIT,4.0
207126,d55cb69fed50a09170560b5b75d8de86,2026-09-29 07:36:51 EDT,2026-10-01,CLE,PIT,CLE@PIT,BetMGM,player_receptions,Michael Pittman Jr.,Over,3.5,-105,2026-10-02 00:15:00+00:00,2026-10-01 20:15:00-04:00,2026-10-01,PIT,4.0
207127,d55cb69fed50a09170560b5b75d8de86,2026-09-29 07:36:51 EDT,2026-10-01,CLE,PIT,CLE@PIT,BetMGM,player_receptions,Michael Pittman Jr.,Under,3.5,-125,2026-10-02 00:15:00+00:00,2026-10-01 20:15:00-04:00,2026-10-01,PIT,4.0
207128,d55cb69fed50a09170560b5b75d8de86,2026-09-29 07:36:51 EDT,2026-10-01,CLE,PIT,CLE@PIT,BetMGM,player_receptions,Pat Freiermuth,Over,3.5,-115,2026-10-02 00:15:00+00:00,2026-10-01 20:15:00-04:00,2026-10-01,PIT,4.0
207129,d55cb69fed50a09170560b5b75d8de86,2026-09-29 07:36:51 EDT,2026-10-01,CLE,PIT,CLE@PIT,BetMGM,player_receptions,Pat Freiermuth,Under,3.5,-115,2026-10-02 00:15:00+00:00,2026-10-01 20:15:00-04:00,2026-10-01,PIT,4.0
207130,d55cb69fed50a09170560b5b75d8de86,2026-09-29 07:36:51 EDT,2026-10-01,CLE,PIT,CLE@PIT,BetMGM,player_receptions,Roman Wilson,Over,2.5,110,2026-10-02 00:15:00+00:00,2026-10-01 20:15:00-04:00,2026-10-01,PIT,4.0
207131,d55cb69fed50a09170560b5b75d8de86,2026-09-29 07:36:51 EDT,2026-10-01,CLE,PIT,CLE@PIT,BetMGM,player_receptions,Roman Wilson,Under,2.5,-150,2026-10-02 00:15:00+00:00,2026-10-01 20:15:00-04:00,2026-10-01,PIT,4.0
207132,d55cb69fed50a09170560b5b75d8de86,2026-09-29 07:36:51 EDT,2026-10-01,CLE,PIT,CLE@PIT,BetMGM,player_receptions,Jaylen Warren,Over,3.5,100,2026-10-02 00:15:00+00:00,2026-10-01 20:15:00-04:00,2026-10-01,PIT,4.0
207133,d55cb69fed50a09170560b5b75d8de86,2026-09-29 07:36:51 EDT,2026-10-01,CLE,PIT,CLE@PIT,BetMGM,player_receptions,Jaylen Warren,Under,3.5,-135,2026-10-02 00:15:00+00:00,2026-10-01 20:15:00-04:00,2026-10-01,PIT,4.0
207134,d55cb69fed50a09170560b5b75d8de86,2026-09-29 07:36:51 EDT,2026-10-01,CLE,PIT,CLE@PIT,DraftKings,player_reception_yds,DK Metcalf,Over,41.5,-114,2026-10-02 00:15:00+00:00,2026-10-01 20:15:00-04:00,2026-10-01,PIT,4.0
207135,d55cb69fed50a09170560b5b75d8de86,2026-09-29 07:36:51 EDT,2026-10-01,CLE,PIT,CLE@PIT,DraftKings,player_reception_yds,DK Metcalf,Under,41.5,-110,2026-10-02 00:15:00+00:00,2026-10-01 20:15:00-04:00,2026-10-01,PIT,4.0
207136,d55cb69fed50a09170560b5b75d8de86,2026-09-29 07:36:51 EDT,2026-10-01,CLE,PIT,CLE@PIT,DraftKings,player_reception_yds,Harold Fannin,Over,41.5,-114,2026-10-02 00:15:00+00:00,2026-10-01 20:15:00-04:00,2026-10-01,CLE,4.0
207137,d55cb69fed50a09170560b5b75d8de86,2026-09-29 07:36:51 EDT,2026-10-01,CLE,PIT,CLE@PIT,DraftKings,player_reception_yds,Harold Fannin,Under,41.5,-110,2026-10-02 00:15:00+00:00,2026-10-01 20:15:00-04:00,2026-10-01,CLE,4.0
207138,d55cb69fed50a09170560b5b75d8de86,2026-09-29 07:36:51 EDT,2026-10-01,CLE,PIT,CLE@PIT,DraftKings,player_reception_yds,KC Concepcion,Over,35.5,-114,2026-10-02 00:15:00+00:00,2026-10-01 20:15:00-04:00,2026-10-01,CLE,4.0
207139,d55cb69fed50a09170560b5b75d8de86,2026-09-29 07:36:51 EDT,2026-10-01,CLE,PIT,CLE@PIT,DraftKings,player_reception_yds,KC Concepcion,Under,35.5,-110,2026-10-02 00:15:00+00:00,2026-10-01 20:15:00-04:00,2026-10-01,CLE,4.0
207140,d55cb69fed50a09170560b5b75d8de86,2026-09-29 07:36:51 EDT,2026-10-01,CLE,PIT,CLE@PIT,DraftKings,player_reception_yds,Denzel Boston,Over,33.5,-114,2026-10-02 00:15:00+00:00,2026-10-01 20:15:00-04:00,2026-10-01,CLE,4.0
207141,d55cb69fed50a09170560b5b75d8de86,2026-09-29 07:36:51 EDT,2026-10-01,CLE,PIT,CLE@PIT,DraftKings,player_reception_yds,Denzel Boston,Under,33.5,-110,2026-10-02 00:15:00+00:00,2026-10-01 20:15:00-04:00,2026-10-01,CLE,4.0
207142,d55cb69fed50a09170560b5b75d8de86,2026-09-29 07:36:51 EDT,2026-10-01,CLE,PIT,CLE@PIT,DraftKings,player_reception_yds,Michael Pittman Jr.,Over,32.5,-115,2026-10-02 00:15:00+00:00,2026-10-01 20:15:00-04:00,2026-10-01,PIT,4.0
207143,d55cb69fed50a09170560b5b75d8de86,2026-09-29 07:36:51 EDT,2026-10-01,CLE,PIT,CLE@PIT,DraftKings,player_reception_yds,Michael Pittman Jr.,Under,32.5,-109,2026-10-02 00:15:00+00:00,2026-10-01 20:15:00-04:00,2026-10-01,PIT,4.0
207144,d55cb69fed50a09170560b5b75d8de86,2026-09-29 07:36:51 EDT,2026-10-01,CLE,PIT,CLE@PIT,DraftKings,player_reception_yds,Pat Freiermuth,Over,29.5,-109,2026-10-02 00:15:00+00:00,2026-10-01 20:15:00-04:00,2026-10-01,PIT,4.0
207145,d55cb69fed50a09170560b5b75d8de86,2026-09-29 07:36:51 EDT,2026-10-01,CLE,PIT,CLE@PIT,DraftKings,player_reception_yds,Pat Freiermuth,Under,29.5,-115,2026-10-02 00:15:00+00:00,2026-10-01 20:15:00-04:00,2026-10-01,PIT,4.0
207146,d55cb69fed50a09170560b5b75d8de86,2026-09-29 07:36:51 EDT,2026-10-01,CLE,PIT,CLE@PIT,DraftKings,player_reception_yds,Jaylen Warren,Over,22.5,-114,2026-10-02 00:15:00+00:00,2026-10-01 20:15:00-04:00,2026-10-01,PIT,4.0
207147,d55cb69fed50a09170560b5b75d8de86,2026-09-29 07:36:51 EDT,2026-10-01,CLE,PIT,CLE@PIT,DraftKings,player_reception_yds,Jaylen Warren,Under,22.5,-110,2026-10-02 00:15:00+00:00,2026-10-01 20:15:00-04:00,2026-10-01,PIT,4.0
207148,d55cb69fed50a09170560b5b75d8de86,2026-09-29 07:36:51 EDT,2026-10-01,CLE,PIT,CLE@PIT,DraftKings,player_reception_yds,Roman Wilson,Over,22.5,-113,2026-10-02 00:15:00+00:00,2026-10-01 20:15:00-04:00,2026-10-01,PIT,4.0
207149,d55cb69fed50a09170560b5b75d8de86,2026-09-29 07:36:51 EDT,2026-10-01,CLE,PIT,CLE@PIT,DraftKings,player_reception_yds,Roman Wilson,Under,22.5,-111,2026-10-02 00:15:00+00:00,2026-10-01 20:15:00-04:00,2026-10-01,PIT,4.0
207150,d55cb69fed50a09170560b5b75d8de86,2026-09-29 07:36:51 EDT,2026-10-01,CLE,PIT,CLE@PIT,DraftKings,player_reception_yds,Darnell Washington,Over,15.5,-111,2026-10-02 00:15:00+00:00,2026-10-01 20:15:00-04:00,2026-10-01,PIT,4.0
207151,d55cb69fed50a09170560b5b75d8de86,2026-09-29 07:36:51 EDT,2026-10-01,CLE,PIT,CLE@PIT,DraftKings,player_reception_yds,Darnell Washington,Under,15.5,-113,2026-10-02 00:15:00+00:00,2026-10-01 20:15:00-04:00,2026-10-01,PIT,4.0
207152,d55cb69fed50a09170560b5b75d8de86,2026-09-29 07:36:51 EDT,2026-10-01,CLE,PIT,CLE@PIT,DraftKings,player_reception_yds,Raheim Sanders,Over,12.5,-117,2026-10-02 00:15:00+00:00,2026-10-01 20:15:00-04:00,2026-10-01,CLE,4.0
207153,d55cb69fed50a09170560b5b75d8de86,2026-09-29 07:36:51 EDT,2026-10-01,CLE,PIT,CLE@PIT,DraftKings,player_reception_yds,Raheim Sanders,Under,12.5,-107,2026-10-02 00:15:00+00:00,2026-10-01 20:15:00-04:00,2026-10-01,CLE,4.0
207154,d55cb69fed50a09170560b5b75d8de86,2026-09-29 07:36:51 EDT,2026-10-01,CLE,PIT,CLE@PIT,DraftKings,player_reception_yds,Quinshon Judkins,Over,12.5,-116,2026-10-02 00:15:00+00:00,2026-10-01 20:15:00-04:00,2026-10-01,CLE,4.0
207155,d55cb69fed50a09170560b5b75d8de86,2026-09-29 07:36:51 EDT,2026-10-01,CLE,PIT,CLE@PIT,DraftKings,player_reception_yds,Quinshon Judkins,Under,12.5,-108,2026-10-02 00:15:00+00:00,2026-10-01 20:15:00-04:00,2026-10-01,CLE,4.0
207156,d55cb69fed50a09170560b5b75d8de86,2026-09-29 07:36:51 EDT,2026-10-01,CLE,PIT,CLE@PIT,DraftKings,player_reception_yds,Jerry Jeudy,Over,12.5,-115,2026-10-02 00:15:00+00:00,2026-10-01 20:15:00-04:00,2026-10-01,CLE,4.0
207157,d55cb69fed50a09170560b5b75d8de86,2026-09-29 07:36:51 EDT,2026-10-01,CLE,PIT,CLE@PIT,DraftKings,player_reception_yds,Jerry Jeudy,Under,12.5,-109,2026-10-02 00:15:00+00:00,2026-10-01 20:15:00-04:00,2026-10-01,CLE,4.0
207158,d55cb69fed50a09170560b5b75d8de86,2026-09-29 07:36:51 EDT,2026-10-01,CLE,PIT,CLE@PIT,FanDuel,player_reception_yds,Harold Fannin,Over,40.5,-114,2026-10-02 00:15:00+00:00,2026-10-01 20:15:00-04:00,2026-10-01,CLE,4.0
207159,d55cb69fed50a09170560b5b75d8de86,2026-09-29 07:36:51 EDT,2026-10-01,CLE,PIT,CLE@PIT,FanDuel,player_reception_yds,Harold Fannin,Under,40.5,-114,2026-10-02 00:15:00+00:00,2026-10-01 20:15:00-04:00,2026-10-01,CLE,4.0
207160,d55cb69fed50a09170560b5b75d8de86,2026-09-29 07:36:51 EDT,2026-10-01,CLE,PIT,CLE@PIT,FanDuel,player_reception_yds,KC Concepcion,Over,33.5,-114,2026-10-02 00:15:00+00:00,2026-10-01 20:15:00-04:00,2026-10-01,CLE,4.0
207161,d55cb69fed50a09170560b5b75d8de86,2026-09-29 07:36:51 EDT,2026-10-01,CLE,PIT,CLE@PIT,FanDuel,player_reception_yds,KC Concepcion,Under,33.5,-114,2026-10-02 00:15:00+00:00,2026-10-01 20:15:00-04:00,2026-10-01,CLE,4.0
207162,d55cb69fed50a09170560b5b75d8de86,2026-09-29 07:36:51 EDT,2026-10-01,CLE,PIT,CLE@PIT,FanDuel,player_reception_yds,Denzel Boston,Over,35.5,-114,2026-10-02 00:15:00+00:00,2026-10-01 20:15:00-04:00,2026-10-01,CLE,4.0
207163,d55cb69fed50a09170560b5b75d8de86,2026-09-29 07:36:51 EDT,2026-10-01,CLE,PIT,CLE@PIT,FanDuel,player_reception_yds,Denzel Boston,Under,35.5,-114,2026-10-02 00:15:00+00:00,2026-10-01 20:15:00-04:00,2026-10-01,CLE,4.0
207164,d55cb69fed50a09170560b5b75d8de86,2026-09-29 07:36:51 EDT,2026-10-01,CLE,PIT,CLE@PIT,FanDuel,player_reception_yds,Pat Freiermuth,Over,29.5,-114,2026-10-02 00:15:00+00:00,2026-10-01 20:15:00-04:00,2026-10-01,PIT,4.0
207165,d55cb69fed50a09170560b5b75d8de86,2026-09-29 07:36:51 EDT,2026-10-01,CLE,PIT,CLE@PIT,FanDuel,player_reception_yds,Pat Freiermuth,Under,29.5,-114,2026-10-02 00:15:00+00:00,2026-10-01 20:15:00-04:00,2026-10-01,PIT,4.0
207166,d55cb69fed50a09170560b5b75d8de86,2026-09-29 07:36:51 EDT,2026-10-01,CLE,PIT,CLE@PIT,FanDuel,player_reception_yds,Jerry Jeudy,Over,13.5,-114,2026-10-02 00:15:00+00:00,2026-10-01 20:15:00-04:00,2026-10-01,CLE,4.0
207167,d55cb69fed50a09170560b5b75d8de86,2026-09-29 07:36:51 EDT,2026-10-01,CLE,PIT,CLE@PIT,FanDuel,player_reception_yds,Jerry Jeudy,Under,13.5,-114,2026-10-02 00:15:00+00:00,2026-10-01 20:15:00-04:00,2026-10-01,CLE,4.0
207168,d55cb69fed50a09170560b5b75d8de86,2026-09-29 07:36:51 EDT,2026-10-01,CLE,PIT,CLE@PIT,FanDuel,player_reception_yds,Darnell Washington,Over,15.5,-114,2026-10-02 00:15:00+00:00,2026-10-01 20:15:00-04:00,2026-10-01,PIT,4.0
207169,d55cb69fed50a09170560b5b75d8de86,2026-09-29 07:36:51 EDT,2026-10-01,CLE,PIT,CLE@PIT,FanDuel,player_reception_yds,Darnell Washington,Under,15.5,-114,2026-10-02 00:15:00+00:00,2026-10-01 20:15:00-04:00,2026-10-01,PIT,4.0
207170,d55cb69fed50a09170560b5b75d8de86,2026-09-29 07:36:51 EDT,2026-10-01,CLE,PIT,CLE@PIT,FanDuel,player_reception_yds,DK Metcalf,Over,41.5,-114,2026-10-02 00:15:00+00:00,2026-10-01 20:15:00-04:00,2026-10-01,PIT,4.0
207171,d55cb69fed50a09170560b5b75d8de86,2026-09-29 07:36:51 EDT,2026-10-01,CLE,PIT,CLE@PIT,FanDuel,player_reception_yds,DK Metcalf,Under,41.5,-114,2026-10-02 00:15:00+00:00,2026-10-01 20:15:00-04:00,2026-10-01,PIT,4.0
207172,d55cb69fed50a09170560b5b75d8de86,2026-09-29 07:36:51 EDT,2026-10-01,CLE,PIT,CLE@PIT,FanDuel,player_reception_yds,Roman Wilson,Over,22.5,-114,2026-10-02 00:15:00+00:00,2026-10-01 20:15:00-04:00,2026-10-01,PIT,4.0
207173,d55cb69fed50a09170560b5b75d8de86,2026-09-29 07:36:51 EDT,2026-10-01,CLE,PIT,CLE@PIT,FanDuel,player_reception_yds,Roman Wilson,Under,22.5,-114,2026-10-02 00:15:00+00:00,2026-10-01 20:15:00-04:00,2026-10-01,PIT,4.0
207174,d55cb69fed50a09170560b5b75d8de86,2026-09-29 07:36:51 EDT,2026-10-01,CLE,PIT,CLE@PIT,FanDuel,player_reception_yds,Quinshon Judkins,Over,12.5,-114,2026-10-02 00:15:00+00:00,2026-10-01 20:15:00-04:00,2026-10-01,CLE,4.0
207175,d55cb69fed50a09170560b5b75d8de86,2026-09-29 07:36:51 EDT,2026-10-01,CLE,PIT,CLE@PIT,FanDuel,player_reception_yds,Quinshon Judkins,Under,12.5,-114,2026-10-02 00:15:00+00:00,2026-10-01 20:15:00-04:00,2026-10-01,CLE,4.0
207176,d55cb69fed50a09170560b5b75d8de86,2026-09-29 07:36:51 EDT,2026-10-01,CLE,PIT,CLE@PIT,FanDuel,player_reception_yds,Raheim Sanders,Over,12.5,-114,2026-10-02 00:15:00+00:00,2026-10-01 20:15:00-04:00,2026-10-01,CLE,4.0
207177,d55cb69fed50a09170560b5b75d8de86,2026-09-29 07:36:51 EDT,2026-10-01,CLE,PIT,CLE@PIT,FanDuel,player_reception_yds,Raheim Sanders,Under,12.5,-114,2026-10-02 00:15:00+00:00,2026-10-01 20:15:00-04:00,2026-10-01,CLE,4.0
207178,d55cb69fed50a09170560b5b75d8de86,2026-09-29 07:36:51 EDT,2026-10-01,CLE,PIT,CLE@PIT,FanDuel,player_reception_yds,Jaylen Warren,Over,22.5,-114,2026-10-02 00:15:00+00:00,2026-10-01 20:15:00-04:00,2026-10-01,PIT,4.0
207179,d55cb69fed50a09170560b5b75d8de86,2026-09-29 07:36:51 EDT,2026-10-01,CLE,PIT,CLE@PIT,FanDuel,player_reception_yds,Jaylen Warren,Under,22.5,-114,2026-10-02 00:15:00+00:00,2026-10-01 20:15:00-04:00,2026-10-01,PIT,4.0
207180,d55cb69fed50a09170560b5b75d8de86,2026-09-29 07:36:51 EDT,2026-10-01,CLE,PIT,CLE@PIT,FanDuel,player_reception_yds,Michael Pittman Jr.,Over,34.5,-114,2026-10-02 00:15:00+00:00,2026-10-01 20:15:00-04:00,2026-10-01,PIT,4.0
207181,d55cb69fed50a09170560b5b75d8de86,2026-09-29 07:36:51 EDT,2026-10-01,CLE,PIT,CLE@PIT,FanDuel,player_reception_yds,Michael Pittman Jr.,Under,34.5,-114,2026-10-02 00:15:00+00:00,2026-10-01 20:15:00-04:00,2026-10-01,PIT,4.0
207182,d55cb69fed50a09170560b5b75d8de86,2026-09-29 07:36:51 EDT,2026-10-01,CLE,PIT,CLE@PIT,BetOnline.ag,player_reception_yds,Pat Freiermuth,Over,29.5,-111,2026-10-02 00:15:00+00:00,2026-10-01 20:15:00-04:00,2026-10-01,PIT,4.0
207183,d55cb69fed50a09170560b5b75d8de86,2026-09-29 07:36:51 EDT,2026-10-01,CLE,PIT,CLE@PIT,BetOnline.ag,player_reception_yds,Pat Freiermuth,Under,29.5,-116,2026-10-02 00:15:00+00:00,2026-10-01 20:15:00-04:00,2026-10-01,PIT,4.0
207184,d55cb69fed50a09170560b5b75d8de86,2026-09-29 07:36:51 EDT,2026-10-01,CLE,PIT,CLE@PIT,BetOnline.ag,player_reception_yds,Jerry Jeudy,Over,13.5,-115,2026-10-02 00:15:00+00:00,2026-10-01 20:15:00-04:00,2026-10-01,CLE,4.0
207185,d55cb69fed50a09170560b5b75d8de86,2026-09-29 07:36:51 EDT,2026-10-01,CLE,PIT,CLE@PIT,BetOnline.ag,player_reception_yds,Jerry Jeudy,Under,13.5,-112,2026-10-02 00:15:00+00:00,2026-10-01 20:15:00-04:00,2026-10-01,CLE,4.0
207186,d55cb69fed50a09170560b5b75d8de86,2026-09-29 07:36:51 EDT,2026-10-01,CLE,PIT,CLE@PIT,BetOnline.ag,player_reception_yds,Darnell Washington,Over,15.5,-115,2026-10-02 00:15:00+00:00,2026-10-01 20:15:00-04:00,2026-10-01,PIT,4.0
207187,d55cb69fed50a09170560b5b75d8de86,2026-09-29 07:36:51 EDT,2026-10-01,CLE,PIT,CLE@PIT,BetOnline.ag,player_reception_yds,Darnell Washington,Under,15.5,-112,2026-10-02 00:15:00+00:00,2026-10-01 20:15:00-04:00,2026-10-01,PIT,4.0
207188,d55cb69fed50a09170560b5b75d8de86,2026-09-29 07:36:51 EDT,2026-10-01,CLE,PIT,CLE@PIT,BetOnline.ag,player_reception_yds,DK Metcalf,Over,41.5,-116,2026-10-02 00:15:00+00:00,2026-10-01 20:15:00-04:00,2026-10-01,PIT,4.0
207189,d55cb69fed50a09170560b5b75d8de86,2026-09-29 07:36:51 EDT,2026-10-01,CLE,PIT,CLE@PIT,BetOnline.ag,player_reception_yds,DK Metcalf,Under,41.5,-111,2026-10-02 00:15:00+00:00,2026-10-01 20:15:00-04:00,2026-10-01,PIT,4.0
207190,d55cb69fed50a09170560b5b75d8de86,2026-09-29 07:36:51 EDT,2026-10-01,CLE,PIT,CLE@PIT,BetOnline.ag,player_reception_yds,Michael Pittman Jr.,Over,34.5,-114,2026-10-02 00:15:00+00:00,2026-10-01 20:15:00-04:00,2026-10-01,PIT,4.0
207191,d55cb69fed50a09170560b5b75d8de86,2026-09-29 07:36:51 EDT,2026-10-01,CLE,PIT,CLE@PIT,BetOnline.ag,player_reception_yds,Michael Pittman Jr.,Under,34.5,-114,2026-10-02 00:15:00+00:00,2026-10-01 20:15:00-04:00,2026-10-01,PIT,4.0
207192,d55cb69fed50a09170560b5b75d8de86,2026-09-29 07:36:51 EDT,2026-10-01,CLE,PIT,CLE@PIT,BetOnline.ag,player_reception_yds,Denzel Boston,Over,35.5,-114,2026-10-02 00:15:00+00:00,2026-10-01 20:15:00-04:00,2026-10-01,CLE,4.0
207193,d55cb69fed50a09170560b5b75d8de86,2026-09-29 07:36:51 EDT,2026-10-01,CLE,PIT,CLE@PIT,BetOnline.ag,player_reception_yds,Denzel Boston,Under,35.5,-114,2026-10-02 00:15:00+00:00,2026-10-01 20:15:00-04:00,2026-10-01,CLE,4.0
207194,d55cb69fed50a09170560b5b75d8de86,2026-09-29 07:36:51 EDT,2026-10-01,CLE,PIT,CLE@PIT,BetOnline.ag,player_reception_yds,Jaylen Warren,Over,22.5,-112,2026-10-02 00:15:00+00:00,2026-10-01 20:15:00-04:00,2026-10-01,PIT,4.0
207195,d55cb69fed50a09170560b5b75d8de86,2026-09-29 07:36:51 EDT,2026-10-01,CLE,PIT,CLE@PIT,BetOnline.ag,player_reception_yds,Jaylen Warren,Under,22.5,-115,2026-10-02 00:15:00+00:00,2026-10-01 20:15:00-04:00,2026-10-01,PIT,4.0
207196,d55cb69fed50a09170560b5b75d8de86,2026-09-29 07:36:51 EDT,2026-10-01,CLE,PIT,CLE@PIT,BetOnline.ag,player_reception_yds,Harold Fannin,Over,41.5,-116,2026-10-02 00:15:00+00:00,2026-10-01 20:15:00-04:00,2026-10-01,CLE,4.0
207197,d55cb69fed50a09170560b5b75d8de86,2026-09-29 07:36:51 EDT,2026-10-01,CLE,PIT,CLE@PIT,BetOnline.ag,player_reception_yds,Harold Fannin,Under,41.5,-111,2026-10-02 00:15:00+00:00,2026-10-01 20:15:00-04:00,2026-10-01,CLE,4.0
207198,d55cb69fed50a09170560b5b75d8de86,2026-09-29 07:36:51 EDT,2026-10-01,CLE,PIT,CLE@PIT,BetOnline.ag,player_reception_yds,KC Concepcion,Over,36.5,-115,2026-10-02 00:15:00+00:00,2026-10-01 20:15:00-04:00,2026-10-01,CLE,4.0
207199,d55cb69fed50a09170560b5b75d8de86,2026-09-29 07:36:51 EDT,2026-10-01,CLE,PIT,CLE@PIT,BetOnline.ag,player_reception_yds,KC Concepcion,Under,36.5,-112,2026-10-02 00:15:00+00:00,2026-10-01 20:15:00-04:00,2026-10-01,CLE,4.0
207200,d55cb69fed50a09170560b5b75d8de86,2026-09-29 07:36:51 EDT,2026-10-01,CLE,PIT,CLE@PIT,BetRivers,player_reception_yds,DK Metcalf,Over,40.5,-115,2026-10-02 00:15:00+00:00,2026-10-01 20:15:00-04:00,2026-10-01,PIT,4.0
207201,d55cb69fed50a09170560b5b75d8de86,2026-09-29 07:36:51 EDT,2026-10-01,CLE,PIT,CLE@PIT,BetRivers,player_reception_yds,DK Metcalf,Under,40.5,-115,2026-10-02 00:15:00+00:00,2026-10-01 20:15:00-04:00,2026-10-01,PIT,4.0
207202,d55cb69fed50a09170560b5b75d8de86,2026-09-29 07:36:51 EDT,2026-10-01,CLE,PIT,CLE@PIT,BetRivers,player_reception_yds,KC Concepcion,Over,35.5,-114,2026-10-02 00:15:00+00:00,2026-10-01 20:15:00-04:00,2026-10-01,CLE,4.0
207203,d55cb69fed50a09170560b5b75d8de86,2026-09-29 07:36:51 EDT,2026-10-01,CLE,PIT,CLE@PIT,BetRivers,player_reception_yds,KC Concepcion,Under,35.5,-117,2026-10-02 00:15:00+00:00,2026-10-01 20:15:00-04:00,2026-10-01,CLE,4.0
207204,d55cb69fed50a09170560b5b75d8de86,2026-09-29 07:36:51 EDT,2026-10-01,CLE,PIT,CLE@PIT,BetRivers,player_reception_yds,Denzel Boston,Over,34.5,-118,2026-10-02 00:15:00+00:00,2026-10-01 20:15:00-04:00,2026-10-01,CLE,4.0
207205,d55cb69fed50a09170560b5b75d8de86,2026-09-29 07:36:51 EDT,2026-10-01,CLE,PIT,CLE@PIT,BetRivers,player_reception_yds,Denzel Boston,Under,34.5,-113,2026-10-02 00:15:00+00:00,2026-10-01 20:15:00-04:00,2026-10-01,CLE,4.0
207206,d55cb69fed50a09170560b5b75d8de86,2026-09-29 07:36:51 EDT,2026-10-01,CLE,PIT,CLE@PIT,BetRivers,player_reception_yds,Darnell Washington,Over,16.5,-112,2026-10-02 00:15:00+00:00,2026-10-01 20:15:00-04:00,2026-10-01,PIT,4.0
207207,d55cb69fed50a09170560b5b75d8de86,2026-09-29 07:36:51 EDT,2026-10-01,CLE,PIT,CLE@PIT,BetRivers,player_reception_yds,Darnell Washington,Under,16.5,-120,2026-10-02 00:15:00+00:00,2026-10-01 20:15:00-04:00,2026-10-01,PIT,4.0
207208,d55cb69fed50a09170560b5b75d8de86,2026-09-29 07:36:51 EDT,2026-10-01,CLE,PIT,CLE@PIT,BetRivers,player_reception_yds,Harold Fannin,Over,39.5,-118,2026-10-02 00:15:00+00:00,2026-10-01 20:15:00-04:00,2026-10-01,CLE,4.0
207209,d55cb69fed50a09170560b5b75d8de86,2026-09-29 07:36:51 EDT,2026-10-01,CLE,PIT,CLE@PIT,BetRivers,player_reception_yds,Harold Fannin,Under,39.5,-113,2026-10-02 00:15:00+00:00,2026-10-01 20:15:00-04:00,2026-10-01,CLE,4.0
207210,d55cb69fed50a09170560b5b75d8de86,2026-09-29 07:36:51 EDT,2026-10-01,CLE,PIT,CLE@PIT,BetRivers,player_reception_yds,Jaylen Warren,Over,21.5,-117,2026-10-02 00:15:00+00:00,2026-10-01 20:15:00-04:00,2026-10-01,PIT,4.0
207211,d55cb69fed50a09170560b5b75d8de86,2026-09-29 07:36:51 EDT,2026-10-01,CLE,PIT,CLE@PIT,BetRivers,player_reception_yds,Jaylen Warren,Under,21.5,-114,2026-10-02 00:15:00+00:00,2026-10-01 20:15:00-04:00,2026-10-01,PIT,4.0
207212,d55cb69fed50a09170560b5b75d8de86,2026-09-29 07:36:51 EDT,2026-10-01,CLE,PIT,CLE@PIT,BetRivers,player_reception_yds,Pat Freiermuth,Over,27.5,-115,2026-10-02 00:15:00+00:00,2026-10-01 20:15:00-04:00,2026-10-01,PIT,4.0
207213,d55cb69fed50a09170560b5b75d8de86,2026-09-29 07:36:51 EDT,2026-10-01,CLE,PIT,CLE@PIT,BetRivers,player_reception_yds,Pat Freiermuth,Under,27.5,-115,2026-10-02 00:15:00+00:00,2026-10-01 20:15:00-04:00,2026-10-01,PIT,4.0
207214,d55cb69fed50a09170560b5b75d8de86,2026-09-29 07:36:51 EDT,2026-10-01,CLE,PIT,CLE@PIT,BetRivers,player_reception_yds,Jerry Jeudy,Over,13.5,-117,2026-10-02 00:15:00+00:00,2026-10-01 20:15:00-04:00,2026-10-01,CLE,4.0
207215,d55cb69fed50a09170560b5b75d8de86,2026-09-29 07:36:51 EDT,2026-10-01,CLE,PIT,CLE@PIT,BetRivers,player_reception_yds,Jerry Jeudy,Under,13.5,-114,2026-10-02 00:15:00+00:00,2026-10-01 20:15:00-04:00,2026-10-01,CLE,4.0
207216,d55cb69fed50a09170560b5b75d8de86,2026-09-29 07:36:51 EDT,2026-10-01,CLE,PIT,CLE@PIT,BetRivers,player_reception_yds,Michael Pittman Jr.,Over,32.5,-118,2026-10-02 00:15:00+00:00,2026-10-01 20:15:00-04:00,2026-10-01,PIT,4.0
207217,d55cb69fed50a09170560b5b75d8de86,2026-09-29 07:36:51 EDT,2026-10-01,CLE,PIT,CLE@PIT,BetRivers,player_reception_yds,Michael Pittman Jr.,Under,32.5,-113,2026-10-02 00:15:00+00:00,2026-10-01 20:15:00-04:00,2026-10-01,PIT,4.0
207218,d55cb69fed50a09170560b5b75d8de86,2026-09-29 07:36:51 EDT,2026-10-01,CLE,PIT,CLE@PIT,Bovada,player_reception_yds,Darnell Washington,Over,15.5,-115,2026-10-02 00:15:00+00:00,2026-10-01 20:15:00-04:00,2026-10-01,PIT,4.0
207219,d55cb69fed50a09170560b5b75d8de86,2026-09-29 07:36:51 EDT,2026-10-01,CLE,PIT,CLE@PIT,Bovada,player_reception_yds,Darnell Washington,Under,15.5,-115,2026-10-02 00:15:00+00:00,2026-10-01 20:15:00-04:00,2026-10-01,PIT,4.0
207220,d55cb69fed50a09170560b5b75d8de86,2026-09-29 07:36:51 EDT,2026-10-01,CLE,PIT,CLE@PIT,Bovada,player_reception_yds,Denzel Boston,Over,33.5,-115,2026-10-02 00:15:00+00:00,2026-10-01 20:15:00-04:00,2026-10-01,CLE,4.0
207221,d55cb69fed50a09170560b5b75d8de86,2026-09-29 07:36:51 EDT,2026-10-01,CLE,PIT,CLE@PIT,Bovada,player_reception_yds,Denzel Boston,Under,33.5,-115,2026-10-02 00:15:00+00:00,2026-10-01 20:15:00-04:00,2026-10-01,CLE,4.0
207222,d55cb69fed50a09170560b5b75d8de86,2026-09-29 07:36:51 EDT,2026-10-01,CLE,PIT,CLE@PIT,Bovada,player_reception_yds,DK Metcalf,Over,41.5,-115,2026-10-02 00:15:00+00:00,2026-10-01 20:15:00-04:00,2026-10-01,PIT,4.0
207223,d55cb69fed50a09170560b5b75d8de86,2026-09-29 07:36:51 EDT,2026-10-01,CLE,PIT,CLE@PIT,Bovada,player_reception_yds,DK Metcalf,Under,41.5,-115,2026-10-02 00:15:00+00:00,2026-10-01 20:15:00-04:00,2026-10-01,PIT,4.0
207224,d55cb69fed50a09170560b5b75d8de86,2026-09-29 07:36:51 EDT,2026-10-01,CLE,PIT,CLE@PIT,Bovada,player_reception_yds,Harold Fannin,Over,41.5,-115,2026-10-02 00:15:00+00:00,2026-10-01 20:15:00-04:00,2026-10-01,CLE,4.0
207225,d55cb69fed50a09170560b5b75d8de86,2026-09-29 07:36:51 EDT,2026-10-01,CLE,PIT,CLE@PIT,Bovada,player_reception_yds,Harold Fannin,Under,41.5,-115,2026-10-02 00:15:00+00:00,2026-10-01 20:15:00-04:00,2026-10-01,CLE,4.0
207226,d55cb69fed50a09170560b5b75d8de86,2026-09-29 07:36:51 EDT,2026-10-01,CLE,PIT,CLE@PIT,Bovada,player_reception_yds,Jaylen Warren,Over,22.5,-115,2026-10-02 00:15:00+00:00,2026-10-01 20:15:00-04:00,2026-10-01,PIT,4.0
207227,d55cb69fed50a09170560b5b75d8de86,2026-09-29 07:36:51 EDT,2026-10-01,CLE,PIT,CLE@PIT,Bovada,player_reception_yds,Jaylen Warren,Under,22.5,-115,2026-10-02 00:15:00+00:00,2026-10-01 20:15:00-04:00,2026-10-01,PIT,4.0
207228,d55cb69fed50a09170560b5b75d8de86,2026-09-29 07:36:51 EDT,2026-10-01,CLE,PIT,CLE@PIT,Bovada,player_reception_yds,Jerry Jeudy,Over,12.5,-120,2026-10-02 00:15:00+00:00,2026-10-01 20:15:00-04:00,2026-10-01,CLE,4.0
207229,d55cb69fed50a09170560b5b75d8de86,2026-09-29 07:36:51 EDT,2026-10-01,CLE,PIT,CLE@PIT,Bovada,player_reception_yds,Jerry Jeudy,Under,12.5,-110,2026-10-02 00:15:00+00:00,2026-10-01 20:15:00-04:00,2026-10-01,CLE,4.0
207230,d55cb69fed50a09170560b5b75d8de86,2026-09-29 07:36:51 EDT,2026-10-01,CLE,PIT,CLE@PIT,Bovada,player_reception_yds,KC Concepcion,Over,35.5,-115,2026-10-02 00:15:00+00:00,2026-10-01 20:15:00-04:00,2026-10-01,CLE,4.0
207231,d55cb69fed50a09170560b5b75d8de86,2026-09-29 07:36:51 EDT,2026-10-01,CLE,PIT,CLE@PIT,Bovada,player_reception_yds,KC Concepcion,Under,35.5,-115,2026-10-02 00:15:00+00:00,2026-10-01 20:15:00-04:00,2026-10-01,CLE,4.0
207232,d55cb69fed50a09170560b5b75d8de86,2026-09-29 07:36:51 EDT,2026-10-01,CLE,PIT,CLE@PIT,Bovada,player_reception_yds,Michael Pittman Jr.,Over,32.5,-120,2026-10-02 00:15:00+00:00,2026-10-01 20:15:00-04:00,2026-10-01,PIT,4.0
207233,d55cb69fed50a09170560b5b75d8de86,2026-09-29 07:36:51 EDT,2026-10-01,CLE,PIT,CLE@PIT,Bovada,player_reception_yds,Michael Pittman Jr.,Under,32.5,-110,2026-10-02 00:15:00+00:00,2026-10-01 20:15:00-04:00,2026-10-01,PIT,4.0
207234,d55cb69fed50a09170560b5b75d8de86,2026-09-29 07:36:51 EDT,2026-10-01,CLE,PIT,CLE@PIT,Bovada,player_reception_yds,Pat Freiermuth,Over,29.5,-110,2026-10-02 00:15:00+00:00,2026-10-01 20:15:00-04:00,2026-10-01,PIT,4.0
207235,d55cb69fed50a09170560b5b75d8de86,2026-09-29 07:36:51 EDT,2026-10-01,CLE,PIT,CLE@PIT,Bovada,player_reception_yds,Pat Freiermuth,Under,29.5,-120,2026-10-02 00:15:00+00:00,2026-10-01 20:15:00-04:00,2026-10-01,PIT,4.0
207236,d55cb69fed50a09170560b5b75d8de86,2026-09-29 07:36:51 EDT,2026-10-01,CLE,PIT,CLE@PIT,Bovada,player_reception_yds,Quinshon Judkins,Over,12.5,-120,2026-10-02 00:15:00+00:00,2026-10-01 20:15:00-04:00,2026-10-01,CLE,4.0
207237,d55cb69fed50a09170560b5b75d8de86,2026-09-29 07:36:51 EDT,2026-10-01,CLE,PIT,CLE@PIT,Bovada,player_reception_yds,Quinshon Judkins,Under,12.5,-110,2026-10-02 00:15:00+00:00,2026-10-01 20:15:00-04:00,2026-10-01,CLE,4.0
207238,d55cb69fed50a09170560b5b75d8de86,2026-09-29 07:36:51 EDT,2026-10-01,CLE,PIT,CLE@PIT,Bovada,player_reception_yds,Raheim Sanders,Over,12.5,-120,2026-10-02 00:15:00+00:00,2026-10-01 20:15:00-04:00,2026-10-01,CLE,4.0
207239,d55cb69fed50a09170560b5b75d8de86,2026-09-29 07:36:51 EDT,2026-10-01,CLE,PIT,CLE@PIT,Bovada,player_reception_yds,Raheim Sanders,Under,12.5,-110,2026-10-02 00:15:00+00:00,2026-10-01 20:15:00-04:00,2026-10-01,CLE,4.0
207240,d55cb69fed50a09170560b5b75d8de86,2026-09-29 07:36:51 EDT,2026-10-01,CLE,PIT,CLE@PIT,Bovada,player_reception_yds,Roman Wilson,Over,22.5,-115,2026-10-02 00:15:00+00:00,2026-10-01 20:15:00-04:00,2026-10-01,PIT,4.0
207241,d55cb69fed50a09170560b5b75d8de86,2026-09-29 07:36:51 EDT,2026-10-01,CLE,PIT,CLE@PIT,Bovada,player_reception_yds,Roman Wilson,Under,22.5,-115,2026-10-02 00:15:00+00:00,2026-10-01 20:15:00-04:00,2026-10-01,PIT,4.0
207242,d55cb69fed50a09170560b5b75d8de86,2026-09-29 07:36:51 EDT,2026-10-01,CLE,PIT,CLE@PIT,Fanatics,player_reception_yds,Denzel Boston,Over,35.5,-110,2026-10-02 00:15:00+00:00,2026-10-01 20:15:00-04:00,2026-10-01,CLE,4.0
207243,d55cb69fed50a09170560b5b75d8de86,2026-09-29 07:36:51 EDT,2026-10-01,CLE,PIT,CLE@PIT,Fanatics,player_reception_yds,Denzel Boston,Under,35.5,-120,2026-10-02 00:15:00+00:00,2026-10-01 20:15:00-04:00,2026-10-01,CLE,4.0
207244,d55cb69fed50a09170560b5b75d8de86,2026-09-29 07:36:51 EDT,2026-10-01,CLE,PIT,CLE@PIT,BetMGM,player_reception_yds,Raheim Sanders,Over,12.5,-120,2026-10-02 00:15:00+00:00,2026-10-01 20:15:00-04:00,2026-10-01,CLE,4.0
207245,d55cb69fed50a09170560b5b75d8de86,2026-09-29 07:36:51 EDT,2026-10-01,CLE,PIT,CLE@PIT,BetMGM,player_reception_yds,Raheim Sanders,Under,12.5,-110,2026-10-02 00:15:00+00:00,2026-10-01 20:15:00-04:00,2026-10-01,CLE,4.0
207246,d55cb69fed50a09170560b5b75d8de86,2026-09-29 07:36:51 EDT,2026-10-01,CLE,PIT,CLE@PIT,BetMGM,player_reception_yds,Harold Fannin,Over,41.5,-115,2026-10-02 00:15:00+00:00,2026-10-01 20:15:00-04:00,2026-10-01,CLE,4.0
207247,d55cb69fed50a09170560b5b75d8de86,2026-09-29 07:36:51 EDT,2026-10-01,CLE,PIT,CLE@PIT,BetMGM,player_reception_yds,Harold Fannin,Under,41.5,-115,2026-10-02 00:15:00+00:00,2026-10-01 20:15:00-04:00,2026-10-01,CLE,4.0
207248,d55cb69fed50a09170560b5b75d8de86,2026-09-29 07:36:51 EDT,2026-10-01,CLE,PIT,CLE@PIT,BetMGM,player_reception_yds,Denzel Boston,Over,35.5,-115,2026-10-02 00:15:00+00:00,2026-10-01 20:15:00-04:00,2026-10-01,CLE,4.0
207249,d55cb69fed50a09170560b5b75d8de86,2026-09-29 07:36:51 EDT,2026-10-01,CLE,PIT,CLE@PIT,BetMGM,player_reception_yds,Denzel Boston,Under,35.5,-115,2026-10-02 00:15:00+00:00,2026-10-01 20:15:00-04:00,2026-10-01,CLE,4.0
207250,d55cb69fed50a09170560b5b75d8de86,2026-09-29 07:36:51 EDT,2026-10-01,CLE,PIT,CLE@PIT,BetMGM,player_reception_yds,KC Concepcion,Over,35.5,-115,2026-10-02 00:15:00+00:00,2026-10-01 20:15:00-04:00,2026-10-01,CLE,4.0
207251,d55cb69fed50a09170560b5b75d8de86,2026-09-29 07:36:51 EDT,2026-10-01,CLE,PIT,CLE@PIT,BetMGM,player_reception_yds,KC Concepcion,Under,35.5,-115,2026-10-02 00:15:00+00:00,2026-10-01 20:15:00-04:00,2026-10-01,CLE,4.0
207252,d55cb69fed50a09170560b5b75d8de86,2026-09-29 07:36:51 EDT,2026-10-01,CLE,PIT,CLE@PIT,BetMGM,player_reception_yds,Jerry Jeudy,Over,13.5,-120,2026-10-02 00:15:00+00:00,2026-10-01 20:15:00-04:00,2026-10-01,CLE,4.0
207253,d55cb69fed50a09170560b5b75d8de86,2026-09-29 07:36:51 EDT,2026-10-01,CLE,PIT,CLE@PIT,BetMGM,player_reception_yds,Jerry Jeudy,Under,13.5,-111,2026-10-02 00:15:00+00:00,2026-10-01 20:15:00-04:00,2026-10-01,CLE,4.0
207254,d55cb69fed50a09170560b5b75d8de86,2026-09-29 07:36:51 EDT,2026-10-01,CLE,PIT,CLE@PIT,BetMGM,player_reception_yds,Pat Freiermuth,Over,29.5,-115,2026-10-02 00:15:00+00:00,2026-10-01 20:15:00-04:00,2026-10-01,PIT,4.0
207255,d55cb69fed50a09170560b5b75d8de86,2026-09-29 07:36:51 EDT,2026-10-01,CLE,PIT,CLE@PIT,BetMGM,player_reception_yds,Pat Freiermuth,Under,29.5,-115,2026-10-02 00:15:00+00:00,2026-10-01 20:15:00-04:00,2026-10-01,PIT,4.0
207256,d55cb69fed50a09170560b5b75d8de86,2026-09-29 07:36:51 EDT,2026-10-01,CLE,PIT,CLE@PIT,BetMGM,player_reception_yds,Darnell Washington,Over,15.5,-120,2026-10-02 00:15:00+00:00,2026-10-01 20:15:00-04:00,2026-10-01,PIT,4.0
207257,d55cb69fed50a09170560b5b75d8de86,2026-09-29 07:36:51 EDT,2026-10-01,CLE,PIT,CLE@PIT,BetMGM,player_reception_yds,Darnell Washington,Under,15.5,-110,2026-10-02 00:15:00+00:00,2026-10-01 20:15:00-04:00,2026-10-01,PIT,4.0
207258,d55cb69fed50a09170560b5b75d8de86,2026-09-29 07:36:51 EDT,2026-10-01,CLE,PIT,CLE@PIT,BetMGM,player_reception_yds,DK Metcalf,Over,44.5,-115,2026-10-02 00:15:00+00:00,2026-10-01 20:15:00-04:00,2026-10-01,PIT,4.0
207259,d55cb69fed50a09170560b5b75d8de86,2026-09-29 07:36:51 EDT,2026-10-01,CLE,PIT,CLE@PIT,BetMGM,player_reception_yds,DK Metcalf,Under,44.5,-115,2026-10-02 00:15:00+00:00,2026-10-01 20:15:00-04:00,2026-10-01,PIT,4.0
207260,d55cb69fed50a09170560b5b75d8de86,2026-09-29 07:36:51 EDT,2026-10-01,CLE,PIT,CLE@PIT,BetMGM,player_reception_yds,Roman Wilson,Over,21.5,-120,2026-10-02 00:15:00+00:00,2026-10-01 20:15:00-04:00,2026-10-01,PIT,4.0
207261,d55cb69fed50a09170560b5b75d8de86,2026-09-29 07:36:51 EDT,2026-10-01,CLE,PIT,CLE@PIT,BetMGM,player_reception_yds,Roman Wilson,Under,21.5,-111,2026-10-02 00:15:00+00:00,2026-10-01 20:15:00-04:00,2026-10-01,PIT,4.0
207262,d55cb69fed50a09170560b5b75d8de86,2026-09-29 07:36:51 EDT,2026-10-01,CLE,PIT,CLE@PIT,BetMGM,player_reception_yds,Quinshon Judkins,Over,12.5,-115,2026-10-02 00:15:00+00:00,2026-10-01 20:15:00-04:00,2026-10-01,CLE,4.0
207263,d55cb69fed50a09170560b5b75d8de86,2026-09-29 07:36:51 EDT,2026-10-01,CLE,PIT,CLE@PIT,BetMGM,player_reception_yds,Quinshon Judkins,Under,12.5,-115,2026-10-02 00:15:00+00:00,2026-10-01 20:15:00-04:00,2026-10-01,CLE,4.0
207264,d55cb69fed50a09170560b5b75d8de86,2026-09-29 07:36:51 EDT,2026-10-01,CLE,PIT,CLE@PIT,BetMGM,player_reception_yds,Michael Pittman Jr.,Over,34.5,-115,2026-10-02 00:15:00+00:00,2026-10-01 20:15:00-04:00,2026-10-01,PIT,4.0
207265,d55cb69fed50a09170560b5b75d8de86,2026-09-29 07:36:51 EDT,2026-10-01,CLE,PIT,CLE@PIT,BetMGM,player_reception_yds,Michael Pittman Jr.,Under,34.5,-115,2026-10-02 00:15:00+00:00,2026-10-01 20:15:00-04:00,2026-10-01,PIT,4.0
207266,d55cb69fed50a09170560b5b75d8de86,2026-09-29 07:36:51 EDT,2026-10-01,CLE,PIT,CLE@PIT,BetMGM,player_reception_yds,Jaylen Warren,Over,22.5,-111,2026-10-02 00:15:00+00:00,2026-10-01 20:15:00-04:00,2026-10-01,PIT,4.0
207267,d55cb69fed50a09170560b5b75d8de86,2026-09-29 07:36:51 EDT,2026-10-01,CLE,PIT,CLE@PIT,BetMGM,player_reception_yds,Jaylen Warren,Under,22.5,-120,2026-10-02 00:15:00+00:00,2026-10-01 20:15:00-04:00,2026-10-01,PIT,4.0
207268,d55cb69fed50a09170560b5b75d8de86,2026-09-29 07:36:51 EDT,2026-10-01,CLE,PIT,CLE@PIT,DraftKings,player_tds_over,Jaylen Warren,Over,1.5,500,2026-10-02 00:15:00+00:00,2026-10-01 20:15:00-04:00,2026-10-01,PIT,4.0
207269,d55cb69fed50a09170560b5b75d8de86,2026-09-29 07:36:51 EDT,2026-10-01,CLE,PIT,CLE@PIT,DraftKings,player_tds_over,Quinshon Judkins,Over,1.5,750,2026-10-02 00:15:00+00:00,2026-10-01 20:15:00-04:00,2026-10-01,CLE,4.0
207270,d55cb69fed50a09170560b5b75d8de86,2026-09-29 07:36:51 EDT,2026-10-01,CLE,PIT,CLE@PIT,DraftKings,player_tds_over,DK Metcalf,Over,1.5,1900,2026-10-02 00:15:00+00:00,2026-10-01 20:15:00-04:00,2026-10-01,PIT,4.0
207271,d55cb69fed50a09170560b5b75d8de86,2026-09-29 07:36:51 EDT,2026-10-01,CLE,PIT,CLE@PIT,DraftKings,player_tds_over,Harold Fannin,Over,1.5,2500,2026-10-02 00:15:00+00:00,2026-10-01 20:15:00-04:00,2026-10-01,CLE,4.0
207272,d55cb69fed50a09170560b5b75d8de86,2026-09-29 07:36:51 EDT,2026-10-01,CLE,PIT,CLE@PIT,DraftKings,player_tds_over,KC Concepcion,Over,1.5,3000,2026-10-02 00:15:00+00:00,2026-10-01 20:15:00-04:00,2026-10-01,CLE,4.0
207273,d55cb69fed50a09170560b5b75d8de86,2026-09-29 07:36:51 EDT,2026-10-01,CLE,PIT,CLE@PIT,DraftKings,player_tds_over,Denzel Boston,Over,1.5,3500,2026-10-02 00:15:00+00:00,2026-10-01 20:15:00-04:00,2026-10-01,CLE,4.0
207274,d55cb69fed50a09170560b5b75d8de86,2026-09-29 07:36:51 EDT,2026-10-01,CLE,PIT,CLE@PIT,DraftKings,player_tds_over,Pat Freiermuth,Over,1.5,3500,2026-10-02 00:15:00+00:00,2026-10-01 20:15:00-04:00,2026-10-01,PIT,4.0
207275,d55cb69fed50a09170560b5b75d8de86,2026-09-29 07:36:51 EDT,2026-10-01,CLE,PIT,CLE@PIT,DraftKings,player_tds_over,Michael Pittman Jr.,Over,1.5,4000,2026-10-02 00:15:00+00:00,2026-10-01 20:15:00-04:00,2026-10-01,PIT,4.0
207276,d55cb69fed50a09170560b5b75d8de86,2026-09-29 07:36:51 EDT,2026-10-01,CLE,PIT,CLE@PIT,DraftKings,player_tds_over,Deshaun Watson,Over,1.5,4500,2026-10-02 00:15:00+00:00,2026-10-01 20:15:00-04:00,2026-10-01,CLE,4.0
207277,d55cb69fed50a09170560b5b75d8de86,2026-09-29 07:36:51 EDT,2026-10-01,CLE,PIT,CLE@PIT,DraftKings,player_tds_over,Roman Wilson,Over,1.5,4500,2026-10-02 00:15:00+00:00,2026-10-01 20:15:00-04:00,2026-10-01,PIT,4.0
207280,d55cb69fed50a09170560b5b75d8de86,2026-09-29 07:36:51 EDT,2026-10-01,CLE,PIT,CLE@PIT,DraftKings,player_tds_over,Raheim Sanders,Over,1.5,7500,2026-10-02 00:15:00+00:00,2026-10-01 20:15:00-04:00,2026-10-01,CLE,4.0
207281,d55cb69fed50a09170560b5b75d8de86,2026-09-29 07:36:51 EDT,2026-10-01,CLE,PIT,CLE@PIT,DraftKings,player_tds_over,Darnell Washington,Over,1.5,8000,2026-10-02 00:15:00+00:00,2026-10-01 20:15:00-04:00,2026-10-01,PIT,4.0
207282,d55cb69fed50a09170560b5b75d8de86,2026-09-29 07:36:51 EDT,2026-10-01,CLE,PIT,CLE@PIT,DraftKings,player_tds_over,Germie Bernard,Over,1.5,12000,2026-10-02 00:15:00+00:00,2026-10-01 20:15:00-04:00,2026-10-01,PIT,4.0
207283,d55cb69fed50a09170560b5b75d8de86,2026-09-29 07:36:51 EDT,2026-10-01,CLE,PIT,CLE@PIT,DraftKings,player_tds_over,Blake Whiteheart,Over,1.5,13000,2026-10-02 00:15:00+00:00,2026-10-01 20:15:00-04:00,2026-10-01,CLE,4.0
207284,d55cb69fed50a09170560b5b75d8de86,2026-09-29 07:36:51 EDT,2026-10-01,CLE,PIT,CLE@PIT,DraftKings,player_tds_over,Jerry Jeudy,Over,1.5,14000,2026-10-02 00:15:00+00:00,2026-10-01 20:15:00-04:00,2026-10-01,CLE,4.0
207285,d55cb69fed50a09170560b5b75d8de86,2026-09-29 07:36:51 EDT,2026-10-01,CLE,PIT,CLE@PIT,DraftKings,player_tds_over,Tylan Wallace,Over,1.5,18000,2026-10-02 00:15:00+00:00,2026-10-01 20:15:00-04:00,2026-10-01,CLE,4.0
207286,d55cb69fed50a09170560b5b75d8de86,2026-09-29 07:36:51 EDT,2026-10-01,CLE,PIT,CLE@PIT,DraftKings,player_tds_over,Jaleel McLaughlin,Over,1.5,18000,2026-10-02 00:15:00+00:00,2026-10-01 20:15:00-04:00,2026-10-01,CLE,4.0
207287,d55cb69fed50a09170560b5b75d8de86,2026-09-29 07:36:51 EDT,2026-10-01,CLE,PIT,CLE@PIT,DraftKings,player_tds_over,Aaron Rodgers,Over,1.5,18000,2026-10-02 00:15:00+00:00,2026-10-01 20:15:00-04:00,2026-10-01,PIT,4.0
207288,d55cb69fed50a09170560b5b75d8de86,2026-09-29 07:36:51 EDT,2026-10-01,CLE,PIT,CLE@PIT,DraftKings,player_tds_over,Travis Homer,Over,1.5,18000,2026-10-02 00:15:00+00:00,2026-10-01 20:15:00-04:00,2026-10-01,PIT,4.0
207289,d55cb69fed50a09170560b5b75d8de86,2026-09-29 07:36:51 EDT,2026-10-01,CLE,PIT,CLE@PIT,DraftKings,player_tds_over,Kaden Wetjen,Over,1.5,19000,2026-10-02 00:15:00+00:00,2026-10-01 20:15:00-04:00,2026-10-01,PIT,4.0
207290,d55cb69fed50a09170560b5b75d8de86,2026-09-29 07:36:51 EDT,2026-10-01,CLE,PIT,CLE@PIT,DraftKings,player_tds_over,Ben Skowronek,Over,1.5,19000,2026-10-02 00:15:00+00:00,2026-10-01 20:15:00-04:00,2026-10-01,PIT,4.0
207291,d55cb69fed50a09170560b5b75d8de86,2026-09-29 07:36:51 EDT,2026-10-01,CLE,PIT,CLE@PIT,DraftKings,player_tds_over,Isaiah Bond,Over,1.5,20000,2026-10-02 00:15:00+00:00,2026-10-01 20:15:00-04:00,2026-10-01,CLE,4.0
207292,d55cb69fed50a09170560b5b75d8de86,2026-09-29 07:36:51 EDT,2026-10-01,CLE,PIT,CLE@PIT,DraftKings,player_tds_over,Robert Tonyan,Over,1.5,20000,2026-10-02 00:15:00+00:00,2026-10-01 20:15:00-04:00,2026-10-01,PIT,4.0
207293,d55cb69fed50a09170560b5b75d8de86,2026-09-29 07:36:51 EDT,2026-10-01,CLE,PIT,CLE@PIT,DraftKings,player_tds_over,Riley Nowakowski,Over,1.5,20000,2026-10-02 00:15:00+00:00,2026-10-01 20:15:00-04:00,2026-10-01,PIT,4.0
207294,d55cb69fed50a09170560b5b75d8de86,2026-09-29 07:36:51 EDT,2026-10-01,CLE,PIT,CLE@PIT,DraftKings,player_tds_over,Michael Burton,Over,1.5,25000,2026-10-02 00:15:00+00:00,2026-10-01 20:15:00-04:00,2026-10-01,CLE,4.0
207295,d55cb69fed50a09170560b5b75d8de86,2026-09-29 07:36:51 EDT,2026-10-01,CLE,PIT,CLE@PIT,DraftKings,player_tds_over,Malachi Corley,Over,1.5,25000,2026-10-02 00:15:00+00:00,2026-10-01 20:15:00-04:00,2026-10-01,CLE,4.0
207296,d55cb69fed50a09170560b5b75d8de86,2026-09-29 07:36:51 EDT,2026-10-01,CLE,PIT,CLE@PIT,DraftKings,player_tds_over,Carsen Ryan,Over,1.5,25000,2026-10-02 00:15:00+00:00,2026-10-01 20:15:00-04:00,2026-10-01,CLE,4.0
207297,d55cb69fed50a09170560b5b75d8de86,2026-09-29 07:36:51 EDT,2026-10-01,CLE,PIT,CLE@PIT,DraftKings,player_tds_over,Jaylen Warren,Over,2.5,2200,2026-10-02 00:15:00+00:00,2026-10-01 20:15:00-04:00,2026-10-01,PIT,4.0
207298,d55cb69fed50a09170560b5b75d8de86,2026-09-29 07:36:51 EDT,2026-10-01,CLE,PIT,CLE@PIT,DraftKings,player_tds_over,Quinshon Judkins,Over,2.5,3500,2026-10-02 00:15:00+00:00,2026-10-01 20:15:00-04:00,2026-10-01,CLE,4.0
207299,d55cb69fed50a09170560b5b75d8de86,2026-09-29 07:36:51 EDT,2026-10-01,CLE,PIT,CLE@PIT,DraftKings,player_tds_over,DK Metcalf,Over,2.5,9000,2026-10-02 00:15:00+00:00,2026-10-01 20:15:00-04:00,2026-10-01,PIT,4.0
207300,d55cb69fed50a09170560b5b75d8de86,2026-09-29 07:36:51 EDT,2026-10-01,CLE,PIT,CLE@PIT,DraftKings,player_tds_over,KC Concepcion,Over,2.5,15000,2026-10-02 00:15:00+00:00,2026-10-01 20:15:00-04:00,2026-10-01,CLE,4.0
207301,d55cb69fed50a09170560b5b75d8de86,2026-09-29 07:36:51 EDT,2026-10-01,CLE,PIT,CLE@PIT,DraftKings,player_tds_over,Denzel Boston,Over,2.5,15000,2026-10-02 00:15:00+00:00,2026-10-01 20:15:00-04:00,2026-10-01,CLE,4.0
207303,d55cb69fed50a09170560b5b75d8de86,2026-09-29 07:36:51 EDT,2026-10-01,CLE,PIT,CLE@PIT,DraftKings,player_tds_over,Harold Fannin,Over,2.5,16000,2026-10-02 00:15:00+00:00,2026-10-01 20:15:00-04:00,2026-10-01,CLE,4.0
207304,d55cb69fed50a09170560b5b75d8de86,2026-09-29 07:36:51 EDT,2026-10-01,CLE,PIT,CLE@PIT,DraftKings,player_tds_over,Pat Freiermuth,Over,2.5,16000,2026-10-02 00:15:00+00:00,2026-10-01 20:15:00-04:00,2026-10-01,PIT,4.0
207306,d55cb69fed50a09170560b5b75d8de86,2026-09-29 07:36:51 EDT,2026-10-01,CLE,PIT,CLE@PIT,DraftKings,player_tds_over,Roman Wilson,Over,2.5,18000,2026-10-02 00:15:00+00:00,2026-10-01 20:15:00-04:00,2026-10-01,PIT,4.0
207307,d55cb69fed50a09170560b5b75d8de86,2026-09-29 07:36:51 EDT,2026-10-01,CLE,PIT,CLE@PIT,DraftKings,player_tds_over,Deshaun Watson,Over,2.5,19000,2026-10-02 00:15:00+00:00,2026-10-01 20:15:00-04:00,2026-10-01,CLE,4.0
207308,d55cb69fed50a09170560b5b75d8de86,2026-09-29 07:36:51 EDT,2026-10-01,CLE,PIT,CLE@PIT,DraftKings,player_tds_over,Michael Pittman Jr.,Over,2.5,19000,2026-10-02 00:15:00+00:00,2026-10-01 20:15:00-04:00,2026-10-01,PIT,4.0
207309,d55cb69fed50a09170560b5b75d8de86,2026-09-29 07:36:51 EDT,2026-10-01,CLE,PIT,CLE@PIT,DraftKings,player_tds_over,Raheim Sanders,Over,2.5,20000,2026-10-02 00:15:00+00:00,2026-10-01 20:15:00-04:00,2026-10-01,CLE,4.0
207310,d55cb69fed50a09170560b5b75d8de86,2026-09-29 07:36:51 EDT,2026-10-01,CLE,PIT,CLE@PIT,DraftKings,player_tds_over,Blake Whiteheart,Over,2.5,20000,2026-10-02 00:15:00+00:00,2026-10-01 20:15:00-04:00,2026-10-01,CLE,4.0
207311,d55cb69fed50a09170560b5b75d8de86,2026-09-29 07:36:51 EDT,2026-10-01,CLE,PIT,CLE@PIT,DraftKings,player_tds_over,Jerry Jeudy,Over,2.5,25000,2026-10-02 00:15:00+00:00,2026-10-01 20:15:00-04:00,2026-10-01,CLE,4.0
207312,d55cb69fed50a09170560b5b75d8de86,2026-09-29 07:36:51 EDT,2026-10-01,CLE,PIT,CLE@PIT,DraftKings,player_tds_over,Robert Tonyan,Over,2.5,25000,2026-10-02 00:15:00+00:00,2026-10-01 20:15:00-04:00,2026-10-01,PIT,4.0
207313,d55cb69fed50a09170560b5b75d8de86,2026-09-29 07:36:51 EDT,2026-10-01,CLE,PIT,CLE@PIT,DraftKings,player_tds_over,Travis Homer,Over,2.5,25000,2026-10-02 00:15:00+00:00,2026-10-01 20:15:00-04:00,2026-10-01,PIT,4.0
207314,d55cb69fed50a09170560b5b75d8de86,2026-09-29 07:36:51 EDT,2026-10-01,CLE,PIT,CLE@PIT,DraftKings,player_tds_over,Darnell Washington,Over,2.5,25000,2026-10-02 00:15:00+00:00,2026-10-01 20:15:00-04:00,2026-10-01,PIT,4.0
207315,d55cb69fed50a09170560b5b75d8de86,2026-09-29 07:36:51 EDT,2026-10-01,CLE,PIT,CLE@PIT,DraftKings,player_tds_over,Germie Bernard,Over,2.5,25000,2026-10-02 00:15:00+00:00,2026-10-01 20:15:00-04:00,2026-10-01,PIT,4.0
207316,d55cb69fed50a09170560b5b75d8de86,2026-09-29 07:36:51 EDT,2026-10-01,CLE,PIT,CLE@PIT,Caesars,player_tds_over,Jaylen Warren,Over,1.5,525,2026-10-02 00:15:00+00:00,2026-10-01 20:15:00-04:00,2026-10-01,PIT,4.0
207317,d55cb69fed50a09170560b5b75d8de86,2026-09-29 07:36:51 EDT,2026-10-01,CLE,PIT,CLE@PIT,Caesars,player_tds_over,Quinshon Judkins,Over,1.5,650,2026-10-02 00:15:00+00:00,2026-10-01 20:15:00-04:00,2026-10-01,CLE,4.0
207318,d55cb69fed50a09170560b5b75d8de86,2026-09-29 07:36:51 EDT,2026-10-01,CLE,PIT,CLE@PIT,Caesars,player_tds_over,DK Metcalf,Over,1.5,1750,2026-10-02 00:15:00+00:00,2026-10-01 20:15:00-04:00,2026-10-01,PIT,4.0
207319,d55cb69fed50a09170560b5b75d8de86,2026-09-29 07:36:51 EDT,2026-10-01,CLE,PIT,CLE@PIT,Caesars,player_tds_over,Harold Fannin,Over,1.5,2200,2026-10-02 00:15:00+00:00,2026-10-01 20:15:00-04:00,2026-10-01,CLE,4.0
207320,d55cb69fed50a09170560b5b75d8de86,2026-09-29 07:36:51 EDT,2026-10-01,CLE,PIT,CLE@PIT,Caesars,player_tds_over,Denzel Boston,Over,1.5,2700,2026-10-02 00:15:00+00:00,2026-10-01 20:15:00-04:00,2026-10-01,CLE,4.0
207321,d55cb69fed50a09170560b5b75d8de86,2026-09-29 07:36:51 EDT,2026-10-01,CLE,PIT,CLE@PIT,Caesars,player_tds_over,KC Concepcion,Over,1.5,2700,2026-10-02 00:15:00+00:00,2026-10-01 20:15:00-04:00,2026-10-01,CLE,4.0
207322,d55cb69fed50a09170560b5b75d8de86,2026-09-29 07:36:51 EDT,2026-10-01,CLE,PIT,CLE@PIT,Caesars,player_tds_over,Michael Pittman Jr.,Over,1.5,3000,2026-10-02 00:15:00+00:00,2026-10-01 20:15:00-04:00,2026-10-01,PIT,4.0
207323,d55cb69fed50a09170560b5b75d8de86,2026-09-29 07:36:51 EDT,2026-10-01,CLE,PIT,CLE@PIT,Caesars,player_tds_over,Pat Freiermuth,Over,1.5,3300,2026-10-02 00:15:00+00:00,2026-10-01 20:15:00-04:00,2026-10-01,PIT,4.0
207324,d55cb69fed50a09170560b5b75d8de86,2026-09-29 07:36:51 EDT,2026-10-01,CLE,PIT,CLE@PIT,Caesars,player_tds_over,Deshaun Watson,Over,1.5,4000,2026-10-02 00:15:00+00:00,2026-10-01 20:15:00-04:00,2026-10-01,CLE,4.0
207325,d55cb69fed50a09170560b5b75d8de86,2026-09-29 07:36:51 EDT,2026-10-01,CLE,PIT,CLE@PIT,Caesars,player_tds_over,Roman Wilson,Over,1.5,4500,2026-10-02 00:15:00+00:00,2026-10-01 20:15:00-04:00,2026-10-01,PIT,4.0
207326,d55cb69fed50a09170560b5b75d8de86,2026-09-29 07:36:51 EDT,2026-10-01,CLE,PIT,CLE@PIT,Caesars,player_tds_over,Raheim Sanders,Over,1.5,6600,2026-10-02 00:15:00+00:00,2026-10-01 20:15:00-04:00,2026-10-01,CLE,4.0
207327,d55cb69fed50a09170560b5b75d8de86,2026-09-29 07:36:51 EDT,2026-10-01,CLE,PIT,CLE@PIT,Caesars,player_tds_over,Darnell Washington,Over,1.5,6600,2026-10-02 00:15:00+00:00,2026-10-01 20:15:00-04:00,2026-10-01,PIT,4.0
207328,d55cb69fed50a09170560b5b75d8de86,2026-09-29 07:36:51 EDT,2026-10-01,CLE,PIT,CLE@PIT,Caesars,player_tds_over,Jerry Jeudy,Over,1.5,15000,2026-10-02 00:15:00+00:00,2026-10-01 20:15:00-04:00,2026-10-01,CLE,4.0
207329,d55cb69fed50a09170560b5b75d8de86,2026-09-29 07:36:51 EDT,2026-10-01,CLE,PIT,CLE@PIT,Caesars,player_tds_over,Blake Whiteheart,Over,1.5,17500,2026-10-02 00:15:00+00:00,2026-10-01 20:15:00-04:00,2026-10-01,CLE,4.0
207330,d55cb69fed50a09170560b5b75d8de86,2026-09-29 07:36:51 EDT,2026-10-01,CLE,PIT,CLE@PIT,Caesars,player_tds_over,Germie Bernard,Over,1.5,17500,2026-10-02 00:15:00+00:00,2026-10-01 20:15:00-04:00,2026-10-01,PIT,4.0
207331,d55cb69fed50a09170560b5b75d8de86,2026-09-29 07:36:51 EDT,2026-10-01,CLE,PIT,CLE@PIT,Caesars,player_tds_over,Aaron Rodgers,Over,1.5,22500,2026-10-02 00:15:00+00:00,2026-10-01 20:15:00-04:00,2026-10-01,PIT,4.0
207332,d55cb69fed50a09170560b5b75d8de86,2026-09-29 07:36:51 EDT,2026-10-01,CLE,PIT,CLE@PIT,Caesars,player_tds_over,Travis Homer,Over,1.5,22500,2026-10-02 00:15:00+00:00,2026-10-01 20:15:00-04:00,2026-10-01,PIT,4.0
207333,d55cb69fed50a09170560b5b75d8de86,2026-09-29 07:36:51 EDT,2026-10-01,CLE,PIT,CLE@PIT,Caesars,player_tds_over,Jaylen Warren,Over,2.5,2600,2026-10-02 00:15:00+00:00,2026-10-01 20:15:00-04:00,2026-10-01,PIT,4.0
207334,d55cb69fed50a09170560b5b75d8de86,2026-09-29 07:36:51 EDT,2026-10-01,CLE,PIT,CLE@PIT,Caesars,player_tds_over,DK Metcalf,Over,2.5,20000,2026-10-02 00:15:00+00:00,2026-10-01 20:15:00-04:00,2026-10-01,PIT,4.0
207335,d55cb69fed50a09170560b5b75d8de86,2026-09-29 07:36:51 EDT,2026-10-01,CLE,PIT,CLE@PIT,Caesars,player_tds_over,Quinshon Judkins,Over,2.5,4000,2026-10-02 00:15:00+00:00,2026-10-01 20:15:00-04:00,2026-10-01,CLE,4.0
207336,d55cb69fed50a09170560b5b75d8de86,2026-09-29 07:36:51 EDT,2026-10-01,CLE,PIT,CLE@PIT,Caesars,player_tds_over,Jaylen Warren,Over,3.5,17500,2026-10-02 00:15:00+00:00,2026-10-01 20:15:00-04:00,2026-10-01,PIT,4.0
207337,d55cb69fed50a09170560b5b75d8de86,2026-09-29 07:36:51 EDT,2026-10-01,CLE,PIT,CLE@PIT,FanDuel,player_tds_over,Jaylen Warren,Over,1.5,650,2026-10-02 00:15:00+00:00,2026-10-01 20:15:00-04:00,2026-10-01,PIT,4.0
207338,d55cb69fed50a09170560b5b75d8de86,2026-09-29 07:36:51 EDT,2026-10-01,CLE,PIT,CLE@PIT,FanDuel,player_tds_over,Quinshon Judkins,Over,1.5,800,2026-10-02 00:15:00+00:00,2026-10-01 20:15:00-04:00,2026-10-01,CLE,4.0
207339,d55cb69fed50a09170560b5b75d8de86,2026-09-29 07:36:51 EDT,2026-10-01,CLE,PIT,CLE@PIT,FanDuel,player_tds_over,DK Metcalf,Over,1.5,2200,2026-10-02 00:15:00+00:00,2026-10-01 20:15:00-04:00,2026-10-01,PIT,4.0
207340,d55cb69fed50a09170560b5b75d8de86,2026-09-29 07:36:51 EDT,2026-10-01,CLE,PIT,CLE@PIT,FanDuel,player_tds_over,Harold Fannin,Over,1.5,3000,2026-10-02 00:15:00+00:00,2026-10-01 20:15:00-04:00,2026-10-01,CLE,4.0
207341,d55cb69fed50a09170560b5b75d8de86,2026-09-29 07:36:51 EDT,2026-10-01,CLE,PIT,CLE@PIT,FanDuel,player_tds_over,Denzel Boston,Over,1.5,3300,2026-10-02 00:15:00+00:00,2026-10-01 20:15:00-04:00,2026-10-01,CLE,4.0
207342,d55cb69fed50a09170560b5b75d8de86,2026-09-29 07:36:51 EDT,2026-10-01,CLE,PIT,CLE@PIT,FanDuel,player_tds_over,KC Concepcion,Over,1.5,3500,2026-10-02 00:15:00+00:00,2026-10-01 20:15:00-04:00,2026-10-01,CLE,4.0
207343,d55cb69fed50a09170560b5b75d8de86,2026-09-29 07:36:51 EDT,2026-10-01,CLE,PIT,CLE@PIT,FanDuel,player_tds_over,Michael Pittman Jr.,Over,1.5,4000,2026-10-02 00:15:00+00:00,2026-10-01 20:15:00-04:00,2026-10-01,PIT,4.0
207344,d55cb69fed50a09170560b5b75d8de86,2026-09-29 07:36:51 EDT,2026-10-01,CLE,PIT,CLE@PIT,FanDuel,player_tds_over,Pat Freiermuth,Over,1.5,4000,2026-10-02 00:15:00+00:00,2026-10-01 20:15:00-04:00,2026-10-01,PIT,4.0
207345,d55cb69fed50a09170560b5b75d8de86,2026-09-29 07:36:51 EDT,2026-10-01,CLE,PIT,CLE@PIT,FanDuel,player_tds_over,Deshaun Watson,Over,1.5,5000,2026-10-02 00:15:00+00:00,2026-10-01 20:15:00-04:00,2026-10-01,CLE,4.0
207346,d55cb69fed50a09170560b5b75d8de86,2026-09-29 07:36:51 EDT,2026-10-01,CLE,PIT,CLE@PIT,FanDuel,player_tds_over,Roman Wilson,Over,1.5,5500,2026-10-02 00:15:00+00:00,2026-10-01 20:15:00-04:00,2026-10-01,PIT,4.0
207347,d55cb69fed50a09170560b5b75d8de86,2026-09-29 07:36:51 EDT,2026-10-01,CLE,PIT,CLE@PIT,FanDuel,player_tds_over,Darnell Washington,Over,1.5,8000,2026-10-02 00:15:00+00:00,2026-10-01 20:15:00-04:00,2026-10-01,PIT,4.0
207350,d55cb69fed50a09170560b5b75d8de86,2026-09-29 07:36:51 EDT,2026-10-01,CLE,PIT,CLE@PIT,FanDuel,player_tds_over,Raheim Sanders,Over,1.5,10000,2026-10-02 00:15:00+00:00,2026-10-01 20:15:00-04:00,2026-10-01,CLE,4.0
207351,d55cb69fed50a09170560b5b75d8de86,2026-09-29 07:36:51 EDT,2026-10-01,CLE,PIT,CLE@PIT,FanDuel,player_tds_over,Jerry Jeudy,Over,1.5,17500,2026-10-02 00:15:00+00:00,2026-10-01 20:15:00-04:00,2026-10-01,CLE,4.0
207352,d55cb69fed50a09170560b5b75d8de86,2026-09-29 07:36:51 EDT,2026-10-01,CLE,PIT,CLE@PIT,FanDuel,player_tds_over,Jaylen Warren,Over,2.5,3500,2026-10-02 00:15:00+00:00,2026-10-01 20:15:00-04:00,2026-10-01,PIT,4.0
207353,d55cb69fed50a09170560b5b75d8de86,2026-09-29 07:36:51 EDT,2026-10-01,CLE,PIT,CLE@PIT,FanDuel,player_tds_over,Quinshon Judkins,Over,2.5,5000,2026-10-02 00:15:00+00:00,2026-10-01 20:15:00-04:00,2026-10-01,CLE,4.0
207354,d55cb69fed50a09170560b5b75d8de86,2026-09-29 07:36:51 EDT,2026-10-01,CLE,PIT,CLE@PIT,FanDuel,player_tds_over,DK Metcalf,Over,2.5,12500,2026-10-02 00:15:00+00:00,2026-10-01 20:15:00-04:00,2026-10-01,PIT,4.0
207355,d55cb69fed50a09170560b5b75d8de86,2026-09-29 07:36:51 EDT,2026-10-01,CLE,PIT,CLE@PIT,BetOnline.ag,player_tds_over,Darnell Washington,Over,2.5,20000,2026-10-02 00:15:00+00:00,2026-10-01 20:15:00-04:00,2026-10-01,PIT,4.0
207356,d55cb69fed50a09170560b5b75d8de86,2026-09-29 07:36:51 EDT,2026-10-01,CLE,PIT,CLE@PIT,BetOnline.ag,player_tds_over,Darnell Washington,Over,0.5,550,2026-10-02 00:15:00+00:00,2026-10-01 20:15:00-04:00,2026-10-01,PIT,4.0
207357,d55cb69fed50a09170560b5b75d8de86,2026-09-29 07:36:51 EDT,2026-10-01,CLE,PIT,CLE@PIT,BetOnline.ag,player_tds_over,Darnell Washington,Over,1.5,4400,2026-10-02 00:15:00+00:00,2026-10-01 20:15:00-04:00,2026-10-01,PIT,4.0
207358,d55cb69fed50a09170560b5b75d8de86,2026-09-29 07:36:51 EDT,2026-10-01,CLE,PIT,CLE@PIT,BetOnline.ag,player_tds_over,Jerry Jeudy,Over,2.5,20000,2026-10-02 00:15:00+00:00,2026-10-01 20:15:00-04:00,2026-10-01,CLE,4.0
207359,d55cb69fed50a09170560b5b75d8de86,2026-09-29 07:36:51 EDT,2026-10-01,CLE,PIT,CLE@PIT,BetOnline.ag,player_tds_over,Jerry Jeudy,Over,1.5,4900,2026-10-02 00:15:00+00:00,2026-10-01 20:15:00-04:00,2026-10-01,CLE,4.0
207360,d55cb69fed50a09170560b5b75d8de86,2026-09-29 07:36:51 EDT,2026-10-01,CLE,PIT,CLE@PIT,BetOnline.ag,player_tds_over,Jerry Jeudy,Over,0.5,600,2026-10-02 00:15:00+00:00,2026-10-01 20:15:00-04:00,2026-10-01,CLE,4.0
207361,d55cb69fed50a09170560b5b75d8de86,2026-09-29 07:36:51 EDT,2026-10-01,CLE,PIT,CLE@PIT,BetOnline.ag,player_tds_over,Roman Wilson,Over,1.5,3400,2026-10-02 00:15:00+00:00,2026-10-01 20:15:00-04:00,2026-10-01,PIT,4.0
207362,d55cb69fed50a09170560b5b75d8de86,2026-09-29 07:36:51 EDT,2026-10-01,CLE,PIT,CLE@PIT,BetOnline.ag,player_tds_over,Roman Wilson,Over,0.5,400,2026-10-02 00:15:00+00:00,2026-10-01 20:15:00-04:00,2026-10-01,PIT,4.0
207363,d55cb69fed50a09170560b5b75d8de86,2026-09-29 07:36:51 EDT,2026-10-01,CLE,PIT,CLE@PIT,BetOnline.ag,player_tds_over,Roman Wilson,Over,2.5,15000,2026-10-02 00:15:00+00:00,2026-10-01 20:15:00-04:00,2026-10-01,PIT,4.0
207364,d55cb69fed50a09170560b5b75d8de86,2026-09-29 07:36:51 EDT,2026-10-01,CLE,PIT,CLE@PIT,BetOnline.ag,player_tds_over,Ben Skowronek,Over,1.5,10000,2026-10-02 00:15:00+00:00,2026-10-01 20:15:00-04:00,2026-10-01,PIT,4.0
207365,d55cb69fed50a09170560b5b75d8de86,2026-09-29 07:36:51 EDT,2026-10-01,CLE,PIT,CLE@PIT,BetOnline.ag,player_tds_over,Ben Skowronek,Over,2.5,30000,2026-10-02 00:15:00+00:00,2026-10-01 20:15:00-04:00,2026-10-01,PIT,4.0
207366,d55cb69fed50a09170560b5b75d8de86,2026-09-29 07:36:51 EDT,2026-10-01,CLE,PIT,CLE@PIT,BetOnline.ag,player_tds_over,Ben Skowronek,Over,0.5,1400,2026-10-02 00:15:00+00:00,2026-10-01 20:15:00-04:00,2026-10-01,PIT,4.0
207367,d55cb69fed50a09170560b5b75d8de86,2026-09-29 07:36:51 EDT,2026-10-01,CLE,PIT,CLE@PIT,BetOnline.ag,player_tds_over,Pat Freiermuth,Over,0.5,325,2026-10-02 00:15:00+00:00,2026-10-01 20:15:00-04:00,2026-10-01,PIT,4.0
207368,d55cb69fed50a09170560b5b75d8de86,2026-09-29 07:36:51 EDT,2026-10-01,CLE,PIT,CLE@PIT,BetOnline.ag,player_tds_over,Pat Freiermuth,Over,2.5,12000,2026-10-02 00:15:00+00:00,2026-10-01 20:15:00-04:00,2026-10-01,PIT,4.0
207369,d55cb69fed50a09170560b5b75d8de86,2026-09-29 07:36:51 EDT,2026-10-01,CLE,PIT,CLE@PIT,BetOnline.ag,player_tds_over,Pat Freiermuth,Over,1.5,2600,2026-10-02 00:15:00+00:00,2026-10-01 20:15:00-04:00,2026-10-01,PIT,4.0
207370,d55cb69fed50a09170560b5b75d8de86,2026-09-29 07:36:51 EDT,2026-10-01,CLE,PIT,CLE@PIT,BetOnline.ag,player_tds_over,Blake Whiteheart,Over,1.5,7900,2026-10-02 00:15:00+00:00,2026-10-01 20:15:00-04:00,2026-10-01,CLE,4.0
207371,d55cb69fed50a09170560b5b75d8de86,2026-09-29 07:36:51 EDT,2026-10-01,CLE,PIT,CLE@PIT,BetOnline.ag,player_tds_over,Blake Whiteheart,Over,2.5,20000,2026-10-02 00:15:00+00:00,2026-10-01 20:15:00-04:00,2026-10-01,CLE,4.0
207372,d55cb69fed50a09170560b5b75d8de86,2026-09-29 07:36:51 EDT,2026-10-01,CLE,PIT,CLE@PIT,BetOnline.ag,player_tds_over,Blake Whiteheart,Over,0.5,900,2026-10-02 00:15:00+00:00,2026-10-01 20:15:00-04:00,2026-10-01,CLE,4.0
207373,d55cb69fed50a09170560b5b75d8de86,2026-09-29 07:36:51 EDT,2026-10-01,CLE,PIT,CLE@PIT,BetOnline.ag,player_tds_over,Deshaun Watson,Over,0.5,400,2026-10-02 00:15:00+00:00,2026-10-01 20:15:00-04:00,2026-10-01,CLE,4.0
207374,d55cb69fed50a09170560b5b75d8de86,2026-09-29 07:36:51 EDT,2026-10-01,CLE,PIT,CLE@PIT,BetOnline.ag,player_tds_over,Deshaun Watson,Over,1.5,3400,2026-10-02 00:15:00+00:00,2026-10-01 20:15:00-04:00,2026-10-01,CLE,4.0
207375,d55cb69fed50a09170560b5b75d8de86,2026-09-29 07:36:51 EDT,2026-10-01,CLE,PIT,CLE@PIT,BetOnline.ag,player_tds_over,Deshaun Watson,Over,2.5,15000,2026-10-02 00:15:00+00:00,2026-10-01 20:15:00-04:00,2026-10-01,CLE,4.0
207376,d55cb69fed50a09170560b5b75d8de86,2026-09-29 07:36:51 EDT,2026-10-01,CLE,PIT,CLE@PIT,BetOnline.ag,player_tds_over,DK Metcalf,Over,1.5,1000,2026-10-02 00:15:00+00:00,2026-10-01 20:15:00-04:00,2026-10-01,PIT,4.0
207377,d55cb69fed50a09170560b5b75d8de86,2026-09-29 07:36:51 EDT,2026-10-01,CLE,PIT,CLE@PIT,BetOnline.ag,player_tds_over,DK Metcalf,Over,2.5,7400,2026-10-02 00:15:00+00:00,2026-10-01 20:15:00-04:00,2026-10-01,PIT,4.0
207378,d55cb69fed50a09170560b5b75d8de86,2026-09-29 07:36:51 EDT,2026-10-01,CLE,PIT,CLE@PIT,BetOnline.ag,player_tds_over,DK Metcalf,Over,0.5,180,2026-10-02 00:15:00+00:00,2026-10-01 20:15:00-04:00,2026-10-01,PIT,4.0
207379,d55cb69fed50a09170560b5b75d8de86,2026-09-29 07:36:51 EDT,2026-10-01,CLE,PIT,CLE@PIT,BetOnline.ag,player_tds_over,Jaylen Warren,Over,1.5,450,2026-10-02 00:15:00+00:00,2026-10-01 20:15:00-04:00,2026-10-01,PIT,4.0
207380,d55cb69fed50a09170560b5b75d8de86,2026-09-29 07:36:51 EDT,2026-10-01,CLE,PIT,CLE@PIT,BetOnline.ag,player_tds_over,Jaylen Warren,Over,0.5,-111,2026-10-02 00:15:00+00:00,2026-10-01 20:15:00-04:00,2026-10-01,PIT,4.0
207381,d55cb69fed50a09170560b5b75d8de86,2026-09-29 07:36:51 EDT,2026-10-01,CLE,PIT,CLE@PIT,BetOnline.ag,player_tds_over,Jaylen Warren,Over,2.5,2400,2026-10-02 00:15:00+00:00,2026-10-01 20:15:00-04:00,2026-10-01,PIT,4.0
207382,d55cb69fed50a09170560b5b75d8de86,2026-09-29 07:36:51 EDT,2026-10-01,CLE,PIT,CLE@PIT,BetOnline.ag,player_tds_over,Harold Fannin,Over,0.5,260,2026-10-02 00:15:00+00:00,2026-10-01 20:15:00-04:00,2026-10-01,CLE,4.0
207383,d55cb69fed50a09170560b5b75d8de86,2026-09-29 07:36:51 EDT,2026-10-01,CLE,PIT,CLE@PIT,BetOnline.ag,player_tds_over,Harold Fannin,Over,2.5,10000,2026-10-02 00:15:00+00:00,2026-10-01 20:15:00-04:00,2026-10-01,CLE,4.0
207384,d55cb69fed50a09170560b5b75d8de86,2026-09-29 07:36:51 EDT,2026-10-01,CLE,PIT,CLE@PIT,BetOnline.ag,player_tds_over,Harold Fannin,Over,1.5,1800,2026-10-02 00:15:00+00:00,2026-10-01 20:15:00-04:00,2026-10-01,CLE,4.0
207385,d55cb69fed50a09170560b5b75d8de86,2026-09-29 07:36:51 EDT,2026-10-01,CLE,PIT,CLE@PIT,BetOnline.ag,player_tds_over,Raheim Sanders,Over,0.5,450,2026-10-02 00:15:00+00:00,2026-10-01 20:15:00-04:00,2026-10-01,CLE,4.0
207386,d55cb69fed50a09170560b5b75d8de86,2026-09-29 07:36:51 EDT,2026-10-01,CLE,PIT,CLE@PIT,BetOnline.ag,player_tds_over,Raheim Sanders,Over,2.5,17500,2026-10-02 00:15:00+00:00,2026-10-01 20:15:00-04:00,2026-10-01,CLE,4.0
207387,d55cb69fed50a09170560b5b75d8de86,2026-09-29 07:36:51 EDT,2026-10-01,CLE,PIT,CLE@PIT,BetOnline.ag,player_tds_over,Raheim Sanders,Over,1.5,3600,2026-10-02 00:15:00+00:00,2026-10-01 20:15:00-04:00,2026-10-01,CLE,4.0
207388,d55cb69fed50a09170560b5b75d8de86,2026-09-29 07:36:51 EDT,2026-10-01,CLE,PIT,CLE@PIT,BetOnline.ag,player_tds_over,Aaron Rodgers,Over,2.5,25000,2026-10-02 00:15:00+00:00,2026-10-01 20:15:00-04:00,2026-10-01,PIT,4.0
207389,d55cb69fed50a09170560b5b75d8de86,2026-09-29 07:36:51 EDT,2026-10-01,CLE,PIT,CLE@PIT,BetOnline.ag,player_tds_over,Aaron Rodgers,Over,0.5,1100,2026-10-02 00:15:00+00:00,2026-10-01 20:15:00-04:00,2026-10-01,PIT,4.0
207390,d55cb69fed50a09170560b5b75d8de86,2026-09-29 07:36:51 EDT,2026-10-01,CLE,PIT,CLE@PIT,BetOnline.ag,player_tds_over,Aaron Rodgers,Over,1.5,8900,2026-10-02 00:15:00+00:00,2026-10-01 20:15:00-04:00,2026-10-01,PIT,4.0
207391,d55cb69fed50a09170560b5b75d8de86,2026-09-29 07:36:51 EDT,2026-10-01,CLE,PIT,CLE@PIT,BetOnline.ag,player_tds_over,Isaiah Bond,Over,0.5,1100,2026-10-02 00:15:00+00:00,2026-10-01 20:15:00-04:00,2026-10-01,CLE,4.0
207392,d55cb69fed50a09170560b5b75d8de86,2026-09-29 07:36:51 EDT,2026-10-01,CLE,PIT,CLE@PIT,BetOnline.ag,player_tds_over,Isaiah Bond,Over,2.5,25000,2026-10-02 00:15:00+00:00,2026-10-01 20:15:00-04:00,2026-10-01,CLE,4.0
207393,d55cb69fed50a09170560b5b75d8de86,2026-09-29 07:36:51 EDT,2026-10-01,CLE,PIT,CLE@PIT,BetOnline.ag,player_tds_over,Isaiah Bond,Over,1.5,8900,2026-10-02 00:15:00+00:00,2026-10-01 20:15:00-04:00,2026-10-01,CLE,4.0
207394,d55cb69fed50a09170560b5b75d8de86,2026-09-29 07:36:51 EDT,2026-10-01,CLE,PIT,CLE@PIT,BetOnline.ag,player_tds_over,Michael Burton,Over,1.5,11000,2026-10-02 00:15:00+00:00,2026-10-01 20:15:00-04:00,2026-10-01,CLE,4.0
207395,d55cb69fed50a09170560b5b75d8de86,2026-09-29 07:36:51 EDT,2026-10-01,CLE,PIT,CLE@PIT,BetOnline.ag,player_tds_over,Michael Burton,Over,2.5,30000,2026-10-02 00:15:00+00:00,2026-10-01 20:15:00-04:00,2026-10-01,CLE,4.0
207396,d55cb69fed50a09170560b5b75d8de86,2026-09-29 07:36:51 EDT,2026-10-01,CLE,PIT,CLE@PIT,BetOnline.ag,player_tds_over,Michael Burton,Over,0.5,1700,2026-10-02 00:15:00+00:00,2026-10-01 20:15:00-04:00,2026-10-01,CLE,4.0
207397,d55cb69fed50a09170560b5b75d8de86,2026-09-29 07:36:51 EDT,2026-10-01,CLE,PIT,CLE@PIT,BetOnline.ag,player_tds_over,Quinshon Judkins,Over,1.5,550,2026-10-02 00:15:00+00:00,2026-10-01 20:15:00-04:00,2026-10-01,CLE,4.0
207398,d55cb69fed50a09170560b5b75d8de86,2026-09-29 07:36:51 EDT,2026-10-01,CLE,PIT,CLE@PIT,BetOnline.ag,player_tds_over,Quinshon Judkins,Over,0.5,110,2026-10-02 00:15:00+00:00,2026-10-01 20:15:00-04:00,2026-10-01,CLE,4.0
207399,d55cb69fed50a09170560b5b75d8de86,2026-09-29 07:36:51 EDT,2026-10-01,CLE,PIT,CLE@PIT,BetOnline.ag,player_tds_over,Quinshon Judkins,Over,2.5,2900,2026-10-02 00:15:00+00:00,2026-10-01 20:15:00-04:00,2026-10-01,CLE,4.0
207400,d55cb69fed50a09170560b5b75d8de86,2026-09-29 07:36:51 EDT,2026-10-01,CLE,PIT,CLE@PIT,BetOnline.ag,player_tds_over,Rico Dowdle,Over,0.5,140,2026-10-02 00:15:00+00:00,2026-10-01 20:15:00-04:00,2026-10-01,PIT,4.0
207401,d55cb69fed50a09170560b5b75d8de86,2026-09-29 07:36:51 EDT,2026-10-01,CLE,PIT,CLE@PIT,BetOnline.ag,player_tds_over,Rico Dowdle,Over,1.5,700,2026-10-02 00:15:00+00:00,2026-10-01 20:15:00-04:00,2026-10-01,PIT,4.0
207402,d55cb69fed50a09170560b5b75d8de86,2026-09-29 07:36:51 EDT,2026-10-01,CLE,PIT,CLE@PIT,BetOnline.ag,player_tds_over,Rico Dowdle,Over,2.5,5400,2026-10-02 00:15:00+00:00,2026-10-01 20:15:00-04:00,2026-10-01,PIT,4.0
207403,d55cb69fed50a09170560b5b75d8de86,2026-09-29 07:36:51 EDT,2026-10-01,CLE,PIT,CLE@PIT,BetOnline.ag,player_tds_over,Malachi Corley,Over,0.5,1100,2026-10-02 00:15:00+00:00,2026-10-01 20:15:00-04:00,2026-10-01,CLE,4.0
207404,d55cb69fed50a09170560b5b75d8de86,2026-09-29 07:36:51 EDT,2026-10-01,CLE,PIT,CLE@PIT,BetOnline.ag,player_tds_over,Malachi Corley,Over,1.5,8900,2026-10-02 00:15:00+00:00,2026-10-01 20:15:00-04:00,2026-10-01,CLE,4.0
207405,d55cb69fed50a09170560b5b75d8de86,2026-09-29 07:36:51 EDT,2026-10-01,CLE,PIT,CLE@PIT,BetOnline.ag,player_tds_over,Malachi Corley,Over,2.5,25000,2026-10-02 00:15:00+00:00,2026-10-01 20:15:00-04:00,2026-10-01,CLE,4.0
207406,d55cb69fed50a09170560b5b75d8de86,2026-09-29 07:36:51 EDT,2026-10-01,CLE,PIT,CLE@PIT,BetOnline.ag,player_tds_over,Tylan Wallace,Over,0.5,1100,2026-10-02 00:15:00+00:00,2026-10-01 20:15:00-04:00,2026-10-01,CLE,4.0
207407,d55cb69fed50a09170560b5b75d8de86,2026-09-29 07:36:51 EDT,2026-10-01,CLE,PIT,CLE@PIT,BetOnline.ag,player_tds_over,Tylan Wallace,Over,2.5,25000,2026-10-02 00:15:00+00:00,2026-10-01 20:15:00-04:00,2026-10-01,CLE,4.0
207408,d55cb69fed50a09170560b5b75d8de86,2026-09-29 07:36:51 EDT,2026-10-01,CLE,PIT,CLE@PIT,BetOnline.ag,player_tds_over,Tylan Wallace,Over,1.5,8900,2026-10-02 00:15:00+00:00,2026-10-01 20:15:00-04:00,2026-10-01,CLE,4.0
207409,d55cb69fed50a09170560b5b75d8de86,2026-09-29 07:36:51 EDT,2026-10-01,CLE,PIT,CLE@PIT,BetOnline.ag,player_tds_over,Michael Pittman Jr.,Over,1.5,2600,2026-10-02 00:15:00+00:00,2026-10-01 20:15:00-04:00,2026-10-01,PIT,4.0
207410,d55cb69fed50a09170560b5b75d8de86,2026-09-29 07:36:51 EDT,2026-10-01,CLE,PIT,CLE@PIT,BetOnline.ag,player_tds_over,Michael Pittman Jr.,Over,0.5,325,2026-10-02 00:15:00+00:00,2026-10-01 20:15:00-04:00,2026-10-01,PIT,4.0
207411,d55cb69fed50a09170560b5b75d8de86,2026-09-29 07:36:51 EDT,2026-10-01,CLE,PIT,CLE@PIT,BetOnline.ag,player_tds_over,Michael Pittman Jr.,Over,2.5,12000,2026-10-02 00:15:00+00:00,2026-10-01 20:15:00-04:00,2026-10-01,PIT,4.0
207412,d55cb69fed50a09170560b5b75d8de86,2026-09-29 07:36:51 EDT,2026-10-01,CLE,PIT,CLE@PIT,BetOnline.ag,player_tds_over,Travis Homer,Over,0.5,800,2026-10-02 00:15:00+00:00,2026-10-01 20:15:00-04:00,2026-10-01,PIT,4.0
207413,d55cb69fed50a09170560b5b75d8de86,2026-09-29 07:36:51 EDT,2026-10-01,CLE,PIT,CLE@PIT,BetOnline.ag,player_tds_over,Travis Homer,Over,2.5,20000,2026-10-02 00:15:00+00:00,2026-10-01 20:15:00-04:00,2026-10-01,PIT,4.0
207414,d55cb69fed50a09170560b5b75d8de86,2026-09-29 07:36:51 EDT,2026-10-01,CLE,PIT,CLE@PIT,BetOnline.ag,player_tds_over,Travis Homer,Over,1.5,6900,2026-10-02 00:15:00+00:00,2026-10-01 20:15:00-04:00,2026-10-01,PIT,4.0
207415,d55cb69fed50a09170560b5b75d8de86,2026-09-29 07:36:51 EDT,2026-10-01,CLE,PIT,CLE@PIT,BetOnline.ag,player_tds_over,Denzel Boston,Over,0.5,280,2026-10-02 00:15:00+00:00,2026-10-01 20:15:00-04:00,2026-10-01,CLE,4.0
207416,d55cb69fed50a09170560b5b75d8de86,2026-09-29 07:36:51 EDT,2026-10-01,CLE,PIT,CLE@PIT,BetOnline.ag,player_tds_over,Denzel Boston,Over,2.5,11000,2026-10-02 00:15:00+00:00,2026-10-01 20:15:00-04:00,2026-10-01,CLE,4.0
207417,d55cb69fed50a09170560b5b75d8de86,2026-09-29 07:36:51 EDT,2026-10-01,CLE,PIT,CLE@PIT,BetOnline.ag,player_tds_over,Denzel Boston,Over,1.5,2100,2026-10-02 00:15:00+00:00,2026-10-01 20:15:00-04:00,2026-10-01,CLE,4.0
207418,d55cb69fed50a09170560b5b75d8de86,2026-09-29 07:36:51 EDT,2026-10-01,CLE,PIT,CLE@PIT,BetOnline.ag,player_tds_over,Carsen Ryan,Over,2.5,30000,2026-10-02 00:15:00+00:00,2026-10-01 20:15:00-04:00,2026-10-01,CLE,4.0
207419,d55cb69fed50a09170560b5b75d8de86,2026-09-29 07:36:51 EDT,2026-10-01,CLE,PIT,CLE@PIT,BetOnline.ag,player_tds_over,Carsen Ryan,Over,1.5,11000,2026-10-02 00:15:00+00:00,2026-10-01 20:15:00-04:00,2026-10-01,CLE,4.0
207420,d55cb69fed50a09170560b5b75d8de86,2026-09-29 07:36:51 EDT,2026-10-01,CLE,PIT,CLE@PIT,BetOnline.ag,player_tds_over,Carsen Ryan,Over,0.5,1700,2026-10-02 00:15:00+00:00,2026-10-01 20:15:00-04:00,2026-10-01,CLE,4.0
207421,d55cb69fed50a09170560b5b75d8de86,2026-09-29 07:36:51 EDT,2026-10-01,CLE,PIT,CLE@PIT,BetOnline.ag,player_tds_over,Kaden Wetjen,Over,1.5,10000,2026-10-02 00:15:00+00:00,2026-10-01 20:15:00-04:00,2026-10-01,PIT,4.0
207422,d55cb69fed50a09170560b5b75d8de86,2026-09-29 07:36:51 EDT,2026-10-01,CLE,PIT,CLE@PIT,BetOnline.ag,player_tds_over,Kaden Wetjen,Over,2.5,30000,2026-10-02 00:15:00+00:00,2026-10-01 20:15:00-04:00,2026-10-01,PIT,4.0
207423,d55cb69fed50a09170560b5b75d8de86,2026-09-29 07:36:51 EDT,2026-10-01,CLE,PIT,CLE@PIT,BetOnline.ag,player_tds_over,Kaden Wetjen,Over,0.5,1400,2026-10-02 00:15:00+00:00,2026-10-01 20:15:00-04:00,2026-10-01,PIT,4.0
207424,d55cb69fed50a09170560b5b75d8de86,2026-09-29 07:36:51 EDT,2026-10-01,CLE,PIT,CLE@PIT,BetOnline.ag,player_tds_over,Germie Bernard,Over,0.5,600,2026-10-02 00:15:00+00:00,2026-10-01 20:15:00-04:00,2026-10-01,PIT,4.0
207425,d55cb69fed50a09170560b5b75d8de86,2026-09-29 07:36:51 EDT,2026-10-01,CLE,PIT,CLE@PIT,BetOnline.ag,player_tds_over,Germie Bernard,Over,1.5,4900,2026-10-02 00:15:00+00:00,2026-10-01 20:15:00-04:00,2026-10-01,PIT,4.0
207426,d55cb69fed50a09170560b5b75d8de86,2026-09-29 07:36:51 EDT,2026-10-01,CLE,PIT,CLE@PIT,BetOnline.ag,player_tds_over,Germie Bernard,Over,2.5,20000,2026-10-02 00:15:00+00:00,2026-10-01 20:15:00-04:00,2026-10-01,PIT,4.0
207427,d55cb69fed50a09170560b5b75d8de86,2026-09-29 07:36:51 EDT,2026-10-01,CLE,PIT,CLE@PIT,BetOnline.ag,player_tds_over,Riley Nowakowski,Over,2.5,30000,2026-10-02 00:15:00+00:00,2026-10-01 20:15:00-04:00,2026-10-01,PIT,4.0
207428,d55cb69fed50a09170560b5b75d8de86,2026-09-29 07:36:51 EDT,2026-10-01,CLE,PIT,CLE@PIT,BetOnline.ag,player_tds_over,Riley Nowakowski,Over,0.5,1900,2026-10-02 00:15:00+00:00,2026-10-01 20:15:00-04:00,2026-10-01,PIT,4.0
207429,d55cb69fed50a09170560b5b75d8de86,2026-09-29 07:36:51 EDT,2026-10-01,CLE,PIT,CLE@PIT,BetOnline.ag,player_tds_over,Riley Nowakowski,Over,1.5,12000,2026-10-02 00:15:00+00:00,2026-10-01 20:15:00-04:00,2026-10-01,PIT,4.0
207430,d55cb69fed50a09170560b5b75d8de86,2026-09-29 07:36:51 EDT,2026-10-01,CLE,PIT,CLE@PIT,BetOnline.ag,player_tds_over,Robert Tonyan,Over,2.5,30000,2026-10-02 00:15:00+00:00,2026-10-01 20:15:00-04:00,2026-10-01,PIT,4.0
207431,d55cb69fed50a09170560b5b75d8de86,2026-09-29 07:36:51 EDT,2026-10-01,CLE,PIT,CLE@PIT,BetOnline.ag,player_tds_over,Robert Tonyan,Over,0.5,1900,2026-10-02 00:15:00+00:00,2026-10-01 20:15:00-04:00,2026-10-01,PIT,4.0
207432,d55cb69fed50a09170560b5b75d8de86,2026-09-29 07:36:51 EDT,2026-10-01,CLE,PIT,CLE@PIT,BetOnline.ag,player_tds_over,Robert Tonyan,Over,1.5,12000,2026-10-02 00:15:00+00:00,2026-10-01 20:15:00-04:00,2026-10-01,PIT,4.0
207433,d55cb69fed50a09170560b5b75d8de86,2026-09-29 07:36:51 EDT,2026-10-01,CLE,PIT,CLE@PIT,BetOnline.ag,player_tds_over,KC Concepcion,Over,0.5,300,2026-10-02 00:15:00+00:00,2026-10-01 20:15:00-04:00,2026-10-01,CLE,4.0
207434,d55cb69fed50a09170560b5b75d8de86,2026-09-29 07:36:51 EDT,2026-10-01,CLE,PIT,CLE@PIT,BetOnline.ag,player_tds_over,KC Concepcion,Over,2.5,12000,2026-10-02 00:15:00+00:00,2026-10-01 20:15:00-04:00,2026-10-01,CLE,4.0
207435,d55cb69fed50a09170560b5b75d8de86,2026-09-29 07:36:51 EDT,2026-10-01,CLE,PIT,CLE@PIT,BetOnline.ag,player_tds_over,KC Concepcion,Over,1.5,2400,2026-10-02 00:15:00+00:00,2026-10-01 20:15:00-04:00,2026-10-01,CLE,4.0
207436,d55cb69fed50a09170560b5b75d8de86,2026-09-29 07:36:51 EDT,2026-10-01,CLE,PIT,CLE@PIT,BetOnline.ag,player_tds_over,Jaleel McLaughlin,Over,1.5,8900,2026-10-02 00:15:00+00:00,2026-10-01 20:15:00-04:00,2026-10-01,CLE,4.0
207437,d55cb69fed50a09170560b5b75d8de86,2026-09-29 07:36:51 EDT,2026-10-01,CLE,PIT,CLE@PIT,BetOnline.ag,player_tds_over,Jaleel McLaughlin,Over,2.5,25000,2026-10-02 00:15:00+00:00,2026-10-01 20:15:00-04:00,2026-10-01,CLE,4.0
207438,d55cb69fed50a09170560b5b75d8de86,2026-09-29 07:36:51 EDT,2026-10-01,CLE,PIT,CLE@PIT,BetOnline.ag,player_tds_over,Jaleel McLaughlin,Over,0.5,1100,2026-10-02 00:15:00+00:00,2026-10-01 20:15:00-04:00,2026-10-01,CLE,4.0
207439,d55cb69fed50a09170560b5b75d8de86,2026-09-29 07:36:51 EDT,2026-10-01,CLE,PIT,CLE@PIT,BetRivers,player_tds_over,Lew Nichols,Over,1.5,18000,2026-10-02 00:15:00+00:00,2026-10-01 20:15:00-04:00,2026-10-01,PIT,4.0
207440,d55cb69fed50a09170560b5b75d8de86,2026-09-29 07:36:51 EDT,2026-10-01,CLE,PIT,CLE@PIT,BetRivers,player_tds_over,Jaylen Warren,Over,2.5,2500,2026-10-02 00:15:00+00:00,2026-10-01 20:15:00-04:00,2026-10-01,PIT,4.0
207441,d55cb69fed50a09170560b5b75d8de86,2026-09-29 07:36:51 EDT,2026-10-01,CLE,PIT,CLE@PIT,BetRivers,player_tds_over,Travis Homer,Over,1.5,12000,2026-10-02 00:15:00+00:00,2026-10-01 20:15:00-04:00,2026-10-01,PIT,4.0
207442,d55cb69fed50a09170560b5b75d8de86,2026-09-29 07:36:51 EDT,2026-10-01,CLE,PIT,CLE@PIT,BetRivers,player_tds_over,Rico Dowdle,Over,1.5,1500,2026-10-02 00:15:00+00:00,2026-10-01 20:15:00-04:00,2026-10-01,PIT,4.0
207443,d55cb69fed50a09170560b5b75d8de86,2026-09-29 07:36:51 EDT,2026-10-01,CLE,PIT,CLE@PIT,BetRivers,player_tds_over,Tylan Wallace,Over,1.5,18000,2026-10-02 00:15:00+00:00,2026-10-01 20:15:00-04:00,2026-10-01,CLE,4.0
207444,d55cb69fed50a09170560b5b75d8de86,2026-09-29 07:36:51 EDT,2026-10-01,CLE,PIT,CLE@PIT,BetRivers,player_tds_over,Rico Dowdle,Over,2.5,7000,2026-10-02 00:15:00+00:00,2026-10-01 20:15:00-04:00,2026-10-01,PIT,4.0
207445,d55cb69fed50a09170560b5b75d8de86,2026-09-29 07:36:51 EDT,2026-10-01,CLE,PIT,CLE@PIT,BetRivers,player_tds_over,Darnell Washington,Over,1.5,8000,2026-10-02 00:15:00+00:00,2026-10-01 20:15:00-04:00,2026-10-01,PIT,4.0
207446,d55cb69fed50a09170560b5b75d8de86,2026-09-29 07:36:51 EDT,2026-10-01,CLE,PIT,CLE@PIT,BetRivers,player_tds_over,Pat Freiermuth,Over,1.5,4000,2026-10-02 00:15:00+00:00,2026-10-01 20:15:00-04:00,2026-10-01,PIT,4.0
207447,d55cb69fed50a09170560b5b75d8de86,2026-09-29 07:36:51 EDT,2026-10-01,CLE,PIT,CLE@PIT,BetRivers,player_tds_over,Jaylen Warren,Over,1.5,550,2026-10-02 00:15:00+00:00,2026-10-01 20:15:00-04:00,2026-10-01,PIT,4.0
207448,d55cb69fed50a09170560b5b75d8de86,2026-09-29 07:36:51 EDT,2026-10-01,CLE,PIT,CLE@PIT,BetRivers,player_tds_over,KC Concepcion,Over,2.5,12000,2026-10-02 00:15:00+00:00,2026-10-01 20:15:00-04:00,2026-10-01,CLE,4.0
207449,d55cb69fed50a09170560b5b75d8de86,2026-09-29 07:36:51 EDT,2026-10-01,CLE,PIT,CLE@PIT,BetRivers,player_tds_over,Jerry Jeudy,Over,1.5,7000,2026-10-02 00:15:00+00:00,2026-10-01 20:15:00-04:00,2026-10-01,CLE,4.0
207450,d55cb69fed50a09170560b5b75d8de86,2026-09-29 07:36:51 EDT,2026-10-01,CLE,PIT,CLE@PIT,BetRivers,player_tds_over,Isaiah Bond,Over,1.5,15000,2026-10-02 00:15:00+00:00,2026-10-01 20:15:00-04:00,2026-10-01,CLE,4.0
207451,d55cb69fed50a09170560b5b75d8de86,2026-09-29 07:36:51 EDT,2026-10-01,CLE,PIT,CLE@PIT,BetRivers,player_tds_over,Michael Pittman Jr.,Over,1.5,3500,2026-10-02 00:15:00+00:00,2026-10-01 20:15:00-04:00,2026-10-01,PIT,4.0
207452,d55cb69fed50a09170560b5b75d8de86,2026-09-29 07:36:51 EDT,2026-10-01,CLE,PIT,CLE@PIT,BetRivers,player_tds_over,Jaleel McLaughlin,Over,1.5,15000,2026-10-02 00:15:00+00:00,2026-10-01 20:15:00-04:00,2026-10-01,CLE,4.0
207453,d55cb69fed50a09170560b5b75d8de86,2026-09-29 07:36:51 EDT,2026-10-01,CLE,PIT,CLE@PIT,BetRivers,player_tds_over,Denzel Boston,Over,1.5,2800,2026-10-02 00:15:00+00:00,2026-10-01 20:15:00-04:00,2026-10-01,CLE,4.0
207454,d55cb69fed50a09170560b5b75d8de86,2026-09-29 07:36:51 EDT,2026-10-01,CLE,PIT,CLE@PIT,BetRivers,player_tds_over,Blake Whiteheart,Over,1.5,11000,2026-10-02 00:15:00+00:00,2026-10-01 20:15:00-04:00,2026-10-01,CLE,4.0
207455,d55cb69fed50a09170560b5b75d8de86,2026-09-29 07:36:51 EDT,2026-10-01,CLE,PIT,CLE@PIT,BetRivers,player_tds_over,Malachi Corley,Over,1.5,14000,2026-10-02 00:15:00+00:00,2026-10-01 20:15:00-04:00,2026-10-01,CLE,4.0
207456,d55cb69fed50a09170560b5b75d8de86,2026-09-29 07:36:51 EDT,2026-10-01,CLE,PIT,CLE@PIT,BetRivers,player_tds_over,Michael Pittman Jr.,Over,2.5,16000,2026-10-02 00:15:00+00:00,2026-10-01 20:15:00-04:00,2026-10-01,PIT,4.0
207457,d55cb69fed50a09170560b5b75d8de86,2026-09-29 07:36:51 EDT,2026-10-01,CLE,PIT,CLE@PIT,BetRivers,player_tds_over,Aaron Rodgers,Over,1.5,18000,2026-10-02 00:15:00+00:00,2026-10-01 20:15:00-04:00,2026-10-01,PIT,4.0
207458,d55cb69fed50a09170560b5b75d8de86,2026-09-29 07:36:51 EDT,2026-10-01,CLE,PIT,CLE@PIT,BetRivers,player_tds_over,Deshaun Watson,Over,1.5,3500,2026-10-02 00:15:00+00:00,2026-10-01 20:15:00-04:00,2026-10-01,CLE,4.0
207459,d55cb69fed50a09170560b5b75d8de86,2026-09-29 07:36:51 EDT,2026-10-01,CLE,PIT,CLE@PIT,BetRivers,player_tds_over,Harold Fannin,Over,1.5,2400,2026-10-02 00:15:00+00:00,2026-10-01 20:15:00-04:00,2026-10-01,CLE,4.0
207460,d55cb69fed50a09170560b5b75d8de86,2026-09-29 07:36:51 EDT,2026-10-01,CLE,PIT,CLE@PIT,BetRivers,player_tds_over,Quinshon Judkins,Over,2.5,3000,2026-10-02 00:15:00+00:00,2026-10-01 20:15:00-04:00,2026-10-01,CLE,4.0
207461,d55cb69fed50a09170560b5b75d8de86,2026-09-29 07:36:51 EDT,2026-10-01,CLE,PIT,CLE@PIT,BetRivers,player_tds_over,DK Metcalf,Over,1.5,2000,2026-10-02 00:15:00+00:00,2026-10-01 20:15:00-04:00,2026-10-01,PIT,4.0
207462,d55cb69fed50a09170560b5b75d8de86,2026-09-29 07:36:51 EDT,2026-10-01,CLE,PIT,CLE@PIT,BetRivers,player_tds_over,Pat Freiermuth,Over,2.5,16000,2026-10-02 00:15:00+00:00,2026-10-01 20:15:00-04:00,2026-10-01,PIT,4.0
207463,d55cb69fed50a09170560b5b75d8de86,2026-09-29 07:36:51 EDT,2026-10-01,CLE,PIT,CLE@PIT,BetRivers,player_tds_over,Harold Fannin,Over,2.5,12000,2026-10-02 00:15:00+00:00,2026-10-01 20:15:00-04:00,2026-10-01,CLE,4.0
207464,d55cb69fed50a09170560b5b75d8de86,2026-09-29 07:36:51 EDT,2026-10-01,CLE,PIT,CLE@PIT,BetRivers,player_tds_over,Denzel Boston,Over,2.5,12500,2026-10-02 00:15:00+00:00,2026-10-01 20:15:00-04:00,2026-10-01,CLE,4.0
207465,d55cb69fed50a09170560b5b75d8de86,2026-09-29 07:36:51 EDT,2026-10-01,CLE,PIT,CLE@PIT,BetRivers,player_tds_over,Quinshon Judkins,Over,1.5,650,2026-10-02 00:15:00+00:00,2026-10-01 20:15:00-04:00,2026-10-01,CLE,4.0
207466,d55cb69fed50a09170560b5b75d8de86,2026-09-29 07:36:51 EDT,2026-10-01,CLE,PIT,CLE@PIT,BetRivers,player_tds_over,Raheim Sanders,Over,1.5,9000,2026-10-02 00:15:00+00:00,2026-10-01 20:15:00-04:00,2026-10-01,CLE,4.0
207467,d55cb69fed50a09170560b5b75d8de86,2026-09-29 07:36:51 EDT,2026-10-01,CLE,PIT,CLE@PIT,BetRivers,player_tds_over,Deshaun Watson,Over,2.5,15000,2026-10-02 00:15:00+00:00,2026-10-01 20:15:00-04:00,2026-10-01,CLE,4.0
207468,d55cb69fed50a09170560b5b75d8de86,2026-09-29 07:36:51 EDT,2026-10-01,CLE,PIT,CLE@PIT,BetRivers,player_tds_over,KC Concepcion,Over,1.5,2500,2026-10-02 00:15:00+00:00,2026-10-01 20:15:00-04:00,2026-10-01,CLE,4.0
207469,d55cb69fed50a09170560b5b75d8de86,2026-09-29 07:36:51 EDT,2026-10-01,CLE,PIT,CLE@PIT,BetRivers,player_tds_over,Roman Wilson,Over,1.5,5500,2026-10-02 00:15:00+00:00,2026-10-01 20:15:00-04:00,2026-10-01,PIT,4.0
207470,d55cb69fed50a09170560b5b75d8de86,2026-09-29 07:36:51 EDT,2026-10-01,CLE,PIT,CLE@PIT,BetRivers,player_tds_over,Germie Bernard,Over,1.5,10000,2026-10-02 00:15:00+00:00,2026-10-01 20:15:00-04:00,2026-10-01,PIT,4.0
207471,d55cb69fed50a09170560b5b75d8de86,2026-09-29 07:36:51 EDT,2026-10-01,CLE,PIT,CLE@PIT,BetRivers,player_tds_over,DK Metcalf,Over,2.5,10000,2026-10-02 00:15:00+00:00,2026-10-01 20:15:00-04:00,2026-10-01,PIT,4.0
207472,d55cb69fed50a09170560b5b75d8de86,2026-09-29 07:36:51 EDT,2026-10-01,CLE,PIT,CLE@PIT,BetRivers,player_tds_over,Robert Tonyan,Over,1.5,18000,2026-10-02 00:15:00+00:00,2026-10-01 20:15:00-04:00,2026-10-01,PIT,4.0
207473,d55cb69fed50a09170560b5b75d8de86,2026-09-29 07:36:51 EDT,2026-10-01,CLE,PIT,CLE@PIT,Bovada,player_tds_over,Travis Homer,Over,1.5,17500,2026-10-02 00:15:00+00:00,2026-10-01 20:15:00-04:00,2026-10-01,PIT,4.0
207474,d55cb69fed50a09170560b5b75d8de86,2026-09-29 07:36:51 EDT,2026-10-01,CLE,PIT,CLE@PIT,Bovada,player_tds_over,Riley Nowakowski,Over,1.5,20000,2026-10-02 00:15:00+00:00,2026-10-01 20:15:00-04:00,2026-10-01,PIT,4.0
207475,d55cb69fed50a09170560b5b75d8de86,2026-09-29 07:36:51 EDT,2026-10-01,CLE,PIT,CLE@PIT,Bovada,player_tds_over,Deshaun Watson,Over,1.5,4500,2026-10-02 00:15:00+00:00,2026-10-01 20:15:00-04:00,2026-10-01,CLE,4.0
207476,d55cb69fed50a09170560b5b75d8de86,2026-09-29 07:36:51 EDT,2026-10-01,CLE,PIT,CLE@PIT,Bovada,player_tds_over,Harold Fannin,Over,1.5,2500,2026-10-02 00:15:00+00:00,2026-10-01 20:15:00-04:00,2026-10-01,CLE,4.0
207477,d55cb69fed50a09170560b5b75d8de86,2026-09-29 07:36:51 EDT,2026-10-01,CLE,PIT,CLE@PIT,Bovada,player_tds_over,Quinshon Judkins,Over,1.5,750,2026-10-02 00:15:00+00:00,2026-10-01 20:15:00-04:00,2026-10-01,CLE,4.0
207478,d55cb69fed50a09170560b5b75d8de86,2026-09-29 07:36:51 EDT,2026-10-01,CLE,PIT,CLE@PIT,Bovada,player_tds_over,KC Concepcion,Over,1.5,3000,2026-10-02 00:15:00+00:00,2026-10-01 20:15:00-04:00,2026-10-01,CLE,4.0
207479,d55cb69fed50a09170560b5b75d8de86,2026-09-29 07:36:51 EDT,2026-10-01,CLE,PIT,CLE@PIT,Bovada,player_tds_over,Denzel Boston,Over,1.5,3500,2026-10-02 00:15:00+00:00,2026-10-01 20:15:00-04:00,2026-10-01,CLE,4.0
207480,d55cb69fed50a09170560b5b75d8de86,2026-09-29 07:36:51 EDT,2026-10-01,CLE,PIT,CLE@PIT,Bovada,player_tds_over,Jerry Jeudy,Over,1.5,12500,2026-10-02 00:15:00+00:00,2026-10-01 20:15:00-04:00,2026-10-01,CLE,4.0
207482,d55cb69fed50a09170560b5b75d8de86,2026-09-29 07:36:51 EDT,2026-10-01,CLE,PIT,CLE@PIT,Bovada,player_tds_over,Darnell Washington,Over,1.5,8000,2026-10-02 00:15:00+00:00,2026-10-01 20:15:00-04:00,2026-10-01,PIT,4.0
207483,d55cb69fed50a09170560b5b75d8de86,2026-09-29 07:36:51 EDT,2026-10-01,CLE,PIT,CLE@PIT,Bovada,player_tds_over,Pat Freiermuth,Over,1.5,3500,2026-10-02 00:15:00+00:00,2026-10-01 20:15:00-04:00,2026-10-01,PIT,4.0
207484,d55cb69fed50a09170560b5b75d8de86,2026-09-29 07:36:51 EDT,2026-10-01,CLE,PIT,CLE@PIT,Bovada,player_tds_over,DK Metcalf,Over,1.5,1900,2026-10-02 00:15:00+00:00,2026-10-01 20:15:00-04:00,2026-10-01,PIT,4.0
207485,d55cb69fed50a09170560b5b75d8de86,2026-09-29 07:36:51 EDT,2026-10-01,CLE,PIT,CLE@PIT,Bovada,player_tds_over,Jaylen Warren,Over,1.5,500,2026-10-02 00:15:00+00:00,2026-10-01 20:15:00-04:00,2026-10-01,PIT,4.0
207486,d55cb69fed50a09170560b5b75d8de86,2026-09-29 07:36:51 EDT,2026-10-01,CLE,PIT,CLE@PIT,Bovada,player_tds_over,Michael Pittman Jr.,Over,1.5,4000,2026-10-02 00:15:00+00:00,2026-10-01 20:15:00-04:00,2026-10-01,PIT,4.0
207487,d55cb69fed50a09170560b5b75d8de86,2026-09-29 07:36:51 EDT,2026-10-01,CLE,PIT,CLE@PIT,Bovada,player_tds_over,Aaron Rodgers,Over,1.5,17500,2026-10-02 00:15:00+00:00,2026-10-01 20:15:00-04:00,2026-10-01,PIT,4.0
207488,d55cb69fed50a09170560b5b75d8de86,2026-09-29 07:36:51 EDT,2026-10-01,CLE,PIT,CLE@PIT,Bovada,player_tds_over,Roman Wilson,Over,1.5,4500,2026-10-02 00:15:00+00:00,2026-10-01 20:15:00-04:00,2026-10-01,PIT,4.0
207489,d55cb69fed50a09170560b5b75d8de86,2026-09-29 07:36:51 EDT,2026-10-01,CLE,PIT,CLE@PIT,Bovada,player_tds_over,Germie Bernard,Over,1.5,10000,2026-10-02 00:15:00+00:00,2026-10-01 20:15:00-04:00,2026-10-01,PIT,4.0
207490,d55cb69fed50a09170560b5b75d8de86,2026-09-29 07:36:51 EDT,2026-10-01,CLE,PIT,CLE@PIT,Bovada,player_tds_over,Robert Tonyan,Over,1.5,20000,2026-10-02 00:15:00+00:00,2026-10-01 20:15:00-04:00,2026-10-01,PIT,4.0
207491,d55cb69fed50a09170560b5b75d8de86,2026-09-29 07:36:51 EDT,2026-10-01,CLE,PIT,CLE@PIT,Bovada,player_tds_over,Tylan Wallace,Over,1.5,17500,2026-10-02 00:15:00+00:00,2026-10-01 20:15:00-04:00,2026-10-01,CLE,4.0
207492,d55cb69fed50a09170560b5b75d8de86,2026-09-29 07:36:51 EDT,2026-10-01,CLE,PIT,CLE@PIT,Bovada,player_tds_over,Malachi Corley,Over,1.5,25000,2026-10-02 00:15:00+00:00,2026-10-01 20:15:00-04:00,2026-10-01,CLE,4.0
207493,d55cb69fed50a09170560b5b75d8de86,2026-09-29 07:36:51 EDT,2026-10-01,CLE,PIT,CLE@PIT,Bovada,player_tds_over,Raheim Sanders,Over,1.5,7500,2026-10-02 00:15:00+00:00,2026-10-01 20:15:00-04:00,2026-10-01,CLE,4.0
207494,d55cb69fed50a09170560b5b75d8de86,2026-09-29 07:36:51 EDT,2026-10-01,CLE,PIT,CLE@PIT,Bovada,player_tds_over,Carsen Ryan,Over,1.5,25000,2026-10-02 00:15:00+00:00,2026-10-01 20:15:00-04:00,2026-10-01,CLE,4.0
207495,d55cb69fed50a09170560b5b75d8de86,2026-09-29 07:36:51 EDT,2026-10-01,CLE,PIT,CLE@PIT,Bovada,player_tds_over,Ben Skowronek,Over,1.5,17500,2026-10-02 00:15:00+00:00,2026-10-01 20:15:00-04:00,2026-10-01,PIT,4.0
207496,d55cb69fed50a09170560b5b75d8de86,2026-09-29 07:36:51 EDT,2026-10-01,CLE,PIT,CLE@PIT,Bovada,player_tds_over,Kaden Wetjen,Over,1.5,17500,2026-10-02 00:15:00+00:00,2026-10-01 20:15:00-04:00,2026-10-01,PIT,4.0
207497,d55cb69fed50a09170560b5b75d8de86,2026-09-29 07:36:51 EDT,2026-10-01,CLE,PIT,CLE@PIT,Bovada,player_tds_over,Blake Whiteheart,Over,1.5,12500,2026-10-02 00:15:00+00:00,2026-10-01 20:15:00-04:00,2026-10-01,CLE,4.0
207498,d55cb69fed50a09170560b5b75d8de86,2026-09-29 07:36:51 EDT,2026-10-01,CLE,PIT,CLE@PIT,Bovada,player_tds_over,Jaleel McLaughlin,Over,1.5,17500,2026-10-02 00:15:00+00:00,2026-10-01 20:15:00-04:00,2026-10-01,CLE,4.0
207499,d55cb69fed50a09170560b5b75d8de86,2026-09-29 07:36:51 EDT,2026-10-01,CLE,PIT,CLE@PIT,Bovada,player_tds_over,Michael Burton,Over,1.5,25000,2026-10-02 00:15:00+00:00,2026-10-01 20:15:00-04:00,2026-10-01,CLE,4.0
207500,d55cb69fed50a09170560b5b75d8de86,2026-09-29 07:36:51 EDT,2026-10-01,CLE,PIT,CLE@PIT,Fanatics,player_tds_over,Deshaun Watson,Over,1.5,3500,2026-10-02 00:15:00+00:00,2026-10-01 20:15:00-04:00,2026-10-01,CLE,4.0
207501,d55cb69fed50a09170560b5b75d8de86,2026-09-29 07:36:51 EDT,2026-10-01,CLE,PIT,CLE@PIT,Fanatics,player_tds_over,Jerry Jeudy,Over,1.5,12000,2026-10-02 00:15:00+00:00,2026-10-01 20:15:00-04:00,2026-10-01,CLE,4.0
207502,d55cb69fed50a09170560b5b75d8de86,2026-09-29 07:36:51 EDT,2026-10-01,CLE,PIT,CLE@PIT,Fanatics,player_tds_over,Jaleel McLaughlin,Over,1.5,30000,2026-10-02 00:15:00+00:00,2026-10-01 20:15:00-04:00,2026-10-01,CLE,4.0
207503,d55cb69fed50a09170560b5b75d8de86,2026-09-29 07:36:51 EDT,2026-10-01,CLE,PIT,CLE@PIT,Fanatics,player_tds_over,Blake Whiteheart,Over,1.5,15000,2026-10-02 00:15:00+00:00,2026-10-01 20:15:00-04:00,2026-10-01,CLE,4.0
207504,d55cb69fed50a09170560b5b75d8de86,2026-09-29 07:36:51 EDT,2026-10-01,CLE,PIT,CLE@PIT,Fanatics,player_tds_over,Quinshon Judkins,Over,1.5,650,2026-10-02 00:15:00+00:00,2026-10-01 20:15:00-04:00,2026-10-01,CLE,4.0
207505,d55cb69fed50a09170560b5b75d8de86,2026-09-29 07:36:51 EDT,2026-10-01,CLE,PIT,CLE@PIT,Fanatics,player_tds_over,Harold Fannin,Over,1.5,2200,2026-10-02 00:15:00+00:00,2026-10-01 20:15:00-04:00,2026-10-01,CLE,4.0
207506,d55cb69fed50a09170560b5b75d8de86,2026-09-29 07:36:51 EDT,2026-10-01,CLE,PIT,CLE@PIT,Fanatics,player_tds_over,Raheim Sanders,Over,1.5,6000,2026-10-02 00:15:00+00:00,2026-10-01 20:15:00-04:00,2026-10-01,CLE,4.0
207507,d55cb69fed50a09170560b5b75d8de86,2026-09-29 07:36:51 EDT,2026-10-01,CLE,PIT,CLE@PIT,Fanatics,player_tds_over,KC Concepcion,Over,1.5,2800,2026-10-02 00:15:00+00:00,2026-10-01 20:15:00-04:00,2026-10-01,CLE,4.0
207508,d55cb69fed50a09170560b5b75d8de86,2026-09-29 07:36:51 EDT,2026-10-01,CLE,PIT,CLE@PIT,Fanatics,player_tds_over,Denzel Boston,Over,1.5,2500,2026-10-02 00:15:00+00:00,2026-10-01 20:15:00-04:00,2026-10-01,CLE,4.0
207509,d55cb69fed50a09170560b5b75d8de86,2026-09-29 07:36:51 EDT,2026-10-01,CLE,PIT,CLE@PIT,Fanatics,player_tds_over,Aaron Rodgers,Over,1.5,12000,2026-10-02 00:15:00+00:00,2026-10-01 20:15:00-04:00,2026-10-01,PIT,4.0
207510,d55cb69fed50a09170560b5b75d8de86,2026-09-29 07:36:51 EDT,2026-10-01,CLE,PIT,CLE@PIT,Fanatics,player_tds_over,DK Metcalf,Over,1.5,1700,2026-10-02 00:15:00+00:00,2026-10-01 20:15:00-04:00,2026-10-01,PIT,4.0
207511,d55cb69fed50a09170560b5b75d8de86,2026-09-29 07:36:51 EDT,2026-10-01,CLE,PIT,CLE@PIT,Fanatics,player_tds_over,Michael Pittman Jr.,Over,1.5,2800,2026-10-02 00:15:00+00:00,2026-10-01 20:15:00-04:00,2026-10-01,PIT,4.0
207512,d55cb69fed50a09170560b5b75d8de86,2026-09-29 07:36:51 EDT,2026-10-01,CLE,PIT,CLE@PIT,Fanatics,player_tds_over,Rico Dowdle,Over,1.5,750,2026-10-02 00:15:00+00:00,2026-10-01 20:15:00-04:00,2026-10-01,PIT,4.0
207513,d55cb69fed50a09170560b5b75d8de86,2026-09-29 07:36:51 EDT,2026-10-01,CLE,PIT,CLE@PIT,Fanatics,player_tds_over,Pat Freiermuth,Over,1.5,3000,2026-10-02 00:15:00+00:00,2026-10-01 20:15:00-04:00,2026-10-01,PIT,4.0
207514,d55cb69fed50a09170560b5b75d8de86,2026-09-29 07:36:51 EDT,2026-10-01,CLE,PIT,CLE@PIT,Fanatics,player_tds_over,Jaylen Warren,Over,1.5,525,2026-10-02 00:15:00+00:00,2026-10-01 20:15:00-04:00,2026-10-01,PIT,4.0
207515,d55cb69fed50a09170560b5b75d8de86,2026-09-29 07:36:51 EDT,2026-10-01,CLE,PIT,CLE@PIT,Fanatics,player_tds_over,Darnell Washington,Over,1.5,5000,2026-10-02 00:15:00+00:00,2026-10-01 20:15:00-04:00,2026-10-01,PIT,4.0
207516,d55cb69fed50a09170560b5b75d8de86,2026-09-29 07:36:51 EDT,2026-10-01,CLE,PIT,CLE@PIT,Fanatics,player_tds_over,Roman Wilson,Over,1.5,3500,2026-10-02 00:15:00+00:00,2026-10-01 20:15:00-04:00,2026-10-01,PIT,4.0
207517,d55cb69fed50a09170560b5b75d8de86,2026-09-29 07:36:51 EDT,2026-10-01,CLE,PIT,CLE@PIT,Fanatics,player_tds_over,Eli Heidenreich,Over,1.5,2200,2026-10-02 00:15:00+00:00,2026-10-01 20:15:00-04:00,2026-10-01,PIT,4.0
207518,d55cb69fed50a09170560b5b75d8de86,2026-09-29 07:36:51 EDT,2026-10-01,CLE,PIT,CLE@PIT,Fanatics,player_tds_over,Ben Skowronek,Over,1.5,20000,2026-10-02 00:15:00+00:00,2026-10-01 20:15:00-04:00,2026-10-01,PIT,4.0
207519,d55cb69fed50a09170560b5b75d8de86,2026-09-29 07:36:51 EDT,2026-10-01,CLE,PIT,CLE@PIT,Fanatics,player_tds_over,Kaden Wetjen,Over,1.5,30000,2026-10-02 00:15:00+00:00,2026-10-01 20:15:00-04:00,2026-10-01,PIT,4.0
207520,d55cb69fed50a09170560b5b75d8de86,2026-09-29 07:36:51 EDT,2026-10-01,CLE,PIT,CLE@PIT,Fanatics,player_tds_over,Germie Bernard,Over,1.5,10000,2026-10-02 00:15:00+00:00,2026-10-01 20:15:00-04:00,2026-10-01,PIT,4.0
207521,d55cb69fed50a09170560b5b75d8de86,2026-09-29 07:36:51 EDT,2026-10-01,CLE,PIT,CLE@PIT,Fanatics,player_tds_over,Malachi Corley,Over,1.5,25000,2026-10-02 00:15:00+00:00,2026-10-01 20:15:00-04:00,2026-10-01,CLE,4.0
207522,d55cb69fed50a09170560b5b75d8de86,2026-09-29 07:36:51 EDT,2026-10-01,CLE,PIT,CLE@PIT,Fanatics,player_tds_over,Isaiah Bond,Over,1.5,20000,2026-10-02 00:15:00+00:00,2026-10-01 20:15:00-04:00,2026-10-01,CLE,4.0
207523,d55cb69fed50a09170560b5b75d8de86,2026-09-29 07:36:51 EDT,2026-10-01,CLE,PIT,CLE@PIT,Fanatics,player_tds_over,Tylan Wallace,Over,1.5,30000,2026-10-02 00:15:00+00:00,2026-10-01 20:15:00-04:00,2026-10-01,CLE,4.0
207524,d55cb69fed50a09170560b5b75d8de86,2026-09-29 07:36:51 EDT,2026-10-01,CLE,PIT,CLE@PIT,Fanatics,player_tds_over,Deshaun Watson,Over,2.5,25000,2026-10-02 00:15:00+00:00,2026-10-01 20:15:00-04:00,2026-10-01,CLE,4.0
207525,d55cb69fed50a09170560b5b75d8de86,2026-09-29 07:36:51 EDT,2026-10-01,CLE,PIT,CLE@PIT,Fanatics,player_tds_over,Quinshon Judkins,Over,2.5,3000,2026-10-02 00:15:00+00:00,2026-10-01 20:15:00-04:00,2026-10-01,CLE,4.0
207526,d55cb69fed50a09170560b5b75d8de86,2026-09-29 07:36:51 EDT,2026-10-01,CLE,PIT,CLE@PIT,Fanatics,player_tds_over,Harold Fannin,Over,2.5,20000,2026-10-02 00:15:00+00:00,2026-10-01 20:15:00-04:00,2026-10-01,CLE,4.0
207527,d55cb69fed50a09170560b5b75d8de86,2026-09-29 07:36:51 EDT,2026-10-01,CLE,PIT,CLE@PIT,Fanatics,player_tds_over,Raheim Sanders,Over,2.5,50000,2026-10-02 00:15:00+00:00,2026-10-01 20:15:00-04:00,2026-10-01,CLE,4.0
207528,d55cb69fed50a09170560b5b75d8de86,2026-09-29 07:36:51 EDT,2026-10-01,CLE,PIT,CLE@PIT,Fanatics,player_tds_over,KC Concepcion,Over,2.5,15000,2026-10-02 00:15:00+00:00,2026-10-01 20:15:00-04:00,2026-10-01,CLE,4.0
207529,d55cb69fed50a09170560b5b75d8de86,2026-09-29 07:36:51 EDT,2026-10-01,CLE,PIT,CLE@PIT,Fanatics,player_tds_over,Denzel Boston,Over,2.5,20000,2026-10-02 00:15:00+00:00,2026-10-01 20:15:00-04:00,2026-10-01,CLE,4.0
207530,d55cb69fed50a09170560b5b75d8de86,2026-09-29 07:36:51 EDT,2026-10-01,CLE,PIT,CLE@PIT,Fanatics,player_tds_over,DK Metcalf,Over,2.5,12000,2026-10-02 00:15:00+00:00,2026-10-01 20:15:00-04:00,2026-10-01,PIT,4.0
207531,d55cb69fed50a09170560b5b75d8de86,2026-09-29 07:36:51 EDT,2026-10-01,CLE,PIT,CLE@PIT,Fanatics,player_tds_over,Michael Pittman Jr.,Over,2.5,15000,2026-10-02 00:15:00+00:00,2026-10-01 20:15:00-04:00,2026-10-01,PIT,4.0
207532,d55cb69fed50a09170560b5b75d8de86,2026-09-29 07:36:51 EDT,2026-10-01,CLE,PIT,CLE@PIT,Fanatics,player_tds_over,Rico Dowdle,Over,2.5,4000,2026-10-02 00:15:00+00:00,2026-10-01 20:15:00-04:00,2026-10-01,PIT,4.0
207533,d55cb69fed50a09170560b5b75d8de86,2026-09-29 07:36:51 EDT,2026-10-01,CLE,PIT,CLE@PIT,Fanatics,player_tds_over,Pat Freiermuth,Over,2.5,30000,2026-10-02 00:15:00+00:00,2026-10-01 20:15:00-04:00,2026-10-01,PIT,4.0
207534,d55cb69fed50a09170560b5b75d8de86,2026-09-29 07:36:51 EDT,2026-10-01,CLE,PIT,CLE@PIT,Fanatics,player_tds_over,Jaylen Warren,Over,2.5,2200,2026-10-02 00:15:00+00:00,2026-10-01 20:15:00-04:00,2026-10-01,PIT,4.0
207535,d55cb69fed50a09170560b5b75d8de86,2026-09-29 07:36:51 EDT,2026-10-01,CLE,PIT,CLE@PIT,Fanatics,player_tds_over,Roman Wilson,Over,2.5,20000,2026-10-02 00:15:00+00:00,2026-10-01 20:15:00-04:00,2026-10-01,PIT,4.0
207536,d55cb69fed50a09170560b5b75d8de86,2026-09-29 07:36:51 EDT,2026-10-01,CLE,PIT,CLE@PIT,Fanatics,player_tds_over,Eli Heidenreich,Over,2.5,15000,2026-10-02 00:15:00+00:00,2026-10-01 20:15:00-04:00,2026-10-01,PIT,4.0
207537,d55cb69fed50a09170560b5b75d8de86,2026-09-29 07:36:51 EDT,2026-10-01,CLE,PIT,CLE@PIT,Fanatics,player_tds_over,Germie Bernard,Over,2.5,50000,2026-10-02 00:15:00+00:00,2026-10-01 20:15:00-04:00,2026-10-01,PIT,4.0
207538,d55cb69fed50a09170560b5b75d8de86,2026-09-29 07:36:51 EDT,2026-10-01,CLE,PIT,CLE@PIT,BetMGM,player_tds_over,Quinshon Judkins,Over,1.5,725,2026-10-02 00:15:00+00:00,2026-10-01 20:15:00-04:00,2026-10-01,CLE,4.0
207539,d55cb69fed50a09170560b5b75d8de86,2026-09-29 07:36:51 EDT,2026-10-01,CLE,PIT,CLE@PIT,BetMGM,player_tds_over,Roman Wilson,Over,2.5,12500,2026-10-02 00:15:00+00:00,2026-10-01 20:15:00-04:00,2026-10-01,PIT,4.0
207540,d55cb69fed50a09170560b5b75d8de86,2026-09-29 07:36:51 EDT,2026-10-01,CLE,PIT,CLE@PIT,BetMGM,player_tds_over,Quinshon Judkins,Over,2.5,3500,2026-10-02 00:15:00+00:00,2026-10-01 20:15:00-04:00,2026-10-01,CLE,4.0
207541,d55cb69fed50a09170560b5b75d8de86,2026-09-29 07:36:51 EDT,2026-10-01,CLE,PIT,CLE@PIT,BetMGM,player_tds_over,Pat Freiermuth,Over,1.5,4000,2026-10-02 00:15:00+00:00,2026-10-01 20:15:00-04:00,2026-10-01,PIT,4.0
207542,d55cb69fed50a09170560b5b75d8de86,2026-09-29 07:36:51 EDT,2026-10-01,CLE,PIT,CLE@PIT,BetMGM,player_tds_over,Isaiah Bond,Over,1.5,12500,2026-10-02 00:15:00+00:00,2026-10-01 20:15:00-04:00,2026-10-01,CLE,4.0
207543,d55cb69fed50a09170560b5b75d8de86,2026-09-29 07:36:51 EDT,2026-10-01,CLE,PIT,CLE@PIT,BetMGM,player_tds_over,Blake Whiteheart,Over,1.5,10000,2026-10-02 00:15:00+00:00,2026-10-01 20:15:00-04:00,2026-10-01,CLE,4.0
207544,d55cb69fed50a09170560b5b75d8de86,2026-09-29 07:36:51 EDT,2026-10-01,CLE,PIT,CLE@PIT,BetMGM,player_tds_over,Darnell Washington,Over,2.5,12500,2026-10-02 00:15:00+00:00,2026-10-01 20:15:00-04:00,2026-10-01,PIT,4.0
207545,d55cb69fed50a09170560b5b75d8de86,2026-09-29 07:36:51 EDT,2026-10-01,CLE,PIT,CLE@PIT,BetMGM,player_tds_over,Ben Skowronek,Over,1.5,5000,2026-10-02 00:15:00+00:00,2026-10-01 20:15:00-04:00,2026-10-01,PIT,4.0
207546,d55cb69fed50a09170560b5b75d8de86,2026-09-29 07:36:51 EDT,2026-10-01,CLE,PIT,CLE@PIT,BetMGM,player_tds_over,DK Metcalf,Over,1.5,1900,2026-10-02 00:15:00+00:00,2026-10-01 20:15:00-04:00,2026-10-01,PIT,4.0
207547,d55cb69fed50a09170560b5b75d8de86,2026-09-29 07:36:51 EDT,2026-10-01,CLE,PIT,CLE@PIT,BetMGM,player_tds_over,Roman Wilson,Over,1.5,4500,2026-10-02 00:15:00+00:00,2026-10-01 20:15:00-04:00,2026-10-01,PIT,4.0
207548,d55cb69fed50a09170560b5b75d8de86,2026-09-29 07:36:51 EDT,2026-10-01,CLE,PIT,CLE@PIT,BetMGM,player_tds_over,Robert Tonyan,Over,1.5,12500,2026-10-02 00:15:00+00:00,2026-10-01 20:15:00-04:00,2026-10-01,PIT,4.0
207549,d55cb69fed50a09170560b5b75d8de86,2026-09-29 07:36:51 EDT,2026-10-01,CLE,PIT,CLE@PIT,BetMGM,player_tds_over,Darnell Washington,Over,1.5,6600,2026-10-02 00:15:00+00:00,2026-10-01 20:15:00-04:00,2026-10-01,PIT,4.0
207550,d55cb69fed50a09170560b5b75d8de86,2026-09-29 07:36:51 EDT,2026-10-01,CLE,PIT,CLE@PIT,BetMGM,player_tds_over,Aaron Rodgers,Over,2.5,15000,2026-10-02 00:15:00+00:00,2026-10-01 20:15:00-04:00,2026-10-01,PIT,4.0
207551,d55cb69fed50a09170560b5b75d8de86,2026-09-29 07:36:51 EDT,2026-10-01,CLE,PIT,CLE@PIT,BetMGM,player_tds_over,Michael Pittman Jr.,Over,2.5,10000,2026-10-02 00:15:00+00:00,2026-10-01 20:15:00-04:00,2026-10-01,PIT,4.0
207552,d55cb69fed50a09170560b5b75d8de86,2026-09-29 07:36:51 EDT,2026-10-01,CLE,PIT,CLE@PIT,BetMGM,player_tds_over,Tylan Wallace,Over,1.5,12500,2026-10-02 00:15:00+00:00,2026-10-01 20:15:00-04:00,2026-10-01,CLE,4.0
207553,d55cb69fed50a09170560b5b75d8de86,2026-09-29 07:36:51 EDT,2026-10-01,CLE,PIT,CLE@PIT,BetMGM,player_tds_over,Pat Freiermuth,Over,2.5,10000,2026-10-02 00:15:00+00:00,2026-10-01 20:15:00-04:00,2026-10-01,PIT,4.0
207554,d55cb69fed50a09170560b5b75d8de86,2026-09-29 07:36:51 EDT,2026-10-01,CLE,PIT,CLE@PIT,BetMGM,player_tds_over,Jerry Jeudy,Over,1.5,6600,2026-10-02 00:15:00+00:00,2026-10-01 20:15:00-04:00,2026-10-01,CLE,4.0
207555,d55cb69fed50a09170560b5b75d8de86,2026-09-29 07:36:51 EDT,2026-10-01,CLE,PIT,CLE@PIT,BetMGM,player_tds_over,Harold Fannin,Over,1.5,2000,2026-10-02 00:15:00+00:00,2026-10-01 20:15:00-04:00,2026-10-01,CLE,4.0
207556,d55cb69fed50a09170560b5b75d8de86,2026-09-29 07:36:51 EDT,2026-10-01,CLE,PIT,CLE@PIT,BetMGM,player_tds_over,KC Concepcion,Over,1.5,3000,2026-10-02 00:15:00+00:00,2026-10-01 20:15:00-04:00,2026-10-01,CLE,4.0
207557,d55cb69fed50a09170560b5b75d8de86,2026-09-29 07:36:51 EDT,2026-10-01,CLE,PIT,CLE@PIT,BetMGM,player_tds_over,Germie Bernard,Over,2.5,15000,2026-10-02 00:15:00+00:00,2026-10-01 20:15:00-04:00,2026-10-01,PIT,4.0
207559,d55cb69fed50a09170560b5b75d8de86,2026-09-29 07:36:51 EDT,2026-10-01,CLE,PIT,CLE@PIT,BetMGM,player_tds_over,Travis Homer,Over,2.5,12500,2026-10-02 00:15:00+00:00,2026-10-01 20:15:00-04:00,2026-10-01,PIT,4.0
207560,d55cb69fed50a09170560b5b75d8de86,2026-09-29 07:36:51 EDT,2026-10-01,CLE,PIT,CLE@PIT,BetMGM,player_tds_over,Michael Pittman Jr.,Over,1.5,3300,2026-10-02 00:15:00+00:00,2026-10-01 20:15:00-04:00,2026-10-01,PIT,4.0
207562,d55cb69fed50a09170560b5b75d8de86,2026-09-29 07:36:51 EDT,2026-10-01,CLE,PIT,CLE@PIT,BetMGM,player_tds_over,Aaron Rodgers,Over,1.5,10000,2026-10-02 00:15:00+00:00,2026-10-01 20:15:00-04:00,2026-10-01,PIT,4.0
207563,d55cb69fed50a09170560b5b75d8de86,2026-09-29 07:36:51 EDT,2026-10-01,CLE,PIT,CLE@PIT,BetMGM,player_tds_over,Germie Bernard,Over,1.5,10000,2026-10-02 00:15:00+00:00,2026-10-01 20:15:00-04:00,2026-10-01,PIT,4.0
207564,d55cb69fed50a09170560b5b75d8de86,2026-09-29 07:36:51 EDT,2026-10-01,CLE,PIT,CLE@PIT,BetMGM,player_tds_over,DK Metcalf,Over,2.5,5000,2026-10-02 00:15:00+00:00,2026-10-01 20:15:00-04:00,2026-10-01,PIT,4.0
207565,d55cb69fed50a09170560b5b75d8de86,2026-09-29 07:36:51 EDT,2026-10-01,CLE,PIT,CLE@PIT,BetMGM,player_tds_over,Harold Fannin,Over,2.5,9000,2026-10-02 00:15:00+00:00,2026-10-01 20:15:00-04:00,2026-10-01,CLE,4.0
207566,d55cb69fed50a09170560b5b75d8de86,2026-09-29 07:36:51 EDT,2026-10-01,CLE,PIT,CLE@PIT,BetMGM,player_tds_over,Lew Nichols,Over,1.5,6000,2026-10-02 00:15:00+00:00,2026-10-01 20:15:00-04:00,2026-10-01,PIT,4.0
207567,d55cb69fed50a09170560b5b75d8de86,2026-09-29 07:36:51 EDT,2026-10-01,CLE,PIT,CLE@PIT,BetMGM,player_tds_over,Jerry Jeudy,Over,2.5,12500,2026-10-02 00:15:00+00:00,2026-10-01 20:15:00-04:00,2026-10-01,CLE,4.0
207569,d55cb69fed50a09170560b5b75d8de86,2026-09-29 07:36:51 EDT,2026-10-01,CLE,PIT,CLE@PIT,BetMGM,player_tds_over,Malachi Corley,Over,1.5,12500,2026-10-02 00:15:00+00:00,2026-10-01 20:15:00-04:00,2026-10-01,CLE,4.0
207570,d55cb69fed50a09170560b5b75d8de86,2026-09-29 07:36:51 EDT,2026-10-01,CLE,PIT,CLE@PIT,BetMGM,player_tds_over,Raheim Sanders,Over,2.5,12500,2026-10-02 00:15:00+00:00,2026-10-01 20:15:00-04:00,2026-10-01,CLE,4.0
207571,d55cb69fed50a09170560b5b75d8de86,2026-09-29 07:36:51 EDT,2026-10-01,CLE,PIT,CLE@PIT,BetMGM,player_tds_over,Deshaun Watson,Over,2.5,10000,2026-10-02 00:15:00+00:00,2026-10-01 20:15:00-04:00,2026-10-01,CLE,4.0
207572,d55cb69fed50a09170560b5b75d8de86,2026-09-29 07:36:51 EDT,2026-10-01,CLE,PIT,CLE@PIT,BetMGM,player_tds_over,Travis Homer,Over,1.5,6600,2026-10-02 00:15:00+00:00,2026-10-01 20:15:00-04:00,2026-10-01,PIT,4.0
207573,d55cb69fed50a09170560b5b75d8de86,2026-09-29 07:36:51 EDT,2026-10-01,CLE,PIT,CLE@PIT,BetMGM,player_tds_over,Denzel Boston,Over,2.5,10000,2026-10-02 00:15:00+00:00,2026-10-01 20:15:00-04:00,2026-10-01,CLE,4.0
207574,d55cb69fed50a09170560b5b75d8de86,2026-09-29 07:36:51 EDT,2026-10-01,CLE,PIT,CLE@PIT,BetMGM,player_tds_over,Jaleel McLaughlin,Over,1.5,5000,2026-10-02 00:15:00+00:00,2026-10-01 20:15:00-04:00,2026-10-01,CLE,4.0
207575,d55cb69fed50a09170560b5b75d8de86,2026-09-29 07:36:51 EDT,2026-10-01,CLE,PIT,CLE@PIT,BetMGM,player_tds_over,Kaden Wetjen,Over,1.5,12500,2026-10-02 00:15:00+00:00,2026-10-01 20:15:00-04:00,2026-10-01,PIT,4.0
207576,d55cb69fed50a09170560b5b75d8de86,2026-09-29 07:36:51 EDT,2026-10-01,CLE,PIT,CLE@PIT,BetMGM,player_tds_over,Jaylen Warren,Over,2.5,2500,2026-10-02 00:15:00+00:00,2026-10-01 20:15:00-04:00,2026-10-01,PIT,4.0
207577,d55cb69fed50a09170560b5b75d8de86,2026-09-29 07:36:51 EDT,2026-10-01,CLE,PIT,CLE@PIT,BetMGM,player_tds_over,Raheim Sanders,Over,1.5,5500,2026-10-02 00:15:00+00:00,2026-10-01 20:15:00-04:00,2026-10-01,CLE,4.0
207578,d55cb69fed50a09170560b5b75d8de86,2026-09-29 07:36:51 EDT,2026-10-01,CLE,PIT,CLE@PIT,BetMGM,player_tds_over,Jaylen Warren,Over,1.5,475,2026-10-02 00:15:00+00:00,2026-10-01 20:15:00-04:00,2026-10-01,PIT,4.0
207579,d55cb69fed50a09170560b5b75d8de86,2026-09-29 07:36:51 EDT,2026-10-01,CLE,PIT,CLE@PIT,BetMGM,player_tds_over,Deshaun Watson,Over,1.5,2500,2026-10-02 00:15:00+00:00,2026-10-01 20:15:00-04:00,2026-10-01,CLE,4.0
207581,d55cb69fed50a09170560b5b75d8de86,2026-09-29 07:36:51 EDT,2026-10-01,CLE,PIT,CLE@PIT,BetMGM,player_tds_over,Denzel Boston,Over,1.5,2800,2026-10-02 00:15:00+00:00,2026-10-01 20:15:00-04:00,2026-10-01,CLE,4.0
207582,d55cb69fed50a09170560b5b75d8de86,2026-09-29 07:36:51 EDT,2026-10-01,CLE,PIT,CLE@PIT,BetMGM,player_tds_over,KC Concepcion,Over,2.5,5000,2026-10-02 00:15:00+00:00,2026-10-01 20:15:00-04:00,2026-10-01,CLE,4.0
207583,d55cb69fed50a09170560b5b75d8de86,2026-09-29 07:36:51 EDT,2026-10-01,CLE,PIT,CLE@PIT,BetMGM,player_tds_over,Lew Nichols,Over,2.5,12500,2026-10-02 00:15:00+00:00,2026-10-01 20:15:00-04:00,2026-10-01,PIT,4.0
207584,d55cb69fed50a09170560b5b75d8de86,2026-09-29 07:36:51 EDT,2026-10-01,CLE,PIT,CLE@PIT,BetMGM,player_tds_over,Riley Nowakowski,Over,1.5,15000,2026-10-02 00:15:00+00:00,2026-10-01 20:15:00-04:00,2026-10-01,PIT,4.0
207585,d55cb69fed50a09170560b5b75d8de86,2026-09-29 07:36:51 EDT,2026-10-01,CLE,PIT,CLE@PIT,BetMGM,player_tds_over,Carsen Ryan,Over,1.5,15000,2026-10-02 00:15:00+00:00,2026-10-01 20:15:00-04:00,2026-10-01,CLE,4.0
207586,c9d8ed8aa4889486eaf10a630138ede0,2026-09-29 07:36:51 EDT,2026-10-04,WAS,IND,WAS@IND,DraftKings,player_pass_completions,Daniel Jones,Over,20.5,-114,2026-10-04 13:30:00+00:00,2026-10-04 09:30:00-04:00,2026-10-04,IND,4.0
207587,c9d8ed8aa4889486eaf10a630138ede0,2026-09-29 07:36:51 EDT,2026-10-04,WAS,IND,WAS@IND,DraftKings,player_pass_completions,Daniel Jones,Under,20.5,-112,2026-10-04 13:30:00+00:00,2026-10-04 09:30:00-04:00,2026-10-04,IND,4.0
207588,c9d8ed8aa4889486eaf10a630138ede0,2026-09-29 07:36:51 EDT,2026-10-04,WAS,IND,WAS@IND,DraftKings,player_pass_completions,Marcus Mariota,Over,18.5,-114,2026-10-04 13:30:00+00:00,2026-10-04 09:30:00-04:00,2026-10-04,WAS,4.0
207589,c9d8ed8aa4889486eaf10a630138ede0,2026-09-29 07:36:51 EDT,2026-10-04,WAS,IND,WAS@IND,DraftKings,player_pass_completions,Marcus Mariota,Under,18.5,-112,2026-10-04 13:30:00+00:00,2026-10-04 09:30:00-04:00,2026-10-04,WAS,4.0
207590,c9d8ed8aa4889486eaf10a630138ede0,2026-09-29 07:36:51 EDT,2026-10-04,WAS,IND,WAS@IND,Bovada,player_pass_completions,Daniel Jones,Over,20.5,-115,2026-10-04 13:30:00+00:00,2026-10-04 09:30:00-04:00,2026-10-04,IND,4.0
207591,c9d8ed8aa4889486eaf10a630138ede0,2026-09-29 07:36:51 EDT,2026-10-04,WAS,IND,WAS@IND,Bovada,player_pass_completions,Daniel Jones,Under,20.5,-115,2026-10-04 13:30:00+00:00,2026-10-04 09:30:00-04:00,2026-10-04,IND,4.0
207592,c9d8ed8aa4889486eaf10a630138ede0,2026-09-29 07:36:51 EDT,2026-10-04,WAS,IND,WAS@IND,Bovada,player_pass_completions,Marcus Mariota,Over,18.5,-115,2026-10-04 13:30:00+00:00,2026-10-04 09:30:00-04:00,2026-10-04,WAS,4.0
207593,c9d8ed8aa4889486eaf10a630138ede0,2026-09-29 07:36:51 EDT,2026-10-04,WAS,IND,WAS@IND,Bovada,player_pass_completions,Marcus Mariota,Under,18.5,-115,2026-10-04 13:30:00+00:00,2026-10-04 09:30:00-04:00,2026-10-04,WAS,4.0
207594,c9d8ed8aa4889486eaf10a630138ede0,2026-09-29 07:36:51 EDT,2026-10-04,WAS,IND,WAS@IND,DraftKings,player_pass_attempts,Daniel Jones,Over,31.5,-106,2026-10-04 13:30:00+00:00,2026-10-04 09:30:00-04:00,2026-10-04,IND,4.0
207595,c9d8ed8aa4889486eaf10a630138ede0,2026-09-29 07:36:51 EDT,2026-10-04,WAS,IND,WAS@IND,DraftKings,player_pass_attempts,Daniel Jones,Under,31.5,-120,2026-10-04 13:30:00+00:00,2026-10-04 09:30:00-04:00,2026-10-04,IND,4.0
207596,c9d8ed8aa4889486eaf10a630138ede0,2026-09-29 07:36:51 EDT,2026-10-04,WAS,IND,WAS@IND,DraftKings,player_pass_attempts,Marcus Mariota,Over,30.5,-121,2026-10-04 13:30:00+00:00,2026-10-04 09:30:00-04:00,2026-10-04,WAS,4.0
207597,c9d8ed8aa4889486eaf10a630138ede0,2026-09-29 07:36:51 EDT,2026-10-04,WAS,IND,WAS@IND,DraftKings,player_pass_attempts,Marcus Mariota,Under,30.5,-105,2026-10-04 13:30:00+00:00,2026-10-04 09:30:00-04:00,2026-10-04,WAS,4.0
207598,c9d8ed8aa4889486eaf10a630138ede0,2026-09-29 07:36:51 EDT,2026-10-04,WAS,IND,WAS@IND,Bovada,player_pass_attempts,Daniel Jones,Over,31.5,-110,2026-10-04 13:30:00+00:00,2026-10-04 09:30:00-04:00,2026-10-04,IND,4.0
207599,c9d8ed8aa4889486eaf10a630138ede0,2026-09-29 07:36:51 EDT,2026-10-04,WAS,IND,WAS@IND,Bovada,player_pass_attempts,Daniel Jones,Under,31.5,-120,2026-10-04 13:30:00+00:00,2026-10-04 09:30:00-04:00,2026-10-04,IND,4.0
207600,c9d8ed8aa4889486eaf10a630138ede0,2026-09-29 07:36:51 EDT,2026-10-04,WAS,IND,WAS@IND,Bovada,player_pass_attempts,Marcus Mariota,Over,30.5,-125,2026-10-04 13:30:00+00:00,2026-10-04 09:30:00-04:00,2026-10-04,WAS,4.0
207601,c9d8ed8aa4889486eaf10a630138ede0,2026-09-29 07:36:51 EDT,2026-10-04,WAS,IND,WAS@IND,Bovada,player_pass_attempts,Marcus Mariota,Under,30.5,-105,2026-10-04 13:30:00+00:00,2026-10-04 09:30:00-04:00,2026-10-04,WAS,4.0
207602,c9d8ed8aa4889486eaf10a630138ede0,2026-09-29 07:36:51 EDT,2026-10-04,WAS,IND,WAS@IND,DraftKings,player_pass_yds,Daniel Jones,Over,225.5,-112,2026-10-04 13:30:00+00:00,2026-10-04 09:30:00-04:00,2026-10-04,IND,4.0
207603,c9d8ed8aa4889486eaf10a630138ede0,2026-09-29 07:36:51 EDT,2026-10-04,WAS,IND,WAS@IND,DraftKings,player_pass_yds,Daniel Jones,Under,225.5,-112,2026-10-04 13:30:00+00:00,2026-10-04 09:30:00-04:00,2026-10-04,IND,4.0
207604,c9d8ed8aa4889486eaf10a630138ede0,2026-09-29 07:36:51 EDT,2026-10-04,WAS,IND,WAS@IND,DraftKings,player_pass_yds,Marcus Mariota,Over,211.5,-111,2026-10-04 13:30:00+00:00,2026-10-04 09:30:00-04:00,2026-10-04,WAS,4.0
207605,c9d8ed8aa4889486eaf10a630138ede0,2026-09-29 07:36:51 EDT,2026-10-04,WAS,IND,WAS@IND,DraftKings,player_pass_yds,Marcus Mariota,Under,211.5,-113,2026-10-04 13:30:00+00:00,2026-10-04 09:30:00-04:00,2026-10-04,WAS,4.0
207606,c9d8ed8aa4889486eaf10a630138ede0,2026-09-29 07:36:51 EDT,2026-10-04,WAS,IND,WAS@IND,FanDuel,player_pass_yds,Marcus Mariota,Over,212.5,-114,2026-10-04 13:30:00+00:00,2026-10-04 09:30:00-04:00,2026-10-04,WAS,4.0
207607,c9d8ed8aa4889486eaf10a630138ede0,2026-09-29 07:36:51 EDT,2026-10-04,WAS,IND,WAS@IND,FanDuel,player_pass_yds,Marcus Mariota,Under,212.5,-114,2026-10-04 13:30:00+00:00,2026-10-04 09:30:00-04:00,2026-10-04,WAS,4.0
207608,c9d8ed8aa4889486eaf10a630138ede0,2026-09-29 07:36:51 EDT,2026-10-04,WAS,IND,WAS@IND,FanDuel,player_pass_yds,Daniel Jones,Over,224.5,-114,2026-10-04 13:30:00+00:00,2026-10-04 09:30:00-04:00,2026-10-04,IND,4.0
207609,c9d8ed8aa4889486eaf10a630138ede0,2026-09-29 07:36:51 EDT,2026-10-04,WAS,IND,WAS@IND,FanDuel,player_pass_yds,Daniel Jones,Under,224.5,-114,2026-10-04 13:30:00+00:00,2026-10-04 09:30:00-04:00,2026-10-04,IND,4.0
207610,c9d8ed8aa4889486eaf10a630138ede0,2026-09-29 07:36:51 EDT,2026-10-04,WAS,IND,WAS@IND,Bovada,player_pass_yds,Daniel Jones,Over,225.5,-115,2026-10-04 13:30:00+00:00,2026-10-04 09:30:00-04:00,2026-10-04,IND,4.0
207611,c9d8ed8aa4889486eaf10a630138ede0,2026-09-29 07:36:51 EDT,2026-10-04,WAS,IND,WAS@IND,Bovada,player_pass_yds,Daniel Jones,Under,225.5,-115,2026-10-04 13:30:00+00:00,2026-10-04 09:30:00-04:00,2026-10-04,IND,4.0
207612,c9d8ed8aa4889486eaf10a630138ede0,2026-09-29 07:36:51 EDT,2026-10-04,WAS,IND,WAS@IND,Bovada,player_pass_yds,Marcus Mariota,Over,211.5,-115,2026-10-04 13:30:00+00:00,2026-10-04 09:30:00-04:00,2026-10-04,WAS,4.0
207613,c9d8ed8aa4889486eaf10a630138ede0,2026-09-29 07:36:51 EDT,2026-10-04,WAS,IND,WAS@IND,Bovada,player_pass_yds,Marcus Mariota,Under,211.5,-115,2026-10-04 13:30:00+00:00,2026-10-04 09:30:00-04:00,2026-10-04,WAS,4.0
207614,c9d8ed8aa4889486eaf10a630138ede0,2026-09-29 07:36:51 EDT,2026-10-04,WAS,IND,WAS@IND,Fanatics,player_pass_yds,Marcus Mariota,Over,210.5,-110,2026-10-04 13:30:00+00:00,2026-10-04 09:30:00-04:00,2026-10-04,WAS,4.0
207615,c9d8ed8aa4889486eaf10a630138ede0,2026-09-29 07:36:51 EDT,2026-10-04,WAS,IND,WAS@IND,Fanatics,player_pass_yds,Marcus Mariota,Under,210.5,-120,2026-10-04 13:30:00+00:00,2026-10-04 09:30:00-04:00,2026-10-04,WAS,4.0
207616,c9d8ed8aa4889486eaf10a630138ede0,2026-09-29 07:36:51 EDT,2026-10-04,WAS,IND,WAS@IND,DraftKings,player_pass_interceptions,Daniel Jones,Over,0.5,-104,2026-10-04 13:30:00+00:00,2026-10-04 09:30:00-04:00,2026-10-04,IND,4.0
207617,c9d8ed8aa4889486eaf10a630138ede0,2026-09-29 07:36:51 EDT,2026-10-04,WAS,IND,WAS@IND,DraftKings,player_pass_interceptions,Daniel Jones,Under,0.5,-123,2026-10-04 13:30:00+00:00,2026-10-04 09:30:00-04:00,2026-10-04,IND,4.0
207618,c9d8ed8aa4889486eaf10a630138ede0,2026-09-29 07:36:51 EDT,2026-10-04,WAS,IND,WAS@IND,DraftKings,player_pass_interceptions,Marcus Mariota,Over,0.5,-133,2026-10-04 13:30:00+00:00,2026-10-04 09:30:00-04:00,2026-10-04,WAS,4.0
207619,c9d8ed8aa4889486eaf10a630138ede0,2026-09-29 07:36:51 EDT,2026-10-04,WAS,IND,WAS@IND,DraftKings,player_pass_interceptions,Marcus Mariota,Under,0.5,104,2026-10-04 13:30:00+00:00,2026-10-04 09:30:00-04:00,2026-10-04,WAS,4.0
207620,c9d8ed8aa4889486eaf10a630138ede0,2026-09-29 07:36:51 EDT,2026-10-04,WAS,IND,WAS@IND,Bovada,player_pass_interceptions,Daniel Jones,Over,0.5,-105,2026-10-04 13:30:00+00:00,2026-10-04 09:30:00-04:00,2026-10-04,IND,4.0
207621,c9d8ed8aa4889486eaf10a630138ede0,2026-09-29 07:36:51 EDT,2026-10-04,WAS,IND,WAS@IND,Bovada,player_pass_interceptions,Daniel Jones,Under,0.5,-125,2026-10-04 13:30:00+00:00,2026-10-04 09:30:00-04:00,2026-10-04,IND,4.0
207622,c9d8ed8aa4889486eaf10a630138ede0,2026-09-29 07:36:51 EDT,2026-10-04,WAS,IND,WAS@IND,Bovada,player_pass_interceptions,Marcus Mariota,Over,0.5,-135,2026-10-04 13:30:00+00:00,2026-10-04 09:30:00-04:00,2026-10-04,WAS,4.0
207623,c9d8ed8aa4889486eaf10a630138ede0,2026-09-29 07:36:51 EDT,2026-10-04,WAS,IND,WAS@IND,Bovada,player_pass_interceptions,Marcus Mariota,Under,0.5,105,2026-10-04 13:30:00+00:00,2026-10-04 09:30:00-04:00,2026-10-04,WAS,4.0
207624,c9d8ed8aa4889486eaf10a630138ede0,2026-09-29 07:36:51 EDT,2026-10-04,WAS,IND,WAS@IND,DraftKings,player_pass_tds,Daniel Jones,Over,1.5,-104,2026-10-04 13:30:00+00:00,2026-10-04 09:30:00-04:00,2026-10-04,IND,4.0
207625,c9d8ed8aa4889486eaf10a630138ede0,2026-09-29 07:36:51 EDT,2026-10-04,WAS,IND,WAS@IND,DraftKings,player_pass_tds,Daniel Jones,Under,1.5,-122,2026-10-04 13:30:00+00:00,2026-10-04 09:30:00-04:00,2026-10-04,IND,4.0
207626,c9d8ed8aa4889486eaf10a630138ede0,2026-09-29 07:36:51 EDT,2026-10-04,WAS,IND,WAS@IND,DraftKings,player_pass_tds,Marcus Mariota,Over,1.5,141,2026-10-04 13:30:00+00:00,2026-10-04 09:30:00-04:00,2026-10-04,WAS,4.0
207627,c9d8ed8aa4889486eaf10a630138ede0,2026-09-29 07:36:51 EDT,2026-10-04,WAS,IND,WAS@IND,DraftKings,player_pass_tds,Marcus Mariota,Under,1.5,-181,2026-10-04 13:30:00+00:00,2026-10-04 09:30:00-04:00,2026-10-04,WAS,4.0
207628,c9d8ed8aa4889486eaf10a630138ede0,2026-09-29 07:36:51 EDT,2026-10-04,WAS,IND,WAS@IND,FanDuel,player_pass_tds,Marcus Mariota,Over,1.5,148,2026-10-04 13:30:00+00:00,2026-10-04 09:30:00-04:00,2026-10-04,WAS,4.0
207629,c9d8ed8aa4889486eaf10a630138ede0,2026-09-29 07:36:51 EDT,2026-10-04,WAS,IND,WAS@IND,FanDuel,player_pass_tds,Marcus Mariota,Under,1.5,-200,2026-10-04 13:30:00+00:00,2026-10-04 09:30:00-04:00,2026-10-04,WAS,4.0
207630,c9d8ed8aa4889486eaf10a630138ede0,2026-09-29 07:36:51 EDT,2026-10-04,WAS,IND,WAS@IND,FanDuel,player_pass_tds,Daniel Jones,Over,1.5,102,2026-10-04 13:30:00+00:00,2026-10-04 09:30:00-04:00,2026-10-04,IND,4.0
207631,c9d8ed8aa4889486eaf10a630138ede0,2026-09-29 07:36:51 EDT,2026-10-04,WAS,IND,WAS@IND,FanDuel,player_pass_tds,Daniel Jones,Under,1.5,-136,2026-10-04 13:30:00+00:00,2026-10-04 09:30:00-04:00,2026-10-04,IND,4.0
207632,c9d8ed8aa4889486eaf10a630138ede0,2026-09-29 07:36:51 EDT,2026-10-04,WAS,IND,WAS@IND,Bovada,player_pass_tds,Daniel Jones,Over,1.5,-105,2026-10-04 13:30:00+00:00,2026-10-04 09:30:00-04:00,2026-10-04,IND,4.0
207633,c9d8ed8aa4889486eaf10a630138ede0,2026-09-29 07:36:51 EDT,2026-10-04,WAS,IND,WAS@IND,Bovada,player_pass_tds,Daniel Jones,Under,1.5,-125,2026-10-04 13:30:00+00:00,2026-10-04 09:30:00-04:00,2026-10-04,IND,4.0
207634,c9d8ed8aa4889486eaf10a630138ede0,2026-09-29 07:36:51 EDT,2026-10-04,WAS,IND,WAS@IND,Bovada,player_pass_tds,Marcus Mariota,Over,1.5,140,2026-10-04 13:30:00+00:00,2026-10-04 09:30:00-04:00,2026-10-04,WAS,4.0
207635,c9d8ed8aa4889486eaf10a630138ede0,2026-09-29 07:36:51 EDT,2026-10-04,WAS,IND,WAS@IND,Bovada,player_pass_tds,Marcus Mariota,Under,1.5,-185,2026-10-04 13:30:00+00:00,2026-10-04 09:30:00-04:00,2026-10-04,WAS,4.0
207636,c9d8ed8aa4889486eaf10a630138ede0,2026-09-29 07:36:51 EDT,2026-10-04,WAS,IND,WAS@IND,DraftKings,player_rush_attempts,Jonathan Taylor,Over,20.5,-106,2026-10-04 13:30:00+00:00,2026-10-04 09:30:00-04:00,2026-10-04,IND,4.0
207637,c9d8ed8aa4889486eaf10a630138ede0,2026-09-29 07:36:51 EDT,2026-10-04,WAS,IND,WAS@IND,DraftKings,player_rush_attempts,Jonathan Taylor,Under,20.5,-121,2026-10-04 13:30:00+00:00,2026-10-04 09:30:00-04:00,2026-10-04,IND,4.0
207638,c9d8ed8aa4889486eaf10a630138ede0,2026-09-29 07:36:51 EDT,2026-10-04,WAS,IND,WAS@IND,DraftKings,player_rush_attempts,Jacory Croskey-Merritt,Over,13.5,-111,2026-10-04 13:30:00+00:00,2026-10-04 09:30:00-04:00,2026-10-04,WAS,4.0
207639,c9d8ed8aa4889486eaf10a630138ede0,2026-09-29 07:36:51 EDT,2026-10-04,WAS,IND,WAS@IND,DraftKings,player_rush_attempts,Jacory Croskey-Merritt,Under,13.5,-114,2026-10-04 13:30:00+00:00,2026-10-04 09:30:00-04:00,2026-10-04,WAS,4.0
207640,c9d8ed8aa4889486eaf10a630138ede0,2026-09-29 07:36:51 EDT,2026-10-04,WAS,IND,WAS@IND,DraftKings,player_rush_yds,Jonathan Taylor,Over,92.5,-114,2026-10-04 13:30:00+00:00,2026-10-04 09:30:00-04:00,2026-10-04,IND,4.0
207641,c9d8ed8aa4889486eaf10a630138ede0,2026-09-29 07:36:51 EDT,2026-10-04,WAS,IND,WAS@IND,DraftKings,player_rush_yds,Jonathan Taylor,Under,92.5,-110,2026-10-04 13:30:00+00:00,2026-10-04 09:30:00-04:00,2026-10-04,IND,4.0
207642,c9d8ed8aa4889486eaf10a630138ede0,2026-09-29 07:36:51 EDT,2026-10-04,WAS,IND,WAS@IND,DraftKings,player_rush_yds,Jacory Croskey-Merritt,Over,54.5,-112,2026-10-04 13:30:00+00:00,2026-10-04 09:30:00-04:00,2026-10-04,WAS,4.0
207643,c9d8ed8aa4889486eaf10a630138ede0,2026-09-29 07:36:51 EDT,2026-10-04,WAS,IND,WAS@IND,DraftKings,player_rush_yds,Jacory Croskey-Merritt,Under,54.5,-112,2026-10-04 13:30:00+00:00,2026-10-04 09:30:00-04:00,2026-10-04,WAS,4.0
207644,c9d8ed8aa4889486eaf10a630138ede0,2026-09-29 07:36:51 EDT,2026-10-04,WAS,IND,WAS@IND,DraftKings,player_rush_yds,Marcus Mariota,Over,29.5,-110,2026-10-04 13:30:00+00:00,2026-10-04 09:30:00-04:00,2026-10-04,WAS,4.0
207645,c9d8ed8aa4889486eaf10a630138ede0,2026-09-29 07:36:51 EDT,2026-10-04,WAS,IND,WAS@IND,DraftKings,player_rush_yds,Marcus Mariota,Under,29.5,-114,2026-10-04 13:30:00+00:00,2026-10-04 09:30:00-04:00,2026-10-04,WAS,4.0
207646,c9d8ed8aa4889486eaf10a630138ede0,2026-09-29 07:36:51 EDT,2026-10-04,WAS,IND,WAS@IND,DraftKings,player_rush_yds,Daniel Jones,Over,11.5,-114,2026-10-04 13:30:00+00:00,2026-10-04 09:30:00-04:00,2026-10-04,IND,4.0
207647,c9d8ed8aa4889486eaf10a630138ede0,2026-09-29 07:36:51 EDT,2026-10-04,WAS,IND,WAS@IND,DraftKings,player_rush_yds,Daniel Jones,Under,11.5,-110,2026-10-04 13:30:00+00:00,2026-10-04 09:30:00-04:00,2026-10-04,IND,4.0
207648,c9d8ed8aa4889486eaf10a630138ede0,2026-09-29 07:36:51 EDT,2026-10-04,WAS,IND,WAS@IND,FanDuel,player_rush_yds,Daniel Jones,Over,11.5,-114,2026-10-04 13:30:00+00:00,2026-10-04 09:30:00-04:00,2026-10-04,IND,4.0
207649,c9d8ed8aa4889486eaf10a630138ede0,2026-09-29 07:36:51 EDT,2026-10-04,WAS,IND,WAS@IND,FanDuel,player_rush_yds,Daniel Jones,Under,11.5,-114,2026-10-04 13:30:00+00:00,2026-10-04 09:30:00-04:00,2026-10-04,IND,4.0
207650,c9d8ed8aa4889486eaf10a630138ede0,2026-09-29 07:36:51 EDT,2026-10-04,WAS,IND,WAS@IND,FanDuel,player_rush_yds,Marcus Mariota,Over,27.5,-114,2026-10-04 13:30:00+00:00,2026-10-04 09:30:00-04:00,2026-10-04,WAS,4.0
207651,c9d8ed8aa4889486eaf10a630138ede0,2026-09-29 07:36:51 EDT,2026-10-04,WAS,IND,WAS@IND,FanDuel,player_rush_yds,Marcus Mariota,Under,27.5,-114,2026-10-04 13:30:00+00:00,2026-10-04 09:30:00-04:00,2026-10-04,WAS,4.0
207652,c9d8ed8aa4889486eaf10a630138ede0,2026-09-29 07:36:51 EDT,2026-10-04,WAS,IND,WAS@IND,FanDuel,player_rush_yds,Jonathan Taylor,Over,92.5,-114,2026-10-04 13:30:00+00:00,2026-10-04 09:30:00-04:00,2026-10-04,IND,4.0
207653,c9d8ed8aa4889486eaf10a630138ede0,2026-09-29 07:36:51 EDT,2026-10-04,WAS,IND,WAS@IND,FanDuel,player_rush_yds,Jonathan Taylor,Under,92.5,-114,2026-10-04 13:30:00+00:00,2026-10-04 09:30:00-04:00,2026-10-04,IND,4.0
207654,c9d8ed8aa4889486eaf10a630138ede0,2026-09-29 07:36:51 EDT,2026-10-04,WAS,IND,WAS@IND,FanDuel,player_rush_yds,Jacory Croskey-Merritt,Over,54.5,-114,2026-10-04 13:30:00+00:00,2026-10-04 09:30:00-04:00,2026-10-04,WAS,4.0
207655,c9d8ed8aa4889486eaf10a630138ede0,2026-09-29 07:36:51 EDT,2026-10-04,WAS,IND,WAS@IND,FanDuel,player_rush_yds,Jacory Croskey-Merritt,Under,54.5,-114,2026-10-04 13:30:00+00:00,2026-10-04 09:30:00-04:00,2026-10-04,WAS,4.0
207656,c9d8ed8aa4889486eaf10a630138ede0,2026-09-29 07:36:51 EDT,2026-10-04,WAS,IND,WAS@IND,Bovada,player_rush_yds,Daniel Jones,Over,11.5,-115,2026-10-04 13:30:00+00:00,2026-10-04 09:30:00-04:00,2026-10-04,IND,4.0
207657,c9d8ed8aa4889486eaf10a630138ede0,2026-09-29 07:36:51 EDT,2026-10-04,WAS,IND,WAS@IND,Bovada,player_rush_yds,Daniel Jones,Under,11.5,-115,2026-10-04 13:30:00+00:00,2026-10-04 09:30:00-04:00,2026-10-04,IND,4.0
207658,c9d8ed8aa4889486eaf10a630138ede0,2026-09-29 07:36:51 EDT,2026-10-04,WAS,IND,WAS@IND,Bovada,player_rush_yds,Jacory Croskey-Merritt,Over,54.5,-115,2026-10-04 13:30:00+00:00,2026-10-04 09:30:00-04:00,2026-10-04,WAS,4.0
207659,c9d8ed8aa4889486eaf10a630138ede0,2026-09-29 07:36:51 EDT,2026-10-04,WAS,IND,WAS@IND,Bovada,player_rush_yds,Jacory Croskey-Merritt,Under,54.5,-115,2026-10-04 13:30:00+00:00,2026-10-04 09:30:00-04:00,2026-10-04,WAS,4.0
207660,c9d8ed8aa4889486eaf10a630138ede0,2026-09-29 07:36:51 EDT,2026-10-04,WAS,IND,WAS@IND,Bovada,player_rush_yds,Jonathan Taylor,Over,92.5,-115,2026-10-04 13:30:00+00:00,2026-10-04 09:30:00-04:00,2026-10-04,IND,4.0
207661,c9d8ed8aa4889486eaf10a630138ede0,2026-09-29 07:36:51 EDT,2026-10-04,WAS,IND,WAS@IND,Bovada,player_rush_yds,Jonathan Taylor,Under,92.5,-115,2026-10-04 13:30:00+00:00,2026-10-04 09:30:00-04:00,2026-10-04,IND,4.0
207662,c9d8ed8aa4889486eaf10a630138ede0,2026-09-29 07:36:51 EDT,2026-10-04,WAS,IND,WAS@IND,Bovada,player_rush_yds,Marcus Mariota,Over,29.5,-115,2026-10-04 13:30:00+00:00,2026-10-04 09:30:00-04:00,2026-10-04,WAS,4.0
207663,c9d8ed8aa4889486eaf10a630138ede0,2026-09-29 07:36:51 EDT,2026-10-04,WAS,IND,WAS@IND,Bovada,player_rush_yds,Marcus Mariota,Under,29.5,-115,2026-10-04 13:30:00+00:00,2026-10-04 09:30:00-04:00,2026-10-04,WAS,4.0
207664,c9d8ed8aa4889486eaf10a630138ede0,2026-09-29 07:36:51 EDT,2026-10-04,WAS,IND,WAS@IND,Fanatics,player_rush_yds,Marcus Mariota,Over,30.5,105,2026-10-04 13:30:00+00:00,2026-10-04 09:30:00-04:00,2026-10-04,WAS,4.0
207665,c9d8ed8aa4889486eaf10a630138ede0,2026-09-29 07:36:51 EDT,2026-10-04,WAS,IND,WAS@IND,Fanatics,player_rush_yds,Marcus Mariota,Under,30.5,-140,2026-10-04 13:30:00+00:00,2026-10-04 09:30:00-04:00,2026-10-04,WAS,4.0
207666,c9d8ed8aa4889486eaf10a630138ede0,2026-09-29 07:36:51 EDT,2026-10-04,WAS,IND,WAS@IND,DraftKings,player_receptions,Tyler Warren,Over,5.5,-104,2026-10-04 13:30:00+00:00,2026-10-04 09:30:00-04:00,2026-10-04,IND,4.0
207667,c9d8ed8aa4889486eaf10a630138ede0,2026-09-29 07:36:51 EDT,2026-10-04,WAS,IND,WAS@IND,DraftKings,player_receptions,Tyler Warren,Under,5.5,-123,2026-10-04 13:30:00+00:00,2026-10-04 09:30:00-04:00,2026-10-04,IND,4.0
207668,c9d8ed8aa4889486eaf10a630138ede0,2026-09-29 07:36:51 EDT,2026-10-04,WAS,IND,WAS@IND,DraftKings,player_receptions,Josh Downs,Over,5.5,111,2026-10-04 13:30:00+00:00,2026-10-04 09:30:00-04:00,2026-10-04,IND,4.0
207669,c9d8ed8aa4889486eaf10a630138ede0,2026-09-29 07:36:51 EDT,2026-10-04,WAS,IND,WAS@IND,DraftKings,player_receptions,Josh Downs,Under,5.5,-141,2026-10-04 13:30:00+00:00,2026-10-04 09:30:00-04:00,2026-10-04,IND,4.0
207670,c9d8ed8aa4889486eaf10a630138ede0,2026-09-29 07:36:51 EDT,2026-10-04,WAS,IND,WAS@IND,DraftKings,player_receptions,Terry McLaurin,Over,4.5,-109,2026-10-04 13:30:00+00:00,2026-10-04 09:30:00-04:00,2026-10-04,WAS,4.0
207671,c9d8ed8aa4889486eaf10a630138ede0,2026-09-29 07:36:51 EDT,2026-10-04,WAS,IND,WAS@IND,DraftKings,player_receptions,Terry McLaurin,Under,4.5,-117,2026-10-04 13:30:00+00:00,2026-10-04 09:30:00-04:00,2026-10-04,WAS,4.0
207672,c9d8ed8aa4889486eaf10a630138ede0,2026-09-29 07:36:51 EDT,2026-10-04,WAS,IND,WAS@IND,DraftKings,player_receptions,Keenan Allen,Over,3.5,-106,2026-10-04 13:30:00+00:00,2026-10-04 09:30:00-04:00,2026-10-04,IND,4.0
207673,c9d8ed8aa4889486eaf10a630138ede0,2026-09-29 07:36:51 EDT,2026-10-04,WAS,IND,WAS@IND,DraftKings,player_receptions,Keenan Allen,Under,3.5,-120,2026-10-04 13:30:00+00:00,2026-10-04 09:30:00-04:00,2026-10-04,IND,4.0
207674,c9d8ed8aa4889486eaf10a630138ede0,2026-09-29 07:36:51 EDT,2026-10-04,WAS,IND,WAS@IND,DraftKings,player_receptions,Jonathan Taylor,Over,2.5,-128,2026-10-04 13:30:00+00:00,2026-10-04 09:30:00-04:00,2026-10-04,IND,4.0
207675,c9d8ed8aa4889486eaf10a630138ede0,2026-09-29 07:36:51 EDT,2026-10-04,WAS,IND,WAS@IND,DraftKings,player_receptions,Jonathan Taylor,Under,2.5,101,2026-10-04 13:30:00+00:00,2026-10-04 09:30:00-04:00,2026-10-04,IND,4.0
207676,c9d8ed8aa4889486eaf10a630138ede0,2026-09-29 07:36:51 EDT,2026-10-04,WAS,IND,WAS@IND,FanDuel,player_receptions,Tyler Warren,Over,5.5,-102,2026-10-04 13:30:00+00:00,2026-10-04 09:30:00-04:00,2026-10-04,IND,4.0
207677,c9d8ed8aa4889486eaf10a630138ede0,2026-09-29 07:36:51 EDT,2026-10-04,WAS,IND,WAS@IND,FanDuel,player_receptions,Tyler Warren,Under,5.5,-130,2026-10-04 13:30:00+00:00,2026-10-04 09:30:00-04:00,2026-10-04,IND,4.0
207678,c9d8ed8aa4889486eaf10a630138ede0,2026-09-29 07:36:51 EDT,2026-10-04,WAS,IND,WAS@IND,FanDuel,player_receptions,Stefon Diggs,Over,4.5,116,2026-10-04 13:30:00+00:00,2026-10-04 09:30:00-04:00,2026-10-04,WAS,4.0
207679,c9d8ed8aa4889486eaf10a630138ede0,2026-09-29 07:36:51 EDT,2026-10-04,WAS,IND,WAS@IND,FanDuel,player_receptions,Stefon Diggs,Under,4.5,-154,2026-10-04 13:30:00+00:00,2026-10-04 09:30:00-04:00,2026-10-04,WAS,4.0
207680,c9d8ed8aa4889486eaf10a630138ede0,2026-09-29 07:36:51 EDT,2026-10-04,WAS,IND,WAS@IND,FanDuel,player_receptions,Terry McLaurin,Over,4.5,-118,2026-10-04 13:30:00+00:00,2026-10-04 09:30:00-04:00,2026-10-04,WAS,4.0
207681,c9d8ed8aa4889486eaf10a630138ede0,2026-09-29 07:36:51 EDT,2026-10-04,WAS,IND,WAS@IND,FanDuel,player_receptions,Terry McLaurin,Under,4.5,-112,2026-10-04 13:30:00+00:00,2026-10-04 09:30:00-04:00,2026-10-04,WAS,4.0
207682,c9d8ed8aa4889486eaf10a630138ede0,2026-09-29 07:36:51 EDT,2026-10-04,WAS,IND,WAS@IND,FanDuel,player_receptions,Josh Downs,Over,5.5,118,2026-10-04 13:30:00+00:00,2026-10-04 09:30:00-04:00,2026-10-04,IND,4.0
207683,c9d8ed8aa4889486eaf10a630138ede0,2026-09-29 07:36:51 EDT,2026-10-04,WAS,IND,WAS@IND,FanDuel,player_receptions,Josh Downs,Under,5.5,-158,2026-10-04 13:30:00+00:00,2026-10-04 09:30:00-04:00,2026-10-04,IND,4.0
207684,c9d8ed8aa4889486eaf10a630138ede0,2026-09-29 07:36:51 EDT,2026-10-04,WAS,IND,WAS@IND,FanDuel,player_receptions,Jonathan Taylor,Over,2.5,-130,2026-10-04 13:30:00+00:00,2026-10-04 09:30:00-04:00,2026-10-04,IND,4.0
207685,c9d8ed8aa4889486eaf10a630138ede0,2026-09-29 07:36:51 EDT,2026-10-04,WAS,IND,WAS@IND,FanDuel,player_receptions,Jonathan Taylor,Under,2.5,-102,2026-10-04 13:30:00+00:00,2026-10-04 09:30:00-04:00,2026-10-04,IND,4.0
207686,c9d8ed8aa4889486eaf10a630138ede0,2026-09-29 07:36:51 EDT,2026-10-04,WAS,IND,WAS@IND,FanDuel,player_receptions,Keenan Allen,Over,3.5,-108,2026-10-04 13:30:00+00:00,2026-10-04 09:30:00-04:00,2026-10-04,IND,4.0
207687,c9d8ed8aa4889486eaf10a630138ede0,2026-09-29 07:36:51 EDT,2026-10-04,WAS,IND,WAS@IND,FanDuel,player_receptions,Keenan Allen,Under,3.5,-122,2026-10-04 13:30:00+00:00,2026-10-04 09:30:00-04:00,2026-10-04,IND,4.0
207688,c9d8ed8aa4889486eaf10a630138ede0,2026-09-29 07:36:51 EDT,2026-10-04,WAS,IND,WAS@IND,Bovada,player_receptions,Jonathan Taylor,Over,2.5,-130,2026-10-04 13:30:00+00:00,2026-10-04 09:30:00-04:00,2026-10-04,IND,4.0
207689,c9d8ed8aa4889486eaf10a630138ede0,2026-09-29 07:36:51 EDT,2026-10-04,WAS,IND,WAS@IND,Bovada,player_receptions,Jonathan Taylor,Under,2.5,100,2026-10-04 13:30:00+00:00,2026-10-04 09:30:00-04:00,2026-10-04,IND,4.0
207690,c9d8ed8aa4889486eaf10a630138ede0,2026-09-29 07:36:51 EDT,2026-10-04,WAS,IND,WAS@IND,Bovada,player_receptions,Josh Downs,Over,5.5,110,2026-10-04 13:30:00+00:00,2026-10-04 09:30:00-04:00,2026-10-04,IND,4.0
207691,c9d8ed8aa4889486eaf10a630138ede0,2026-09-29 07:36:51 EDT,2026-10-04,WAS,IND,WAS@IND,Bovada,player_receptions,Josh Downs,Under,5.5,-145,2026-10-04 13:30:00+00:00,2026-10-04 09:30:00-04:00,2026-10-04,IND,4.0
207692,c9d8ed8aa4889486eaf10a630138ede0,2026-09-29 07:36:51 EDT,2026-10-04,WAS,IND,WAS@IND,Bovada,player_receptions,Keenan Allen,Over,3.5,-110,2026-10-04 13:30:00+00:00,2026-10-04 09:30:00-04:00,2026-10-04,IND,4.0
207693,c9d8ed8aa4889486eaf10a630138ede0,2026-09-29 07:36:51 EDT,2026-10-04,WAS,IND,WAS@IND,Bovada,player_receptions,Keenan Allen,Under,3.5,-120,2026-10-04 13:30:00+00:00,2026-10-04 09:30:00-04:00,2026-10-04,IND,4.0
207694,c9d8ed8aa4889486eaf10a630138ede0,2026-09-29 07:36:51 EDT,2026-10-04,WAS,IND,WAS@IND,Bovada,player_receptions,Terry McLaurin,Over,4.5,-110,2026-10-04 13:30:00+00:00,2026-10-04 09:30:00-04:00,2026-10-04,WAS,4.0
207695,c9d8ed8aa4889486eaf10a630138ede0,2026-09-29 07:36:51 EDT,2026-10-04,WAS,IND,WAS@IND,Bovada,player_receptions,Terry McLaurin,Under,4.5,-120,2026-10-04 13:30:00+00:00,2026-10-04 09:30:00-04:00,2026-10-04,WAS,4.0
207696,c9d8ed8aa4889486eaf10a630138ede0,2026-09-29 07:36:51 EDT,2026-10-04,WAS,IND,WAS@IND,Bovada,player_receptions,Tyler Warren,Over,5.5,-105,2026-10-04 13:30:00+00:00,2026-10-04 09:30:00-04:00,2026-10-04,IND,4.0
207697,c9d8ed8aa4889486eaf10a630138ede0,2026-09-29 07:36:51 EDT,2026-10-04,WAS,IND,WAS@IND,Bovada,player_receptions,Tyler Warren,Under,5.5,-125,2026-10-04 13:30:00+00:00,2026-10-04 09:30:00-04:00,2026-10-04,IND,4.0
207698,c9d8ed8aa4889486eaf10a630138ede0,2026-09-29 07:36:51 EDT,2026-10-04,WAS,IND,WAS@IND,DraftKings,player_reception_yds,Josh Downs,Over,64.5,-113,2026-10-04 13:30:00+00:00,2026-10-04 09:30:00-04:00,2026-10-04,IND,4.0
207699,c9d8ed8aa4889486eaf10a630138ede0,2026-09-29 07:36:51 EDT,2026-10-04,WAS,IND,WAS@IND,DraftKings,player_reception_yds,Josh Downs,Under,64.5,-111,2026-10-04 13:30:00+00:00,2026-10-04 09:30:00-04:00,2026-10-04,IND,4.0
207700,c9d8ed8aa4889486eaf10a630138ede0,2026-09-29 07:36:51 EDT,2026-10-04,WAS,IND,WAS@IND,DraftKings,player_reception_yds,Terry McLaurin,Over,55.5,-110,2026-10-04 13:30:00+00:00,2026-10-04 09:30:00-04:00,2026-10-04,WAS,4.0
207701,c9d8ed8aa4889486eaf10a630138ede0,2026-09-29 07:36:51 EDT,2026-10-04,WAS,IND,WAS@IND,DraftKings,player_reception_yds,Terry McLaurin,Under,55.5,-114,2026-10-04 13:30:00+00:00,2026-10-04 09:30:00-04:00,2026-10-04,WAS,4.0
207702,c9d8ed8aa4889486eaf10a630138ede0,2026-09-29 07:36:51 EDT,2026-10-04,WAS,IND,WAS@IND,DraftKings,player_reception_yds,Tyler Warren,Over,46.5,-112,2026-10-04 13:30:00+00:00,2026-10-04 09:30:00-04:00,2026-10-04,IND,4.0
207703,c9d8ed8aa4889486eaf10a630138ede0,2026-09-29 07:36:51 EDT,2026-10-04,WAS,IND,WAS@IND,DraftKings,player_reception_yds,Tyler Warren,Under,46.5,-112,2026-10-04 13:30:00+00:00,2026-10-04 09:30:00-04:00,2026-10-04,IND,4.0
207704,c9d8ed8aa4889486eaf10a630138ede0,2026-09-29 07:36:51 EDT,2026-10-04,WAS,IND,WAS@IND,DraftKings,player_reception_yds,Keenan Allen,Over,33.5,-113,2026-10-04 13:30:00+00:00,2026-10-04 09:30:00-04:00,2026-10-04,IND,4.0
207705,c9d8ed8aa4889486eaf10a630138ede0,2026-09-29 07:36:51 EDT,2026-10-04,WAS,IND,WAS@IND,DraftKings,player_reception_yds,Keenan Allen,Under,33.5,-111,2026-10-04 13:30:00+00:00,2026-10-04 09:30:00-04:00,2026-10-04,IND,4.0
207706,c9d8ed8aa4889486eaf10a630138ede0,2026-09-29 07:36:51 EDT,2026-10-04,WAS,IND,WAS@IND,DraftKings,player_reception_yds,Jonathan Taylor,Over,19.5,-112,2026-10-04 13:30:00+00:00,2026-10-04 09:30:00-04:00,2026-10-04,IND,4.0
207707,c9d8ed8aa4889486eaf10a630138ede0,2026-09-29 07:36:51 EDT,2026-10-04,WAS,IND,WAS@IND,DraftKings,player_reception_yds,Jonathan Taylor,Under,19.5,-112,2026-10-04 13:30:00+00:00,2026-10-04 09:30:00-04:00,2026-10-04,IND,4.0
207708,c9d8ed8aa4889486eaf10a630138ede0,2026-09-29 07:36:51 EDT,2026-10-04,WAS,IND,WAS@IND,FanDuel,player_reception_yds,Stefon Diggs,Over,41.5,-114,2026-10-04 13:30:00+00:00,2026-10-04 09:30:00-04:00,2026-10-04,WAS,4.0
207709,c9d8ed8aa4889486eaf10a630138ede0,2026-09-29 07:36:51 EDT,2026-10-04,WAS,IND,WAS@IND,FanDuel,player_reception_yds,Stefon Diggs,Under,41.5,-114,2026-10-04 13:30:00+00:00,2026-10-04 09:30:00-04:00,2026-10-04,WAS,4.0
207710,c9d8ed8aa4889486eaf10a630138ede0,2026-09-29 07:36:51 EDT,2026-10-04,WAS,IND,WAS@IND,FanDuel,player_reception_yds,Jonathan Taylor,Over,19.5,-114,2026-10-04 13:30:00+00:00,2026-10-04 09:30:00-04:00,2026-10-04,IND,4.0
207711,c9d8ed8aa4889486eaf10a630138ede0,2026-09-29 07:36:51 EDT,2026-10-04,WAS,IND,WAS@IND,FanDuel,player_reception_yds,Jonathan Taylor,Under,19.5,-114,2026-10-04 13:30:00+00:00,2026-10-04 09:30:00-04:00,2026-10-04,IND,4.0
207712,c9d8ed8aa4889486eaf10a630138ede0,2026-09-29 07:36:51 EDT,2026-10-04,WAS,IND,WAS@IND,FanDuel,player_reception_yds,Terry McLaurin,Over,55.5,-114,2026-10-04 13:30:00+00:00,2026-10-04 09:30:00-04:00,2026-10-04,WAS,4.0
207713,c9d8ed8aa4889486eaf10a630138ede0,2026-09-29 07:36:51 EDT,2026-10-04,WAS,IND,WAS@IND,FanDuel,player_reception_yds,Terry McLaurin,Under,55.5,-114,2026-10-04 13:30:00+00:00,2026-10-04 09:30:00-04:00,2026-10-04,WAS,4.0
207714,c9d8ed8aa4889486eaf10a630138ede0,2026-09-29 07:36:51 EDT,2026-10-04,WAS,IND,WAS@IND,FanDuel,player_reception_yds,Keenan Allen,Over,33.5,-114,2026-10-04 13:30:00+00:00,2026-10-04 09:30:00-04:00,2026-10-04,IND,4.0
207715,c9d8ed8aa4889486eaf10a630138ede0,2026-09-29 07:36:51 EDT,2026-10-04,WAS,IND,WAS@IND,FanDuel,player_reception_yds,Keenan Allen,Under,33.5,-114,2026-10-04 13:30:00+00:00,2026-10-04 09:30:00-04:00,2026-10-04,IND,4.0
207716,c9d8ed8aa4889486eaf10a630138ede0,2026-09-29 07:36:51 EDT,2026-10-04,WAS,IND,WAS@IND,FanDuel,player_reception_yds,Tyler Warren,Over,46.5,-114,2026-10-04 13:30:00+00:00,2026-10-04 09:30:00-04:00,2026-10-04,IND,4.0
207717,c9d8ed8aa4889486eaf10a630138ede0,2026-09-29 07:36:51 EDT,2026-10-04,WAS,IND,WAS@IND,FanDuel,player_reception_yds,Tyler Warren,Under,46.5,-114,2026-10-04 13:30:00+00:00,2026-10-04 09:30:00-04:00,2026-10-04,IND,4.0
207718,c9d8ed8aa4889486eaf10a630138ede0,2026-09-29 07:36:51 EDT,2026-10-04,WAS,IND,WAS@IND,FanDuel,player_reception_yds,Josh Downs,Over,64.5,-114,2026-10-04 13:30:00+00:00,2026-10-04 09:30:00-04:00,2026-10-04,IND,4.0
207719,c9d8ed8aa4889486eaf10a630138ede0,2026-09-29 07:36:51 EDT,2026-10-04,WAS,IND,WAS@IND,FanDuel,player_reception_yds,Josh Downs,Under,64.5,-114,2026-10-04 13:30:00+00:00,2026-10-04 09:30:00-04:00,2026-10-04,IND,4.0
207720,c9d8ed8aa4889486eaf10a630138ede0,2026-09-29 07:36:51 EDT,2026-10-04,WAS,IND,WAS@IND,Bovada,player_reception_yds,Jonathan Taylor,Over,19.5,-115,2026-10-04 13:30:00+00:00,2026-10-04 09:30:00-04:00,2026-10-04,IND,4.0
207721,c9d8ed8aa4889486eaf10a630138ede0,2026-09-29 07:36:51 EDT,2026-10-04,WAS,IND,WAS@IND,Bovada,player_reception_yds,Jonathan Taylor,Under,19.5,-115,2026-10-04 13:30:00+00:00,2026-10-04 09:30:00-04:00,2026-10-04,IND,4.0
207722,c9d8ed8aa4889486eaf10a630138ede0,2026-09-29 07:36:51 EDT,2026-10-04,WAS,IND,WAS@IND,Bovada,player_reception_yds,Josh Downs,Over,64.5,-115,2026-10-04 13:30:00+00:00,2026-10-04 09:30:00-04:00,2026-10-04,IND,4.0
207723,c9d8ed8aa4889486eaf10a630138ede0,2026-09-29 07:36:51 EDT,2026-10-04,WAS,IND,WAS@IND,Bovada,player_reception_yds,Josh Downs,Under,64.5,-115,2026-10-04 13:30:00+00:00,2026-10-04 09:30:00-04:00,2026-10-04,IND,4.0
207724,c9d8ed8aa4889486eaf10a630138ede0,2026-09-29 07:36:51 EDT,2026-10-04,WAS,IND,WAS@IND,Bovada,player_reception_yds,Keenan Allen,Over,33.5,-115,2026-10-04 13:30:00+00:00,2026-10-04 09:30:00-04:00,2026-10-04,IND,4.0
207725,c9d8ed8aa4889486eaf10a630138ede0,2026-09-29 07:36:51 EDT,2026-10-04,WAS,IND,WAS@IND,Bovada,player_reception_yds,Keenan Allen,Under,33.5,-115,2026-10-04 13:30:00+00:00,2026-10-04 09:30:00-04:00,2026-10-04,IND,4.0
207726,c9d8ed8aa4889486eaf10a630138ede0,2026-09-29 07:36:51 EDT,2026-10-04,WAS,IND,WAS@IND,Bovada,player_reception_yds,Terry McLaurin,Over,55.5,-115,2026-10-04 13:30:00+00:00,2026-10-04 09:30:00-04:00,2026-10-04,WAS,4.0
207727,c9d8ed8aa4889486eaf10a630138ede0,2026-09-29 07:36:51 EDT,2026-10-04,WAS,IND,WAS@IND,Bovada,player_reception_yds,Terry McLaurin,Under,55.5,-115,2026-10-04 13:30:00+00:00,2026-10-04 09:30:00-04:00,2026-10-04,WAS,4.0
207728,c9d8ed8aa4889486eaf10a630138ede0,2026-09-29 07:36:51 EDT,2026-10-04,WAS,IND,WAS@IND,Bovada,player_reception_yds,Tyler Warren,Over,46.5,-115,2026-10-04 13:30:00+00:00,2026-10-04 09:30:00-04:00,2026-10-04,IND,4.0
207729,c9d8ed8aa4889486eaf10a630138ede0,2026-09-29 07:36:51 EDT,2026-10-04,WAS,IND,WAS@IND,Bovada,player_reception_yds,Tyler Warren,Under,46.5,-115,2026-10-04 13:30:00+00:00,2026-10-04 09:30:00-04:00,2026-10-04,IND,4.0
207730,c9d8ed8aa4889486eaf10a630138ede0,2026-09-29 07:36:51 EDT,2026-10-04,WAS,IND,WAS@IND,Fanatics,player_reception_yds,Keenan Allen,Over,30.5,-140,2026-10-04 13:30:00+00:00,2026-10-04 09:30:00-04:00,2026-10-04,IND,4.0
207731,c9d8ed8aa4889486eaf10a630138ede0,2026-09-29 07:36:51 EDT,2026-10-04,WAS,IND,WAS@IND,Fanatics,player_reception_yds,Keenan Allen,Under,30.5,105,2026-10-04 13:30:00+00:00,2026-10-04 09:30:00-04:00,2026-10-04,IND,4.0
207732,c9d8ed8aa4889486eaf10a630138ede0,2026-09-29 07:36:51 EDT,2026-10-04,WAS,IND,WAS@IND,DraftKings,player_tds_over,Jonathan Taylor,Over,1.5,190,2026-10-04 13:30:00+00:00,2026-10-04 09:30:00-04:00,2026-10-04,IND,4.0
207733,c9d8ed8aa4889486eaf10a630138ede0,2026-09-29 07:36:51 EDT,2026-10-04,WAS,IND,WAS@IND,DraftKings,player_tds_over,Jacory Croskey-Merritt,Over,1.5,650,2026-10-04 13:30:00+00:00,2026-10-04 09:30:00-04:00,2026-10-04,WAS,4.0
207734,c9d8ed8aa4889486eaf10a630138ede0,2026-09-29 07:36:51 EDT,2026-10-04,WAS,IND,WAS@IND,DraftKings,player_tds_over,Tyler Warren,Over,1.5,1200,2026-10-04 13:30:00+00:00,2026-10-04 09:30:00-04:00,2026-10-04,IND,4.0
207735,c9d8ed8aa4889486eaf10a630138ede0,2026-09-29 07:36:51 EDT,2026-10-04,WAS,IND,WAS@IND,DraftKings,player_tds_over,Josh Downs,Over,1.5,1400,2026-10-04 13:30:00+00:00,2026-10-04 09:30:00-04:00,2026-10-04,IND,4.0
207736,c9d8ed8aa4889486eaf10a630138ede0,2026-09-29 07:36:51 EDT,2026-10-04,WAS,IND,WAS@IND,DraftKings,player_tds_over,Terry McLaurin,Over,1.5,2000,2026-10-04 13:30:00+00:00,2026-10-04 09:30:00-04:00,2026-10-04,WAS,4.0
207737,c9d8ed8aa4889486eaf10a630138ede0,2026-09-29 07:36:51 EDT,2026-10-04,WAS,IND,WAS@IND,DraftKings,player_tds_over,Rachaad White,Over,1.5,2000,2026-10-04 13:30:00+00:00,2026-10-04 09:30:00-04:00,2026-10-04,WAS,4.0
207738,c9d8ed8aa4889486eaf10a630138ede0,2026-09-29 07:36:51 EDT,2026-10-04,WAS,IND,WAS@IND,DraftKings,player_tds_over,Keenan Allen,Over,1.5,2200,2026-10-04 13:30:00+00:00,2026-10-04 09:30:00-04:00,2026-10-04,IND,4.0
207739,c9d8ed8aa4889486eaf10a630138ede0,2026-09-29 07:36:51 EDT,2026-10-04,WAS,IND,WAS@IND,DraftKings,player_tds_over,Stefon Diggs,Over,1.5,2200,2026-10-04 13:30:00+00:00,2026-10-04 09:30:00-04:00,2026-10-04,WAS,4.0
207740,c9d8ed8aa4889486eaf10a630138ede0,2026-09-29 07:36:51 EDT,2026-10-04,WAS,IND,WAS@IND,DraftKings,player_tds_over,Chig Okonkwo,Over,1.5,4000,2026-10-04 13:30:00+00:00,2026-10-04 09:30:00-04:00,2026-10-04,WAS,4.0
207741,c9d8ed8aa4889486eaf10a630138ede0,2026-09-29 07:36:51 EDT,2026-10-04,WAS,IND,WAS@IND,DraftKings,player_tds_over,Marcus Mariota,Over,1.5,5000,2026-10-04 13:30:00+00:00,2026-10-04 09:30:00-04:00,2026-10-04,WAS,4.0
207743,c9d8ed8aa4889486eaf10a630138ede0,2026-09-29 07:36:51 EDT,2026-10-04,WAS,IND,WAS@IND,DraftKings,player_tds_over,Laquon Treadwell,Over,1.5,6000,2026-10-04 13:30:00+00:00,2026-10-04 09:30:00-04:00,2026-10-04,IND,4.0
207744,c9d8ed8aa4889486eaf10a630138ede0,2026-09-29 07:36:51 EDT,2026-10-04,WAS,IND,WAS@IND,DraftKings,player_tds_over,Antonio Williams,Over,1.5,6500,2026-10-04 13:30:00+00:00,2026-10-04 09:30:00-04:00,2026-10-04,WAS,4.0
207746,c9d8ed8aa4889486eaf10a630138ede0,2026-09-29 07:36:51 EDT,2026-10-04,WAS,IND,WAS@IND,DraftKings,player_tds_over,Ben Sinnott,Over,1.5,7500,2026-10-04 13:30:00+00:00,2026-10-04 09:30:00-04:00,2026-10-04,WAS,4.0
207747,c9d8ed8aa4889486eaf10a630138ede0,2026-09-29 07:36:51 EDT,2026-10-04,WAS,IND,WAS@IND,DraftKings,player_tds_over,Darius Slayton,Over,1.5,7500,2026-10-04 13:30:00+00:00,2026-10-04 09:30:00-04:00,2026-10-04,,4.0
207748,c9d8ed8aa4889486eaf10a630138ede0,2026-09-29 07:36:51 EDT,2026-10-04,WAS,IND,WAS@IND,DraftKings,player_tds_over,Dyami Brown,Over,1.5,10000,2026-10-04 13:30:00+00:00,2026-10-04 09:30:00-04:00,2026-10-04,WAS,4.0
207749,c9d8ed8aa4889486eaf10a630138ede0,2026-09-29 07:36:51 EDT,2026-10-04,WAS,IND,WAS@IND,DraftKings,player_tds_over,Seth McGowan,Over,1.5,10000,2026-10-04 13:30:00+00:00,2026-10-04 09:30:00-04:00,2026-10-04,IND,4.0
207750,c9d8ed8aa4889486eaf10a630138ede0,2026-09-29 07:36:51 EDT,2026-10-04,WAS,IND,WAS@IND,DraftKings,player_tds_over,Kaytron Allen,Over,1.5,13000,2026-10-04 13:30:00+00:00,2026-10-04 09:30:00-04:00,2026-10-04,WAS,4.0
207751,c9d8ed8aa4889486eaf10a630138ede0,2026-09-29 07:36:51 EDT,2026-10-04,WAS,IND,WAS@IND,DraftKings,player_tds_over,Mo Alie-Cox,Over,1.5,13000,2026-10-04 13:30:00+00:00,2026-10-04 09:30:00-04:00,2026-10-04,IND,4.0
207752,c9d8ed8aa4889486eaf10a630138ede0,2026-09-29 07:36:51 EDT,2026-10-04,WAS,IND,WAS@IND,DraftKings,player_tds_over,Treylon Burks,Over,1.5,14000,2026-10-04 13:30:00+00:00,2026-10-04 09:30:00-04:00,2026-10-04,WAS,4.0
207753,c9d8ed8aa4889486eaf10a630138ede0,2026-09-29 07:36:51 EDT,2026-10-04,WAS,IND,WAS@IND,DraftKings,player_tds_over,Jaylin Lane,Over,1.5,16000,2026-10-04 13:30:00+00:00,2026-10-04 09:30:00-04:00,2026-10-04,WAS,4.0
207754,c9d8ed8aa4889486eaf10a630138ede0,2026-09-29 07:36:51 EDT,2026-10-04,WAS,IND,WAS@IND,DraftKings,player_tds_over,Anthony Gould,Over,1.5,19000,2026-10-04 13:30:00+00:00,2026-10-04 09:30:00-04:00,2026-10-04,IND,4.0
207755,c9d8ed8aa4889486eaf10a630138ede0,2026-09-29 07:36:51 EDT,2026-10-04,WAS,IND,WAS@IND,Caesars,player_tds_over,Jonathan Taylor,Over,1.5,186,2026-10-04 13:30:00+00:00,2026-10-04 09:30:00-04:00,2026-10-04,IND,4.0
207756,c9d8ed8aa4889486eaf10a630138ede0,2026-09-29 07:36:51 EDT,2026-10-04,WAS,IND,WAS@IND,Caesars,player_tds_over,Jacory Croskey-Merritt,Over,1.5,600,2026-10-04 13:30:00+00:00,2026-10-04 09:30:00-04:00,2026-10-04,WAS,4.0
207757,c9d8ed8aa4889486eaf10a630138ede0,2026-09-29 07:36:51 EDT,2026-10-04,WAS,IND,WAS@IND,Caesars,player_tds_over,Tyler Warren,Over,1.5,1000,2026-10-04 13:30:00+00:00,2026-10-04 09:30:00-04:00,2026-10-04,IND,4.0
207758,c9d8ed8aa4889486eaf10a630138ede0,2026-09-29 07:36:51 EDT,2026-10-04,WAS,IND,WAS@IND,Caesars,player_tds_over,Josh Downs,Over,1.5,1200,2026-10-04 13:30:00+00:00,2026-10-04 09:30:00-04:00,2026-10-04,IND,4.0
207759,c9d8ed8aa4889486eaf10a630138ede0,2026-09-29 07:36:51 EDT,2026-10-04,WAS,IND,WAS@IND,Caesars,player_tds_over,Terry McLaurin,Over,1.5,1750,2026-10-04 13:30:00+00:00,2026-10-04 09:30:00-04:00,2026-10-04,WAS,4.0
207760,c9d8ed8aa4889486eaf10a630138ede0,2026-09-29 07:36:51 EDT,2026-10-04,WAS,IND,WAS@IND,Caesars,player_tds_over,Rachaad White,Over,1.5,1750,2026-10-04 13:30:00+00:00,2026-10-04 09:30:00-04:00,2026-10-04,WAS,4.0
207761,c9d8ed8aa4889486eaf10a630138ede0,2026-09-29 07:36:51 EDT,2026-10-04,WAS,IND,WAS@IND,Caesars,player_tds_over,Keenan Allen,Over,1.5,1800,2026-10-04 13:30:00+00:00,2026-10-04 09:30:00-04:00,2026-10-04,IND,4.0
207762,c9d8ed8aa4889486eaf10a630138ede0,2026-09-29 07:36:51 EDT,2026-10-04,WAS,IND,WAS@IND,Caesars,player_tds_over,Stefon Diggs,Over,1.5,2000,2026-10-04 13:30:00+00:00,2026-10-04 09:30:00-04:00,2026-10-04,WAS,4.0
207763,c9d8ed8aa4889486eaf10a630138ede0,2026-09-29 07:36:51 EDT,2026-10-04,WAS,IND,WAS@IND,Caesars,player_tds_over,Chig Okonkwo,Over,1.5,3300,2026-10-04 13:30:00+00:00,2026-10-04 09:30:00-04:00,2026-10-04,WAS,4.0
207764,c9d8ed8aa4889486eaf10a630138ede0,2026-09-29 07:36:51 EDT,2026-10-04,WAS,IND,WAS@IND,Caesars,player_tds_over,Marcus Mariota,Over,1.5,4000,2026-10-04 13:30:00+00:00,2026-10-04 09:30:00-04:00,2026-10-04,WAS,4.0
207765,c9d8ed8aa4889486eaf10a630138ede0,2026-09-29 07:36:51 EDT,2026-10-04,WAS,IND,WAS@IND,Caesars,player_tds_over,Daniel Jones,Over,1.5,4000,2026-10-04 13:30:00+00:00,2026-10-04 09:30:00-04:00,2026-10-04,IND,4.0
207766,c9d8ed8aa4889486eaf10a630138ede0,2026-09-29 07:36:51 EDT,2026-10-04,WAS,IND,WAS@IND,Caesars,player_tds_over,Laquon Treadwell,Over,1.5,4500,2026-10-04 13:30:00+00:00,2026-10-04 09:30:00-04:00,2026-10-04,IND,4.0
207767,c9d8ed8aa4889486eaf10a630138ede0,2026-09-29 07:36:51 EDT,2026-10-04,WAS,IND,WAS@IND,Caesars,player_tds_over,Darius Slayton,Over,1.5,6000,2026-10-04 13:30:00+00:00,2026-10-04 09:30:00-04:00,2026-10-04,,4.0
207768,c9d8ed8aa4889486eaf10a630138ede0,2026-09-29 07:36:51 EDT,2026-10-04,WAS,IND,WAS@IND,Caesars,player_tds_over,Antonio Williams,Over,1.5,6000,2026-10-04 13:30:00+00:00,2026-10-04 09:30:00-04:00,2026-10-04,WAS,4.0
207769,c9d8ed8aa4889486eaf10a630138ede0,2026-09-29 07:36:51 EDT,2026-10-04,WAS,IND,WAS@IND,Caesars,player_tds_over,John Bates,Over,1.5,7500,2026-10-04 13:30:00+00:00,2026-10-04 09:30:00-04:00,2026-10-04,WAS,4.0
207770,c9d8ed8aa4889486eaf10a630138ede0,2026-09-29 07:36:51 EDT,2026-10-04,WAS,IND,WAS@IND,Caesars,player_tds_over,Ben Sinnott,Over,1.5,7500,2026-10-04 13:30:00+00:00,2026-10-04 09:30:00-04:00,2026-10-04,WAS,4.0
207771,c9d8ed8aa4889486eaf10a630138ede0,2026-09-29 07:36:51 EDT,2026-10-04,WAS,IND,WAS@IND,Caesars,player_tds_over,Dyami Brown,Over,1.5,8500,2026-10-04 13:30:00+00:00,2026-10-04 09:30:00-04:00,2026-10-04,WAS,4.0
207772,c9d8ed8aa4889486eaf10a630138ede0,2026-09-29 07:36:51 EDT,2026-10-04,WAS,IND,WAS@IND,Caesars,player_tds_over,Seth McGowan,Over,1.5,10000,2026-10-04 13:30:00+00:00,2026-10-04 09:30:00-04:00,2026-10-04,IND,4.0
207773,c9d8ed8aa4889486eaf10a630138ede0,2026-09-29 07:36:51 EDT,2026-10-04,WAS,IND,WAS@IND,Caesars,player_tds_over,Treylon Burks,Over,1.5,15000,2026-10-04 13:30:00+00:00,2026-10-04 09:30:00-04:00,2026-10-04,WAS,4.0
207774,c9d8ed8aa4889486eaf10a630138ede0,2026-09-29 07:36:51 EDT,2026-10-04,WAS,IND,WAS@IND,Caesars,player_tds_over,Mo Alie-Cox,Over,1.5,15000,2026-10-04 13:30:00+00:00,2026-10-04 09:30:00-04:00,2026-10-04,IND,4.0
207775,c9d8ed8aa4889486eaf10a630138ede0,2026-09-29 07:36:51 EDT,2026-10-04,WAS,IND,WAS@IND,Caesars,player_tds_over,Kaytron Allen,Over,1.5,15000,2026-10-04 13:30:00+00:00,2026-10-04 09:30:00-04:00,2026-10-04,WAS,4.0
207776,c9d8ed8aa4889486eaf10a630138ede0,2026-09-29 07:36:51 EDT,2026-10-04,WAS,IND,WAS@IND,Caesars,player_tds_over,Jaylin Lane,Over,1.5,22500,2026-10-04 13:30:00+00:00,2026-10-04 09:30:00-04:00,2026-10-04,WAS,4.0
207777,c9d8ed8aa4889486eaf10a630138ede0,2026-09-29 07:36:51 EDT,2026-10-04,WAS,IND,WAS@IND,Caesars,player_tds_over,Jonathan Taylor,Over,2.5,600,2026-10-04 13:30:00+00:00,2026-10-04 09:30:00-04:00,2026-10-04,IND,4.0
207778,c9d8ed8aa4889486eaf10a630138ede0,2026-09-29 07:36:51 EDT,2026-10-04,WAS,IND,WAS@IND,Caesars,player_tds_over,Jacory Croskey-Merritt,Over,2.5,3500,2026-10-04 13:30:00+00:00,2026-10-04 09:30:00-04:00,2026-10-04,WAS,4.0
207779,c9d8ed8aa4889486eaf10a630138ede0,2026-09-29 07:36:51 EDT,2026-10-04,WAS,IND,WAS@IND,Caesars,player_tds_over,Tyler Warren,Over,2.5,8500,2026-10-04 13:30:00+00:00,2026-10-04 09:30:00-04:00,2026-10-04,IND,4.0
207780,c9d8ed8aa4889486eaf10a630138ede0,2026-09-29 07:36:51 EDT,2026-10-04,WAS,IND,WAS@IND,Caesars,player_tds_over,Josh Downs,Over,2.5,10000,2026-10-04 13:30:00+00:00,2026-10-04 09:30:00-04:00,2026-10-04,IND,4.0
207781,c9d8ed8aa4889486eaf10a630138ede0,2026-09-29 07:36:51 EDT,2026-10-04,WAS,IND,WAS@IND,Caesars,player_tds_over,Terry McLaurin,Over,2.5,20000,2026-10-04 13:30:00+00:00,2026-10-04 09:30:00-04:00,2026-10-04,WAS,4.0
207782,c9d8ed8aa4889486eaf10a630138ede0,2026-09-29 07:36:51 EDT,2026-10-04,WAS,IND,WAS@IND,Caesars,player_tds_over,Rachaad White,Over,2.5,20000,2026-10-04 13:30:00+00:00,2026-10-04 09:30:00-04:00,2026-10-04,WAS,4.0
207783,c9d8ed8aa4889486eaf10a630138ede0,2026-09-29 07:36:51 EDT,2026-10-04,WAS,IND,WAS@IND,Caesars,player_tds_over,Jonathan Taylor,Over,3.5,2500,2026-10-04 13:30:00+00:00,2026-10-04 09:30:00-04:00,2026-10-04,IND,4.0
207784,c9d8ed8aa4889486eaf10a630138ede0,2026-09-29 07:36:51 EDT,2026-10-04,WAS,IND,WAS@IND,FanDuel,player_tds_over,Jonathan Taylor,Over,2.5,850,2026-10-04 13:30:00+00:00,2026-10-04 09:30:00-04:00,2026-10-04,IND,4.0
207785,c9d8ed8aa4889486eaf10a630138ede0,2026-09-29 07:36:51 EDT,2026-10-04,WAS,IND,WAS@IND,FanDuel,player_tds_over,Jacory Croskey-Merritt,Over,2.5,4000,2026-10-04 13:30:00+00:00,2026-10-04 09:30:00-04:00,2026-10-04,WAS,4.0
207786,c9d8ed8aa4889486eaf10a630138ede0,2026-09-29 07:36:51 EDT,2026-10-04,WAS,IND,WAS@IND,FanDuel,player_tds_over,Tyler Warren,Over,2.5,10000,2026-10-04 13:30:00+00:00,2026-10-04 09:30:00-04:00,2026-10-04,IND,4.0
207787,c9d8ed8aa4889486eaf10a630138ede0,2026-09-29 07:36:51 EDT,2026-10-04,WAS,IND,WAS@IND,FanDuel,player_tds_over,Josh Downs,Over,2.5,12500,2026-10-04 13:30:00+00:00,2026-10-04 09:30:00-04:00,2026-10-04,IND,4.0
207788,c9d8ed8aa4889486eaf10a630138ede0,2026-09-29 07:36:51 EDT,2026-10-04,WAS,IND,WAS@IND,FanDuel,player_tds_over,Jonathan Taylor,Over,1.5,195,2026-10-04 13:30:00+00:00,2026-10-04 09:30:00-04:00,2026-10-04,IND,4.0
207789,c9d8ed8aa4889486eaf10a630138ede0,2026-09-29 07:36:51 EDT,2026-10-04,WAS,IND,WAS@IND,FanDuel,player_tds_over,Jacory Croskey-Merritt,Over,1.5,750,2026-10-04 13:30:00+00:00,2026-10-04 09:30:00-04:00,2026-10-04,WAS,4.0
207790,c9d8ed8aa4889486eaf10a630138ede0,2026-09-29 07:36:51 EDT,2026-10-04,WAS,IND,WAS@IND,FanDuel,player_tds_over,Tyler Warren,Over,1.5,1400,2026-10-04 13:30:00+00:00,2026-10-04 09:30:00-04:00,2026-10-04,IND,4.0
207791,c9d8ed8aa4889486eaf10a630138ede0,2026-09-29 07:36:51 EDT,2026-10-04,WAS,IND,WAS@IND,FanDuel,player_tds_over,Josh Downs,Over,1.5,1600,2026-10-04 13:30:00+00:00,2026-10-04 09:30:00-04:00,2026-10-04,IND,4.0
207792,c9d8ed8aa4889486eaf10a630138ede0,2026-09-29 07:36:51 EDT,2026-10-04,WAS,IND,WAS@IND,FanDuel,player_tds_over,Stefon Diggs,Over,1.5,2500,2026-10-04 13:30:00+00:00,2026-10-04 09:30:00-04:00,2026-10-04,WAS,4.0
207793,c9d8ed8aa4889486eaf10a630138ede0,2026-09-29 07:36:51 EDT,2026-10-04,WAS,IND,WAS@IND,FanDuel,player_tds_over,Terry McLaurin,Over,1.5,2500,2026-10-04 13:30:00+00:00,2026-10-04 09:30:00-04:00,2026-10-04,WAS,4.0
207794,c9d8ed8aa4889486eaf10a630138ede0,2026-09-29 07:36:51 EDT,2026-10-04,WAS,IND,WAS@IND,FanDuel,player_tds_over,Rachaad White,Over,1.5,2700,2026-10-04 13:30:00+00:00,2026-10-04 09:30:00-04:00,2026-10-04,WAS,4.0
207795,c9d8ed8aa4889486eaf10a630138ede0,2026-09-29 07:36:51 EDT,2026-10-04,WAS,IND,WAS@IND,FanDuel,player_tds_over,Keenan Allen,Over,1.5,3000,2026-10-04 13:30:00+00:00,2026-10-04 09:30:00-04:00,2026-10-04,IND,4.0
207796,c9d8ed8aa4889486eaf10a630138ede0,2026-09-29 07:36:51 EDT,2026-10-04,WAS,IND,WAS@IND,FanDuel,player_tds_over,Daniel Jones,Over,1.5,4000,2026-10-04 13:30:00+00:00,2026-10-04 09:30:00-04:00,2026-10-04,IND,4.0
207797,c9d8ed8aa4889486eaf10a630138ede0,2026-09-29 07:36:51 EDT,2026-10-04,WAS,IND,WAS@IND,FanDuel,player_tds_over,Chig Okonkwo,Over,1.5,5000,2026-10-04 13:30:00+00:00,2026-10-04 09:30:00-04:00,2026-10-04,WAS,4.0
207798,c9d8ed8aa4889486eaf10a630138ede0,2026-09-29 07:36:51 EDT,2026-10-04,WAS,IND,WAS@IND,FanDuel,player_tds_over,Marcus Mariota,Over,1.5,5500,2026-10-04 13:30:00+00:00,2026-10-04 09:30:00-04:00,2026-10-04,WAS,4.0
207799,c9d8ed8aa4889486eaf10a630138ede0,2026-09-29 07:36:51 EDT,2026-10-04,WAS,IND,WAS@IND,FanDuel,player_tds_over,Laquon Treadwell,Over,1.5,6000,2026-10-04 13:30:00+00:00,2026-10-04 09:30:00-04:00,2026-10-04,IND,4.0
207800,c9d8ed8aa4889486eaf10a630138ede0,2026-09-29 07:36:51 EDT,2026-10-04,WAS,IND,WAS@IND,FanDuel,player_tds_over,Darius Slayton,Over,1.5,7500,2026-10-04 13:30:00+00:00,2026-10-04 09:30:00-04:00,2026-10-04,,4.0
207803,c9d8ed8aa4889486eaf10a630138ede0,2026-09-29 07:36:51 EDT,2026-10-04,WAS,IND,WAS@IND,FanDuel,player_tds_over,John Bates,Over,1.5,8000,2026-10-04 13:30:00+00:00,2026-10-04 09:30:00-04:00,2026-10-04,WAS,4.0
207804,c9d8ed8aa4889486eaf10a630138ede0,2026-09-29 07:36:51 EDT,2026-10-04,WAS,IND,WAS@IND,FanDuel,player_tds_over,Antonio Williams,Over,1.5,8000,2026-10-04 13:30:00+00:00,2026-10-04 09:30:00-04:00,2026-10-04,WAS,4.0
207805,c9d8ed8aa4889486eaf10a630138ede0,2026-09-29 07:36:51 EDT,2026-10-04,WAS,IND,WAS@IND,FanDuel,player_tds_over,Ben Sinnott,Over,1.5,8000,2026-10-04 13:30:00+00:00,2026-10-04 09:30:00-04:00,2026-10-04,WAS,4.0
207806,c9d8ed8aa4889486eaf10a630138ede0,2026-09-29 07:36:51 EDT,2026-10-04,WAS,IND,WAS@IND,FanDuel,player_tds_over,Dyami Brown,Over,1.5,10000,2026-10-04 13:30:00+00:00,2026-10-04 09:30:00-04:00,2026-10-04,WAS,4.0
207807,c9d8ed8aa4889486eaf10a630138ede0,2026-09-29 07:36:51 EDT,2026-10-04,WAS,IND,WAS@IND,FanDuel,player_tds_over,Seth McGowan,Over,1.5,10000,2026-10-04 13:30:00+00:00,2026-10-04 09:30:00-04:00,2026-10-04,IND,4.0
207808,c9d8ed8aa4889486eaf10a630138ede0,2026-09-29 07:36:51 EDT,2026-10-04,WAS,IND,WAS@IND,FanDuel,player_tds_over,Jonathan Taylor,Over,3.5,4000,2026-10-04 13:30:00+00:00,2026-10-04 09:30:00-04:00,2026-10-04,IND,4.0
207809,c9d8ed8aa4889486eaf10a630138ede0,2026-09-29 07:36:51 EDT,2026-10-04,WAS,IND,WAS@IND,BetMGM,player_tds_over,Jacory Croskey-Merritt,Over,2.5,3500,2026-10-04 13:30:00+00:00,2026-10-04 09:30:00-04:00,2026-10-04,WAS,4.0
207810,c9d8ed8aa4889486eaf10a630138ede0,2026-09-29 07:36:51 EDT,2026-10-04,WAS,IND,WAS@IND,BetMGM,player_tds_over,Jacory Croskey-Merritt,Over,1.5,675,2026-10-04 13:30:00+00:00,2026-10-04 09:30:00-04:00,2026-10-04,WAS,4.0
207811,c9d8ed8aa4889486eaf10a630138ede0,2026-09-29 07:36:51 EDT,2026-10-04,WAS,IND,WAS@IND,BetMGM,player_tds_over,Stefon Diggs,Over,1.5,1650,2026-10-04 13:30:00+00:00,2026-10-04 09:30:00-04:00,2026-10-04,WAS,4.0
207812,c9d8ed8aa4889486eaf10a630138ede0,2026-09-29 07:36:51 EDT,2026-10-04,WAS,IND,WAS@IND,BetMGM,player_tds_over,John Bates,Over,1.5,8000,2026-10-04 13:30:00+00:00,2026-10-04 09:30:00-04:00,2026-10-04,WAS,4.0
207813,c9d8ed8aa4889486eaf10a630138ede0,2026-09-29 07:36:51 EDT,2026-10-04,WAS,IND,WAS@IND,BetMGM,player_tds_over,John Bates,Over,2.5,12500,2026-10-04 13:30:00+00:00,2026-10-04 09:30:00-04:00,2026-10-04,WAS,4.0
207814,c9d8ed8aa4889486eaf10a630138ede0,2026-09-29 07:36:51 EDT,2026-10-04,WAS,IND,WAS@IND,BetMGM,player_tds_over,Keenan Allen,Over,1.5,2500,2026-10-04 13:30:00+00:00,2026-10-04 09:30:00-04:00,2026-10-04,IND,4.0
207815,c9d8ed8aa4889486eaf10a630138ede0,2026-09-29 07:36:51 EDT,2026-10-04,WAS,IND,WAS@IND,BetMGM,player_tds_over,Kaytron Allen,Over,2.5,15000,2026-10-04 13:30:00+00:00,2026-10-04 09:30:00-04:00,2026-10-04,WAS,4.0
207816,c9d8ed8aa4889486eaf10a630138ede0,2026-09-29 07:36:51 EDT,2026-10-04,WAS,IND,WAS@IND,BetMGM,player_tds_over,Seth McGowan,Over,2.5,12500,2026-10-04 13:30:00+00:00,2026-10-04 09:30:00-04:00,2026-10-04,IND,4.0
207817,c9d8ed8aa4889486eaf10a630138ede0,2026-09-29 07:36:51 EDT,2026-10-04,WAS,IND,WAS@IND,BetMGM,player_tds_over,Stefon Diggs,Over,2.5,8000,2026-10-04 13:30:00+00:00,2026-10-04 09:30:00-04:00,2026-10-04,WAS,4.0
207819,c9d8ed8aa4889486eaf10a630138ede0,2026-09-29 07:36:51 EDT,2026-10-04,WAS,IND,WAS@IND,BetMGM,player_tds_over,Jaylin Lane,Over,1.5,5000,2026-10-04 13:30:00+00:00,2026-10-04 09:30:00-04:00,2026-10-04,WAS,4.0
207820,c9d8ed8aa4889486eaf10a630138ede0,2026-09-29 07:36:51 EDT,2026-10-04,WAS,IND,WAS@IND,BetMGM,player_tds_over,Tyler Warren,Over,2.5,6600,2026-10-04 13:30:00+00:00,2026-10-04 09:30:00-04:00,2026-10-04,IND,4.0
207821,c9d8ed8aa4889486eaf10a630138ede0,2026-09-29 07:36:51 EDT,2026-10-04,WAS,IND,WAS@IND,BetMGM,player_tds_over,Chig Okonkwo,Over,2.5,5000,2026-10-04 13:30:00+00:00,2026-10-04 09:30:00-04:00,2026-10-04,WAS,4.0
207822,c9d8ed8aa4889486eaf10a630138ede0,2026-09-29 07:36:51 EDT,2026-10-04,WAS,IND,WAS@IND,BetMGM,player_tds_over,Jonathan Taylor,Over,2.5,775,2026-10-04 13:30:00+00:00,2026-10-04 09:30:00-04:00,2026-10-04,IND,4.0
207823,c9d8ed8aa4889486eaf10a630138ede0,2026-09-29 07:36:51 EDT,2026-10-04,WAS,IND,WAS@IND,BetMGM,player_tds_over,Dyami Brown,Over,1.5,9000,2026-10-04 13:30:00+00:00,2026-10-04 09:30:00-04:00,2026-10-04,WAS,4.0
207824,c9d8ed8aa4889486eaf10a630138ede0,2026-09-29 07:36:51 EDT,2026-10-04,WAS,IND,WAS@IND,BetMGM,player_tds_over,Tyler Warren,Over,1.5,1350,2026-10-04 13:30:00+00:00,2026-10-04 09:30:00-04:00,2026-10-04,IND,4.0
207825,c9d8ed8aa4889486eaf10a630138ede0,2026-09-29 07:36:51 EDT,2026-10-04,WAS,IND,WAS@IND,BetMGM,player_tds_over,Josh Downs,Over,1.5,1300,2026-10-04 13:30:00+00:00,2026-10-04 09:30:00-04:00,2026-10-04,IND,4.0
207826,c9d8ed8aa4889486eaf10a630138ede0,2026-09-29 07:36:51 EDT,2026-10-04,WAS,IND,WAS@IND,BetMGM,player_tds_over,Seth McGowan,Over,1.5,8000,2026-10-04 13:30:00+00:00,2026-10-04 09:30:00-04:00,2026-10-04,IND,4.0
207828,c9d8ed8aa4889486eaf10a630138ede0,2026-09-29 07:36:51 EDT,2026-10-04,WAS,IND,WAS@IND,BetMGM,player_tds_over,Chig Okonkwo,Over,1.5,3500,2026-10-04 13:30:00+00:00,2026-10-04 09:30:00-04:00,2026-10-04,WAS,4.0
207829,c9d8ed8aa4889486eaf10a630138ede0,2026-09-29 07:36:51 EDT,2026-10-04,WAS,IND,WAS@IND,BetMGM,player_tds_over,Laquon Treadwell,Over,2.5,12500,2026-10-04 13:30:00+00:00,2026-10-04 09:30:00-04:00,2026-10-04,IND,4.0
207830,c9d8ed8aa4889486eaf10a630138ede0,2026-09-29 07:36:51 EDT,2026-10-04,WAS,IND,WAS@IND,BetMGM,player_tds_over,Marcus Mariota,Over,1.5,3300,2026-10-04 13:30:00+00:00,2026-10-04 09:30:00-04:00,2026-10-04,WAS,4.0
207831,c9d8ed8aa4889486eaf10a630138ede0,2026-09-29 07:36:51 EDT,2026-10-04,WAS,IND,WAS@IND,BetMGM,player_tds_over,Terry McLaurin,Over,2.5,8000,2026-10-04 13:30:00+00:00,2026-10-04 09:30:00-04:00,2026-10-04,WAS,4.0
207832,c9d8ed8aa4889486eaf10a630138ede0,2026-09-29 07:36:51 EDT,2026-10-04,WAS,IND,WAS@IND,BetMGM,player_tds_over,Jonathan Taylor,Over,1.5,190,2026-10-04 13:30:00+00:00,2026-10-04 09:30:00-04:00,2026-10-04,IND,4.0
207834,c9d8ed8aa4889486eaf10a630138ede0,2026-09-29 07:36:51 EDT,2026-10-04,WAS,IND,WAS@IND,BetMGM,player_tds_over,Kaytron Allen,Over,1.5,9000,2026-10-04 13:30:00+00:00,2026-10-04 09:30:00-04:00,2026-10-04,WAS,4.0
207836,c9d8ed8aa4889486eaf10a630138ede0,2026-09-29 07:36:51 EDT,2026-10-04,WAS,IND,WAS@IND,BetMGM,player_tds_over,Marcus Mariota,Over,2.5,10000,2026-10-04 13:30:00+00:00,2026-10-04 09:30:00-04:00,2026-10-04,WAS,4.0
207837,c9d8ed8aa4889486eaf10a630138ede0,2026-09-29 07:36:51 EDT,2026-10-04,WAS,IND,WAS@IND,BetMGM,player_tds_over,Daniel Jones,Over,2.5,12500,2026-10-04 13:30:00+00:00,2026-10-04 09:30:00-04:00,2026-10-04,IND,4.0
207838,c9d8ed8aa4889486eaf10a630138ede0,2026-09-29 07:36:51 EDT,2026-10-04,WAS,IND,WAS@IND,BetMGM,player_tds_over,Terry McLaurin,Over,1.5,1750,2026-10-04 13:30:00+00:00,2026-10-04 09:30:00-04:00,2026-10-04,WAS,4.0
207839,c9d8ed8aa4889486eaf10a630138ede0,2026-09-29 07:36:51 EDT,2026-10-04,WAS,IND,WAS@IND,BetMGM,player_tds_over,Josh Downs,Over,2.5,6600,2026-10-04 13:30:00+00:00,2026-10-04 09:30:00-04:00,2026-10-04,IND,4.0
207840,c9d8ed8aa4889486eaf10a630138ede0,2026-09-29 07:36:51 EDT,2026-10-04,WAS,IND,WAS@IND,BetMGM,player_tds_over,Mo Alie-Cox,Over,1.5,10000,2026-10-04 13:30:00+00:00,2026-10-04 09:30:00-04:00,2026-10-04,IND,4.0
207841,c9d8ed8aa4889486eaf10a630138ede0,2026-09-29 07:36:51 EDT,2026-10-04,WAS,IND,WAS@IND,BetMGM,player_tds_over,Daniel Jones,Over,1.5,4000,2026-10-04 13:30:00+00:00,2026-10-04 09:30:00-04:00,2026-10-04,IND,4.0
207842,c9d8ed8aa4889486eaf10a630138ede0,2026-09-29 07:36:51 EDT,2026-10-04,WAS,IND,WAS@IND,BetMGM,player_tds_over,Antonio Williams,Over,1.5,6000,2026-10-04 13:30:00+00:00,2026-10-04 09:30:00-04:00,2026-10-04,WAS,4.0
207843,c9d8ed8aa4889486eaf10a630138ede0,2026-09-29 07:36:51 EDT,2026-10-04,WAS,IND,WAS@IND,BetMGM,player_tds_over,Treylon Burks,Over,2.5,12500,2026-10-04 13:30:00+00:00,2026-10-04 09:30:00-04:00,2026-10-04,WAS,4.0
207844,c9d8ed8aa4889486eaf10a630138ede0,2026-09-29 07:36:51 EDT,2026-10-04,WAS,IND,WAS@IND,BetMGM,player_tds_over,Dyami Brown,Over,2.5,15000,2026-10-04 13:30:00+00:00,2026-10-04 09:30:00-04:00,2026-10-04,WAS,4.0
207845,c9d8ed8aa4889486eaf10a630138ede0,2026-09-29 07:36:51 EDT,2026-10-04,WAS,IND,WAS@IND,BetMGM,player_tds_over,Rachaad White,Over,2.5,8000,2026-10-04 13:30:00+00:00,2026-10-04 09:30:00-04:00,2026-10-04,WAS,4.0
207846,c9d8ed8aa4889486eaf10a630138ede0,2026-09-29 07:36:51 EDT,2026-10-04,WAS,IND,WAS@IND,BetMGM,player_tds_over,Laquon Treadwell,Over,1.5,4000,2026-10-04 13:30:00+00:00,2026-10-04 09:30:00-04:00,2026-10-04,IND,4.0
207847,c9d8ed8aa4889486eaf10a630138ede0,2026-09-29 07:36:51 EDT,2026-10-04,WAS,IND,WAS@IND,BetMGM,player_tds_over,Antonio Williams,Over,2.5,15000,2026-10-04 13:30:00+00:00,2026-10-04 09:30:00-04:00,2026-10-04,WAS,4.0
207848,c9d8ed8aa4889486eaf10a630138ede0,2026-09-29 07:36:51 EDT,2026-10-04,WAS,IND,WAS@IND,BetMGM,player_tds_over,Treylon Burks,Over,1.5,8000,2026-10-04 13:30:00+00:00,2026-10-04 09:30:00-04:00,2026-10-04,WAS,4.0
207849,c9d8ed8aa4889486eaf10a630138ede0,2026-09-29 07:36:51 EDT,2026-10-04,WAS,IND,WAS@IND,BetMGM,player_tds_over,Keenan Allen,Over,2.5,10000,2026-10-04 13:30:00+00:00,2026-10-04 09:30:00-04:00,2026-10-04,IND,4.0
207850,c9d8ed8aa4889486eaf10a630138ede0,2026-09-29 07:36:51 EDT,2026-10-04,WAS,IND,WAS@IND,BetMGM,player_tds_over,Rachaad White,Over,1.5,1800,2026-10-04 13:30:00+00:00,2026-10-04 09:30:00-04:00,2026-10-04,WAS,4.0
207851,c9d8ed8aa4889486eaf10a630138ede0,2026-09-29 07:36:51 EDT,2026-10-04,WAS,IND,WAS@IND,Bovada,player_tds_over,Stefon Diggs,Over,1.5,2200,2026-10-04 13:30:00+00:00,2026-10-04 09:30:00-04:00,2026-10-04,WAS,4.0
207852,c9d8ed8aa4889486eaf10a630138ede0,2026-09-29 07:36:51 EDT,2026-10-04,WAS,IND,WAS@IND,Bovada,player_tds_over,Chig Okonkwo,Over,1.5,4000,2026-10-04 13:30:00+00:00,2026-10-04 09:30:00-04:00,2026-10-04,WAS,4.0
207853,c9d8ed8aa4889486eaf10a630138ede0,2026-09-29 07:36:51 EDT,2026-10-04,WAS,IND,WAS@IND,Bovada,player_tds_over,Marcus Mariota,Over,1.5,5000,2026-10-04 13:30:00+00:00,2026-10-04 09:30:00-04:00,2026-10-04,WAS,4.0
207854,c9d8ed8aa4889486eaf10a630138ede0,2026-09-29 07:36:51 EDT,2026-10-04,WAS,IND,WAS@IND,Bovada,player_tds_over,Antonio Williams,Over,1.5,6500,2026-10-04 13:30:00+00:00,2026-10-04 09:30:00-04:00,2026-10-04,WAS,4.0
207855,c9d8ed8aa4889486eaf10a630138ede0,2026-09-29 07:36:51 EDT,2026-10-04,WAS,IND,WAS@IND,Bovada,player_tds_over,Rachaad White,Over,1.5,2000,2026-10-04 13:30:00+00:00,2026-10-04 09:30:00-04:00,2026-10-04,WAS,4.0
207856,c9d8ed8aa4889486eaf10a630138ede0,2026-09-29 07:36:51 EDT,2026-10-04,WAS,IND,WAS@IND,Bovada,player_tds_over,Jacory Croskey-Merritt,Over,1.5,650,2026-10-04 13:30:00+00:00,2026-10-04 09:30:00-04:00,2026-10-04,WAS,4.0
207857,c9d8ed8aa4889486eaf10a630138ede0,2026-09-29 07:36:51 EDT,2026-10-04,WAS,IND,WAS@IND,Bovada,player_tds_over,Jaylin Lane,Over,1.5,15000,2026-10-04 13:30:00+00:00,2026-10-04 09:30:00-04:00,2026-10-04,WAS,4.0
207858,c9d8ed8aa4889486eaf10a630138ede0,2026-09-29 07:36:51 EDT,2026-10-04,WAS,IND,WAS@IND,Bovada,player_tds_over,Terry McLaurin,Over,1.5,2000,2026-10-04 13:30:00+00:00,2026-10-04 09:30:00-04:00,2026-10-04,WAS,4.0
207859,c9d8ed8aa4889486eaf10a630138ede0,2026-09-29 07:36:51 EDT,2026-10-04,WAS,IND,WAS@IND,Bovada,player_tds_over,Treylon Burks,Over,1.5,12500,2026-10-04 13:30:00+00:00,2026-10-04 09:30:00-04:00,2026-10-04,WAS,4.0
207860,c9d8ed8aa4889486eaf10a630138ede0,2026-09-29 07:36:51 EDT,2026-10-04,WAS,IND,WAS@IND,Bovada,player_tds_over,Ben Sinnott,Over,1.5,7500,2026-10-04 13:30:00+00:00,2026-10-04 09:30:00-04:00,2026-10-04,WAS,4.0
207861,c9d8ed8aa4889486eaf10a630138ede0,2026-09-29 07:36:51 EDT,2026-10-04,WAS,IND,WAS@IND,Bovada,player_tds_over,Kaytron Allen,Over,1.5,12500,2026-10-04 13:30:00+00:00,2026-10-04 09:30:00-04:00,2026-10-04,WAS,4.0
207862,c9d8ed8aa4889486eaf10a630138ede0,2026-09-29 07:36:51 EDT,2026-10-04,WAS,IND,WAS@IND,Bovada,player_tds_over,Dyami Brown,Over,1.5,10000,2026-10-04 13:30:00+00:00,2026-10-04 09:30:00-04:00,2026-10-04,WAS,4.0
207865,c9d8ed8aa4889486eaf10a630138ede0,2026-09-29 07:36:51 EDT,2026-10-04,WAS,IND,WAS@IND,Bovada,player_tds_over,Anthony Gould,Over,1.5,17500,2026-10-04 13:30:00+00:00,2026-10-04 09:30:00-04:00,2026-10-04,IND,4.0
207866,c9d8ed8aa4889486eaf10a630138ede0,2026-09-29 07:36:51 EDT,2026-10-04,WAS,IND,WAS@IND,Bovada,player_tds_over,Tyler Warren,Over,1.5,1200,2026-10-04 13:30:00+00:00,2026-10-04 09:30:00-04:00,2026-10-04,IND,4.0
207867,c9d8ed8aa4889486eaf10a630138ede0,2026-09-29 07:36:51 EDT,2026-10-04,WAS,IND,WAS@IND,Bovada,player_tds_over,Josh Downs,Over,1.5,1400,2026-10-04 13:30:00+00:00,2026-10-04 09:30:00-04:00,2026-10-04,IND,4.0
207868,c9d8ed8aa4889486eaf10a630138ede0,2026-09-29 07:36:51 EDT,2026-10-04,WAS,IND,WAS@IND,Bovada,player_tds_over,Seth McGowan,Over,1.5,10000,2026-10-04 13:30:00+00:00,2026-10-04 09:30:00-04:00,2026-10-04,IND,4.0
207869,c9d8ed8aa4889486eaf10a630138ede0,2026-09-29 07:36:51 EDT,2026-10-04,WAS,IND,WAS@IND,Bovada,player_tds_over,Keenan Allen,Over,1.5,2200,2026-10-04 13:30:00+00:00,2026-10-04 09:30:00-04:00,2026-10-04,IND,4.0
207870,c9d8ed8aa4889486eaf10a630138ede0,2026-09-29 07:36:51 EDT,2026-10-04,WAS,IND,WAS@IND,Bovada,player_tds_over,Jonathan Taylor,Over,1.5,190,2026-10-04 13:30:00+00:00,2026-10-04 09:30:00-04:00,2026-10-04,IND,4.0
207871,c9d8ed8aa4889486eaf10a630138ede0,2026-09-29 07:36:51 EDT,2026-10-04,WAS,IND,WAS@IND,Bovada,player_tds_over,Laquon Treadwell,Over,1.5,6000,2026-10-04 13:30:00+00:00,2026-10-04 09:30:00-04:00,2026-10-04,IND,4.0
207872,c9d8ed8aa4889486eaf10a630138ede0,2026-09-29 07:36:51 EDT,2026-10-04,WAS,IND,WAS@IND,Bovada,player_tds_over,Mo Alie-Cox,Over,1.5,12500,2026-10-04 13:30:00+00:00,2026-10-04 09:30:00-04:00,2026-10-04,IND,4.0
207873,c9d8ed8aa4889486eaf10a630138ede0,2026-09-29 07:36:51 EDT,2026-10-04,WAS,IND,WAS@IND,Bovada,player_tds_over,Darius Slayton,Over,1.5,7500,2026-10-04 13:30:00+00:00,2026-10-04 09:30:00-04:00,2026-10-04,,4.0
207874,c9d8ed8aa4889486eaf10a630138ede0,2026-09-29 07:36:51 EDT,2026-10-04,WAS,IND,WAS@IND,BetOnline.ag,player_tds_over,Jonathan Taylor,Over,2.5,900,2026-10-04 13:30:00+00:00,2026-10-04 09:30:00-04:00,2026-10-04,IND,4.0
207875,c9d8ed8aa4889486eaf10a630138ede0,2026-09-29 07:36:51 EDT,2026-10-04,WAS,IND,WAS@IND,BetOnline.ag,player_tds_over,Jonathan Taylor,Over,0.5,-333,2026-10-04 13:30:00+00:00,2026-10-04 09:30:00-04:00,2026-10-04,IND,4.0
207876,c9d8ed8aa4889486eaf10a630138ede0,2026-09-29 07:36:51 EDT,2026-10-04,WAS,IND,WAS@IND,BetOnline.ag,player_tds_over,Jonathan Taylor,Over,1.5,150,2026-10-04 13:30:00+00:00,2026-10-04 09:30:00-04:00,2026-10-04,IND,4.0
207877,c9d8ed8aa4889486eaf10a630138ede0,2026-09-29 07:36:51 EDT,2026-10-04,WAS,IND,WAS@IND,BetOnline.ag,player_tds_over,Dyami Brown,Over,0.5,600,2026-10-04 13:30:00+00:00,2026-10-04 09:30:00-04:00,2026-10-04,WAS,4.0
207878,c9d8ed8aa4889486eaf10a630138ede0,2026-09-29 07:36:51 EDT,2026-10-04,WAS,IND,WAS@IND,BetOnline.ag,player_tds_over,Dyami Brown,Over,2.5,20000,2026-10-04 13:30:00+00:00,2026-10-04 09:30:00-04:00,2026-10-04,WAS,4.0
207879,c9d8ed8aa4889486eaf10a630138ede0,2026-09-29 07:36:51 EDT,2026-10-04,WAS,IND,WAS@IND,BetOnline.ag,player_tds_over,Dyami Brown,Over,1.5,4900,2026-10-04 13:30:00+00:00,2026-10-04 09:30:00-04:00,2026-10-04,WAS,4.0
207880,c9d8ed8aa4889486eaf10a630138ede0,2026-09-29 07:36:51 EDT,2026-10-04,WAS,IND,WAS@IND,BetOnline.ag,player_tds_over,John Bates,Over,1.5,5400,2026-10-04 13:30:00+00:00,2026-10-04 09:30:00-04:00,2026-10-04,WAS,4.0
207881,c9d8ed8aa4889486eaf10a630138ede0,2026-09-29 07:36:51 EDT,2026-10-04,WAS,IND,WAS@IND,BetOnline.ag,player_tds_over,John Bates,Over,2.5,20000,2026-10-04 13:30:00+00:00,2026-10-04 09:30:00-04:00,2026-10-04,WAS,4.0
207882,c9d8ed8aa4889486eaf10a630138ede0,2026-09-29 07:36:51 EDT,2026-10-04,WAS,IND,WAS@IND,BetOnline.ag,player_tds_over,John Bates,Over,0.5,650,2026-10-04 13:30:00+00:00,2026-10-04 09:30:00-04:00,2026-10-04,WAS,4.0
207883,c9d8ed8aa4889486eaf10a630138ede0,2026-09-29 07:36:51 EDT,2026-10-04,WAS,IND,WAS@IND,BetOnline.ag,player_tds_over,Terry McLaurin,Over,2.5,9400,2026-10-04 13:30:00+00:00,2026-10-04 09:30:00-04:00,2026-10-04,WAS,4.0
207884,c9d8ed8aa4889486eaf10a630138ede0,2026-09-29 07:36:51 EDT,2026-10-04,WAS,IND,WAS@IND,BetOnline.ag,player_tds_over,Terry McLaurin,Over,0.5,220,2026-10-04 13:30:00+00:00,2026-10-04 09:30:00-04:00,2026-10-04,WAS,4.0
207885,c9d8ed8aa4889486eaf10a630138ede0,2026-09-29 07:36:51 EDT,2026-10-04,WAS,IND,WAS@IND,BetOnline.ag,player_tds_over,Terry McLaurin,Over,1.5,1400,2026-10-04 13:30:00+00:00,2026-10-04 09:30:00-04:00,2026-10-04,WAS,4.0
207886,c9d8ed8aa4889486eaf10a630138ede0,2026-09-29 07:36:51 EDT,2026-10-04,WAS,IND,WAS@IND,BetOnline.ag,player_tds_over,Mo Alie-Cox,Over,1.5,6400,2026-10-04 13:30:00+00:00,2026-10-04 09:30:00-04:00,2026-10-04,IND,4.0
207887,c9d8ed8aa4889486eaf10a630138ede0,2026-09-29 07:36:51 EDT,2026-10-04,WAS,IND,WAS@IND,BetOnline.ag,player_tds_over,Mo Alie-Cox,Over,2.5,20000,2026-10-04 13:30:00+00:00,2026-10-04 09:30:00-04:00,2026-10-04,IND,4.0
207888,c9d8ed8aa4889486eaf10a630138ede0,2026-09-29 07:36:51 EDT,2026-10-04,WAS,IND,WAS@IND,BetOnline.ag,player_tds_over,Mo Alie-Cox,Over,0.5,750,2026-10-04 13:30:00+00:00,2026-10-04 09:30:00-04:00,2026-10-04,IND,4.0
207889,c9d8ed8aa4889486eaf10a630138ede0,2026-09-29 07:36:51 EDT,2026-10-04,WAS,IND,WAS@IND,BetOnline.ag,player_tds_over,Marcus Mariota,Over,2.5,15000,2026-10-04 13:30:00+00:00,2026-10-04 09:30:00-04:00,2026-10-04,WAS,4.0
207890,c9d8ed8aa4889486eaf10a630138ede0,2026-09-29 07:36:51 EDT,2026-10-04,WAS,IND,WAS@IND,BetOnline.ag,player_tds_over,Marcus Mariota,Over,1.5,2900,2026-10-04 13:30:00+00:00,2026-10-04 09:30:00-04:00,2026-10-04,WAS,4.0
207891,c9d8ed8aa4889486eaf10a630138ede0,2026-09-29 07:36:51 EDT,2026-10-04,WAS,IND,WAS@IND,BetOnline.ag,player_tds_over,Marcus Mariota,Over,0.5,350,2026-10-04 13:30:00+00:00,2026-10-04 09:30:00-04:00,2026-10-04,WAS,4.0
207892,c9d8ed8aa4889486eaf10a630138ede0,2026-09-29 07:36:51 EDT,2026-10-04,WAS,IND,WAS@IND,BetOnline.ag,player_tds_over,Colson Yankoff,Over,2.5,30000,2026-10-04 13:30:00+00:00,2026-10-04 09:30:00-04:00,2026-10-04,WAS,4.0
207893,c9d8ed8aa4889486eaf10a630138ede0,2026-09-29 07:36:51 EDT,2026-10-04,WAS,IND,WAS@IND,BetOnline.ag,player_tds_over,Colson Yankoff,Over,0.5,1400,2026-10-04 13:30:00+00:00,2026-10-04 09:30:00-04:00,2026-10-04,WAS,4.0
207894,c9d8ed8aa4889486eaf10a630138ede0,2026-09-29 07:36:51 EDT,2026-10-04,WAS,IND,WAS@IND,BetOnline.ag,player_tds_over,Colson Yankoff,Over,1.5,10000,2026-10-04 13:30:00+00:00,2026-10-04 09:30:00-04:00,2026-10-04,WAS,4.0
207895,c9d8ed8aa4889486eaf10a630138ede0,2026-09-29 07:36:51 EDT,2026-10-04,WAS,IND,WAS@IND,BetOnline.ag,player_tds_over,Drew Ogletree,Over,1.5,8900,2026-10-04 13:30:00+00:00,2026-10-04 09:30:00-04:00,2026-10-04,IND,4.0
207896,c9d8ed8aa4889486eaf10a630138ede0,2026-09-29 07:36:51 EDT,2026-10-04,WAS,IND,WAS@IND,BetOnline.ag,player_tds_over,Drew Ogletree,Over,0.5,1100,2026-10-04 13:30:00+00:00,2026-10-04 09:30:00-04:00,2026-10-04,IND,4.0
207897,c9d8ed8aa4889486eaf10a630138ede0,2026-09-29 07:36:51 EDT,2026-10-04,WAS,IND,WAS@IND,BetOnline.ag,player_tds_over,Drew Ogletree,Over,2.5,25000,2026-10-04 13:30:00+00:00,2026-10-04 09:30:00-04:00,2026-10-04,IND,4.0
207898,c9d8ed8aa4889486eaf10a630138ede0,2026-09-29 07:36:51 EDT,2026-10-04,WAS,IND,WAS@IND,BetOnline.ag,player_tds_over,Daniel Jones,Over,0.5,350,2026-10-04 13:30:00+00:00,2026-10-04 09:30:00-04:00,2026-10-04,IND,4.0
207899,c9d8ed8aa4889486eaf10a630138ede0,2026-09-29 07:36:51 EDT,2026-10-04,WAS,IND,WAS@IND,BetOnline.ag,player_tds_over,Daniel Jones,Over,1.5,2900,2026-10-04 13:30:00+00:00,2026-10-04 09:30:00-04:00,2026-10-04,IND,4.0
207900,c9d8ed8aa4889486eaf10a630138ede0,2026-09-29 07:36:51 EDT,2026-10-04,WAS,IND,WAS@IND,BetOnline.ag,player_tds_over,Daniel Jones,Over,2.5,15000,2026-10-04 13:30:00+00:00,2026-10-04 09:30:00-04:00,2026-10-04,IND,4.0
207901,c9d8ed8aa4889486eaf10a630138ede0,2026-09-29 07:36:51 EDT,2026-10-04,WAS,IND,WAS@IND,BetOnline.ag,player_tds_over,Luke McCaffrey,Over,0.5,1100,2026-10-04 13:30:00+00:00,2026-10-04 09:30:00-04:00,2026-10-04,WAS,4.0
207902,c9d8ed8aa4889486eaf10a630138ede0,2026-09-29 07:36:51 EDT,2026-10-04,WAS,IND,WAS@IND,BetOnline.ag,player_tds_over,Luke McCaffrey,Over,2.5,25000,2026-10-04 13:30:00+00:00,2026-10-04 09:30:00-04:00,2026-10-04,WAS,4.0
207903,c9d8ed8aa4889486eaf10a630138ede0,2026-09-29 07:36:51 EDT,2026-10-04,WAS,IND,WAS@IND,BetOnline.ag,player_tds_over,Luke McCaffrey,Over,1.5,8900,2026-10-04 13:30:00+00:00,2026-10-04 09:30:00-04:00,2026-10-04,WAS,4.0
207904,c9d8ed8aa4889486eaf10a630138ede0,2026-09-29 07:36:51 EDT,2026-10-04,WAS,IND,WAS@IND,BetOnline.ag,player_tds_over,Anthony Gould,Over,0.5,1100,2026-10-04 13:30:00+00:00,2026-10-04 09:30:00-04:00,2026-10-04,IND,4.0
207905,c9d8ed8aa4889486eaf10a630138ede0,2026-09-29 07:36:51 EDT,2026-10-04,WAS,IND,WAS@IND,BetOnline.ag,player_tds_over,Anthony Gould,Over,2.5,25000,2026-10-04 13:30:00+00:00,2026-10-04 09:30:00-04:00,2026-10-04,IND,4.0
207906,c9d8ed8aa4889486eaf10a630138ede0,2026-09-29 07:36:51 EDT,2026-10-04,WAS,IND,WAS@IND,BetOnline.ag,player_tds_over,Anthony Gould,Over,1.5,8900,2026-10-04 13:30:00+00:00,2026-10-04 09:30:00-04:00,2026-10-04,IND,4.0
207907,c9d8ed8aa4889486eaf10a630138ede0,2026-09-29 07:36:51 EDT,2026-10-04,WAS,IND,WAS@IND,BetOnline.ag,player_tds_over,Josh Downs,Over,1.5,850,2026-10-04 13:30:00+00:00,2026-10-04 09:30:00-04:00,2026-10-04,IND,4.0
207908,c9d8ed8aa4889486eaf10a630138ede0,2026-09-29 07:36:51 EDT,2026-10-04,WAS,IND,WAS@IND,BetOnline.ag,player_tds_over,Josh Downs,Over,0.5,160,2026-10-04 13:30:00+00:00,2026-10-04 09:30:00-04:00,2026-10-04,IND,4.0
207909,c9d8ed8aa4889486eaf10a630138ede0,2026-09-29 07:36:51 EDT,2026-10-04,WAS,IND,WAS@IND,BetOnline.ag,player_tds_over,Josh Downs,Over,2.5,6400,2026-10-04 13:30:00+00:00,2026-10-04 09:30:00-04:00,2026-10-04,IND,4.0
207910,c9d8ed8aa4889486eaf10a630138ede0,2026-09-29 07:36:51 EDT,2026-10-04,WAS,IND,WAS@IND,BetOnline.ag,player_tds_over,Ben Sinnott,Over,0.5,550,2026-10-04 13:30:00+00:00,2026-10-04 09:30:00-04:00,2026-10-04,WAS,4.0
207911,c9d8ed8aa4889486eaf10a630138ede0,2026-09-29 07:36:51 EDT,2026-10-04,WAS,IND,WAS@IND,BetOnline.ag,player_tds_over,Ben Sinnott,Over,1.5,4400,2026-10-04 13:30:00+00:00,2026-10-04 09:30:00-04:00,2026-10-04,WAS,4.0
207912,c9d8ed8aa4889486eaf10a630138ede0,2026-09-29 07:36:51 EDT,2026-10-04,WAS,IND,WAS@IND,BetOnline.ag,player_tds_over,Ben Sinnott,Over,2.5,20000,2026-10-04 13:30:00+00:00,2026-10-04 09:30:00-04:00,2026-10-04,WAS,4.0
207913,c9d8ed8aa4889486eaf10a630138ede0,2026-09-29 07:36:51 EDT,2026-10-04,WAS,IND,WAS@IND,BetOnline.ag,player_tds_over,Laquon Treadwell,Over,0.5,450,2026-10-04 13:30:00+00:00,2026-10-04 09:30:00-04:00,2026-10-04,IND,4.0
207914,c9d8ed8aa4889486eaf10a630138ede0,2026-09-29 07:36:51 EDT,2026-10-04,WAS,IND,WAS@IND,BetOnline.ag,player_tds_over,Laquon Treadwell,Over,2.5,17500,2026-10-04 13:30:00+00:00,2026-10-04 09:30:00-04:00,2026-10-04,IND,4.0
207915,c9d8ed8aa4889486eaf10a630138ede0,2026-09-29 07:36:51 EDT,2026-10-04,WAS,IND,WAS@IND,BetOnline.ag,player_tds_over,Laquon Treadwell,Over,1.5,3600,2026-10-04 13:30:00+00:00,2026-10-04 09:30:00-04:00,2026-10-04,IND,4.0
207916,c9d8ed8aa4889486eaf10a630138ede0,2026-09-29 07:36:51 EDT,2026-10-04,WAS,IND,WAS@IND,BetOnline.ag,player_tds_over,Deion Burks,Over,1.5,8900,2026-10-04 13:30:00+00:00,2026-10-04 09:30:00-04:00,2026-10-04,IND,4.0
207917,c9d8ed8aa4889486eaf10a630138ede0,2026-09-29 07:36:51 EDT,2026-10-04,WAS,IND,WAS@IND,BetOnline.ag,player_tds_over,Deion Burks,Over,2.5,25000,2026-10-04 13:30:00+00:00,2026-10-04 09:30:00-04:00,2026-10-04,IND,4.0
207918,c9d8ed8aa4889486eaf10a630138ede0,2026-09-29 07:36:51 EDT,2026-10-04,WAS,IND,WAS@IND,BetOnline.ag,player_tds_over,Deion Burks,Over,0.5,1100,2026-10-04 13:30:00+00:00,2026-10-04 09:30:00-04:00,2026-10-04,IND,4.0
207919,c9d8ed8aa4889486eaf10a630138ede0,2026-09-29 07:36:51 EDT,2026-10-04,WAS,IND,WAS@IND,BetOnline.ag,player_tds_over,Seth McGowan,Over,1.5,6400,2026-10-04 13:30:00+00:00,2026-10-04 09:30:00-04:00,2026-10-04,IND,4.0
207920,c9d8ed8aa4889486eaf10a630138ede0,2026-09-29 07:36:51 EDT,2026-10-04,WAS,IND,WAS@IND,BetOnline.ag,player_tds_over,Seth McGowan,Over,2.5,20000,2026-10-04 13:30:00+00:00,2026-10-04 09:30:00-04:00,2026-10-04,IND,4.0
207921,c9d8ed8aa4889486eaf10a630138ede0,2026-09-29 07:36:51 EDT,2026-10-04,WAS,IND,WAS@IND,BetOnline.ag,player_tds_over,Seth McGowan,Over,0.5,750,2026-10-04 13:30:00+00:00,2026-10-04 09:30:00-04:00,2026-10-04,IND,4.0
207922,c9d8ed8aa4889486eaf10a630138ede0,2026-09-29 07:36:51 EDT,2026-10-04,WAS,IND,WAS@IND,BetOnline.ag,player_tds_over,Treylon Burks,Over,0.5,700,2026-10-04 13:30:00+00:00,2026-10-04 09:30:00-04:00,2026-10-04,WAS,4.0
207923,c9d8ed8aa4889486eaf10a630138ede0,2026-09-29 07:36:51 EDT,2026-10-04,WAS,IND,WAS@IND,BetOnline.ag,player_tds_over,Treylon Burks,Over,1.5,5900,2026-10-04 13:30:00+00:00,2026-10-04 09:30:00-04:00,2026-10-04,WAS,4.0
207924,c9d8ed8aa4889486eaf10a630138ede0,2026-09-29 07:36:51 EDT,2026-10-04,WAS,IND,WAS@IND,BetOnline.ag,player_tds_over,Treylon Burks,Over,2.5,20000,2026-10-04 13:30:00+00:00,2026-10-04 09:30:00-04:00,2026-10-04,WAS,4.0
207925,c9d8ed8aa4889486eaf10a630138ede0,2026-09-29 07:36:51 EDT,2026-10-04,WAS,IND,WAS@IND,BetOnline.ag,player_tds_over,Tyler Warren,Over,0.5,150,2026-10-04 13:30:00+00:00,2026-10-04 09:30:00-04:00,2026-10-04,IND,4.0
207926,c9d8ed8aa4889486eaf10a630138ede0,2026-09-29 07:36:51 EDT,2026-10-04,WAS,IND,WAS@IND,BetOnline.ag,player_tds_over,Tyler Warren,Over,2.5,5900,2026-10-04 13:30:00+00:00,2026-10-04 09:30:00-04:00,2026-10-04,IND,4.0
207927,c9d8ed8aa4889486eaf10a630138ede0,2026-09-29 07:36:51 EDT,2026-10-04,WAS,IND,WAS@IND,BetOnline.ag,player_tds_over,Tyler Warren,Over,1.5,800,2026-10-04 13:30:00+00:00,2026-10-04 09:30:00-04:00,2026-10-04,IND,4.0
207928,c9d8ed8aa4889486eaf10a630138ede0,2026-09-29 07:36:51 EDT,2026-10-04,WAS,IND,WAS@IND,BetOnline.ag,player_tds_over,Chig Okonkwo,Over,0.5,350,2026-10-04 13:30:00+00:00,2026-10-04 09:30:00-04:00,2026-10-04,WAS,4.0
207929,c9d8ed8aa4889486eaf10a630138ede0,2026-09-29 07:36:51 EDT,2026-10-04,WAS,IND,WAS@IND,BetOnline.ag,player_tds_over,Chig Okonkwo,Over,2.5,15000,2026-10-04 13:30:00+00:00,2026-10-04 09:30:00-04:00,2026-10-04,WAS,4.0
207930,c9d8ed8aa4889486eaf10a630138ede0,2026-09-29 07:36:51 EDT,2026-10-04,WAS,IND,WAS@IND,BetOnline.ag,player_tds_over,Chig Okonkwo,Over,1.5,2900,2026-10-04 13:30:00+00:00,2026-10-04 09:30:00-04:00,2026-10-04,WAS,4.0
207931,c9d8ed8aa4889486eaf10a630138ede0,2026-09-29 07:36:51 EDT,2026-10-04,WAS,IND,WAS@IND,BetOnline.ag,player_tds_over,Rachaad White,Over,0.5,220,2026-10-04 13:30:00+00:00,2026-10-04 09:30:00-04:00,2026-10-04,WAS,4.0
207932,c9d8ed8aa4889486eaf10a630138ede0,2026-09-29 07:36:51 EDT,2026-10-04,WAS,IND,WAS@IND,BetOnline.ag,player_tds_over,Rachaad White,Over,1.5,1400,2026-10-04 13:30:00+00:00,2026-10-04 09:30:00-04:00,2026-10-04,WAS,4.0
207933,c9d8ed8aa4889486eaf10a630138ede0,2026-09-29 07:36:51 EDT,2026-10-04,WAS,IND,WAS@IND,BetOnline.ag,player_tds_over,Rachaad White,Over,2.5,9400,2026-10-04 13:30:00+00:00,2026-10-04 09:30:00-04:00,2026-10-04,WAS,4.0
207934,c9d8ed8aa4889486eaf10a630138ede0,2026-09-29 07:36:51 EDT,2026-10-04,WAS,IND,WAS@IND,BetOnline.ag,player_tds_over,Jaylin Lane,Over,1.5,8900,2026-10-04 13:30:00+00:00,2026-10-04 09:30:00-04:00,2026-10-04,WAS,4.0
207935,c9d8ed8aa4889486eaf10a630138ede0,2026-09-29 07:36:51 EDT,2026-10-04,WAS,IND,WAS@IND,BetOnline.ag,player_tds_over,Jaylin Lane,Over,2.5,25000,2026-10-04 13:30:00+00:00,2026-10-04 09:30:00-04:00,2026-10-04,WAS,4.0
207936,c9d8ed8aa4889486eaf10a630138ede0,2026-09-29 07:36:51 EDT,2026-10-04,WAS,IND,WAS@IND,BetOnline.ag,player_tds_over,Jaylin Lane,Over,0.5,1100,2026-10-04 13:30:00+00:00,2026-10-04 09:30:00-04:00,2026-10-04,WAS,4.0
207937,c9d8ed8aa4889486eaf10a630138ede0,2026-09-29 07:36:51 EDT,2026-10-04,WAS,IND,WAS@IND,BetOnline.ag,player_tds_over,Jacory Croskey-Merritt,Over,1.5,500,2026-10-04 13:30:00+00:00,2026-10-04 09:30:00-04:00,2026-10-04,WAS,4.0
207938,c9d8ed8aa4889486eaf10a630138ede0,2026-09-29 07:36:51 EDT,2026-10-04,WAS,IND,WAS@IND,BetOnline.ag,player_tds_over,Jacory Croskey-Merritt,Over,2.5,2600,2026-10-04 13:30:00+00:00,2026-10-04 09:30:00-04:00,2026-10-04,WAS,4.0
207939,c9d8ed8aa4889486eaf10a630138ede0,2026-09-29 07:36:51 EDT,2026-10-04,WAS,IND,WAS@IND,BetOnline.ag,player_tds_over,Jacory Croskey-Merritt,Over,0.5,100,2026-10-04 13:30:00+00:00,2026-10-04 09:30:00-04:00,2026-10-04,WAS,4.0
207940,c9d8ed8aa4889486eaf10a630138ede0,2026-09-29 07:36:51 EDT,2026-10-04,WAS,IND,WAS@IND,BetOnline.ag,player_tds_over,Stefon Diggs,Over,0.5,250,2026-10-04 13:30:00+00:00,2026-10-04 09:30:00-04:00,2026-10-04,WAS,4.0
207941,c9d8ed8aa4889486eaf10a630138ede0,2026-09-29 07:36:51 EDT,2026-10-04,WAS,IND,WAS@IND,BetOnline.ag,player_tds_over,Stefon Diggs,Over,2.5,10000,2026-10-04 13:30:00+00:00,2026-10-04 09:30:00-04:00,2026-10-04,WAS,4.0
207942,c9d8ed8aa4889486eaf10a630138ede0,2026-09-29 07:36:51 EDT,2026-10-04,WAS,IND,WAS@IND,BetOnline.ag,player_tds_over,Stefon Diggs,Over,1.5,1700,2026-10-04 13:30:00+00:00,2026-10-04 09:30:00-04:00,2026-10-04,WAS,4.0
207943,c9d8ed8aa4889486eaf10a630138ede0,2026-09-29 07:36:51 EDT,2026-10-04,WAS,IND,WAS@IND,BetOnline.ag,player_tds_over,Antonio Williams,Over,0.5,500,2026-10-04 13:30:00+00:00,2026-10-04 09:30:00-04:00,2026-10-04,WAS,4.0
207944,c9d8ed8aa4889486eaf10a630138ede0,2026-09-29 07:36:51 EDT,2026-10-04,WAS,IND,WAS@IND,BetOnline.ag,player_tds_over,Antonio Williams,Over,2.5,20000,2026-10-04 13:30:00+00:00,2026-10-04 09:30:00-04:00,2026-10-04,WAS,4.0
207945,c9d8ed8aa4889486eaf10a630138ede0,2026-09-29 07:36:51 EDT,2026-10-04,WAS,IND,WAS@IND,BetOnline.ag,player_tds_over,Antonio Williams,Over,1.5,3900,2026-10-04 13:30:00+00:00,2026-10-04 09:30:00-04:00,2026-10-04,WAS,4.0
207946,c9d8ed8aa4889486eaf10a630138ede0,2026-09-29 07:36:51 EDT,2026-10-04,WAS,IND,WAS@IND,BetOnline.ag,player_tds_over,Keenan Allen,Over,0.5,190,2026-10-04 13:30:00+00:00,2026-10-04 09:30:00-04:00,2026-10-04,IND,4.0
207947,c9d8ed8aa4889486eaf10a630138ede0,2026-09-29 07:36:51 EDT,2026-10-04,WAS,IND,WAS@IND,BetOnline.ag,player_tds_over,Keenan Allen,Over,2.5,7900,2026-10-04 13:30:00+00:00,2026-10-04 09:30:00-04:00,2026-10-04,IND,4.0
207948,c9d8ed8aa4889486eaf10a630138ede0,2026-09-29 07:36:51 EDT,2026-10-04,WAS,IND,WAS@IND,BetOnline.ag,player_tds_over,Keenan Allen,Over,1.5,1100,2026-10-04 13:30:00+00:00,2026-10-04 09:30:00-04:00,2026-10-04,IND,4.0
207949,c9d8ed8aa4889486eaf10a630138ede0,2026-09-29 07:36:51 EDT,2026-10-04,WAS,IND,WAS@IND,BetOnline.ag,player_tds_over,Kaytron Allen,Over,1.5,6900,2026-10-04 13:30:00+00:00,2026-10-04 09:30:00-04:00,2026-10-04,WAS,4.0
207950,c9d8ed8aa4889486eaf10a630138ede0,2026-09-29 07:36:51 EDT,2026-10-04,WAS,IND,WAS@IND,BetOnline.ag,player_tds_over,Kaytron Allen,Over,0.5,800,2026-10-04 13:30:00+00:00,2026-10-04 09:30:00-04:00,2026-10-04,WAS,4.0
207951,c9d8ed8aa4889486eaf10a630138ede0,2026-09-29 07:36:51 EDT,2026-10-04,WAS,IND,WAS@IND,BetOnline.ag,player_tds_over,Kaytron Allen,Over,2.5,20000,2026-10-04 13:30:00+00:00,2026-10-04 09:30:00-04:00,2026-10-04,WAS,4.0
207952,c9d8ed8aa4889486eaf10a630138ede0,2026-09-29 07:36:51 EDT,2026-10-04,WAS,IND,WAS@IND,Fanatics,player_tds_over,Marcus Mariota,Over,1.5,3500,2026-10-04 13:30:00+00:00,2026-10-04 09:30:00-04:00,2026-10-04,WAS,4.0
207953,c9d8ed8aa4889486eaf10a630138ede0,2026-09-29 07:36:51 EDT,2026-10-04,WAS,IND,WAS@IND,Fanatics,player_tds_over,Stefon Diggs,Over,1.5,1900,2026-10-04 13:30:00+00:00,2026-10-04 09:30:00-04:00,2026-10-04,WAS,4.0
207954,c9d8ed8aa4889486eaf10a630138ede0,2026-09-29 07:36:51 EDT,2026-10-04,WAS,IND,WAS@IND,Fanatics,player_tds_over,Terry McLaurin,Over,1.5,1700,2026-10-04 13:30:00+00:00,2026-10-04 09:30:00-04:00,2026-10-04,WAS,4.0
207955,c9d8ed8aa4889486eaf10a630138ede0,2026-09-29 07:36:51 EDT,2026-10-04,WAS,IND,WAS@IND,Fanatics,player_tds_over,Dyami Brown,Over,1.5,6000,2026-10-04 13:30:00+00:00,2026-10-04 09:30:00-04:00,2026-10-04,WAS,4.0
207956,c9d8ed8aa4889486eaf10a630138ede0,2026-09-29 07:36:51 EDT,2026-10-04,WAS,IND,WAS@IND,Fanatics,player_tds_over,John Bates,Over,1.5,6000,2026-10-04 13:30:00+00:00,2026-10-04 09:30:00-04:00,2026-10-04,WAS,4.0
207957,c9d8ed8aa4889486eaf10a630138ede0,2026-09-29 07:36:51 EDT,2026-10-04,WAS,IND,WAS@IND,Fanatics,player_tds_over,Treylon Burks,Over,1.5,12000,2026-10-04 13:30:00+00:00,2026-10-04 09:30:00-04:00,2026-10-04,WAS,4.0
207958,c9d8ed8aa4889486eaf10a630138ede0,2026-09-29 07:36:51 EDT,2026-10-04,WAS,IND,WAS@IND,Fanatics,player_tds_over,Chig Okonkwo,Over,1.5,3500,2026-10-04 13:30:00+00:00,2026-10-04 09:30:00-04:00,2026-10-04,WAS,4.0
207959,c9d8ed8aa4889486eaf10a630138ede0,2026-09-29 07:36:51 EDT,2026-10-04,WAS,IND,WAS@IND,Fanatics,player_tds_over,Rachaad White,Over,1.5,1700,2026-10-04 13:30:00+00:00,2026-10-04 09:30:00-04:00,2026-10-04,WAS,4.0
207960,c9d8ed8aa4889486eaf10a630138ede0,2026-09-29 07:36:51 EDT,2026-10-04,WAS,IND,WAS@IND,Fanatics,player_tds_over,Luke McCaffrey,Over,1.5,20000,2026-10-04 13:30:00+00:00,2026-10-04 09:30:00-04:00,2026-10-04,WAS,4.0
207961,c9d8ed8aa4889486eaf10a630138ede0,2026-09-29 07:36:51 EDT,2026-10-04,WAS,IND,WAS@IND,Fanatics,player_tds_over,Colson Yankoff,Over,1.5,15000,2026-10-04 13:30:00+00:00,2026-10-04 09:30:00-04:00,2026-10-04,WAS,4.0
207962,c9d8ed8aa4889486eaf10a630138ede0,2026-09-29 07:36:51 EDT,2026-10-04,WAS,IND,WAS@IND,Fanatics,player_tds_over,Ben Sinnott,Over,1.5,6000,2026-10-04 13:30:00+00:00,2026-10-04 09:30:00-04:00,2026-10-04,WAS,4.0
207963,c9d8ed8aa4889486eaf10a630138ede0,2026-09-29 07:36:51 EDT,2026-10-04,WAS,IND,WAS@IND,Fanatics,player_tds_over,Jacory Croskey-Merritt,Over,1.5,650,2026-10-04 13:30:00+00:00,2026-10-04 09:30:00-04:00,2026-10-04,WAS,4.0
207964,c9d8ed8aa4889486eaf10a630138ede0,2026-09-29 07:36:51 EDT,2026-10-04,WAS,IND,WAS@IND,Fanatics,player_tds_over,Jaylin Lane,Over,1.5,20000,2026-10-04 13:30:00+00:00,2026-10-04 09:30:00-04:00,2026-10-04,WAS,4.0
207965,c9d8ed8aa4889486eaf10a630138ede0,2026-09-29 07:36:51 EDT,2026-10-04,WAS,IND,WAS@IND,Fanatics,player_tds_over,Antonio Williams,Over,1.5,5000,2026-10-04 13:30:00+00:00,2026-10-04 09:30:00-04:00,2026-10-04,WAS,4.0
207966,c9d8ed8aa4889486eaf10a630138ede0,2026-09-29 07:36:51 EDT,2026-10-04,WAS,IND,WAS@IND,Fanatics,player_tds_over,Kaytron Allen,Over,1.5,10000,2026-10-04 13:30:00+00:00,2026-10-04 09:30:00-04:00,2026-10-04,WAS,4.0
207967,c9d8ed8aa4889486eaf10a630138ede0,2026-09-29 07:36:51 EDT,2026-10-04,WAS,IND,WAS@IND,Fanatics,player_tds_over,Mo Alie-Cox,Over,1.5,15000,2026-10-04 13:30:00+00:00,2026-10-04 09:30:00-04:00,2026-10-04,IND,4.0
207968,c9d8ed8aa4889486eaf10a630138ede0,2026-09-29 07:36:51 EDT,2026-10-04,WAS,IND,WAS@IND,Fanatics,player_tds_over,Keenan Allen,Over,1.5,1900,2026-10-04 13:30:00+00:00,2026-10-04 09:30:00-04:00,2026-10-04,IND,4.0
207969,c9d8ed8aa4889486eaf10a630138ede0,2026-09-29 07:36:51 EDT,2026-10-04,WAS,IND,WAS@IND,Fanatics,player_tds_over,Daniel Jones,Over,1.5,4000,2026-10-04 13:30:00+00:00,2026-10-04 09:30:00-04:00,2026-10-04,IND,4.0
207970,c9d8ed8aa4889486eaf10a630138ede0,2026-09-29 07:36:51 EDT,2026-10-04,WAS,IND,WAS@IND,Fanatics,player_tds_over,Ashton Dulin,Over,1.5,12000,2026-10-04 13:30:00+00:00,2026-10-04 09:30:00-04:00,2026-10-04,IND,4.0
207971,c9d8ed8aa4889486eaf10a630138ede0,2026-09-29 07:36:51 EDT,2026-10-04,WAS,IND,WAS@IND,Fanatics,player_tds_over,Jonathan Taylor,Over,1.5,185,2026-10-04 13:30:00+00:00,2026-10-04 09:30:00-04:00,2026-10-04,IND,4.0
207972,c9d8ed8aa4889486eaf10a630138ede0,2026-09-29 07:36:51 EDT,2026-10-04,WAS,IND,WAS@IND,Fanatics,player_tds_over,Drew Ogletree,Over,1.5,20000,2026-10-04 13:30:00+00:00,2026-10-04 09:30:00-04:00,2026-10-04,IND,4.0
207973,c9d8ed8aa4889486eaf10a630138ede0,2026-09-29 07:36:51 EDT,2026-10-04,WAS,IND,WAS@IND,Fanatics,player_tds_over,Josh Downs,Over,1.5,1200,2026-10-04 13:30:00+00:00,2026-10-04 09:30:00-04:00,2026-10-04,IND,4.0
207974,c9d8ed8aa4889486eaf10a630138ede0,2026-09-29 07:36:51 EDT,2026-10-04,WAS,IND,WAS@IND,Fanatics,player_tds_over,DJ Giddens,Over,1.5,15000,2026-10-04 13:30:00+00:00,2026-10-04 09:30:00-04:00,2026-10-04,IND,4.0
207975,c9d8ed8aa4889486eaf10a630138ede0,2026-09-29 07:36:51 EDT,2026-10-04,WAS,IND,WAS@IND,Fanatics,player_tds_over,Tyler Warren,Over,1.5,1100,2026-10-04 13:30:00+00:00,2026-10-04 09:30:00-04:00,2026-10-04,IND,4.0
207976,c9d8ed8aa4889486eaf10a630138ede0,2026-09-29 07:36:51 EDT,2026-10-04,WAS,IND,WAS@IND,Fanatics,player_tds_over,Seth McGowan,Over,1.5,9000,2026-10-04 13:30:00+00:00,2026-10-04 09:30:00-04:00,2026-10-04,IND,4.0
207977,c9d8ed8aa4889486eaf10a630138ede0,2026-09-29 07:36:51 EDT,2026-10-04,WAS,IND,WAS@IND,Fanatics,player_tds_over,Deion Burks,Over,1.5,25000,2026-10-04 13:30:00+00:00,2026-10-04 09:30:00-04:00,2026-10-04,IND,4.0
207978,c9d8ed8aa4889486eaf10a630138ede0,2026-09-29 07:36:51 EDT,2026-10-04,WAS,IND,WAS@IND,Fanatics,player_tds_over,Darius Slayton,Over,1.5,5000,2026-10-04 13:30:00+00:00,2026-10-04 09:30:00-04:00,2026-10-04,,4.0
207979,c9d8ed8aa4889486eaf10a630138ede0,2026-09-29 07:36:51 EDT,2026-10-04,WAS,IND,WAS@IND,Fanatics,player_tds_over,Anthony Gould,Over,1.5,15000,2026-10-04 13:30:00+00:00,2026-10-04 09:30:00-04:00,2026-10-04,IND,4.0
207980,c9d8ed8aa4889486eaf10a630138ede0,2026-09-29 07:36:51 EDT,2026-10-04,WAS,IND,WAS@IND,Fanatics,player_tds_over,Marcus Mariota,Over,2.5,40000,2026-10-04 13:30:00+00:00,2026-10-04 09:30:00-04:00,2026-10-04,WAS,4.0
207981,c9d8ed8aa4889486eaf10a630138ede0,2026-09-29 07:36:51 EDT,2026-10-04,WAS,IND,WAS@IND,Fanatics,player_tds_over,Stefon Diggs,Over,2.5,12000,2026-10-04 13:30:00+00:00,2026-10-04 09:30:00-04:00,2026-10-04,WAS,4.0
207982,c9d8ed8aa4889486eaf10a630138ede0,2026-09-29 07:36:51 EDT,2026-10-04,WAS,IND,WAS@IND,Fanatics,player_tds_over,Terry McLaurin,Over,2.5,12000,2026-10-04 13:30:00+00:00,2026-10-04 09:30:00-04:00,2026-10-04,WAS,4.0
207983,c9d8ed8aa4889486eaf10a630138ede0,2026-09-29 07:36:51 EDT,2026-10-04,WAS,IND,WAS@IND,Fanatics,player_tds_over,Dyami Brown,Over,2.5,40000,2026-10-04 13:30:00+00:00,2026-10-04 09:30:00-04:00,2026-10-04,WAS,4.0
207984,c9d8ed8aa4889486eaf10a630138ede0,2026-09-29 07:36:51 EDT,2026-10-04,WAS,IND,WAS@IND,Fanatics,player_tds_over,John Bates,Over,2.5,50000,2026-10-04 13:30:00+00:00,2026-10-04 09:30:00-04:00,2026-10-04,WAS,4.0
207985,c9d8ed8aa4889486eaf10a630138ede0,2026-09-29 07:36:51 EDT,2026-10-04,WAS,IND,WAS@IND,Fanatics,player_tds_over,Chig Okonkwo,Over,2.5,20000,2026-10-04 13:30:00+00:00,2026-10-04 09:30:00-04:00,2026-10-04,WAS,4.0
207986,c9d8ed8aa4889486eaf10a630138ede0,2026-09-29 07:36:51 EDT,2026-10-04,WAS,IND,WAS@IND,Fanatics,player_tds_over,Rachaad White,Over,2.5,12000,2026-10-04 13:30:00+00:00,2026-10-04 09:30:00-04:00,2026-10-04,WAS,4.0
207987,c9d8ed8aa4889486eaf10a630138ede0,2026-09-29 07:36:51 EDT,2026-10-04,WAS,IND,WAS@IND,Fanatics,player_tds_over,Jacory Croskey-Merritt,Over,2.5,3500,2026-10-04 13:30:00+00:00,2026-10-04 09:30:00-04:00,2026-10-04,WAS,4.0
207988,c9d8ed8aa4889486eaf10a630138ede0,2026-09-29 07:36:51 EDT,2026-10-04,WAS,IND,WAS@IND,Fanatics,player_tds_over,Kaytron Allen,Over,2.5,40000,2026-10-04 13:30:00+00:00,2026-10-04 09:30:00-04:00,2026-10-04,WAS,4.0
207989,c9d8ed8aa4889486eaf10a630138ede0,2026-09-29 07:36:51 EDT,2026-10-04,WAS,IND,WAS@IND,Fanatics,player_tds_over,Keenan Allen,Over,2.5,15000,2026-10-04 13:30:00+00:00,2026-10-04 09:30:00-04:00,2026-10-04,IND,4.0
207990,c9d8ed8aa4889486eaf10a630138ede0,2026-09-29 07:36:51 EDT,2026-10-04,WAS,IND,WAS@IND,Fanatics,player_tds_over,Daniel Jones,Over,2.5,40000,2026-10-04 13:30:00+00:00,2026-10-04 09:30:00-04:00,2026-10-04,IND,4.0
207991,c9d8ed8aa4889486eaf10a630138ede0,2026-09-29 07:36:51 EDT,2026-10-04,WAS,IND,WAS@IND,Fanatics,player_tds_over,Jonathan Taylor,Over,2.5,700,2026-10-04 13:30:00+00:00,2026-10-04 09:30:00-04:00,2026-10-04,IND,4.0
207992,c9d8ed8aa4889486eaf10a630138ede0,2026-09-29 07:36:51 EDT,2026-10-04,WAS,IND,WAS@IND,Fanatics,player_tds_over,Josh Downs,Over,2.5,7000,2026-10-04 13:30:00+00:00,2026-10-04 09:30:00-04:00,2026-10-04,IND,4.0
207993,c9d8ed8aa4889486eaf10a630138ede0,2026-09-29 07:36:51 EDT,2026-10-04,WAS,IND,WAS@IND,Fanatics,player_tds_over,Tyler Warren,Over,2.5,6000,2026-10-04 13:30:00+00:00,2026-10-04 09:30:00-04:00,2026-10-04,IND,4.0
207994,664e6bda5721dc63be16bcf7d962a436,2026-09-29 07:36:51 EDT,2026-10-04,NYG,ARI,NYG@ARI,Caesars,player_tds_over,Cam Skattebo,Over,1.5,400,2026-10-04 17:00:00+00:00,2026-10-04 13:00:00-04:00,2026-10-04,NYG,4.0
207995,664e6bda5721dc63be16bcf7d962a436,2026-09-29 07:36:51 EDT,2026-10-04,NYG,ARI,NYG@ARI,Caesars,player_tds_over,Jeremiyah Love,Over,1.5,475,2026-10-04 17:00:00+00:00,2026-10-04 13:00:00-04:00,2026-10-04,ARZ,4.0
207996,664e6bda5721dc63be16bcf7d962a436,2026-09-29 07:36:51 EDT,2026-10-04,NYG,ARI,NYG@ARI,Caesars,player_tds_over,Trey McBride,Over,1.5,675,2026-10-04 17:00:00+00:00,2026-10-04 13:00:00-04:00,2026-10-04,ARZ,4.0
207997,664e6bda5721dc63be16bcf7d962a436,2026-09-29 07:36:51 EDT,2026-10-04,NYG,ARI,NYG@ARI,Caesars,player_tds_over,Malik Nabers,Over,1.5,900,2026-10-04 17:00:00+00:00,2026-10-04 13:00:00-04:00,2026-10-04,NYG,4.0
207998,664e6bda5721dc63be16bcf7d962a436,2026-09-29 07:36:51 EDT,2026-10-04,NYG,ARI,NYG@ARI,Caesars,player_tds_over,Isaiah Likely,Over,1.5,1750,2026-10-04 17:00:00+00:00,2026-10-04 13:00:00-04:00,2026-10-04,NYG,4.0
207999,664e6bda5721dc63be16bcf7d962a436,2026-09-29 07:36:51 EDT,2026-10-04,NYG,ARI,NYG@ARI,Caesars,player_tds_over,Cam Skattebo,Over,2.5,1800,2026-10-04 17:00:00+00:00,2026-10-04 13:00:00-04:00,2026-10-04,NYG,4.0
208000,664e6bda5721dc63be16bcf7d962a436,2026-09-29 07:36:51 EDT,2026-10-04,NYG,ARI,NYG@ARI,Caesars,player_tds_over,Jeremiyah Love,Over,2.5,2600,2026-10-04 17:00:00+00:00,2026-10-04 13:00:00-04:00,2026-10-04,ARZ,4.0
208001,664e6bda5721dc63be16bcf7d962a436,2026-09-29 07:36:51 EDT,2026-10-04,NYG,ARI,NYG@ARI,Caesars,player_tds_over,Trey McBride,Over,2.5,4000,2026-10-04 17:00:00+00:00,2026-10-04 13:00:00-04:00,2026-10-04,ARZ,4.0
208002,664e6bda5721dc63be16bcf7d962a436,2026-09-29 07:36:51 EDT,2026-10-04,NYG,ARI,NYG@ARI,Caesars,player_tds_over,Malik Nabers,Over,2.5,6600,2026-10-04 17:00:00+00:00,2026-10-04 13:00:00-04:00,2026-10-04,NYG,4.0
208003,664e6bda5721dc63be16bcf7d962a436,2026-09-29 07:36:51 EDT,2026-10-04,NYG,ARI,NYG@ARI,Caesars,player_tds_over,Isaiah Likely,Over,2.5,20000,2026-10-04 17:00:00+00:00,2026-10-04 13:00:00-04:00,2026-10-04,NYG,4.0
208004,664e6bda5721dc63be16bcf7d962a436,2026-09-29 07:36:51 EDT,2026-10-04,NYG,ARI,NYG@ARI,Caesars,player_tds_over,Jeremiyah Love,Over,3.5,15000,2026-10-04 17:00:00+00:00,2026-10-04 13:00:00-04:00,2026-10-04,ARZ,4.0
208005,664e6bda5721dc63be16bcf7d962a436,2026-09-29 07:36:51 EDT,2026-10-04,NYG,ARI,NYG@ARI,Caesars,player_tds_over,Cam Skattebo,Over,3.5,10000,2026-10-04 17:00:00+00:00,2026-10-04 13:00:00-04:00,2026-10-04,NYG,4.0
208006,664e6bda5721dc63be16bcf7d962a436,2026-09-29 07:36:51 EDT,2026-10-04,NYG,ARI,NYG@ARI,BetOnline.ag,player_tds_over,Michael Wilson,Over,0.5,180,2026-10-04 17:00:00+00:00,2026-10-04 13:00:00-04:00,2026-10-04,ARZ,4.0
208007,664e6bda5721dc63be16bcf7d962a436,2026-09-29 07:36:51 EDT,2026-10-04,NYG,ARI,NYG@ARI,BetOnline.ag,player_tds_over,Michael Wilson,Over,2.5,7400,2026-10-04 17:00:00+00:00,2026-10-04 13:00:00-04:00,2026-10-04,ARZ,4.0
208008,664e6bda5721dc63be16bcf7d962a436,2026-09-29 07:36:51 EDT,2026-10-04,NYG,ARI,NYG@ARI,BetOnline.ag,player_tds_over,Michael Wilson,Over,1.5,1000,2026-10-04 17:00:00+00:00,2026-10-04 13:00:00-04:00,2026-10-04,ARZ,4.0
208009,664e6bda5721dc63be16bcf7d962a436,2026-09-29 07:36:51 EDT,2026-10-04,NYG,ARI,NYG@ARI,BetOnline.ag,player_tds_over,Trey McBride,Over,2.5,2900,2026-10-04 17:00:00+00:00,2026-10-04 13:00:00-04:00,2026-10-04,ARZ,4.0
208010,664e6bda5721dc63be16bcf7d962a436,2026-09-29 07:36:51 EDT,2026-10-04,NYG,ARI,NYG@ARI,BetOnline.ag,player_tds_over,Trey McBride,Over,1.5,550,2026-10-04 17:00:00+00:00,2026-10-04 13:00:00-04:00,2026-10-04,ARZ,4.0
208011,664e6bda5721dc63be16bcf7d962a436,2026-09-29 07:36:51 EDT,2026-10-04,NYG,ARI,NYG@ARI,BetOnline.ag,player_tds_over,Trey McBride,Over,0.5,110,2026-10-04 17:00:00+00:00,2026-10-04 13:00:00-04:00,2026-10-04,ARZ,4.0
208012,664e6bda5721dc63be16bcf7d962a436,2026-09-29 07:36:51 EDT,2026-10-04,NYG,ARI,NYG@ARI,BetOnline.ag,player_tds_over,Chris Manhertz,Over,2.5,30000,2026-10-04 17:00:00+00:00,2026-10-04 13:00:00-04:00,2026-10-04,NYG,4.0
208013,664e6bda5721dc63be16bcf7d962a436,2026-09-29 07:36:51 EDT,2026-10-04,NYG,ARI,NYG@ARI,BetOnline.ag,player_tds_over,Chris Manhertz,Over,1.5,13000,2026-10-04 17:00:00+00:00,2026-10-04 13:00:00-04:00,2026-10-04,NYG,4.0
208014,664e6bda5721dc63be16bcf7d962a436,2026-09-29 07:36:51 EDT,2026-10-04,NYG,ARI,NYG@ARI,BetOnline.ag,player_tds_over,Chris Manhertz,Over,0.5,2400,2026-10-04 17:00:00+00:00,2026-10-04 13:00:00-04:00,2026-10-04,NYG,4.0
208015,664e6bda5721dc63be16bcf7d962a436,2026-09-29 07:36:51 EDT,2026-10-04,NYG,ARI,NYG@ARI,BetOnline.ag,player_tds_over,Devin Singletary,Over,2.5,15000,2026-10-04 17:00:00+00:00,2026-10-04 13:00:00-04:00,2026-10-04,NYG,4.0
208016,664e6bda5721dc63be16bcf7d962a436,2026-09-29 07:36:51 EDT,2026-10-04,NYG,ARI,NYG@ARI,BetOnline.ag,player_tds_over,Devin Singletary,Over,1.5,3400,2026-10-04 17:00:00+00:00,2026-10-04 13:00:00-04:00,2026-10-04,NYG,4.0
208017,664e6bda5721dc63be16bcf7d962a436,2026-09-29 07:36:51 EDT,2026-10-04,NYG,ARI,NYG@ARI,BetOnline.ag,player_tds_over,Devin Singletary,Over,0.5,400,2026-10-04 17:00:00+00:00,2026-10-04 13:00:00-04:00,2026-10-04,NYG,4.0
208018,664e6bda5721dc63be16bcf7d962a436,2026-09-29 07:36:51 EDT,2026-10-04,NYG,ARI,NYG@ARI,BetOnline.ag,player_tds_over,Odell Beckham Jr.,Over,0.5,1700,2026-10-04 17:00:00+00:00,2026-10-04 13:00:00-04:00,2026-10-04,NYG,4.0
208019,664e6bda5721dc63be16bcf7d962a436,2026-09-29 07:36:51 EDT,2026-10-04,NYG,ARI,NYG@ARI,BetOnline.ag,player_tds_over,Odell Beckham Jr.,Over,1.5,11000,2026-10-04 17:00:00+00:00,2026-10-04 13:00:00-04:00,2026-10-04,NYG,4.0
208020,664e6bda5721dc63be16bcf7d962a436,2026-09-29 07:36:51 EDT,2026-10-04,NYG,ARI,NYG@ARI,BetOnline.ag,player_tds_over,Odell Beckham Jr.,Over,2.5,30000,2026-10-04 17:00:00+00:00,2026-10-04 13:00:00-04:00,2026-10-04,NYG,4.0
208021,664e6bda5721dc63be16bcf7d962a436,2026-09-29 07:36:51 EDT,2026-10-04,NYG,ARI,NYG@ARI,BetOnline.ag,player_tds_over,Elijah Higgins,Over,1.5,5400,2026-10-04 17:00:00+00:00,2026-10-04 13:00:00-04:00,2026-10-04,ARZ,4.0
208022,664e6bda5721dc63be16bcf7d962a436,2026-09-29 07:36:51 EDT,2026-10-04,NYG,ARI,NYG@ARI,BetOnline.ag,player_tds_over,Elijah Higgins,Over,0.5,650,2026-10-04 17:00:00+00:00,2026-10-04 13:00:00-04:00,2026-10-04,ARZ,4.0
208023,664e6bda5721dc63be16bcf7d962a436,2026-09-29 07:36:51 EDT,2026-10-04,NYG,ARI,NYG@ARI,BetOnline.ag,player_tds_over,Elijah Higgins,Over,2.5,20000,2026-10-04 17:00:00+00:00,2026-10-04 13:00:00-04:00,2026-10-04,ARZ,4.0
208024,664e6bda5721dc63be16bcf7d962a436,2026-09-29 07:36:51 EDT,2026-10-04,NYG,ARI,NYG@ARI,BetOnline.ag,player_tds_over,Cam Skattebo,Over,1.5,350,2026-10-04 17:00:00+00:00,2026-10-04 13:00:00-04:00,2026-10-04,NYG,4.0
208025,664e6bda5721dc63be16bcf7d962a436,2026-09-29 07:36:51 EDT,2026-10-04,NYG,ARI,NYG@ARI,BetOnline.ag,player_tds_over,Cam Skattebo,Over,0.5,-143,2026-10-04 17:00:00+00:00,2026-10-04 13:00:00-04:00,2026-10-04,NYG,4.0
208026,664e6bda5721dc63be16bcf7d962a436,2026-09-29 07:36:51 EDT,2026-10-04,NYG,ARI,NYG@ARI,BetOnline.ag,player_tds_over,Cam Skattebo,Over,2.5,1900,2026-10-04 17:00:00+00:00,2026-10-04 13:00:00-04:00,2026-10-04,NYG,4.0
208027,664e6bda5721dc63be16bcf7d962a436,2026-09-29 07:36:51 EDT,2026-10-04,NYG,ARI,NYG@ARI,BetOnline.ag,player_tds_over,Marvin Harrison Jr.,Over,2.5,12000,2026-10-04 17:00:00+00:00,2026-10-04 13:00:00-04:00,2026-10-04,ARZ,4.0
208028,664e6bda5721dc63be16bcf7d962a436,2026-09-29 07:36:51 EDT,2026-10-04,NYG,ARI,NYG@ARI,BetOnline.ag,player_tds_over,Marvin Harrison Jr.,Over,1.5,2400,2026-10-04 17:00:00+00:00,2026-10-04 13:00:00-04:00,2026-10-04,ARZ,4.0
208029,664e6bda5721dc63be16bcf7d962a436,2026-09-29 07:36:51 EDT,2026-10-04,NYG,ARI,NYG@ARI,BetOnline.ag,player_tds_over,Marvin Harrison Jr.,Over,0.5,300,2026-10-04 17:00:00+00:00,2026-10-04 13:00:00-04:00,2026-10-04,ARZ,4.0
208030,664e6bda5721dc63be16bcf7d962a436,2026-09-29 07:36:51 EDT,2026-10-04,NYG,ARI,NYG@ARI,BetOnline.ag,player_tds_over,Theo Johnson,Over,1.5,3900,2026-10-04 17:00:00+00:00,2026-10-04 13:00:00-04:00,2026-10-04,NYG,4.0
208031,664e6bda5721dc63be16bcf7d962a436,2026-09-29 07:36:51 EDT,2026-10-04,NYG,ARI,NYG@ARI,BetOnline.ag,player_tds_over,Theo Johnson,Over,2.5,20000,2026-10-04 17:00:00+00:00,2026-10-04 13:00:00-04:00,2026-10-04,NYG,4.0
208032,664e6bda5721dc63be16bcf7d962a436,2026-09-29 07:36:51 EDT,2026-10-04,NYG,ARI,NYG@ARI,BetOnline.ag,player_tds_over,Theo Johnson,Over,0.5,500,2026-10-04 17:00:00+00:00,2026-10-04 13:00:00-04:00,2026-10-04,NYG,4.0
208033,664e6bda5721dc63be16bcf7d962a436,2026-09-29 07:36:51 EDT,2026-10-04,NYG,ARI,NYG@ARI,BetOnline.ag,player_tds_over,Jacoby Brissett,Over,1.5,2900,2026-10-04 17:00:00+00:00,2026-10-04 13:00:00-04:00,2026-10-04,ARZ,4.0
208034,664e6bda5721dc63be16bcf7d962a436,2026-09-29 07:36:51 EDT,2026-10-04,NYG,ARI,NYG@ARI,BetOnline.ag,player_tds_over,Jacoby Brissett,Over,2.5,15000,2026-10-04 17:00:00+00:00,2026-10-04 13:00:00-04:00,2026-10-04,ARZ,4.0
208035,664e6bda5721dc63be16bcf7d962a436,2026-09-29 07:36:51 EDT,2026-10-04,NYG,ARI,NYG@ARI,BetOnline.ag,player_tds_over,Jacoby Brissett,Over,0.5,350,2026-10-04 17:00:00+00:00,2026-10-04 13:00:00-04:00,2026-10-04,ARZ,4.0
208036,664e6bda5721dc63be16bcf7d962a436,2026-09-29 07:36:51 EDT,2026-10-04,NYG,ARI,NYG@ARI,BetOnline.ag,player_tds_over,Simi Fehoko,Over,2.5,30000,2026-10-04 17:00:00+00:00,2026-10-04 13:00:00-04:00,2026-10-04,ARZ,4.0
208037,664e6bda5721dc63be16bcf7d962a436,2026-09-29 07:36:51 EDT,2026-10-04,NYG,ARI,NYG@ARI,BetOnline.ag,player_tds_over,Simi Fehoko,Over,1.5,13000,2026-10-04 17:00:00+00:00,2026-10-04 13:00:00-04:00,2026-10-04,ARZ,4.0
208038,664e6bda5721dc63be16bcf7d962a436,2026-09-29 07:36:51 EDT,2026-10-04,NYG,ARI,NYG@ARI,BetOnline.ag,player_tds_over,Simi Fehoko,Over,0.5,2400,2026-10-04 17:00:00+00:00,2026-10-04 13:00:00-04:00,2026-10-04,ARZ,4.0
208039,664e6bda5721dc63be16bcf7d962a436,2026-09-29 07:36:51 EDT,2026-10-04,NYG,ARI,NYG@ARI,BetOnline.ag,player_tds_over,Jameis Winston,Over,1.5,2900,2026-10-04 17:00:00+00:00,2026-10-04 13:00:00-04:00,2026-10-04,NYG,4.0
208040,664e6bda5721dc63be16bcf7d962a436,2026-09-29 07:36:51 EDT,2026-10-04,NYG,ARI,NYG@ARI,BetOnline.ag,player_tds_over,Jameis Winston,Over,0.5,350,2026-10-04 17:00:00+00:00,2026-10-04 13:00:00-04:00,2026-10-04,NYG,4.0
208041,664e6bda5721dc63be16bcf7d962a436,2026-09-29 07:36:51 EDT,2026-10-04,NYG,ARI,NYG@ARI,BetOnline.ag,player_tds_over,Jameis Winston,Over,2.5,15000,2026-10-04 17:00:00+00:00,2026-10-04 13:00:00-04:00,2026-10-04,NYG,4.0
208042,664e6bda5721dc63be16bcf7d962a436,2026-09-29 07:36:51 EDT,2026-10-04,NYG,ARI,NYG@ARI,BetOnline.ag,player_tds_over,Malik Nabers,Over,1.5,700,2026-10-04 17:00:00+00:00,2026-10-04 13:00:00-04:00,2026-10-04,NYG,4.0
208043,664e6bda5721dc63be16bcf7d962a436,2026-09-29 07:36:51 EDT,2026-10-04,NYG,ARI,NYG@ARI,BetOnline.ag,player_tds_over,Malik Nabers,Over,0.5,140,2026-10-04 17:00:00+00:00,2026-10-04 13:00:00-04:00,2026-10-04,NYG,4.0
208044,664e6bda5721dc63be16bcf7d962a436,2026-09-29 07:36:51 EDT,2026-10-04,NYG,ARI,NYG@ARI,BetOnline.ag,player_tds_over,Malik Nabers,Over,2.5,5400,2026-10-04 17:00:00+00:00,2026-10-04 13:00:00-04:00,2026-10-04,NYG,4.0
208045,664e6bda5721dc63be16bcf7d962a436,2026-09-29 07:36:51 EDT,2026-10-04,NYG,ARI,NYG@ARI,BetOnline.ag,player_tds_over,Tyrone Tracy,Over,2.5,20000,2026-10-04 17:00:00+00:00,2026-10-04 13:00:00-04:00,2026-10-04,NYG,4.0
208046,664e6bda5721dc63be16bcf7d962a436,2026-09-29 07:36:51 EDT,2026-10-04,NYG,ARI,NYG@ARI,BetOnline.ag,player_tds_over,Tyrone Tracy,Over,0.5,550,2026-10-04 17:00:00+00:00,2026-10-04 13:00:00-04:00,2026-10-04,NYG,4.0
208047,664e6bda5721dc63be16bcf7d962a436,2026-09-29 07:36:51 EDT,2026-10-04,NYG,ARI,NYG@ARI,BetOnline.ag,player_tds_over,Tyrone Tracy,Over,1.5,4400,2026-10-04 17:00:00+00:00,2026-10-04 13:00:00-04:00,2026-10-04,NYG,4.0
208048,664e6bda5721dc63be16bcf7d962a436,2026-09-29 07:36:51 EDT,2026-10-04,NYG,ARI,NYG@ARI,BetOnline.ag,player_tds_over,Tyler Allgeier,Over,1.5,850,2026-10-04 17:00:00+00:00,2026-10-04 13:00:00-04:00,2026-10-04,ARZ,4.0
208049,664e6bda5721dc63be16bcf7d962a436,2026-09-29 07:36:51 EDT,2026-10-04,NYG,ARI,NYG@ARI,BetOnline.ag,player_tds_over,Tyler Allgeier,Over,0.5,160,2026-10-04 17:00:00+00:00,2026-10-04 13:00:00-04:00,2026-10-04,ARZ,4.0
208050,664e6bda5721dc63be16bcf7d962a436,2026-09-29 07:36:51 EDT,2026-10-04,NYG,ARI,NYG@ARI,BetOnline.ag,player_tds_over,Tyler Allgeier,Over,2.5,6400,2026-10-04 17:00:00+00:00,2026-10-04 13:00:00-04:00,2026-10-04,ARZ,4.0
208051,664e6bda5721dc63be16bcf7d962a436,2026-09-29 07:36:51 EDT,2026-10-04,NYG,ARI,NYG@ARI,BetOnline.ag,player_tds_over,Devin Duvernay,Over,2.5,30000,2026-10-04 17:00:00+00:00,2026-10-04 13:00:00-04:00,2026-10-04,ARZ,4.0
208052,664e6bda5721dc63be16bcf7d962a436,2026-09-29 07:36:51 EDT,2026-10-04,NYG,ARI,NYG@ARI,BetOnline.ag,player_tds_over,Devin Duvernay,Over,0.5,2400,2026-10-04 17:00:00+00:00,2026-10-04 13:00:00-04:00,2026-10-04,ARZ,4.0
208053,664e6bda5721dc63be16bcf7d962a436,2026-09-29 07:36:51 EDT,2026-10-04,NYG,ARI,NYG@ARI,BetOnline.ag,player_tds_over,Devin Duvernay,Over,1.5,13000,2026-10-04 17:00:00+00:00,2026-10-04 13:00:00-04:00,2026-10-04,ARZ,4.0
208054,664e6bda5721dc63be16bcf7d962a436,2026-09-29 07:36:51 EDT,2026-10-04,NYG,ARI,NYG@ARI,BetOnline.ag,player_tds_over,Kendrick Bourne,Over,1.5,2900,2026-10-04 17:00:00+00:00,2026-10-04 13:00:00-04:00,2026-10-04,ARZ,4.0
208055,664e6bda5721dc63be16bcf7d962a436,2026-09-29 07:36:51 EDT,2026-10-04,NYG,ARI,NYG@ARI,BetOnline.ag,player_tds_over,Kendrick Bourne,Over,0.5,350,2026-10-04 17:00:00+00:00,2026-10-04 13:00:00-04:00,2026-10-04,ARZ,4.0
208056,664e6bda5721dc63be16bcf7d962a436,2026-09-29 07:36:51 EDT,2026-10-04,NYG,ARI,NYG@ARI,BetOnline.ag,player_tds_over,Kendrick Bourne,Over,2.5,15000,2026-10-04 17:00:00+00:00,2026-10-04 13:00:00-04:00,2026-10-04,ARZ,4.0
208057,664e6bda5721dc63be16bcf7d962a436,2026-09-29 07:36:51 EDT,2026-10-04,NYG,ARI,NYG@ARI,BetOnline.ag,player_tds_over,Isaiah Likely,Over,0.5,240,2026-10-04 17:00:00+00:00,2026-10-04 13:00:00-04:00,2026-10-04,NYG,4.0
208058,664e6bda5721dc63be16bcf7d962a436,2026-09-29 07:36:51 EDT,2026-10-04,NYG,ARI,NYG@ARI,BetOnline.ag,player_tds_over,Isaiah Likely,Over,1.5,1600,2026-10-04 17:00:00+00:00,2026-10-04 13:00:00-04:00,2026-10-04,NYG,4.0
208059,664e6bda5721dc63be16bcf7d962a436,2026-09-29 07:36:51 EDT,2026-10-04,NYG,ARI,NYG@ARI,BetOnline.ag,player_tds_over,Isaiah Likely,Over,2.5,10000,2026-10-04 17:00:00+00:00,2026-10-04 13:00:00-04:00,2026-10-04,NYG,4.0
208060,664e6bda5721dc63be16bcf7d962a436,2026-09-29 07:36:51 EDT,2026-10-04,NYG,ARI,NYG@ARI,BetOnline.ag,player_tds_over,Jalen Brooks,Over,2.5,30000,2026-10-04 17:00:00+00:00,2026-10-04 13:00:00-04:00,2026-10-04,ARZ,4.0
208061,664e6bda5721dc63be16bcf7d962a436,2026-09-29 07:36:51 EDT,2026-10-04,NYG,ARI,NYG@ARI,BetOnline.ag,player_tds_over,Jalen Brooks,Over,0.5,2400,2026-10-04 17:00:00+00:00,2026-10-04 13:00:00-04:00,2026-10-04,ARZ,4.0
208062,664e6bda5721dc63be16bcf7d962a436,2026-09-29 07:36:51 EDT,2026-10-04,NYG,ARI,NYG@ARI,BetOnline.ag,player_tds_over,Jalen Brooks,Over,1.5,13000,2026-10-04 17:00:00+00:00,2026-10-04 13:00:00-04:00,2026-10-04,ARZ,4.0
208063,664e6bda5721dc63be16bcf7d962a436,2026-09-29 07:36:51 EDT,2026-10-04,NYG,ARI,NYG@ARI,BetOnline.ag,player_tds_over,Bam Knight,Over,0.5,2400,2026-10-04 17:00:00+00:00,2026-10-04 13:00:00-04:00,2026-10-04,ARZ,4.0
208064,664e6bda5721dc63be16bcf7d962a436,2026-09-29 07:36:51 EDT,2026-10-04,NYG,ARI,NYG@ARI,BetOnline.ag,player_tds_over,Bam Knight,Over,1.5,13000,2026-10-04 17:00:00+00:00,2026-10-04 13:00:00-04:00,2026-10-04,ARZ,4.0
208065,664e6bda5721dc63be16bcf7d962a436,2026-09-29 07:36:51 EDT,2026-10-04,NYG,ARI,NYG@ARI,BetOnline.ag,player_tds_over,Bam Knight,Over,2.5,30000,2026-10-04 17:00:00+00:00,2026-10-04 13:00:00-04:00,2026-10-04,ARZ,4.0
208066,664e6bda5721dc63be16bcf7d962a436,2026-09-29 07:36:51 EDT,2026-10-04,NYG,ARI,NYG@ARI,BetOnline.ag,player_tds_over,Patrick Ricard,Over,0.5,2400,2026-10-04 17:00:00+00:00,2026-10-04 13:00:00-04:00,2026-10-04,NYG,4.0
208067,664e6bda5721dc63be16bcf7d962a436,2026-09-29 07:36:51 EDT,2026-10-04,NYG,ARI,NYG@ARI,BetOnline.ag,player_tds_over,Patrick Ricard,Over,1.5,13000,2026-10-04 17:00:00+00:00,2026-10-04 13:00:00-04:00,2026-10-04,NYG,4.0
208068,664e6bda5721dc63be16bcf7d962a436,2026-09-29 07:36:51 EDT,2026-10-04,NYG,ARI,NYG@ARI,BetOnline.ag,player_tds_over,Patrick Ricard,Over,2.5,30000,2026-10-04 17:00:00+00:00,2026-10-04 13:00:00-04:00,2026-10-04,NYG,4.0
208069,664e6bda5721dc63be16bcf7d962a436,2026-09-29 07:36:51 EDT,2026-10-04,NYG,ARI,NYG@ARI,BetOnline.ag,player_tds_over,Darnell Mooney,Over,1.5,3900,2026-10-04 17:00:00+00:00,2026-10-04 13:00:00-04:00,2026-10-04,NYG,4.0
208070,664e6bda5721dc63be16bcf7d962a436,2026-09-29 07:36:51 EDT,2026-10-04,NYG,ARI,NYG@ARI,BetOnline.ag,player_tds_over,Darnell Mooney,Over,2.5,20000,2026-10-04 17:00:00+00:00,2026-10-04 13:00:00-04:00,2026-10-04,NYG,4.0
208071,664e6bda5721dc63be16bcf7d962a436,2026-09-29 07:36:51 EDT,2026-10-04,NYG,ARI,NYG@ARI,BetOnline.ag,player_tds_over,Darnell Mooney,Over,0.5,500,2026-10-04 17:00:00+00:00,2026-10-04 13:00:00-04:00,2026-10-04,NYG,4.0
208072,664e6bda5721dc63be16bcf7d962a436,2026-09-29 07:36:51 EDT,2026-10-04,NYG,ARI,NYG@ARI,BetOnline.ag,player_tds_over,Hunter Long,Over,1.5,8400,2026-10-04 17:00:00+00:00,2026-10-04 13:00:00-04:00,2026-10-04,ARZ,4.0
208073,664e6bda5721dc63be16bcf7d962a436,2026-09-29 07:36:51 EDT,2026-10-04,NYG,ARI,NYG@ARI,BetOnline.ag,player_tds_over,Hunter Long,Over,0.5,1000,2026-10-04 17:00:00+00:00,2026-10-04 13:00:00-04:00,2026-10-04,ARZ,4.0
208074,664e6bda5721dc63be16bcf7d962a436,2026-09-29 07:36:51 EDT,2026-10-04,NYG,ARI,NYG@ARI,BetOnline.ag,player_tds_over,Hunter Long,Over,2.5,20000,2026-10-04 17:00:00+00:00,2026-10-04 13:00:00-04:00,2026-10-04,ARZ,4.0
208075,664e6bda5721dc63be16bcf7d962a436,2026-09-29 07:36:51 EDT,2026-10-04,NYG,ARI,NYG@ARI,BetOnline.ag,player_tds_over,Jeremiyah Love,Over,2.5,2100,2026-10-04 17:00:00+00:00,2026-10-04 13:00:00-04:00,2026-10-04,ARZ,4.0
208076,664e6bda5721dc63be16bcf7d962a436,2026-09-29 07:36:51 EDT,2026-10-04,NYG,ARI,NYG@ARI,BetOnline.ag,player_tds_over,Jeremiyah Love,Over,1.5,400,2026-10-04 17:00:00+00:00,2026-10-04 13:00:00-04:00,2026-10-04,ARZ,4.0
208077,664e6bda5721dc63be16bcf7d962a436,2026-09-29 07:36:51 EDT,2026-10-04,NYG,ARI,NYG@ARI,BetOnline.ag,player_tds_over,Jeremiyah Love,Over,0.5,-125,2026-10-04 17:00:00+00:00,2026-10-04 13:00:00-04:00,2026-10-04,ARZ,4.0
208078,664e6bda5721dc63be16bcf7d962a436,2026-09-29 07:36:51 EDT,2026-10-04,NYG,ARI,NYG@ARI,BetOnline.ag,player_tds_over,Najee Harris,Over,1.5,2900,2026-10-04 17:00:00+00:00,2026-10-04 13:00:00-04:00,2026-10-04,NYG,4.0
208079,664e6bda5721dc63be16bcf7d962a436,2026-09-29 07:36:51 EDT,2026-10-04,NYG,ARI,NYG@ARI,BetOnline.ag,player_tds_over,Najee Harris,Over,0.5,350,2026-10-04 17:00:00+00:00,2026-10-04 13:00:00-04:00,2026-10-04,NYG,4.0
208080,664e6bda5721dc63be16bcf7d962a436,2026-09-29 07:36:51 EDT,2026-10-04,NYG,ARI,NYG@ARI,BetOnline.ag,player_tds_over,Najee Harris,Over,2.5,15000,2026-10-04 17:00:00+00:00,2026-10-04 13:00:00-04:00,2026-10-04,NYG,4.0
208081,664e6bda5721dc63be16bcf7d962a436,2026-09-29 07:36:51 EDT,2026-10-04,NYG,ARI,NYG@ARI,BetOnline.ag,player_tds_over,Malachi Fields,Over,1.5,2600,2026-10-04 17:00:00+00:00,2026-10-04 13:00:00-04:00,2026-10-04,NYG,4.0
208082,664e6bda5721dc63be16bcf7d962a436,2026-09-29 07:36:51 EDT,2026-10-04,NYG,ARI,NYG@ARI,BetOnline.ag,player_tds_over,Malachi Fields,Over,2.5,12000,2026-10-04 17:00:00+00:00,2026-10-04 13:00:00-04:00,2026-10-04,NYG,4.0
208083,664e6bda5721dc63be16bcf7d962a436,2026-09-29 07:36:51 EDT,2026-10-04,NYG,ARI,NYG@ARI,BetOnline.ag,player_tds_over,Malachi Fields,Over,0.5,325,2026-10-04 17:00:00+00:00,2026-10-04 13:00:00-04:00,2026-10-04,NYG,4.0
208084,664e6bda5721dc63be16bcf7d962a436,2026-09-29 07:36:51 EDT,2026-10-04,NYG,ARI,NYG@ARI,Fanatics,player_tds_over,Odell Beckham Jr.,Over,1.5,10000,2026-10-04 17:00:00+00:00,2026-10-04 13:00:00-04:00,2026-10-04,NYG,4.0
208085,664e6bda5721dc63be16bcf7d962a436,2026-09-29 07:36:51 EDT,2026-10-04,NYG,ARI,NYG@ARI,Fanatics,player_tds_over,Chris Manhertz,Over,1.5,25000,2026-10-04 17:00:00+00:00,2026-10-04 13:00:00-04:00,2026-10-04,NYG,4.0
208086,664e6bda5721dc63be16bcf7d962a436,2026-09-29 07:36:51 EDT,2026-10-04,NYG,ARI,NYG@ARI,Fanatics,player_tds_over,Jameis Winston,Over,1.5,7000,2026-10-04 17:00:00+00:00,2026-10-04 13:00:00-04:00,2026-10-04,NYG,4.0
208087,664e6bda5721dc63be16bcf7d962a436,2026-09-29 07:36:51 EDT,2026-10-04,NYG,ARI,NYG@ARI,Fanatics,player_tds_over,Devin Singletary,Over,1.5,6000,2026-10-04 17:00:00+00:00,2026-10-04 13:00:00-04:00,2026-10-04,NYG,4.0
208088,664e6bda5721dc63be16bcf7d962a436,2026-09-29 07:36:51 EDT,2026-10-04,NYG,ARI,NYG@ARI,Fanatics,player_tds_over,Darnell Mooney,Over,1.5,3000,2026-10-04 17:00:00+00:00,2026-10-04 13:00:00-04:00,2026-10-04,NYG,4.0
208089,664e6bda5721dc63be16bcf7d962a436,2026-09-29 07:36:51 EDT,2026-10-04,NYG,ARI,NYG@ARI,Fanatics,player_tds_over,Najee Harris,Over,1.5,1900,2026-10-04 17:00:00+00:00,2026-10-04 13:00:00-04:00,2026-10-04,NYG,4.0
208090,664e6bda5721dc63be16bcf7d962a436,2026-09-29 07:36:51 EDT,2026-10-04,NYG,ARI,NYG@ARI,Fanatics,player_tds_over,Isaiah Likely,Over,1.5,1100,2026-10-04 17:00:00+00:00,2026-10-04 13:00:00-04:00,2026-10-04,NYG,4.0
208091,664e6bda5721dc63be16bcf7d962a436,2026-09-29 07:36:51 EDT,2026-10-04,NYG,ARI,NYG@ARI,Fanatics,player_tds_over,Malik Nabers,Over,1.5,1100,2026-10-04 17:00:00+00:00,2026-10-04 13:00:00-04:00,2026-10-04,NYG,4.0
208092,664e6bda5721dc63be16bcf7d962a436,2026-09-29 07:36:51 EDT,2026-10-04,NYG,ARI,NYG@ARI,Fanatics,player_tds_over,Tyrone Tracy,Over,1.5,7000,2026-10-04 17:00:00+00:00,2026-10-04 13:00:00-04:00,2026-10-04,NYG,4.0
208093,664e6bda5721dc63be16bcf7d962a436,2026-09-29 07:36:51 EDT,2026-10-04,NYG,ARI,NYG@ARI,Fanatics,player_tds_over,Theo Johnson,Over,1.5,6000,2026-10-04 17:00:00+00:00,2026-10-04 13:00:00-04:00,2026-10-04,NYG,4.0
208094,664e6bda5721dc63be16bcf7d962a436,2026-09-29 07:36:51 EDT,2026-10-04,NYG,ARI,NYG@ARI,Fanatics,player_tds_over,Cam Skattebo,Over,1.5,375,2026-10-04 17:00:00+00:00,2026-10-04 13:00:00-04:00,2026-10-04,NYG,4.0
208095,664e6bda5721dc63be16bcf7d962a436,2026-09-29 07:36:51 EDT,2026-10-04,NYG,ARI,NYG@ARI,Fanatics,player_tds_over,Malachi Fields,Over,1.5,3500,2026-10-04 17:00:00+00:00,2026-10-04 13:00:00-04:00,2026-10-04,NYG,4.0
208096,664e6bda5721dc63be16bcf7d962a436,2026-09-29 07:36:51 EDT,2026-10-04,NYG,ARI,NYG@ARI,Fanatics,player_tds_over,Jacoby Brissett,Over,1.5,5000,2026-10-04 17:00:00+00:00,2026-10-04 13:00:00-04:00,2026-10-04,ARZ,4.0
208097,664e6bda5721dc63be16bcf7d962a436,2026-09-29 07:36:51 EDT,2026-10-04,NYG,ARI,NYG@ARI,Fanatics,player_tds_over,Kendrick Bourne,Over,1.5,5000,2026-10-04 17:00:00+00:00,2026-10-04 13:00:00-04:00,2026-10-04,ARZ,4.0
208098,664e6bda5721dc63be16bcf7d962a436,2026-09-29 07:36:51 EDT,2026-10-04,NYG,ARI,NYG@ARI,Fanatics,player_tds_over,Devin Duvernay,Over,1.5,10000,2026-10-04 17:00:00+00:00,2026-10-04 13:00:00-04:00,2026-10-04,ARZ,4.0
208099,664e6bda5721dc63be16bcf7d962a436,2026-09-29 07:36:51 EDT,2026-10-04,NYG,ARI,NYG@ARI,Fanatics,player_tds_over,Hunter Long,Over,1.5,25000,2026-10-04 17:00:00+00:00,2026-10-04 13:00:00-04:00,2026-10-04,ARZ,4.0
208100,664e6bda5721dc63be16bcf7d962a436,2026-09-29 07:36:51 EDT,2026-10-04,NYG,ARI,NYG@ARI,Fanatics,player_tds_over,Simi Fehoko,Over,1.5,30000,2026-10-04 17:00:00+00:00,2026-10-04 13:00:00-04:00,2026-10-04,ARZ,4.0
208101,664e6bda5721dc63be16bcf7d962a436,2026-09-29 07:36:51 EDT,2026-10-04,NYG,ARI,NYG@ARI,Fanatics,player_tds_over,Bam Knight,Over,1.5,10000,2026-10-04 17:00:00+00:00,2026-10-04 13:00:00-04:00,2026-10-04,ARZ,4.0
208102,664e6bda5721dc63be16bcf7d962a436,2026-09-29 07:36:51 EDT,2026-10-04,NYG,ARI,NYG@ARI,Fanatics,player_tds_over,Tyler Allgeier,Over,1.5,950,2026-10-04 17:00:00+00:00,2026-10-04 13:00:00-04:00,2026-10-04,ARZ,4.0
208103,664e6bda5721dc63be16bcf7d962a436,2026-09-29 07:36:51 EDT,2026-10-04,NYG,ARI,NYG@ARI,Fanatics,player_tds_over,Trey McBride,Over,1.5,1500,2026-10-04 17:00:00+00:00,2026-10-04 13:00:00-04:00,2026-10-04,ARZ,4.0
208104,664e6bda5721dc63be16bcf7d962a436,2026-09-29 07:36:51 EDT,2026-10-04,NYG,ARI,NYG@ARI,Fanatics,player_tds_over,Elijah Higgins,Over,1.5,12000,2026-10-04 17:00:00+00:00,2026-10-04 13:00:00-04:00,2026-10-04,ARZ,4.0
208105,664e6bda5721dc63be16bcf7d962a436,2026-09-29 07:36:51 EDT,2026-10-04,NYG,ARI,NYG@ARI,Fanatics,player_tds_over,Jalen Brooks,Over,1.5,25000,2026-10-04 17:00:00+00:00,2026-10-04 13:00:00-04:00,2026-10-04,ARZ,4.0
208106,664e6bda5721dc63be16bcf7d962a436,2026-09-29 07:36:51 EDT,2026-10-04,NYG,ARI,NYG@ARI,Fanatics,player_tds_over,Michael Wilson,Over,1.5,2200,2026-10-04 17:00:00+00:00,2026-10-04 13:00:00-04:00,2026-10-04,ARZ,4.0
208107,664e6bda5721dc63be16bcf7d962a436,2026-09-29 07:36:51 EDT,2026-10-04,NYG,ARI,NYG@ARI,Fanatics,player_tds_over,Marvin Harrison Jr.,Over,1.5,3500,2026-10-04 17:00:00+00:00,2026-10-04 13:00:00-04:00,2026-10-04,ARZ,4.0
208108,664e6bda5721dc63be16bcf7d962a436,2026-09-29 07:36:51 EDT,2026-10-04,NYG,ARI,NYG@ARI,Fanatics,player_tds_over,Jeremiyah Love,Over,1.5,550,2026-10-04 17:00:00+00:00,2026-10-04 13:00:00-04:00,2026-10-04,ARZ,4.0
208109,664e6bda5721dc63be16bcf7d962a436,2026-09-29 07:36:51 EDT,2026-10-04,NYG,ARI,NYG@ARI,Fanatics,player_tds_over,Reggie Virgil,Over,1.5,30000,2026-10-04 17:00:00+00:00,2026-10-04 13:00:00-04:00,2026-10-04,ARZ,4.0
208110,664e6bda5721dc63be16bcf7d962a436,2026-09-29 07:36:51 EDT,2026-10-04,NYG,ARI,NYG@ARI,Fanatics,player_tds_over,Darnell Mooney,Over,2.5,20000,2026-10-04 17:00:00+00:00,2026-10-04 13:00:00-04:00,2026-10-04,NYG,4.0
208111,664e6bda5721dc63be16bcf7d962a436,2026-09-29 07:36:51 EDT,2026-10-04,NYG,ARI,NYG@ARI,Fanatics,player_tds_over,Najee Harris,Over,2.5,15000,2026-10-04 17:00:00+00:00,2026-10-04 13:00:00-04:00,2026-10-04,NYG,4.0
208112,664e6bda5721dc63be16bcf7d962a436,2026-09-29 07:36:51 EDT,2026-10-04,NYG,ARI,NYG@ARI,Fanatics,player_tds_over,Isaiah Likely,Over,2.5,7000,2026-10-04 17:00:00+00:00,2026-10-04 13:00:00-04:00,2026-10-04,NYG,4.0
208113,664e6bda5721dc63be16bcf7d962a436,2026-09-29 07:36:51 EDT,2026-10-04,NYG,ARI,NYG@ARI,Fanatics,player_tds_over,Malik Nabers,Over,2.5,7000,2026-10-04 17:00:00+00:00,2026-10-04 13:00:00-04:00,2026-10-04,NYG,4.0
208114,664e6bda5721dc63be16bcf7d962a436,2026-09-29 07:36:51 EDT,2026-10-04,NYG,ARI,NYG@ARI,Fanatics,player_tds_over,Tyrone Tracy,Over,2.5,30000,2026-10-04 17:00:00+00:00,2026-10-04 13:00:00-04:00,2026-10-04,NYG,4.0
208115,664e6bda5721dc63be16bcf7d962a436,2026-09-29 07:36:51 EDT,2026-10-04,NYG,ARI,NYG@ARI,Fanatics,player_tds_over,Cam Skattebo,Over,2.5,1800,2026-10-04 17:00:00+00:00,2026-10-04 13:00:00-04:00,2026-10-04,NYG,4.0
208116,664e6bda5721dc63be16bcf7d962a436,2026-09-29 07:36:51 EDT,2026-10-04,NYG,ARI,NYG@ARI,Fanatics,player_tds_over,Malachi Fields,Over,2.5,40000,2026-10-04 17:00:00+00:00,2026-10-04 13:00:00-04:00,2026-10-04,NYG,4.0
208117,664e6bda5721dc63be16bcf7d962a436,2026-09-29 07:36:51 EDT,2026-10-04,NYG,ARI,NYG@ARI,Fanatics,player_tds_over,Jacoby Brissett,Over,2.5,40000,2026-10-04 17:00:00+00:00,2026-10-04 13:00:00-04:00,2026-10-04,ARZ,4.0
208118,664e6bda5721dc63be16bcf7d962a436,2026-09-29 07:36:51 EDT,2026-10-04,NYG,ARI,NYG@ARI,Fanatics,player_tds_over,Tyler Allgeier,Over,2.5,4500,2026-10-04 17:00:00+00:00,2026-10-04 13:00:00-04:00,2026-10-04,ARZ,4.0
208119,664e6bda5721dc63be16bcf7d962a436,2026-09-29 07:36:51 EDT,2026-10-04,NYG,ARI,NYG@ARI,Fanatics,player_tds_over,Trey McBride,Over,2.5,12000,2026-10-04 17:00:00+00:00,2026-10-04 13:00:00-04:00,2026-10-04,ARZ,4.0
208120,664e6bda5721dc63be16bcf7d962a436,2026-09-29 07:36:51 EDT,2026-10-04,NYG,ARI,NYG@ARI,Fanatics,player_tds_over,Michael Wilson,Over,2.5,20000,2026-10-04 17:00:00+00:00,2026-10-04 13:00:00-04:00,2026-10-04,ARZ,4.0
208121,664e6bda5721dc63be16bcf7d962a436,2026-09-29 07:36:51 EDT,2026-10-04,NYG,ARI,NYG@ARI,Fanatics,player_tds_over,Marvin Harrison Jr.,Over,2.5,25000,2026-10-04 17:00:00+00:00,2026-10-04 13:00:00-04:00,2026-10-04,ARZ,4.0
208122,664e6bda5721dc63be16bcf7d962a436,2026-09-29 07:36:51 EDT,2026-10-04,NYG,ARI,NYG@ARI,Fanatics,player_tds_over,Jeremiyah Love,Over,2.5,2500,2026-10-04 17:00:00+00:00,2026-10-04 13:00:00-04:00,2026-10-04,ARZ,4.0
208123,f01589b0e7e6dd4f4ac1220a1db81f53,2026-09-29 07:36:51 EDT,2026-10-04,BAL,TEN,BAL@TEN,Caesars,player_tds_over,Derrick Henry,Over,1.5,192,2026-10-04 17:00:00+00:00,2026-10-04 13:00:00-04:00,2026-10-04,BAL,4.0
208124,f01589b0e7e6dd4f4ac1220a1db81f53,2026-09-29 07:36:51 EDT,2026-10-04,BAL,TEN,BAL@TEN,Caesars,player_tds_over,Tony Pollard,Over,1.5,850,2026-10-04 17:00:00+00:00,2026-10-04 13:00:00-04:00,2026-10-04,TEN,4.0
208125,f01589b0e7e6dd4f4ac1220a1db81f53,2026-09-29 07:36:51 EDT,2026-10-04,BAL,TEN,BAL@TEN,Caesars,player_tds_over,Zay Flowers,Over,1.5,1000,2026-10-04 17:00:00+00:00,2026-10-04 13:00:00-04:00,2026-10-04,BAL,4.0
208126,f01589b0e7e6dd4f4ac1220a1db81f53,2026-09-29 07:36:51 EDT,2026-10-04,BAL,TEN,BAL@TEN,Caesars,player_tds_over,Lamar Jackson,Over,1.5,1200,2026-10-04 17:00:00+00:00,2026-10-04 13:00:00-04:00,2026-10-04,BAL,4.0
208127,f01589b0e7e6dd4f4ac1220a1db81f53,2026-09-29 07:36:51 EDT,2026-10-04,BAL,TEN,BAL@TEN,Caesars,player_tds_over,Derrick Henry,Over,2.5,625,2026-10-04 17:00:00+00:00,2026-10-04 13:00:00-04:00,2026-10-04,BAL,4.0
208128,f01589b0e7e6dd4f4ac1220a1db81f53,2026-09-29 07:36:51 EDT,2026-10-04,BAL,TEN,BAL@TEN,Caesars,player_tds_over,Tony Pollard,Over,2.5,6500,2026-10-04 17:00:00+00:00,2026-10-04 13:00:00-04:00,2026-10-04,TEN,4.0
208129,f01589b0e7e6dd4f4ac1220a1db81f53,2026-09-29 07:36:51 EDT,2026-10-04,BAL,TEN,BAL@TEN,Caesars,player_tds_over,Zay Flowers,Over,2.5,7500,2026-10-04 17:00:00+00:00,2026-10-04 13:00:00-04:00,2026-10-04,BAL,4.0
208130,f01589b0e7e6dd4f4ac1220a1db81f53,2026-09-29 07:36:51 EDT,2026-10-04,BAL,TEN,BAL@TEN,Caesars,player_tds_over,Lamar Jackson,Over,2.5,10000,2026-10-04 17:00:00+00:00,2026-10-04 13:00:00-04:00,2026-10-04,BAL,4.0
208131,f01589b0e7e6dd4f4ac1220a1db81f53,2026-09-29 07:36:51 EDT,2026-10-04,BAL,TEN,BAL@TEN,Caesars,player_tds_over,Derrick Henry,Over,3.5,2700,2026-10-04 17:00:00+00:00,2026-10-04 13:00:00-04:00,2026-10-04,BAL,4.0
208132,f01589b0e7e6dd4f4ac1220a1db81f53,2026-09-29 07:36:51 EDT,2026-10-04,BAL,TEN,BAL@TEN,BetOnline.ag,player_tds_over,Lamar Jackson,Over,1.5,1100,2026-10-04 17:00:00+00:00,2026-10-04 13:00:00-04:00,2026-10-04,BAL,4.0
208133,f01589b0e7e6dd4f4ac1220a1db81f53,2026-09-29 07:36:51 EDT,2026-10-04,BAL,TEN,BAL@TEN,BetOnline.ag,player_tds_over,Lamar Jackson,Over,0.5,190,2026-10-04 17:00:00+00:00,2026-10-04 13:00:00-04:00,2026-10-04,BAL,4.0
208134,f01589b0e7e6dd4f4ac1220a1db81f53,2026-09-29 07:36:51 EDT,2026-10-04,BAL,TEN,BAL@TEN,BetOnline.ag,player_tds_over,Lamar Jackson,Over,2.5,7900,2026-10-04 17:00:00+00:00,2026-10-04 13:00:00-04:00,2026-10-04,BAL,4.0
208135,f01589b0e7e6dd4f4ac1220a1db81f53,2026-09-29 07:36:51 EDT,2026-10-04,BAL,TEN,BAL@TEN,BetOnline.ag,player_tds_over,Zay Flowers,Over,1.5,850,2026-10-04 17:00:00+00:00,2026-10-04 13:00:00-04:00,2026-10-04,BAL,4.0
208136,f01589b0e7e6dd4f4ac1220a1db81f53,2026-09-29 07:36:51 EDT,2026-10-04,BAL,TEN,BAL@TEN,BetOnline.ag,player_tds_over,Zay Flowers,Over,0.5,160,2026-10-04 17:00:00+00:00,2026-10-04 13:00:00-04:00,2026-10-04,BAL,4.0
208137,f01589b0e7e6dd4f4ac1220a1db81f53,2026-09-29 07:36:51 EDT,2026-10-04,BAL,TEN,BAL@TEN,BetOnline.ag,player_tds_over,Zay Flowers,Over,2.5,6400,2026-10-04 17:00:00+00:00,2026-10-04 13:00:00-04:00,2026-10-04,BAL,4.0
208138,f01589b0e7e6dd4f4ac1220a1db81f53,2026-09-29 07:36:51 EDT,2026-10-04,BAL,TEN,BAL@TEN,BetOnline.ag,player_tds_over,Tony Pollard,Over,0.5,130,2026-10-04 17:00:00+00:00,2026-10-04 13:00:00-04:00,2026-10-04,TEN,4.0
208139,f01589b0e7e6dd4f4ac1220a1db81f53,2026-09-29 07:36:51 EDT,2026-10-04,BAL,TEN,BAL@TEN,BetOnline.ag,player_tds_over,Tony Pollard,Over,2.5,4400,2026-10-04 17:00:00+00:00,2026-10-04 13:00:00-04:00,2026-10-04,TEN,4.0
208140,f01589b0e7e6dd4f4ac1220a1db81f53,2026-09-29 07:36:51 EDT,2026-10-04,BAL,TEN,BAL@TEN,BetOnline.ag,player_tds_over,Tony Pollard,Over,1.5,650,2026-10-04 17:00:00+00:00,2026-10-04 13:00:00-04:00,2026-10-04,TEN,4.0
208141,f01589b0e7e6dd4f4ac1220a1db81f53,2026-09-29 07:36:51 EDT,2026-10-04,BAL,TEN,BAL@TEN,BetOnline.ag,player_tds_over,Derrick Henry,Over,1.5,150,2026-10-04 17:00:00+00:00,2026-10-04 13:00:00-04:00,2026-10-04,BAL,4.0
208142,f01589b0e7e6dd4f4ac1220a1db81f53,2026-09-29 07:36:51 EDT,2026-10-04,BAL,TEN,BAL@TEN,BetOnline.ag,player_tds_over,Derrick Henry,Over,0.5,-333,2026-10-04 17:00:00+00:00,2026-10-04 13:00:00-04:00,2026-10-04,BAL,4.0
208143,f01589b0e7e6dd4f4ac1220a1db81f53,2026-09-29 07:36:51 EDT,2026-10-04,BAL,TEN,BAL@TEN,BetOnline.ag,player_tds_over,Derrick Henry,Over,2.5,900,2026-10-04 17:00:00+00:00,2026-10-04 13:00:00-04:00,2026-10-04,BAL,4.0
208144,f01589b0e7e6dd4f4ac1220a1db81f53,2026-09-29 07:36:51 EDT,2026-10-04,BAL,TEN,BAL@TEN,BetOnline.ag,player_tds_over,Daniel Bellinger,Over,1.5,8400,2026-10-04 17:00:00+00:00,2026-10-04 13:00:00-04:00,2026-10-04,TEN,4.0
208145,f01589b0e7e6dd4f4ac1220a1db81f53,2026-09-29 07:36:51 EDT,2026-10-04,BAL,TEN,BAL@TEN,BetOnline.ag,player_tds_over,Daniel Bellinger,Over,0.5,1000,2026-10-04 17:00:00+00:00,2026-10-04 13:00:00-04:00,2026-10-04,TEN,4.0
208146,f01589b0e7e6dd4f4ac1220a1db81f53,2026-09-29 07:36:51 EDT,2026-10-04,BAL,TEN,BAL@TEN,BetOnline.ag,player_tds_over,Daniel Bellinger,Over,2.5,20000,2026-10-04 17:00:00+00:00,2026-10-04 13:00:00-04:00,2026-10-04,TEN,4.0
208147,f01589b0e7e6dd4f4ac1220a1db81f53,2026-09-29 07:36:51 EDT,2026-10-04,BAL,TEN,BAL@TEN,BetOnline.ag,player_tds_over,David Martin-Robinson,Over,1.5,15000,2026-10-04 17:00:00+00:00,2026-10-04 13:00:00-04:00,2026-10-04,TEN,4.0
208148,f01589b0e7e6dd4f4ac1220a1db81f53,2026-09-29 07:36:51 EDT,2026-10-04,BAL,TEN,BAL@TEN,BetOnline.ag,player_tds_over,David Martin-Robinson,Over,2.5,30000,2026-10-04 17:00:00+00:00,2026-10-04 13:00:00-04:00,2026-10-04,TEN,4.0
208149,f01589b0e7e6dd4f4ac1220a1db81f53,2026-09-29 07:36:51 EDT,2026-10-04,BAL,TEN,BAL@TEN,BetOnline.ag,player_tds_over,David Martin-Robinson,Over,0.5,3400,2026-10-04 17:00:00+00:00,2026-10-04 13:00:00-04:00,2026-10-04,TEN,4.0
208150,f01589b0e7e6dd4f4ac1220a1db81f53,2026-09-29 07:36:51 EDT,2026-10-04,BAL,TEN,BAL@TEN,BetOnline.ag,player_tds_over,Josh Cuevas,Over,1.5,8400,2026-10-04 17:00:00+00:00,2026-10-04 13:00:00-04:00,2026-10-04,BAL,4.0
208151,f01589b0e7e6dd4f4ac1220a1db81f53,2026-09-29 07:36:51 EDT,2026-10-04,BAL,TEN,BAL@TEN,BetOnline.ag,player_tds_over,Josh Cuevas,Over,2.5,20000,2026-10-04 17:00:00+00:00,2026-10-04 13:00:00-04:00,2026-10-04,BAL,4.0
208152,f01589b0e7e6dd4f4ac1220a1db81f53,2026-09-29 07:36:51 EDT,2026-10-04,BAL,TEN,BAL@TEN,BetOnline.ag,player_tds_over,Josh Cuevas,Over,0.5,1000,2026-10-04 17:00:00+00:00,2026-10-04 13:00:00-04:00,2026-10-04,BAL,4.0
208153,f01589b0e7e6dd4f4ac1220a1db81f53,2026-09-29 07:36:51 EDT,2026-10-04,BAL,TEN,BAL@TEN,BetOnline.ag,player_tds_over,Durham Smythe,Over,2.5,20000,2026-10-04 17:00:00+00:00,2026-10-04 13:00:00-04:00,2026-10-04,BAL,4.0
208154,f01589b0e7e6dd4f4ac1220a1db81f53,2026-09-29 07:36:51 EDT,2026-10-04,BAL,TEN,BAL@TEN,BetOnline.ag,player_tds_over,Durham Smythe,Over,1.5,8400,2026-10-04 17:00:00+00:00,2026-10-04 13:00:00-04:00,2026-10-04,BAL,4.0
208155,f01589b0e7e6dd4f4ac1220a1db81f53,2026-09-29 07:36:51 EDT,2026-10-04,BAL,TEN,BAL@TEN,BetOnline.ag,player_tds_over,Durham Smythe,Over,0.5,1000,2026-10-04 17:00:00+00:00,2026-10-04 13:00:00-04:00,2026-10-04,BAL,4.0
208156,f01589b0e7e6dd4f4ac1220a1db81f53,2026-09-29 07:36:51 EDT,2026-10-04,BAL,TEN,BAL@TEN,BetOnline.ag,player_tds_over,Devontez Walker,Over,1.5,8400,2026-10-04 17:00:00+00:00,2026-10-04 13:00:00-04:00,2026-10-04,BAL,4.0
208157,f01589b0e7e6dd4f4ac1220a1db81f53,2026-09-29 07:36:51 EDT,2026-10-04,BAL,TEN,BAL@TEN,BetOnline.ag,player_tds_over,Devontez Walker,Over,0.5,1000,2026-10-04 17:00:00+00:00,2026-10-04 13:00:00-04:00,2026-10-04,BAL,4.0
208158,f01589b0e7e6dd4f4ac1220a1db81f53,2026-09-29 07:36:51 EDT,2026-10-04,BAL,TEN,BAL@TEN,BetOnline.ag,player_tds_over,Devontez Walker,Over,2.5,20000,2026-10-04 17:00:00+00:00,2026-10-04 13:00:00-04:00,2026-10-04,BAL,4.0
208159,f01589b0e7e6dd4f4ac1220a1db81f53,2026-09-29 07:36:51 EDT,2026-10-04,BAL,TEN,BAL@TEN,BetOnline.ag,player_tds_over,Julius Chestnut,Over,1.5,12000,2026-10-04 17:00:00+00:00,2026-10-04 13:00:00-04:00,2026-10-04,TEN,4.0
208160,f01589b0e7e6dd4f4ac1220a1db81f53,2026-09-29 07:36:51 EDT,2026-10-04,BAL,TEN,BAL@TEN,BetOnline.ag,player_tds_over,Julius Chestnut,Over,2.5,30000,2026-10-04 17:00:00+00:00,2026-10-04 13:00:00-04:00,2026-10-04,TEN,4.0
208161,f01589b0e7e6dd4f4ac1220a1db81f53,2026-09-29 07:36:51 EDT,2026-10-04,BAL,TEN,BAL@TEN,BetOnline.ag,player_tds_over,Julius Chestnut,Over,0.5,1900,2026-10-04 17:00:00+00:00,2026-10-04 13:00:00-04:00,2026-10-04,TEN,4.0
208162,f01589b0e7e6dd4f4ac1220a1db81f53,2026-09-29 07:36:51 EDT,2026-10-04,BAL,TEN,BAL@TEN,BetOnline.ag,player_tds_over,Chimere Dike,Over,0.5,1000,2026-10-04 17:00:00+00:00,2026-10-04 13:00:00-04:00,2026-10-04,TEN,4.0
208163,f01589b0e7e6dd4f4ac1220a1db81f53,2026-09-29 07:36:51 EDT,2026-10-04,BAL,TEN,BAL@TEN,BetOnline.ag,player_tds_over,Chimere Dike,Over,1.5,8400,2026-10-04 17:00:00+00:00,2026-10-04 13:00:00-04:00,2026-10-04,TEN,4.0
208164,f01589b0e7e6dd4f4ac1220a1db81f53,2026-09-29 07:36:51 EDT,2026-10-04,BAL,TEN,BAL@TEN,BetOnline.ag,player_tds_over,Chimere Dike,Over,2.5,20000,2026-10-04 17:00:00+00:00,2026-10-04 13:00:00-04:00,2026-10-04,TEN,4.0
208165,f01589b0e7e6dd4f4ac1220a1db81f53,2026-09-29 07:36:51 EDT,2026-10-04,BAL,TEN,BAL@TEN,BetOnline.ag,player_tds_over,Rasheen Ali,Over,1.5,12000,2026-10-04 17:00:00+00:00,2026-10-04 13:00:00-04:00,2026-10-04,BAL,4.0
208166,f01589b0e7e6dd4f4ac1220a1db81f53,2026-09-29 07:36:51 EDT,2026-10-04,BAL,TEN,BAL@TEN,BetOnline.ag,player_tds_over,Rasheen Ali,Over,0.5,1900,2026-10-04 17:00:00+00:00,2026-10-04 13:00:00-04:00,2026-10-04,BAL,4.0
208167,f01589b0e7e6dd4f4ac1220a1db81f53,2026-09-29 07:36:51 EDT,2026-10-04,BAL,TEN,BAL@TEN,BetOnline.ag,player_tds_over,Rasheen Ali,Over,2.5,30000,2026-10-04 17:00:00+00:00,2026-10-04 13:00:00-04:00,2026-10-04,BAL,4.0
208168,f01589b0e7e6dd4f4ac1220a1db81f53,2026-09-29 07:36:51 EDT,2026-10-04,BAL,TEN,BAL@TEN,BetOnline.ag,player_tds_over,Elic Ayomanor,Over,0.5,750,2026-10-04 17:00:00+00:00,2026-10-04 13:00:00-04:00,2026-10-04,TEN,4.0
208169,f01589b0e7e6dd4f4ac1220a1db81f53,2026-09-29 07:36:51 EDT,2026-10-04,BAL,TEN,BAL@TEN,BetOnline.ag,player_tds_over,Elic Ayomanor,Over,1.5,6400,2026-10-04 17:00:00+00:00,2026-10-04 13:00:00-04:00,2026-10-04,TEN,4.0
208170,f01589b0e7e6dd4f4ac1220a1db81f53,2026-09-29 07:36:51 EDT,2026-10-04,BAL,TEN,BAL@TEN,BetOnline.ag,player_tds_over,Elic Ayomanor,Over,2.5,20000,2026-10-04 17:00:00+00:00,2026-10-04 13:00:00-04:00,2026-10-04,TEN,4.0
208171,f01589b0e7e6dd4f4ac1220a1db81f53,2026-09-29 07:36:51 EDT,2026-10-04,BAL,TEN,BAL@TEN,BetOnline.ag,player_tds_over,Matthew Hibner,Over,2.5,20000,2026-10-04 17:00:00+00:00,2026-10-04 13:00:00-04:00,2026-10-04,,4.0
208172,f01589b0e7e6dd4f4ac1220a1db81f53,2026-09-29 07:36:51 EDT,2026-10-04,BAL,TEN,BAL@TEN,BetOnline.ag,player_tds_over,Matthew Hibner,Over,0.5,500,2026-10-04 17:00:00+00:00,2026-10-04 13:00:00-04:00,2026-10-04,,4.0
208173,f01589b0e7e6dd4f4ac1220a1db81f53,2026-09-29 07:36:51 EDT,2026-10-04,BAL,TEN,BAL@TEN,BetOnline.ag,player_tds_over,Matthew Hibner,Over,1.5,3900,2026-10-04 17:00:00+00:00,2026-10-04 13:00:00-04:00,2026-10-04,,4.0
208174,f01589b0e7e6dd4f4ac1220a1db81f53,2026-09-29 07:36:51 EDT,2026-10-04,BAL,TEN,BAL@TEN,BetOnline.ag,player_tds_over,Cam Ward,Over,2.5,20000,2026-10-04 17:00:00+00:00,2026-10-04 13:00:00-04:00,2026-10-04,TEN,4.0
208175,f01589b0e7e6dd4f4ac1220a1db81f53,2026-09-29 07:36:51 EDT,2026-10-04,BAL,TEN,BAL@TEN,BetOnline.ag,player_tds_over,Cam Ward,Over,1.5,3900,2026-10-04 17:00:00+00:00,2026-10-04 13:00:00-04:00,2026-10-04,TEN,4.0
208176,f01589b0e7e6dd4f4ac1220a1db81f53,2026-09-29 07:36:51 EDT,2026-10-04,BAL,TEN,BAL@TEN,BetOnline.ag,player_tds_over,Cam Ward,Over,0.5,500,2026-10-04 17:00:00+00:00,2026-10-04 13:00:00-04:00,2026-10-04,TEN,4.0
208177,f01589b0e7e6dd4f4ac1220a1db81f53,2026-09-29 07:36:51 EDT,2026-10-04,BAL,TEN,BAL@TEN,BetOnline.ag,player_tds_over,Nicholas Singleton,Over,1.5,6400,2026-10-04 17:00:00+00:00,2026-10-04 13:00:00-04:00,2026-10-04,TEN,4.0
208178,f01589b0e7e6dd4f4ac1220a1db81f53,2026-09-29 07:36:51 EDT,2026-10-04,BAL,TEN,BAL@TEN,BetOnline.ag,player_tds_over,Nicholas Singleton,Over,2.5,20000,2026-10-04 17:00:00+00:00,2026-10-04 13:00:00-04:00,2026-10-04,TEN,4.0
208179,f01589b0e7e6dd4f4ac1220a1db81f53,2026-09-29 07:36:51 EDT,2026-10-04,BAL,TEN,BAL@TEN,BetOnline.ag,player_tds_over,Nicholas Singleton,Over,0.5,750,2026-10-04 17:00:00+00:00,2026-10-04 13:00:00-04:00,2026-10-04,TEN,4.0
208180,f01589b0e7e6dd4f4ac1220a1db81f53,2026-09-29 07:36:51 EDT,2026-10-04,BAL,TEN,BAL@TEN,BetOnline.ag,player_tds_over,Gunnar Helm,Over,0.5,550,2026-10-04 17:00:00+00:00,2026-10-04 13:00:00-04:00,2026-10-04,TEN,4.0
208181,f01589b0e7e6dd4f4ac1220a1db81f53,2026-09-29 07:36:51 EDT,2026-10-04,BAL,TEN,BAL@TEN,BetOnline.ag,player_tds_over,Gunnar Helm,Over,1.5,4400,2026-10-04 17:00:00+00:00,2026-10-04 13:00:00-04:00,2026-10-04,TEN,4.0
208182,f01589b0e7e6dd4f4ac1220a1db81f53,2026-09-29 07:36:51 EDT,2026-10-04,BAL,TEN,BAL@TEN,BetOnline.ag,player_tds_over,Gunnar Helm,Over,2.5,20000,2026-10-04 17:00:00+00:00,2026-10-04 13:00:00-04:00,2026-10-04,TEN,4.0
208183,f01589b0e7e6dd4f4ac1220a1db81f53,2026-09-29 07:36:51 EDT,2026-10-04,BAL,TEN,BAL@TEN,BetOnline.ag,player_tds_over,Carnell Tate,Over,0.5,350,2026-10-04 17:00:00+00:00,2026-10-04 13:00:00-04:00,2026-10-04,TEN,4.0
208184,f01589b0e7e6dd4f4ac1220a1db81f53,2026-09-29 07:36:51 EDT,2026-10-04,BAL,TEN,BAL@TEN,BetOnline.ag,player_tds_over,Carnell Tate,Over,2.5,15000,2026-10-04 17:00:00+00:00,2026-10-04 13:00:00-04:00,2026-10-04,TEN,4.0
208185,f01589b0e7e6dd4f4ac1220a1db81f53,2026-09-29 07:36:51 EDT,2026-10-04,BAL,TEN,BAL@TEN,BetOnline.ag,player_tds_over,Carnell Tate,Over,1.5,2900,2026-10-04 17:00:00+00:00,2026-10-04 13:00:00-04:00,2026-10-04,TEN,4.0
208186,f01589b0e7e6dd4f4ac1220a1db81f53,2026-09-29 07:36:51 EDT,2026-10-04,BAL,TEN,BAL@TEN,BetOnline.ag,player_tds_over,Justice Hill,Over,2.5,20000,2026-10-04 17:00:00+00:00,2026-10-04 13:00:00-04:00,2026-10-04,BAL,4.0
208187,f01589b0e7e6dd4f4ac1220a1db81f53,2026-09-29 07:36:51 EDT,2026-10-04,BAL,TEN,BAL@TEN,BetOnline.ag,player_tds_over,Justice Hill,Over,1.5,3900,2026-10-04 17:00:00+00:00,2026-10-04 13:00:00-04:00,2026-10-04,BAL,4.0
208188,f01589b0e7e6dd4f4ac1220a1db81f53,2026-09-29 07:36:51 EDT,2026-10-04,BAL,TEN,BAL@TEN,BetOnline.ag,player_tds_over,Justice Hill,Over,0.5,500,2026-10-04 17:00:00+00:00,2026-10-04 13:00:00-04:00,2026-10-04,BAL,4.0
208189,f01589b0e7e6dd4f4ac1220a1db81f53,2026-09-29 07:36:51 EDT,2026-10-04,BAL,TEN,BAL@TEN,BetOnline.ag,player_tds_over,LaJohntay Wester,Over,1.5,3900,2026-10-04 17:00:00+00:00,2026-10-04 13:00:00-04:00,2026-10-04,BAL,4.0
208190,f01589b0e7e6dd4f4ac1220a1db81f53,2026-09-29 07:36:51 EDT,2026-10-04,BAL,TEN,BAL@TEN,BetOnline.ag,player_tds_over,LaJohntay Wester,Over,0.5,500,2026-10-04 17:00:00+00:00,2026-10-04 13:00:00-04:00,2026-10-04,BAL,4.0
208191,f01589b0e7e6dd4f4ac1220a1db81f53,2026-09-29 07:36:51 EDT,2026-10-04,BAL,TEN,BAL@TEN,BetOnline.ag,player_tds_over,LaJohntay Wester,Over,2.5,20000,2026-10-04 17:00:00+00:00,2026-10-04 13:00:00-04:00,2026-10-04,BAL,4.0
208192,f01589b0e7e6dd4f4ac1220a1db81f53,2026-09-29 07:36:51 EDT,2026-10-04,BAL,TEN,BAL@TEN,BetOnline.ag,player_tds_over,Calvin Ridley,Over,1.5,7900,2026-10-04 17:00:00+00:00,2026-10-04 13:00:00-04:00,2026-10-04,TEN,4.0
208193,f01589b0e7e6dd4f4ac1220a1db81f53,2026-09-29 07:36:51 EDT,2026-10-04,BAL,TEN,BAL@TEN,BetOnline.ag,player_tds_over,Calvin Ridley,Over,2.5,20000,2026-10-04 17:00:00+00:00,2026-10-04 13:00:00-04:00,2026-10-04,TEN,4.0
208194,f01589b0e7e6dd4f4ac1220a1db81f53,2026-09-29 07:36:51 EDT,2026-10-04,BAL,TEN,BAL@TEN,BetOnline.ag,player_tds_over,Calvin Ridley,Over,0.5,900,2026-10-04 17:00:00+00:00,2026-10-04 13:00:00-04:00,2026-10-04,TEN,4.0
208195,f01589b0e7e6dd4f4ac1220a1db81f53,2026-09-29 07:36:51 EDT,2026-10-04,BAL,TEN,BAL@TEN,BetOnline.ag,player_tds_over,Tyjae Spears,Over,1.5,3400,2026-10-04 17:00:00+00:00,2026-10-04 13:00:00-04:00,2026-10-04,TEN,4.0
208196,f01589b0e7e6dd4f4ac1220a1db81f53,2026-09-29 07:36:51 EDT,2026-10-04,BAL,TEN,BAL@TEN,BetOnline.ag,player_tds_over,Tyjae Spears,Over,0.5,400,2026-10-04 17:00:00+00:00,2026-10-04 13:00:00-04:00,2026-10-04,TEN,4.0
208197,f01589b0e7e6dd4f4ac1220a1db81f53,2026-09-29 07:36:51 EDT,2026-10-04,BAL,TEN,BAL@TEN,BetOnline.ag,player_tds_over,Tyjae Spears,Over,2.5,15000,2026-10-04 17:00:00+00:00,2026-10-04 13:00:00-04:00,2026-10-04,TEN,4.0
208198,f01589b0e7e6dd4f4ac1220a1db81f53,2026-09-29 07:36:51 EDT,2026-10-04,BAL,TEN,BAL@TEN,BetOnline.ag,player_tds_over,Rashod Bateman,Over,0.5,190,2026-10-04 17:00:00+00:00,2026-10-04 13:00:00-04:00,2026-10-04,BAL,4.0
208199,f01589b0e7e6dd4f4ac1220a1db81f53,2026-09-29 07:36:51 EDT,2026-10-04,BAL,TEN,BAL@TEN,BetOnline.ag,player_tds_over,Rashod Bateman,Over,2.5,7900,2026-10-04 17:00:00+00:00,2026-10-04 13:00:00-04:00,2026-10-04,BAL,4.0
208200,f01589b0e7e6dd4f4ac1220a1db81f53,2026-09-29 07:36:51 EDT,2026-10-04,BAL,TEN,BAL@TEN,BetOnline.ag,player_tds_over,Rashod Bateman,Over,1.5,1100,2026-10-04 17:00:00+00:00,2026-10-04 13:00:00-04:00,2026-10-04,BAL,4.0
208201,f01589b0e7e6dd4f4ac1220a1db81f53,2026-09-29 07:36:51 EDT,2026-10-04,BAL,TEN,BAL@TEN,BetOnline.ag,player_tds_over,Mark Andrews,Over,0.5,130,2026-10-04 17:00:00+00:00,2026-10-04 13:00:00-04:00,2026-10-04,BAL,4.0
208202,f01589b0e7e6dd4f4ac1220a1db81f53,2026-09-29 07:36:51 EDT,2026-10-04,BAL,TEN,BAL@TEN,BetOnline.ag,player_tds_over,Mark Andrews,Over,2.5,4400,2026-10-04 17:00:00+00:00,2026-10-04 13:00:00-04:00,2026-10-04,BAL,4.0
208203,f01589b0e7e6dd4f4ac1220a1db81f53,2026-09-29 07:36:51 EDT,2026-10-04,BAL,TEN,BAL@TEN,BetOnline.ag,player_tds_over,Mark Andrews,Over,1.5,650,2026-10-04 17:00:00+00:00,2026-10-04 13:00:00-04:00,2026-10-04,BAL,4.0
208204,f01589b0e7e6dd4f4ac1220a1db81f53,2026-09-29 07:36:51 EDT,2026-10-04,BAL,TEN,BAL@TEN,BetOnline.ag,player_tds_over,Chris Moore,Over,1.5,2600,2026-10-04 17:00:00+00:00,2026-10-04 13:00:00-04:00,2026-10-04,BAL,4.0
208205,f01589b0e7e6dd4f4ac1220a1db81f53,2026-09-29 07:36:51 EDT,2026-10-04,BAL,TEN,BAL@TEN,BetOnline.ag,player_tds_over,Chris Moore,Over,2.5,12000,2026-10-04 17:00:00+00:00,2026-10-04 13:00:00-04:00,2026-10-04,BAL,4.0
208206,f01589b0e7e6dd4f4ac1220a1db81f53,2026-09-29 07:36:51 EDT,2026-10-04,BAL,TEN,BAL@TEN,BetOnline.ag,player_tds_over,Chris Moore,Over,0.5,325,2026-10-04 17:00:00+00:00,2026-10-04 13:00:00-04:00,2026-10-04,BAL,4.0
208207,f01589b0e7e6dd4f4ac1220a1db81f53,2026-09-29 07:36:51 EDT,2026-10-04,BAL,TEN,BAL@TEN,BetOnline.ag,player_tds_over,Wan'Dale Robinson,Over,1.5,2600,2026-10-04 17:00:00+00:00,2026-10-04 13:00:00-04:00,2026-10-04,TEN,4.0
208208,f01589b0e7e6dd4f4ac1220a1db81f53,2026-09-29 07:36:51 EDT,2026-10-04,BAL,TEN,BAL@TEN,BetOnline.ag,player_tds_over,Wan'Dale Robinson,Over,2.5,12000,2026-10-04 17:00:00+00:00,2026-10-04 13:00:00-04:00,2026-10-04,TEN,4.0
208209,f01589b0e7e6dd4f4ac1220a1db81f53,2026-09-29 07:36:51 EDT,2026-10-04,BAL,TEN,BAL@TEN,BetOnline.ag,player_tds_over,Wan'Dale Robinson,Over,0.5,325,2026-10-04 17:00:00+00:00,2026-10-04 13:00:00-04:00,2026-10-04,TEN,4.0
208210,f01589b0e7e6dd4f4ac1220a1db81f53,2026-09-29 07:36:51 EDT,2026-10-04,BAL,TEN,BAL@TEN,Fanatics,player_tds_over,Durham Smythe,Over,1.5,12000,2026-10-04 17:00:00+00:00,2026-10-04 13:00:00-04:00,2026-10-04,BAL,4.0
208211,f01589b0e7e6dd4f4ac1220a1db81f53,2026-09-29 07:36:51 EDT,2026-10-04,BAL,TEN,BAL@TEN,Fanatics,player_tds_over,Mark Andrews,Over,1.5,1300,2026-10-04 17:00:00+00:00,2026-10-04 13:00:00-04:00,2026-10-04,BAL,4.0
208212,f01589b0e7e6dd4f4ac1220a1db81f53,2026-09-29 07:36:51 EDT,2026-10-04,BAL,TEN,BAL@TEN,Fanatics,player_tds_over,Chris Moore,Over,1.5,5000,2026-10-04 17:00:00+00:00,2026-10-04 13:00:00-04:00,2026-10-04,BAL,4.0
208213,f01589b0e7e6dd4f4ac1220a1db81f53,2026-09-29 07:36:51 EDT,2026-10-04,BAL,TEN,BAL@TEN,Fanatics,player_tds_over,Derrick Henry,Over,1.5,180,2026-10-04 17:00:00+00:00,2026-10-04 13:00:00-04:00,2026-10-04,BAL,4.0
208214,f01589b0e7e6dd4f4ac1220a1db81f53,2026-09-29 07:36:51 EDT,2026-10-04,BAL,TEN,BAL@TEN,Fanatics,player_tds_over,Justice Hill,Over,1.5,4500,2026-10-04 17:00:00+00:00,2026-10-04 13:00:00-04:00,2026-10-04,BAL,4.0
208215,f01589b0e7e6dd4f4ac1220a1db81f53,2026-09-29 07:36:51 EDT,2026-10-04,BAL,TEN,BAL@TEN,Fanatics,player_tds_over,Lamar Jackson,Over,1.5,1500,2026-10-04 17:00:00+00:00,2026-10-04 13:00:00-04:00,2026-10-04,BAL,4.0
208216,f01589b0e7e6dd4f4ac1220a1db81f53,2026-09-29 07:36:51 EDT,2026-10-04,BAL,TEN,BAL@TEN,Fanatics,player_tds_over,Zay Flowers,Over,1.5,800,2026-10-04 17:00:00+00:00,2026-10-04 13:00:00-04:00,2026-10-04,BAL,4.0
208217,f01589b0e7e6dd4f4ac1220a1db81f53,2026-09-29 07:36:51 EDT,2026-10-04,BAL,TEN,BAL@TEN,Fanatics,player_tds_over,Rasheen Ali,Over,1.5,30000,2026-10-04 17:00:00+00:00,2026-10-04 13:00:00-04:00,2026-10-04,BAL,4.0
208218,f01589b0e7e6dd4f4ac1220a1db81f53,2026-09-29 07:36:51 EDT,2026-10-04,BAL,TEN,BAL@TEN,Fanatics,player_tds_over,Elijah Sarratt,Over,1.5,30000,2026-10-04 17:00:00+00:00,2026-10-04 13:00:00-04:00,2026-10-04,BAL,4.0
208219,f01589b0e7e6dd4f4ac1220a1db81f53,2026-09-29 07:36:51 EDT,2026-10-04,BAL,TEN,BAL@TEN,Fanatics,player_tds_over,Josh Cuevas,Over,1.5,30000,2026-10-04 17:00:00+00:00,2026-10-04 13:00:00-04:00,2026-10-04,BAL,4.0
208220,f01589b0e7e6dd4f4ac1220a1db81f53,2026-09-29 07:36:51 EDT,2026-10-04,BAL,TEN,BAL@TEN,Fanatics,player_tds_over,Calvin Ridley,Over,1.5,7000,2026-10-04 17:00:00+00:00,2026-10-04 13:00:00-04:00,2026-10-04,TEN,4.0
208221,f01589b0e7e6dd4f4ac1220a1db81f53,2026-09-29 07:36:51 EDT,2026-10-04,BAL,TEN,BAL@TEN,Fanatics,player_tds_over,Tony Pollard,Over,1.5,1500,2026-10-04 17:00:00+00:00,2026-10-04 13:00:00-04:00,2026-10-04,TEN,4.0
208222,f01589b0e7e6dd4f4ac1220a1db81f53,2026-09-29 07:36:51 EDT,2026-10-04,BAL,TEN,BAL@TEN,Fanatics,player_tds_over,Kylen Granson,Over,1.5,30000,2026-10-04 17:00:00+00:00,2026-10-04 13:00:00-04:00,2026-10-04,TEN,4.0
208223,f01589b0e7e6dd4f4ac1220a1db81f53,2026-09-29 07:36:51 EDT,2026-10-04,BAL,TEN,BAL@TEN,Fanatics,player_tds_over,Julius Chestnut,Over,1.5,25000,2026-10-04 17:00:00+00:00,2026-10-04 13:00:00-04:00,2026-10-04,TEN,4.0
208224,f01589b0e7e6dd4f4ac1220a1db81f53,2026-09-29 07:36:51 EDT,2026-10-04,BAL,TEN,BAL@TEN,Fanatics,player_tds_over,Wan'Dale Robinson,Over,1.5,1700,2026-10-04 17:00:00+00:00,2026-10-04 13:00:00-04:00,2026-10-04,TEN,4.0
208225,f01589b0e7e6dd4f4ac1220a1db81f53,2026-09-29 07:36:51 EDT,2026-10-04,BAL,TEN,BAL@TEN,Fanatics,player_tds_over,Daniel Bellinger,Over,1.5,7000,2026-10-04 17:00:00+00:00,2026-10-04 13:00:00-04:00,2026-10-04,TEN,4.0
208226,f01589b0e7e6dd4f4ac1220a1db81f53,2026-09-29 07:36:51 EDT,2026-10-04,BAL,TEN,BAL@TEN,Fanatics,player_tds_over,Tyjae Spears,Over,1.5,3500,2026-10-04 17:00:00+00:00,2026-10-04 13:00:00-04:00,2026-10-04,TEN,4.0
208227,f01589b0e7e6dd4f4ac1220a1db81f53,2026-09-29 07:36:51 EDT,2026-10-04,BAL,TEN,BAL@TEN,Fanatics,player_tds_over,Cam Ward,Over,1.5,7000,2026-10-04 17:00:00+00:00,2026-10-04 13:00:00-04:00,2026-10-04,TEN,4.0
208228,f01589b0e7e6dd4f4ac1220a1db81f53,2026-09-29 07:36:51 EDT,2026-10-04,BAL,TEN,BAL@TEN,Fanatics,player_tds_over,Gunnar Helm,Over,1.5,3500,2026-10-04 17:00:00+00:00,2026-10-04 13:00:00-04:00,2026-10-04,TEN,4.0
208229,f01589b0e7e6dd4f4ac1220a1db81f53,2026-09-29 07:36:51 EDT,2026-10-04,BAL,TEN,BAL@TEN,Fanatics,player_tds_over,Nicholas Singleton,Over,1.5,30000,2026-10-04 17:00:00+00:00,2026-10-04 13:00:00-04:00,2026-10-04,TEN,4.0
208230,f01589b0e7e6dd4f4ac1220a1db81f53,2026-09-29 07:36:51 EDT,2026-10-04,BAL,TEN,BAL@TEN,Fanatics,player_tds_over,Mark Andrews,Over,2.5,8000,2026-10-04 17:00:00+00:00,2026-10-04 13:00:00-04:00,2026-10-04,BAL,4.0
208231,f01589b0e7e6dd4f4ac1220a1db81f53,2026-09-29 07:36:51 EDT,2026-10-04,BAL,TEN,BAL@TEN,Fanatics,player_tds_over,Chris Moore,Over,2.5,40000,2026-10-04 17:00:00+00:00,2026-10-04 13:00:00-04:00,2026-10-04,BAL,4.0
208232,f01589b0e7e6dd4f4ac1220a1db81f53,2026-09-29 07:36:51 EDT,2026-10-04,BAL,TEN,BAL@TEN,Fanatics,player_tds_over,Derrick Henry,Over,2.5,650,2026-10-04 17:00:00+00:00,2026-10-04 13:00:00-04:00,2026-10-04,BAL,4.0
208233,f01589b0e7e6dd4f4ac1220a1db81f53,2026-09-29 07:36:51 EDT,2026-10-04,BAL,TEN,BAL@TEN,Fanatics,player_tds_over,Lamar Jackson,Over,2.5,9000,2026-10-04 17:00:00+00:00,2026-10-04 13:00:00-04:00,2026-10-04,BAL,4.0
208234,f01589b0e7e6dd4f4ac1220a1db81f53,2026-09-29 07:36:51 EDT,2026-10-04,BAL,TEN,BAL@TEN,Fanatics,player_tds_over,Zay Flowers,Over,2.5,5000,2026-10-04 17:00:00+00:00,2026-10-04 13:00:00-04:00,2026-10-04,BAL,4.0
208235,f01589b0e7e6dd4f4ac1220a1db81f53,2026-09-29 07:36:51 EDT,2026-10-04,BAL,TEN,BAL@TEN,Fanatics,player_tds_over,Calvin Ridley,Over,2.5,25000,2026-10-04 17:00:00+00:00,2026-10-04 13:00:00-04:00,2026-10-04,TEN,4.0
208236,f01589b0e7e6dd4f4ac1220a1db81f53,2026-09-29 07:36:51 EDT,2026-10-04,BAL,TEN,BAL@TEN,Fanatics,player_tds_over,Tony Pollard,Over,2.5,9000,2026-10-04 17:00:00+00:00,2026-10-04 13:00:00-04:00,2026-10-04,TEN,4.0
208237,f01589b0e7e6dd4f4ac1220a1db81f53,2026-09-29 07:36:51 EDT,2026-10-04,BAL,TEN,BAL@TEN,Fanatics,player_tds_over,Wan'Dale Robinson,Over,2.5,12000,2026-10-04 17:00:00+00:00,2026-10-04 13:00:00-04:00,2026-10-04,TEN,4.0
208238,f01589b0e7e6dd4f4ac1220a1db81f53,2026-09-29 07:36:51 EDT,2026-10-04,BAL,TEN,BAL@TEN,Fanatics,player_tds_over,Tyjae Spears,Over,2.5,50000,2026-10-04 17:00:00+00:00,2026-10-04 13:00:00-04:00,2026-10-04,TEN,4.0
208239,f01589b0e7e6dd4f4ac1220a1db81f53,2026-09-29 07:36:51 EDT,2026-10-04,BAL,TEN,BAL@TEN,Fanatics,player_tds_over,Gunnar Helm,Over,2.5,40000,2026-10-04 17:00:00+00:00,2026-10-04 13:00:00-04:00,2026-10-04,TEN,4.0
208240,573cc0ef39631a4f6673ec843a8bedd4,2026-09-29 07:36:51 EDT,2026-10-04,BUF,NWE,BUF@NWE,DraftKings,player_pass_yds,Josh Allen,Over,238.5,-112,2026-10-04 17:00:00+00:00,2026-10-04 13:00:00-04:00,2026-10-04,BUF,4.0
208241,573cc0ef39631a4f6673ec843a8bedd4,2026-09-29 07:36:51 EDT,2026-10-04,BUF,NWE,BUF@NWE,DraftKings,player_pass_yds,Josh Allen,Under,238.5,-112,2026-10-04 17:00:00+00:00,2026-10-04 13:00:00-04:00,2026-10-04,BUF,4.0
208242,573cc0ef39631a4f6673ec843a8bedd4,2026-09-29 07:36:51 EDT,2026-10-04,BUF,NWE,BUF@NWE,DraftKings,player_pass_yds,Drake Maye,Over,228.5,-112,2026-10-04 17:00:00+00:00,2026-10-04 13:00:00-04:00,2026-10-04,NE,4.0
208243,573cc0ef39631a4f6673ec843a8bedd4,2026-09-29 07:36:51 EDT,2026-10-04,BUF,NWE,BUF@NWE,DraftKings,player_pass_yds,Drake Maye,Under,228.5,-112,2026-10-04 17:00:00+00:00,2026-10-04 13:00:00-04:00,2026-10-04,NE,4.0
208244,573cc0ef39631a4f6673ec843a8bedd4,2026-09-29 07:36:51 EDT,2026-10-04,BUF,NWE,BUF@NWE,FanDuel,player_pass_yds,Drake Maye,Over,230.5,-114,2026-10-04 17:00:00+00:00,2026-10-04 13:00:00-04:00,2026-10-04,NE,4.0
208245,573cc0ef39631a4f6673ec843a8bedd4,2026-09-29 07:36:51 EDT,2026-10-04,BUF,NWE,BUF@NWE,FanDuel,player_pass_yds,Drake Maye,Under,230.5,-114,2026-10-04 17:00:00+00:00,2026-10-04 13:00:00-04:00,2026-10-04,NE,4.0
208246,573cc0ef39631a4f6673ec843a8bedd4,2026-09-29 07:36:51 EDT,2026-10-04,BUF,NWE,BUF@NWE,FanDuel,player_pass_yds,Josh Allen,Over,241.5,-114,2026-10-04 17:00:00+00:00,2026-10-04 13:00:00-04:00,2026-10-04,BUF,4.0
208247,573cc0ef39631a4f6673ec843a8bedd4,2026-09-29 07:36:51 EDT,2026-10-04,BUF,NWE,BUF@NWE,FanDuel,player_pass_yds,Josh Allen,Under,241.5,-114,2026-10-04 17:00:00+00:00,2026-10-04 13:00:00-04:00,2026-10-04,BUF,4.0
208248,573cc0ef39631a4f6673ec843a8bedd4,2026-09-29 07:36:51 EDT,2026-10-04,BUF,NWE,BUF@NWE,Fanatics,player_pass_yds,Josh Allen,Over,240.5,-110,2026-10-04 17:00:00+00:00,2026-10-04 13:00:00-04:00,2026-10-04,BUF,4.0
208249,573cc0ef39631a4f6673ec843a8bedd4,2026-09-29 07:36:51 EDT,2026-10-04,BUF,NWE,BUF@NWE,Fanatics,player_pass_yds,Josh Allen,Under,240.5,-120,2026-10-04 17:00:00+00:00,2026-10-04 13:00:00-04:00,2026-10-04,BUF,4.0
208250,573cc0ef39631a4f6673ec843a8bedd4,2026-09-29 07:36:51 EDT,2026-10-04,BUF,NWE,BUF@NWE,DraftKings,player_pass_tds,Josh Allen,Over,1.5,-148,2026-10-04 17:00:00+00:00,2026-10-04 13:00:00-04:00,2026-10-04,BUF,4.0
208251,573cc0ef39631a4f6673ec843a8bedd4,2026-09-29 07:36:51 EDT,2026-10-04,BUF,NWE,BUF@NWE,DraftKings,player_pass_tds,Josh Allen,Under,1.5,116,2026-10-04 17:00:00+00:00,2026-10-04 13:00:00-04:00,2026-10-04,BUF,4.0
208252,573cc0ef39631a4f6673ec843a8bedd4,2026-09-29 07:36:51 EDT,2026-10-04,BUF,NWE,BUF@NWE,DraftKings,player_pass_tds,Drake Maye,Over,1.5,120,2026-10-04 17:00:00+00:00,2026-10-04 13:00:00-04:00,2026-10-04,NE,4.0
208253,573cc0ef39631a4f6673ec843a8bedd4,2026-09-29 07:36:51 EDT,2026-10-04,BUF,NWE,BUF@NWE,DraftKings,player_pass_tds,Drake Maye,Under,1.5,-154,2026-10-04 17:00:00+00:00,2026-10-04 13:00:00-04:00,2026-10-04,NE,4.0
208254,573cc0ef39631a4f6673ec843a8bedd4,2026-09-29 07:36:51 EDT,2026-10-04,BUF,NWE,BUF@NWE,FanDuel,player_pass_tds,Josh Allen,Over,1.5,-148,2026-10-04 17:00:00+00:00,2026-10-04 13:00:00-04:00,2026-10-04,BUF,4.0
208255,573cc0ef39631a4f6673ec843a8bedd4,2026-09-29 07:36:51 EDT,2026-10-04,BUF,NWE,BUF@NWE,FanDuel,player_pass_tds,Josh Allen,Under,1.5,112,2026-10-04 17:00:00+00:00,2026-10-04 13:00:00-04:00,2026-10-04,BUF,4.0
208256,573cc0ef39631a4f6673ec843a8bedd4,2026-09-29 07:36:51 EDT,2026-10-04,BUF,NWE,BUF@NWE,FanDuel,player_pass_tds,Drake Maye,Over,1.5,136,2026-10-04 17:00:00+00:00,2026-10-04 13:00:00-04:00,2026-10-04,NE,4.0
208257,573cc0ef39631a4f6673ec843a8bedd4,2026-09-29 07:36:51 EDT,2026-10-04,BUF,NWE,BUF@NWE,FanDuel,player_pass_tds,Drake Maye,Under,1.5,-182,2026-10-04 17:00:00+00:00,2026-10-04 13:00:00-04:00,2026-10-04,NE,4.0
208258,573cc0ef39631a4f6673ec843a8bedd4,2026-09-29 07:36:51 EDT,2026-10-04,BUF,NWE,BUF@NWE,DraftKings,player_tds_over,James Cook,Over,1.5,360,2026-10-04 17:00:00+00:00,2026-10-04 13:00:00-04:00,2026-10-04,BUF,4.0
208259,573cc0ef39631a4f6673ec843a8bedd4,2026-09-29 07:36:51 EDT,2026-10-04,BUF,NWE,BUF@NWE,DraftKings,player_tds_over,Josh Allen,Over,1.5,600,2026-10-04 17:00:00+00:00,2026-10-04 13:00:00-04:00,2026-10-04,BUF,4.0
208260,573cc0ef39631a4f6673ec843a8bedd4,2026-09-29 07:36:51 EDT,2026-10-04,BUF,NWE,BUF@NWE,DraftKings,player_tds_over,Rhamondre Stevenson,Over,1.5,1000,2026-10-04 17:00:00+00:00,2026-10-04 13:00:00-04:00,2026-10-04,NE,4.0
208261,573cc0ef39631a4f6673ec843a8bedd4,2026-09-29 07:36:51 EDT,2026-10-04,BUF,NWE,BUF@NWE,DraftKings,player_tds_over,TreVeyon Henderson,Over,1.5,1300,2026-10-04 17:00:00+00:00,2026-10-04 13:00:00-04:00,2026-10-04,NE,4.0
208262,573cc0ef39631a4f6673ec843a8bedd4,2026-09-29 07:36:51 EDT,2026-10-04,BUF,NWE,BUF@NWE,DraftKings,player_tds_over,DJ Moore,Over,1.5,1400,2026-10-04 17:00:00+00:00,2026-10-04 13:00:00-04:00,2026-10-04,BUF,4.0
208263,573cc0ef39631a4f6673ec843a8bedd4,2026-09-29 07:36:51 EDT,2026-10-04,BUF,NWE,BUF@NWE,DraftKings,player_tds_over,Dalton Kincaid,Over,1.5,1400,2026-10-04 17:00:00+00:00,2026-10-04 13:00:00-04:00,2026-10-04,BUF,4.0
208264,573cc0ef39631a4f6673ec843a8bedd4,2026-09-29 07:36:51 EDT,2026-10-04,BUF,NWE,BUF@NWE,DraftKings,player_tds_over,Khalil Shakir,Over,1.5,1900,2026-10-04 17:00:00+00:00,2026-10-04 13:00:00-04:00,2026-10-04,BUF,4.0
208265,573cc0ef39631a4f6673ec843a8bedd4,2026-09-29 07:36:51 EDT,2026-10-04,BUF,NWE,BUF@NWE,DraftKings,player_tds_over,Romeo Doubs,Over,1.5,2200,2026-10-04 17:00:00+00:00,2026-10-04 13:00:00-04:00,2026-10-04,NE,4.0
208266,573cc0ef39631a4f6673ec843a8bedd4,2026-09-29 07:36:51 EDT,2026-10-04,BUF,NWE,BUF@NWE,DraftKings,player_tds_over,Hunter Henry,Over,1.5,2500,2026-10-04 17:00:00+00:00,2026-10-04 13:00:00-04:00,2026-10-04,NE,4.0
208267,573cc0ef39631a4f6673ec843a8bedd4,2026-09-29 07:36:51 EDT,2026-10-04,BUF,NWE,BUF@NWE,DraftKings,player_tds_over,Mack Hollins,Over,1.5,2500,2026-10-04 17:00:00+00:00,2026-10-04 13:00:00-04:00,2026-10-04,NE,4.0
208268,573cc0ef39631a4f6673ec843a8bedd4,2026-09-29 07:36:51 EDT,2026-10-04,BUF,NWE,BUF@NWE,DraftKings,player_tds_over,DeMario Douglas,Over,1.5,4000,2026-10-04 17:00:00+00:00,2026-10-04 13:00:00-04:00,2026-10-04,NE,4.0
208269,573cc0ef39631a4f6673ec843a8bedd4,2026-09-29 07:36:51 EDT,2026-10-04,BUF,NWE,BUF@NWE,DraftKings,player_tds_over,Drake Maye,Over,1.5,4500,2026-10-04 17:00:00+00:00,2026-10-04 13:00:00-04:00,2026-10-04,NE,4.0
208270,573cc0ef39631a4f6673ec843a8bedd4,2026-09-29 07:36:51 EDT,2026-10-04,BUF,NWE,BUF@NWE,DraftKings,player_tds_over,Keon Coleman,Over,1.5,4500,2026-10-04 17:00:00+00:00,2026-10-04 13:00:00-04:00,2026-10-04,BUF,4.0
208272,573cc0ef39631a4f6673ec843a8bedd4,2026-09-29 07:36:51 EDT,2026-10-04,BUF,NWE,BUF@NWE,DraftKings,player_tds_over,Joshua Palmer,Over,1.5,5500,2026-10-04 17:00:00+00:00,2026-10-04 13:00:00-04:00,2026-10-04,BUF,4.0
208274,573cc0ef39631a4f6673ec843a8bedd4,2026-09-29 07:36:51 EDT,2026-10-04,BUF,NWE,BUF@NWE,DraftKings,player_tds_over,Dawson Knox,Over,1.5,8000,2026-10-04 17:00:00+00:00,2026-10-04 13:00:00-04:00,2026-10-04,BUF,4.0
208275,573cc0ef39631a4f6673ec843a8bedd4,2026-09-29 07:36:51 EDT,2026-10-04,BUF,NWE,BUF@NWE,DraftKings,player_tds_over,Kyle Williams,Over,1.5,10000,2026-10-04 17:00:00+00:00,2026-10-04 13:00:00-04:00,2026-10-04,NE,4.0
208276,573cc0ef39631a4f6673ec843a8bedd4,2026-09-29 07:36:51 EDT,2026-10-04,BUF,NWE,BUF@NWE,DraftKings,player_tds_over,Corey Kiner,Over,1.5,19000,2026-10-04 17:00:00+00:00,2026-10-04 13:00:00-04:00,2026-10-04,NE,4.0
208277,573cc0ef39631a4f6673ec843a8bedd4,2026-09-29 07:36:51 EDT,2026-10-04,BUF,NWE,BUF@NWE,DraftKings,player_tds_over,Efton Chism,Over,1.5,20000,2026-10-04 17:00:00+00:00,2026-10-04 13:00:00-04:00,2026-10-04,NE,4.0
208278,573cc0ef39631a4f6673ec843a8bedd4,2026-09-29 07:36:51 EDT,2026-10-04,BUF,NWE,BUF@NWE,Caesars,player_tds_over,James Cook,Over,1.5,330,2026-10-04 17:00:00+00:00,2026-10-04 13:00:00-04:00,2026-10-04,BUF,4.0
208279,573cc0ef39631a4f6673ec843a8bedd4,2026-09-29 07:36:51 EDT,2026-10-04,BUF,NWE,BUF@NWE,Caesars,player_tds_over,Josh Allen,Over,1.5,425,2026-10-04 17:00:00+00:00,2026-10-04 13:00:00-04:00,2026-10-04,BUF,4.0
208280,573cc0ef39631a4f6673ec843a8bedd4,2026-09-29 07:36:51 EDT,2026-10-04,BUF,NWE,BUF@NWE,Caesars,player_tds_over,Rhamondre Stevenson,Over,1.5,850,2026-10-04 17:00:00+00:00,2026-10-04 13:00:00-04:00,2026-10-04,NE,4.0
208281,573cc0ef39631a4f6673ec843a8bedd4,2026-09-29 07:36:51 EDT,2026-10-04,BUF,NWE,BUF@NWE,Caesars,player_tds_over,Dalton Kincaid,Over,1.5,1000,2026-10-04 17:00:00+00:00,2026-10-04 13:00:00-04:00,2026-10-04,BUF,4.0
208282,573cc0ef39631a4f6673ec843a8bedd4,2026-09-29 07:36:51 EDT,2026-10-04,BUF,NWE,BUF@NWE,Caesars,player_tds_over,DJ Moore,Over,1.5,1000,2026-10-04 17:00:00+00:00,2026-10-04 13:00:00-04:00,2026-10-04,BUF,4.0
208283,573cc0ef39631a4f6673ec843a8bedd4,2026-09-29 07:36:51 EDT,2026-10-04,BUF,NWE,BUF@NWE,Caesars,player_tds_over,TreVeyon Henderson,Over,1.5,1100,2026-10-04 17:00:00+00:00,2026-10-04 13:00:00-04:00,2026-10-04,NE,4.0
208284,573cc0ef39631a4f6673ec843a8bedd4,2026-09-29 07:36:51 EDT,2026-10-04,BUF,NWE,BUF@NWE,Caesars,player_tds_over,Khalil Shakir,Over,1.5,1500,2026-10-04 17:00:00+00:00,2026-10-04 13:00:00-04:00,2026-10-04,BUF,4.0
208285,573cc0ef39631a4f6673ec843a8bedd4,2026-09-29 07:36:51 EDT,2026-10-04,BUF,NWE,BUF@NWE,Caesars,player_tds_over,Hunter Henry,Over,1.5,1800,2026-10-04 17:00:00+00:00,2026-10-04 13:00:00-04:00,2026-10-04,NE,4.0
208286,573cc0ef39631a4f6673ec843a8bedd4,2026-09-29 07:36:51 EDT,2026-10-04,BUF,NWE,BUF@NWE,Caesars,player_tds_over,Romeo Doubs,Over,1.5,1800,2026-10-04 17:00:00+00:00,2026-10-04 13:00:00-04:00,2026-10-04,NE,4.0
208287,573cc0ef39631a4f6673ec843a8bedd4,2026-09-29 07:36:51 EDT,2026-10-04,BUF,NWE,BUF@NWE,Caesars,player_tds_over,Mack Hollins,Over,1.5,2300,2026-10-04 17:00:00+00:00,2026-10-04 13:00:00-04:00,2026-10-04,NE,4.0
208288,573cc0ef39631a4f6673ec843a8bedd4,2026-09-29 07:36:51 EDT,2026-10-04,BUF,NWE,BUF@NWE,Caesars,player_tds_over,DeMario Douglas,Over,1.5,3300,2026-10-04 17:00:00+00:00,2026-10-04 13:00:00-04:00,2026-10-04,NE,4.0
208289,573cc0ef39631a4f6673ec843a8bedd4,2026-09-29 07:36:51 EDT,2026-10-04,BUF,NWE,BUF@NWE,Caesars,player_tds_over,Drake Maye,Over,1.5,3500,2026-10-04 17:00:00+00:00,2026-10-04 13:00:00-04:00,2026-10-04,NE,4.0
208290,573cc0ef39631a4f6673ec843a8bedd4,2026-09-29 07:36:51 EDT,2026-10-04,BUF,NWE,BUF@NWE,Caesars,player_tds_over,Ty Johnson,Over,1.5,4000,2026-10-04 17:00:00+00:00,2026-10-04 13:00:00-04:00,2026-10-04,BUF,4.0
208291,573cc0ef39631a4f6673ec843a8bedd4,2026-09-29 07:36:51 EDT,2026-10-04,BUF,NWE,BUF@NWE,Caesars,player_tds_over,Keon Coleman,Over,1.5,4000,2026-10-04 17:00:00+00:00,2026-10-04 13:00:00-04:00,2026-10-04,BUF,4.0
208292,573cc0ef39631a4f6673ec843a8bedd4,2026-09-29 07:36:51 EDT,2026-10-04,BUF,NWE,BUF@NWE,Caesars,player_tds_over,Joshua Palmer,Over,1.5,5000,2026-10-04 17:00:00+00:00,2026-10-04 13:00:00-04:00,2026-10-04,BUF,4.0
208293,573cc0ef39631a4f6673ec843a8bedd4,2026-09-29 07:36:51 EDT,2026-10-04,BUF,NWE,BUF@NWE,Caesars,player_tds_over,Dawson Knox,Over,1.5,7500,2026-10-04 17:00:00+00:00,2026-10-04 13:00:00-04:00,2026-10-04,BUF,4.0
208294,573cc0ef39631a4f6673ec843a8bedd4,2026-09-29 07:36:51 EDT,2026-10-04,BUF,NWE,BUF@NWE,Caesars,player_tds_over,Kyle Williams,Over,1.5,7500,2026-10-04 17:00:00+00:00,2026-10-04 13:00:00-04:00,2026-10-04,NE,4.0
208295,573cc0ef39631a4f6673ec843a8bedd4,2026-09-29 07:36:51 EDT,2026-10-04,BUF,NWE,BUF@NWE,Caesars,player_tds_over,Efton Chism,Over,1.5,22500,2026-10-04 17:00:00+00:00,2026-10-04 13:00:00-04:00,2026-10-04,NE,4.0
208296,573cc0ef39631a4f6673ec843a8bedd4,2026-09-29 07:36:51 EDT,2026-10-04,BUF,NWE,BUF@NWE,Caesars,player_tds_over,James Cook,Over,2.5,1400,2026-10-04 17:00:00+00:00,2026-10-04 13:00:00-04:00,2026-10-04,BUF,4.0
208297,573cc0ef39631a4f6673ec843a8bedd4,2026-09-29 07:36:51 EDT,2026-10-04,BUF,NWE,BUF@NWE,Caesars,player_tds_over,Josh Allen,Over,2.5,2000,2026-10-04 17:00:00+00:00,2026-10-04 13:00:00-04:00,2026-10-04,BUF,4.0
208298,573cc0ef39631a4f6673ec843a8bedd4,2026-09-29 07:36:51 EDT,2026-10-04,BUF,NWE,BUF@NWE,Caesars,player_tds_over,Rhamondre Stevenson,Over,2.5,6600,2026-10-04 17:00:00+00:00,2026-10-04 13:00:00-04:00,2026-10-04,NE,4.0
208299,573cc0ef39631a4f6673ec843a8bedd4,2026-09-29 07:36:51 EDT,2026-10-04,BUF,NWE,BUF@NWE,Caesars,player_tds_over,DJ Moore,Over,2.5,8500,2026-10-04 17:00:00+00:00,2026-10-04 13:00:00-04:00,2026-10-04,BUF,4.0
208300,573cc0ef39631a4f6673ec843a8bedd4,2026-09-29 07:36:51 EDT,2026-10-04,BUF,NWE,BUF@NWE,Caesars,player_tds_over,Dalton Kincaid,Over,2.5,8500,2026-10-04 17:00:00+00:00,2026-10-04 13:00:00-04:00,2026-10-04,BUF,4.0
208301,573cc0ef39631a4f6673ec843a8bedd4,2026-09-29 07:36:51 EDT,2026-10-04,BUF,NWE,BUF@NWE,Caesars,player_tds_over,TreVeyon Henderson,Over,2.5,10000,2026-10-04 17:00:00+00:00,2026-10-04 13:00:00-04:00,2026-10-04,NE,4.0
208302,573cc0ef39631a4f6673ec843a8bedd4,2026-09-29 07:36:51 EDT,2026-10-04,BUF,NWE,BUF@NWE,Caesars,player_tds_over,Khalil Shakir,Over,2.5,15000,2026-10-04 17:00:00+00:00,2026-10-04 13:00:00-04:00,2026-10-04,BUF,4.0
208303,573cc0ef39631a4f6673ec843a8bedd4,2026-09-29 07:36:51 EDT,2026-10-04,BUF,NWE,BUF@NWE,Caesars,player_tds_over,Romeo Doubs,Over,2.5,20000,2026-10-04 17:00:00+00:00,2026-10-04 13:00:00-04:00,2026-10-04,NE,4.0
208304,573cc0ef39631a4f6673ec843a8bedd4,2026-09-29 07:36:51 EDT,2026-10-04,BUF,NWE,BUF@NWE,Caesars,player_tds_over,Hunter Henry,Over,2.5,22500,2026-10-04 17:00:00+00:00,2026-10-04 13:00:00-04:00,2026-10-04,NE,4.0
208305,573cc0ef39631a4f6673ec843a8bedd4,2026-09-29 07:36:51 EDT,2026-10-04,BUF,NWE,BUF@NWE,Caesars,player_tds_over,James Cook,Over,3.5,7500,2026-10-04 17:00:00+00:00,2026-10-04 13:00:00-04:00,2026-10-04,BUF,4.0
208306,573cc0ef39631a4f6673ec843a8bedd4,2026-09-29 07:36:51 EDT,2026-10-04,BUF,NWE,BUF@NWE,Caesars,player_tds_over,Josh Allen,Over,3.5,12500,2026-10-04 17:00:00+00:00,2026-10-04 13:00:00-04:00,2026-10-04,BUF,4.0
208307,573cc0ef39631a4f6673ec843a8bedd4,2026-09-29 07:36:51 EDT,2026-10-04,BUF,NWE,BUF@NWE,FanDuel,player_tds_over,James Cook,Over,1.5,430,2026-10-04 17:00:00+00:00,2026-10-04 13:00:00-04:00,2026-10-04,BUF,4.0
208308,573cc0ef39631a4f6673ec843a8bedd4,2026-09-29 07:36:51 EDT,2026-10-04,BUF,NWE,BUF@NWE,FanDuel,player_tds_over,Josh Allen,Over,1.5,500,2026-10-04 17:00:00+00:00,2026-10-04 13:00:00-04:00,2026-10-04,BUF,4.0
208309,573cc0ef39631a4f6673ec843a8bedd4,2026-09-29 07:36:51 EDT,2026-10-04,BUF,NWE,BUF@NWE,FanDuel,player_tds_over,DJ Moore,Over,1.5,1100,2026-10-04 17:00:00+00:00,2026-10-04 13:00:00-04:00,2026-10-04,BUF,4.0
208310,573cc0ef39631a4f6673ec843a8bedd4,2026-09-29 07:36:51 EDT,2026-10-04,BUF,NWE,BUF@NWE,FanDuel,player_tds_over,Rhamondre Stevenson,Over,1.5,1100,2026-10-04 17:00:00+00:00,2026-10-04 13:00:00-04:00,2026-10-04,NE,4.0
208311,573cc0ef39631a4f6673ec843a8bedd4,2026-09-29 07:36:51 EDT,2026-10-04,BUF,NWE,BUF@NWE,FanDuel,player_tds_over,Dalton Kincaid,Over,1.5,1400,2026-10-04 17:00:00+00:00,2026-10-04 13:00:00-04:00,2026-10-04,BUF,4.0
208312,573cc0ef39631a4f6673ec843a8bedd4,2026-09-29 07:36:51 EDT,2026-10-04,BUF,NWE,BUF@NWE,FanDuel,player_tds_over,TreVeyon Henderson,Over,1.5,1500,2026-10-04 17:00:00+00:00,2026-10-04 13:00:00-04:00,2026-10-04,NE,4.0
208313,573cc0ef39631a4f6673ec843a8bedd4,2026-09-29 07:36:51 EDT,2026-10-04,BUF,NWE,BUF@NWE,FanDuel,player_tds_over,Khalil Shakir,Over,1.5,2000,2026-10-04 17:00:00+00:00,2026-10-04 13:00:00-04:00,2026-10-04,BUF,4.0
208314,573cc0ef39631a4f6673ec843a8bedd4,2026-09-29 07:36:51 EDT,2026-10-04,BUF,NWE,BUF@NWE,FanDuel,player_tds_over,Hunter Henry,Over,1.5,2500,2026-10-04 17:00:00+00:00,2026-10-04 13:00:00-04:00,2026-10-04,NE,4.0
208315,573cc0ef39631a4f6673ec843a8bedd4,2026-09-29 07:36:51 EDT,2026-10-04,BUF,NWE,BUF@NWE,FanDuel,player_tds_over,Romeo Doubs,Over,1.5,2500,2026-10-04 17:00:00+00:00,2026-10-04 13:00:00-04:00,2026-10-04,NE,4.0
208316,573cc0ef39631a4f6673ec843a8bedd4,2026-09-29 07:36:51 EDT,2026-10-04,BUF,NWE,BUF@NWE,FanDuel,player_tds_over,Mack Hollins,Over,1.5,3000,2026-10-04 17:00:00+00:00,2026-10-04 13:00:00-04:00,2026-10-04,NE,4.0
208317,573cc0ef39631a4f6673ec843a8bedd4,2026-09-29 07:36:51 EDT,2026-10-04,BUF,NWE,BUF@NWE,FanDuel,player_tds_over,DeMario Douglas,Over,1.5,4000,2026-10-04 17:00:00+00:00,2026-10-04 13:00:00-04:00,2026-10-04,NE,4.0
208318,573cc0ef39631a4f6673ec843a8bedd4,2026-09-29 07:36:51 EDT,2026-10-04,BUF,NWE,BUF@NWE,FanDuel,player_tds_over,Keon Coleman,Over,1.5,5000,2026-10-04 17:00:00+00:00,2026-10-04 13:00:00-04:00,2026-10-04,BUF,4.0
208319,573cc0ef39631a4f6673ec843a8bedd4,2026-09-29 07:36:51 EDT,2026-10-04,BUF,NWE,BUF@NWE,FanDuel,player_tds_over,Drake Maye,Over,1.5,5500,2026-10-04 17:00:00+00:00,2026-10-04 13:00:00-04:00,2026-10-04,NE,4.0
208320,573cc0ef39631a4f6673ec843a8bedd4,2026-09-29 07:36:51 EDT,2026-10-04,BUF,NWE,BUF@NWE,FanDuel,player_tds_over,Ty Johnson,Over,1.5,7000,2026-10-04 17:00:00+00:00,2026-10-04 13:00:00-04:00,2026-10-04,BUF,4.0
208321,573cc0ef39631a4f6673ec843a8bedd4,2026-09-29 07:36:51 EDT,2026-10-04,BUF,NWE,BUF@NWE,FanDuel,player_tds_over,Joshua Palmer,Over,1.5,8000,2026-10-04 17:00:00+00:00,2026-10-04 13:00:00-04:00,2026-10-04,BUF,4.0
208324,573cc0ef39631a4f6673ec843a8bedd4,2026-09-29 07:36:51 EDT,2026-10-04,BUF,NWE,BUF@NWE,FanDuel,player_tds_over,Kyle Williams,Over,1.5,10000,2026-10-04 17:00:00+00:00,2026-10-04 13:00:00-04:00,2026-10-04,NE,4.0
208325,573cc0ef39631a4f6673ec843a8bedd4,2026-09-29 07:36:51 EDT,2026-10-04,BUF,NWE,BUF@NWE,FanDuel,player_tds_over,Dawson Knox,Over,1.5,10000,2026-10-04 17:00:00+00:00,2026-10-04 13:00:00-04:00,2026-10-04,BUF,4.0
208326,573cc0ef39631a4f6673ec843a8bedd4,2026-09-29 07:36:51 EDT,2026-10-04,BUF,NWE,BUF@NWE,FanDuel,player_tds_over,James Cook,Over,2.5,2200,2026-10-04 17:00:00+00:00,2026-10-04 13:00:00-04:00,2026-10-04,BUF,4.0
208327,573cc0ef39631a4f6673ec843a8bedd4,2026-09-29 07:36:51 EDT,2026-10-04,BUF,NWE,BUF@NWE,FanDuel,player_tds_over,Josh Allen,Over,2.5,3000,2026-10-04 17:00:00+00:00,2026-10-04 13:00:00-04:00,2026-10-04,BUF,4.0
208328,573cc0ef39631a4f6673ec843a8bedd4,2026-09-29 07:36:51 EDT,2026-10-04,BUF,NWE,BUF@NWE,FanDuel,player_tds_over,Rhamondre Stevenson,Over,2.5,8000,2026-10-04 17:00:00+00:00,2026-10-04 13:00:00-04:00,2026-10-04,NE,4.0
208329,573cc0ef39631a4f6673ec843a8bedd4,2026-09-29 07:36:51 EDT,2026-10-04,BUF,NWE,BUF@NWE,FanDuel,player_tds_over,DJ Moore,Over,2.5,8000,2026-10-04 17:00:00+00:00,2026-10-04 13:00:00-04:00,2026-10-04,BUF,4.0
208330,573cc0ef39631a4f6673ec843a8bedd4,2026-09-29 07:36:51 EDT,2026-10-04,BUF,NWE,BUF@NWE,FanDuel,player_tds_over,TreVeyon Henderson,Over,2.5,10000,2026-10-04 17:00:00+00:00,2026-10-04 13:00:00-04:00,2026-10-04,NE,4.0
208331,573cc0ef39631a4f6673ec843a8bedd4,2026-09-29 07:36:51 EDT,2026-10-04,BUF,NWE,BUF@NWE,FanDuel,player_tds_over,Dalton Kincaid,Over,2.5,12500,2026-10-04 17:00:00+00:00,2026-10-04 13:00:00-04:00,2026-10-04,BUF,4.0
208332,573cc0ef39631a4f6673ec843a8bedd4,2026-09-29 07:36:51 EDT,2026-10-04,BUF,NWE,BUF@NWE,FanDuel,player_tds_over,Khalil Shakir,Over,2.5,15000,2026-10-04 17:00:00+00:00,2026-10-04 13:00:00-04:00,2026-10-04,BUF,4.0
208333,573cc0ef39631a4f6673ec843a8bedd4,2026-09-29 07:36:51 EDT,2026-10-04,BUF,NWE,BUF@NWE,BetOnline.ag,player_tds_over,Josh Allen,Over,0.5,-143,2026-10-04 17:00:00+00:00,2026-10-04 13:00:00-04:00,2026-10-04,BUF,4.0
208334,573cc0ef39631a4f6673ec843a8bedd4,2026-09-29 07:36:51 EDT,2026-10-04,BUF,NWE,BUF@NWE,BetOnline.ag,player_tds_over,Josh Allen,Over,2.5,1900,2026-10-04 17:00:00+00:00,2026-10-04 13:00:00-04:00,2026-10-04,BUF,4.0
208335,573cc0ef39631a4f6673ec843a8bedd4,2026-09-29 07:36:51 EDT,2026-10-04,BUF,NWE,BUF@NWE,BetOnline.ag,player_tds_over,Josh Allen,Over,1.5,350,2026-10-04 17:00:00+00:00,2026-10-04 13:00:00-04:00,2026-10-04,BUF,4.0
208336,573cc0ef39631a4f6673ec843a8bedd4,2026-09-29 07:36:51 EDT,2026-10-04,BUF,NWE,BUF@NWE,BetOnline.ag,player_tds_over,Rhamondre Stevenson,Over,0.5,140,2026-10-04 17:00:00+00:00,2026-10-04 13:00:00-04:00,2026-10-04,NE,4.0
208337,573cc0ef39631a4f6673ec843a8bedd4,2026-09-29 07:36:51 EDT,2026-10-04,BUF,NWE,BUF@NWE,BetOnline.ag,player_tds_over,Rhamondre Stevenson,Over,2.5,5400,2026-10-04 17:00:00+00:00,2026-10-04 13:00:00-04:00,2026-10-04,NE,4.0
208338,573cc0ef39631a4f6673ec843a8bedd4,2026-09-29 07:36:51 EDT,2026-10-04,BUF,NWE,BUF@NWE,BetOnline.ag,player_tds_over,Rhamondre Stevenson,Over,1.5,700,2026-10-04 17:00:00+00:00,2026-10-04 13:00:00-04:00,2026-10-04,NE,4.0
208339,573cc0ef39631a4f6673ec843a8bedd4,2026-09-29 07:36:51 EDT,2026-10-04,BUF,NWE,BUF@NWE,BetOnline.ag,player_tds_over,Dawson Knox,Over,0.5,650,2026-10-04 17:00:00+00:00,2026-10-04 13:00:00-04:00,2026-10-04,BUF,4.0
208340,573cc0ef39631a4f6673ec843a8bedd4,2026-09-29 07:36:51 EDT,2026-10-04,BUF,NWE,BUF@NWE,BetOnline.ag,player_tds_over,Dawson Knox,Over,2.5,20000,2026-10-04 17:00:00+00:00,2026-10-04 13:00:00-04:00,2026-10-04,BUF,4.0
208341,573cc0ef39631a4f6673ec843a8bedd4,2026-09-29 07:36:51 EDT,2026-10-04,BUF,NWE,BUF@NWE,BetOnline.ag,player_tds_over,Dawson Knox,Over,1.5,5400,2026-10-04 17:00:00+00:00,2026-10-04 13:00:00-04:00,2026-10-04,BUF,4.0
208342,573cc0ef39631a4f6673ec843a8bedd4,2026-09-29 07:36:51 EDT,2026-10-04,BUF,NWE,BUF@NWE,BetOnline.ag,player_tds_over,Hunter Henry,Over,2.5,10000,2026-10-04 17:00:00+00:00,2026-10-04 13:00:00-04:00,2026-10-04,NE,4.0
208343,573cc0ef39631a4f6673ec843a8bedd4,2026-09-29 07:36:51 EDT,2026-10-04,BUF,NWE,BUF@NWE,BetOnline.ag,player_tds_over,Hunter Henry,Over,1.5,1600,2026-10-04 17:00:00+00:00,2026-10-04 13:00:00-04:00,2026-10-04,NE,4.0
208344,573cc0ef39631a4f6673ec843a8bedd4,2026-09-29 07:36:51 EDT,2026-10-04,BUF,NWE,BUF@NWE,BetOnline.ag,player_tds_over,Hunter Henry,Over,0.5,240,2026-10-04 17:00:00+00:00,2026-10-04 13:00:00-04:00,2026-10-04,NE,4.0
208345,573cc0ef39631a4f6673ec843a8bedd4,2026-09-29 07:36:51 EDT,2026-10-04,BUF,NWE,BUF@NWE,BetOnline.ag,player_tds_over,Khalil Shakir,Over,1.5,1300,2026-10-04 17:00:00+00:00,2026-10-04 13:00:00-04:00,2026-10-04,BUF,4.0
208346,573cc0ef39631a4f6673ec843a8bedd4,2026-09-29 07:36:51 EDT,2026-10-04,BUF,NWE,BUF@NWE,BetOnline.ag,player_tds_over,Khalil Shakir,Over,0.5,210,2026-10-04 17:00:00+00:00,2026-10-04 13:00:00-04:00,2026-10-04,BUF,4.0
208347,573cc0ef39631a4f6673ec843a8bedd4,2026-09-29 07:36:51 EDT,2026-10-04,BUF,NWE,BUF@NWE,BetOnline.ag,player_tds_over,Khalil Shakir,Over,2.5,8900,2026-10-04 17:00:00+00:00,2026-10-04 13:00:00-04:00,2026-10-04,BUF,4.0
208348,573cc0ef39631a4f6673ec843a8bedd4,2026-09-29 07:36:51 EDT,2026-10-04,BUF,NWE,BUF@NWE,BetOnline.ag,player_tds_over,Ray Davis,Over,0.5,1000,2026-10-04 17:00:00+00:00,2026-10-04 13:00:00-04:00,2026-10-04,BUF,4.0
208349,573cc0ef39631a4f6673ec843a8bedd4,2026-09-29 07:36:51 EDT,2026-10-04,BUF,NWE,BUF@NWE,BetOnline.ag,player_tds_over,Ray Davis,Over,2.5,20000,2026-10-04 17:00:00+00:00,2026-10-04 13:00:00-04:00,2026-10-04,BUF,4.0
208350,573cc0ef39631a4f6673ec843a8bedd4,2026-09-29 07:36:51 EDT,2026-10-04,BUF,NWE,BUF@NWE,BetOnline.ag,player_tds_over,Ray Davis,Over,1.5,8400,2026-10-04 17:00:00+00:00,2026-10-04 13:00:00-04:00,2026-10-04,BUF,4.0
208351,573cc0ef39631a4f6673ec843a8bedd4,2026-09-29 07:36:51 EDT,2026-10-04,BUF,NWE,BUF@NWE,BetOnline.ag,player_tds_over,Drake Maye,Over,1.5,2100,2026-10-04 17:00:00+00:00,2026-10-04 13:00:00-04:00,2026-10-04,NE,4.0
208352,573cc0ef39631a4f6673ec843a8bedd4,2026-09-29 07:36:51 EDT,2026-10-04,BUF,NWE,BUF@NWE,BetOnline.ag,player_tds_over,Drake Maye,Over,0.5,280,2026-10-04 17:00:00+00:00,2026-10-04 13:00:00-04:00,2026-10-04,NE,4.0
208353,573cc0ef39631a4f6673ec843a8bedd4,2026-09-29 07:36:51 EDT,2026-10-04,BUF,NWE,BUF@NWE,BetOnline.ag,player_tds_over,Drake Maye,Over,2.5,11000,2026-10-04 17:00:00+00:00,2026-10-04 13:00:00-04:00,2026-10-04,NE,4.0
208354,573cc0ef39631a4f6673ec843a8bedd4,2026-09-29 07:36:51 EDT,2026-10-04,BUF,NWE,BUF@NWE,BetOnline.ag,player_tds_over,James Cook,Over,1.5,300,2026-10-04 17:00:00+00:00,2026-10-04 13:00:00-04:00,2026-10-04,BUF,4.0
208355,573cc0ef39631a4f6673ec843a8bedd4,2026-09-29 07:36:51 EDT,2026-10-04,BUF,NWE,BUF@NWE,BetOnline.ag,player_tds_over,James Cook,Over,2.5,1700,2026-10-04 17:00:00+00:00,2026-10-04 13:00:00-04:00,2026-10-04,BUF,4.0
208356,573cc0ef39631a4f6673ec843a8bedd4,2026-09-29 07:36:51 EDT,2026-10-04,BUF,NWE,BUF@NWE,BetOnline.ag,player_tds_over,James Cook,Over,0.5,-167,2026-10-04 17:00:00+00:00,2026-10-04 13:00:00-04:00,2026-10-04,BUF,4.0
208357,573cc0ef39631a4f6673ec843a8bedd4,2026-09-29 07:36:51 EDT,2026-10-04,BUF,NWE,BUF@NWE,BetOnline.ag,player_tds_over,Dalton Kincaid,Over,1.5,800,2026-10-04 17:00:00+00:00,2026-10-04 13:00:00-04:00,2026-10-04,BUF,4.0
208358,573cc0ef39631a4f6673ec843a8bedd4,2026-09-29 07:36:51 EDT,2026-10-04,BUF,NWE,BUF@NWE,BetOnline.ag,player_tds_over,Dalton Kincaid,Over,0.5,150,2026-10-04 17:00:00+00:00,2026-10-04 13:00:00-04:00,2026-10-04,BUF,4.0
208359,573cc0ef39631a4f6673ec843a8bedd4,2026-09-29 07:36:51 EDT,2026-10-04,BUF,NWE,BUF@NWE,BetOnline.ag,player_tds_over,Dalton Kincaid,Over,2.5,5900,2026-10-04 17:00:00+00:00,2026-10-04 13:00:00-04:00,2026-10-04,BUF,4.0
208360,573cc0ef39631a4f6673ec843a8bedd4,2026-09-29 07:36:51 EDT,2026-10-04,BUF,NWE,BUF@NWE,BetOnline.ag,player_tds_over,Ty Johnson,Over,1.5,3400,2026-10-04 17:00:00+00:00,2026-10-04 13:00:00-04:00,2026-10-04,BUF,4.0
208361,573cc0ef39631a4f6673ec843a8bedd4,2026-09-29 07:36:51 EDT,2026-10-04,BUF,NWE,BUF@NWE,BetOnline.ag,player_tds_over,Ty Johnson,Over,0.5,400,2026-10-04 17:00:00+00:00,2026-10-04 13:00:00-04:00,2026-10-04,BUF,4.0
208362,573cc0ef39631a4f6673ec843a8bedd4,2026-09-29 07:36:51 EDT,2026-10-04,BUF,NWE,BUF@NWE,BetOnline.ag,player_tds_over,Ty Johnson,Over,2.5,15000,2026-10-04 17:00:00+00:00,2026-10-04 13:00:00-04:00,2026-10-04,BUF,4.0
208363,573cc0ef39631a4f6673ec843a8bedd4,2026-09-29 07:36:51 EDT,2026-10-04,BUF,NWE,BUF@NWE,BetOnline.ag,player_tds_over,Joshua Palmer,Over,0.5,450,2026-10-04 17:00:00+00:00,2026-10-04 13:00:00-04:00,2026-10-04,BUF,4.0
208364,573cc0ef39631a4f6673ec843a8bedd4,2026-09-29 07:36:51 EDT,2026-10-04,BUF,NWE,BUF@NWE,BetOnline.ag,player_tds_over,Joshua Palmer,Over,2.5,17500,2026-10-04 17:00:00+00:00,2026-10-04 13:00:00-04:00,2026-10-04,BUF,4.0
208365,573cc0ef39631a4f6673ec843a8bedd4,2026-09-29 07:36:51 EDT,2026-10-04,BUF,NWE,BUF@NWE,BetOnline.ag,player_tds_over,Joshua Palmer,Over,1.5,3600,2026-10-04 17:00:00+00:00,2026-10-04 13:00:00-04:00,2026-10-04,BUF,4.0
208366,573cc0ef39631a4f6673ec843a8bedd4,2026-09-29 07:36:51 EDT,2026-10-04,BUF,NWE,BUF@NWE,BetOnline.ag,player_tds_over,Keon Coleman,Over,0.5,400,2026-10-04 17:00:00+00:00,2026-10-04 13:00:00-04:00,2026-10-04,BUF,4.0
208367,573cc0ef39631a4f6673ec843a8bedd4,2026-09-29 07:36:51 EDT,2026-10-04,BUF,NWE,BUF@NWE,BetOnline.ag,player_tds_over,Keon Coleman,Over,2.5,15000,2026-10-04 17:00:00+00:00,2026-10-04 13:00:00-04:00,2026-10-04,BUF,4.0
208368,573cc0ef39631a4f6673ec843a8bedd4,2026-09-29 07:36:51 EDT,2026-10-04,BUF,NWE,BUF@NWE,BetOnline.ag,player_tds_over,Keon Coleman,Over,1.5,3400,2026-10-04 17:00:00+00:00,2026-10-04 13:00:00-04:00,2026-10-04,BUF,4.0
208369,573cc0ef39631a4f6673ec843a8bedd4,2026-09-29 07:36:51 EDT,2026-10-04,BUF,NWE,BUF@NWE,BetOnline.ag,player_tds_over,DeMario Douglas,Over,2.5,15000,2026-10-04 17:00:00+00:00,2026-10-04 13:00:00-04:00,2026-10-04,NE,4.0
208370,573cc0ef39631a4f6673ec843a8bedd4,2026-09-29 07:36:51 EDT,2026-10-04,BUF,NWE,BUF@NWE,BetOnline.ag,player_tds_over,DeMario Douglas,Over,1.5,2900,2026-10-04 17:00:00+00:00,2026-10-04 13:00:00-04:00,2026-10-04,NE,4.0
208371,573cc0ef39631a4f6673ec843a8bedd4,2026-09-29 07:36:51 EDT,2026-10-04,BUF,NWE,BUF@NWE,BetOnline.ag,player_tds_over,DeMario Douglas,Over,0.5,350,2026-10-04 17:00:00+00:00,2026-10-04 13:00:00-04:00,2026-10-04,NE,4.0
208372,573cc0ef39631a4f6673ec843a8bedd4,2026-09-29 07:36:51 EDT,2026-10-04,BUF,NWE,BUF@NWE,BetOnline.ag,player_tds_over,Efton Chism,Over,0.5,1100,2026-10-04 17:00:00+00:00,2026-10-04 13:00:00-04:00,2026-10-04,NE,4.0
208373,573cc0ef39631a4f6673ec843a8bedd4,2026-09-29 07:36:51 EDT,2026-10-04,BUF,NWE,BUF@NWE,BetOnline.ag,player_tds_over,Efton Chism,Over,1.5,8900,2026-10-04 17:00:00+00:00,2026-10-04 13:00:00-04:00,2026-10-04,NE,4.0
208374,573cc0ef39631a4f6673ec843a8bedd4,2026-09-29 07:36:51 EDT,2026-10-04,BUF,NWE,BUF@NWE,BetOnline.ag,player_tds_over,Efton Chism,Over,2.5,25000,2026-10-04 17:00:00+00:00,2026-10-04 13:00:00-04:00,2026-10-04,NE,4.0
208375,573cc0ef39631a4f6673ec843a8bedd4,2026-09-29 07:36:51 EDT,2026-10-04,BUF,NWE,BUF@NWE,BetOnline.ag,player_tds_over,Reggie Gilliam,Over,1.5,10000,2026-10-04 17:00:00+00:00,2026-10-04 13:00:00-04:00,2026-10-04,NE,4.0
208376,573cc0ef39631a4f6673ec843a8bedd4,2026-09-29 07:36:51 EDT,2026-10-04,BUF,NWE,BUF@NWE,BetOnline.ag,player_tds_over,Reggie Gilliam,Over,0.5,1400,2026-10-04 17:00:00+00:00,2026-10-04 13:00:00-04:00,2026-10-04,NE,4.0
208377,573cc0ef39631a4f6673ec843a8bedd4,2026-09-29 07:36:51 EDT,2026-10-04,BUF,NWE,BUF@NWE,BetOnline.ag,player_tds_over,Reggie Gilliam,Over,2.5,30000,2026-10-04 17:00:00+00:00,2026-10-04 13:00:00-04:00,2026-10-04,NE,4.0
208378,573cc0ef39631a4f6673ec843a8bedd4,2026-09-29 07:36:51 EDT,2026-10-04,BUF,NWE,BUF@NWE,BetOnline.ag,player_tds_over,DJ Moore,Over,2.5,5900,2026-10-04 17:00:00+00:00,2026-10-04 13:00:00-04:00,2026-10-04,BUF,4.0
208379,573cc0ef39631a4f6673ec843a8bedd4,2026-09-29 07:36:51 EDT,2026-10-04,BUF,NWE,BUF@NWE,BetOnline.ag,player_tds_over,DJ Moore,Over,0.5,150,2026-10-04 17:00:00+00:00,2026-10-04 13:00:00-04:00,2026-10-04,BUF,4.0
208380,573cc0ef39631a4f6673ec843a8bedd4,2026-09-29 07:36:51 EDT,2026-10-04,BUF,NWE,BUF@NWE,BetOnline.ag,player_tds_over,DJ Moore,Over,1.5,800,2026-10-04 17:00:00+00:00,2026-10-04 13:00:00-04:00,2026-10-04,BUF,4.0
208381,573cc0ef39631a4f6673ec843a8bedd4,2026-09-29 07:36:51 EDT,2026-10-04,BUF,NWE,BUF@NWE,BetOnline.ag,player_tds_over,Kyle Williams,Over,0.5,550,2026-10-04 17:00:00+00:00,2026-10-04 13:00:00-04:00,2026-10-04,NE,4.0
208382,573cc0ef39631a4f6673ec843a8bedd4,2026-09-29 07:36:51 EDT,2026-10-04,BUF,NWE,BUF@NWE,BetOnline.ag,player_tds_over,Kyle Williams,Over,2.5,20000,2026-10-04 17:00:00+00:00,2026-10-04 13:00:00-04:00,2026-10-04,NE,4.0
208383,573cc0ef39631a4f6673ec843a8bedd4,2026-09-29 07:36:51 EDT,2026-10-04,BUF,NWE,BUF@NWE,BetOnline.ag,player_tds_over,Kyle Williams,Over,1.5,4400,2026-10-04 17:00:00+00:00,2026-10-04 13:00:00-04:00,2026-10-04,NE,4.0
208384,573cc0ef39631a4f6673ec843a8bedd4,2026-09-29 07:36:51 EDT,2026-10-04,BUF,NWE,BUF@NWE,BetOnline.ag,player_tds_over,Keleki Latu,Over,2.5,30000,2026-10-04 17:00:00+00:00,2026-10-04 13:00:00-04:00,2026-10-04,BUF,4.0
208385,573cc0ef39631a4f6673ec843a8bedd4,2026-09-29 07:36:51 EDT,2026-10-04,BUF,NWE,BUF@NWE,BetOnline.ag,player_tds_over,Keleki Latu,Over,0.5,1900,2026-10-04 17:00:00+00:00,2026-10-04 13:00:00-04:00,2026-10-04,BUF,4.0
208386,573cc0ef39631a4f6673ec843a8bedd4,2026-09-29 07:36:51 EDT,2026-10-04,BUF,NWE,BUF@NWE,BetOnline.ag,player_tds_over,Keleki Latu,Over,1.5,12000,2026-10-04 17:00:00+00:00,2026-10-04 13:00:00-04:00,2026-10-04,BUF,4.0
208387,573cc0ef39631a4f6673ec843a8bedd4,2026-09-29 07:36:51 EDT,2026-10-04,BUF,NWE,BUF@NWE,BetOnline.ag,player_tds_over,TreVeyon Henderson,Over,2.5,6900,2026-10-04 17:00:00+00:00,2026-10-04 13:00:00-04:00,2026-10-04,NE,4.0
208388,573cc0ef39631a4f6673ec843a8bedd4,2026-09-29 07:36:51 EDT,2026-10-04,BUF,NWE,BUF@NWE,BetOnline.ag,player_tds_over,TreVeyon Henderson,Over,1.5,900,2026-10-04 17:00:00+00:00,2026-10-04 13:00:00-04:00,2026-10-04,NE,4.0
208389,573cc0ef39631a4f6673ec843a8bedd4,2026-09-29 07:36:51 EDT,2026-10-04,BUF,NWE,BUF@NWE,BetOnline.ag,player_tds_over,TreVeyon Henderson,Over,0.5,170,2026-10-04 17:00:00+00:00,2026-10-04 13:00:00-04:00,2026-10-04,NE,4.0
208390,573cc0ef39631a4f6673ec843a8bedd4,2026-09-29 07:36:51 EDT,2026-10-04,BUF,NWE,BUF@NWE,BetOnline.ag,player_tds_over,Mack Hollins,Over,0.5,280,2026-10-04 17:00:00+00:00,2026-10-04 13:00:00-04:00,2026-10-04,NE,4.0
208391,573cc0ef39631a4f6673ec843a8bedd4,2026-09-29 07:36:51 EDT,2026-10-04,BUF,NWE,BUF@NWE,BetOnline.ag,player_tds_over,Mack Hollins,Over,2.5,11000,2026-10-04 17:00:00+00:00,2026-10-04 13:00:00-04:00,2026-10-04,NE,4.0
208392,573cc0ef39631a4f6673ec843a8bedd4,2026-09-29 07:36:51 EDT,2026-10-04,BUF,NWE,BUF@NWE,BetOnline.ag,player_tds_over,Mack Hollins,Over,1.5,2100,2026-10-04 17:00:00+00:00,2026-10-04 13:00:00-04:00,2026-10-04,NE,4.0
208393,573cc0ef39631a4f6673ec843a8bedd4,2026-09-29 07:36:51 EDT,2026-10-04,BUF,NWE,BUF@NWE,BetOnline.ag,player_tds_over,Jackson Hawes,Over,1.5,8400,2026-10-04 17:00:00+00:00,2026-10-04 13:00:00-04:00,2026-10-04,BUF,4.0
208394,573cc0ef39631a4f6673ec843a8bedd4,2026-09-29 07:36:51 EDT,2026-10-04,BUF,NWE,BUF@NWE,BetOnline.ag,player_tds_over,Jackson Hawes,Over,2.5,20000,2026-10-04 17:00:00+00:00,2026-10-04 13:00:00-04:00,2026-10-04,BUF,4.0
208395,573cc0ef39631a4f6673ec843a8bedd4,2026-09-29 07:36:51 EDT,2026-10-04,BUF,NWE,BUF@NWE,BetOnline.ag,player_tds_over,Jackson Hawes,Over,0.5,1000,2026-10-04 17:00:00+00:00,2026-10-04 13:00:00-04:00,2026-10-04,BUF,4.0
208396,573cc0ef39631a4f6673ec843a8bedd4,2026-09-29 07:36:51 EDT,2026-10-04,BUF,NWE,BUF@NWE,BetOnline.ag,player_tds_over,Greg Dortch,Over,0.5,1900,2026-10-04 17:00:00+00:00,2026-10-04 13:00:00-04:00,2026-10-04,BUF,4.0
208397,573cc0ef39631a4f6673ec843a8bedd4,2026-09-29 07:36:51 EDT,2026-10-04,BUF,NWE,BUF@NWE,BetOnline.ag,player_tds_over,Greg Dortch,Over,1.5,12000,2026-10-04 17:00:00+00:00,2026-10-04 13:00:00-04:00,2026-10-04,BUF,4.0
208398,573cc0ef39631a4f6673ec843a8bedd4,2026-09-29 07:36:51 EDT,2026-10-04,BUF,NWE,BUF@NWE,BetOnline.ag,player_tds_over,Greg Dortch,Over,2.5,30000,2026-10-04 17:00:00+00:00,2026-10-04 13:00:00-04:00,2026-10-04,BUF,4.0
208399,573cc0ef39631a4f6673ec843a8bedd4,2026-09-29 07:36:51 EDT,2026-10-04,BUF,NWE,BUF@NWE,BetOnline.ag,player_tds_over,Romeo Doubs,Over,1.5,1600,2026-10-04 17:00:00+00:00,2026-10-04 13:00:00-04:00,2026-10-04,NE,4.0
208400,573cc0ef39631a4f6673ec843a8bedd4,2026-09-29 07:36:51 EDT,2026-10-04,BUF,NWE,BUF@NWE,BetOnline.ag,player_tds_over,Romeo Doubs,Over,0.5,240,2026-10-04 17:00:00+00:00,2026-10-04 13:00:00-04:00,2026-10-04,NE,4.0
208401,573cc0ef39631a4f6673ec843a8bedd4,2026-09-29 07:36:51 EDT,2026-10-04,BUF,NWE,BUF@NWE,BetOnline.ag,player_tds_over,Romeo Doubs,Over,2.5,10000,2026-10-04 17:00:00+00:00,2026-10-04 13:00:00-04:00,2026-10-04,NE,4.0
208402,573cc0ef39631a4f6673ec843a8bedd4,2026-09-29 07:36:51 EDT,2026-10-04,BUF,NWE,BUF@NWE,BetOnline.ag,player_tds_over,Cameron Latu,Over,1.5,10000,2026-10-04 17:00:00+00:00,2026-10-04 13:00:00-04:00,2026-10-04,NE,4.0
208403,573cc0ef39631a4f6673ec843a8bedd4,2026-09-29 07:36:51 EDT,2026-10-04,BUF,NWE,BUF@NWE,BetOnline.ag,player_tds_over,Cameron Latu,Over,0.5,1400,2026-10-04 17:00:00+00:00,2026-10-04 13:00:00-04:00,2026-10-04,NE,4.0
208404,573cc0ef39631a4f6673ec843a8bedd4,2026-09-29 07:36:51 EDT,2026-10-04,BUF,NWE,BUF@NWE,BetOnline.ag,player_tds_over,Cameron Latu,Over,2.5,30000,2026-10-04 17:00:00+00:00,2026-10-04 13:00:00-04:00,2026-10-04,NE,4.0
208405,573cc0ef39631a4f6673ec843a8bedd4,2026-09-29 07:36:51 EDT,2026-10-04,BUF,NWE,BUF@NWE,BetOnline.ag,player_tds_over,Eli Raridon,Over,0.5,800,2026-10-04 17:00:00+00:00,2026-10-04 13:00:00-04:00,2026-10-04,NE,4.0
208406,573cc0ef39631a4f6673ec843a8bedd4,2026-09-29 07:36:51 EDT,2026-10-04,BUF,NWE,BUF@NWE,BetOnline.ag,player_tds_over,Eli Raridon,Over,1.5,6900,2026-10-04 17:00:00+00:00,2026-10-04 13:00:00-04:00,2026-10-04,NE,4.0
208407,573cc0ef39631a4f6673ec843a8bedd4,2026-09-29 07:36:51 EDT,2026-10-04,BUF,NWE,BUF@NWE,BetOnline.ag,player_tds_over,Eli Raridon,Over,2.5,20000,2026-10-04 17:00:00+00:00,2026-10-04 13:00:00-04:00,2026-10-04,NE,4.0
208408,573cc0ef39631a4f6673ec843a8bedd4,2026-09-29 07:36:51 EDT,2026-10-04,BUF,NWE,BUF@NWE,BetOnline.ag,player_tds_over,Corey Kiner,Over,0.5,1400,2026-10-04 17:00:00+00:00,2026-10-04 13:00:00-04:00,2026-10-04,NE,4.0
208409,573cc0ef39631a4f6673ec843a8bedd4,2026-09-29 07:36:51 EDT,2026-10-04,BUF,NWE,BUF@NWE,BetOnline.ag,player_tds_over,Corey Kiner,Over,1.5,10000,2026-10-04 17:00:00+00:00,2026-10-04 13:00:00-04:00,2026-10-04,NE,4.0
208410,573cc0ef39631a4f6673ec843a8bedd4,2026-09-29 07:36:51 EDT,2026-10-04,BUF,NWE,BUF@NWE,BetOnline.ag,player_tds_over,Corey Kiner,Over,2.5,30000,2026-10-04 17:00:00+00:00,2026-10-04 13:00:00-04:00,2026-10-04,NE,4.0
208411,573cc0ef39631a4f6673ec843a8bedd4,2026-09-29 07:36:51 EDT,2026-10-04,BUF,NWE,BUF@NWE,BetOnline.ag,player_tds_over,Tanner Arkin,Over,1.5,12000,2026-10-04 17:00:00+00:00,2026-10-04 13:00:00-04:00,2026-10-04,NE,4.0
208412,573cc0ef39631a4f6673ec843a8bedd4,2026-09-29 07:36:51 EDT,2026-10-04,BUF,NWE,BUF@NWE,BetOnline.ag,player_tds_over,Tanner Arkin,Over,2.5,30000,2026-10-04 17:00:00+00:00,2026-10-04 13:00:00-04:00,2026-10-04,NE,4.0
208413,573cc0ef39631a4f6673ec843a8bedd4,2026-09-29 07:36:51 EDT,2026-10-04,BUF,NWE,BUF@NWE,BetOnline.ag,player_tds_over,Tanner Arkin,Over,0.5,1900,2026-10-04 17:00:00+00:00,2026-10-04 13:00:00-04:00,2026-10-04,NE,4.0
208414,573cc0ef39631a4f6673ec843a8bedd4,2026-09-29 07:36:51 EDT,2026-10-04,BUF,NWE,BUF@NWE,BetMGM,player_tds_over,Jackson Hawes,Over,1.5,10000,2026-10-04 17:00:00+00:00,2026-10-04 13:00:00-04:00,2026-10-04,BUF,4.0
208415,573cc0ef39631a4f6673ec843a8bedd4,2026-09-29 07:36:51 EDT,2026-10-04,BUF,NWE,BUF@NWE,BetMGM,player_tds_over,Kyle Williams,Over,2.5,12500,2026-10-04 17:00:00+00:00,2026-10-04 13:00:00-04:00,2026-10-04,NE,4.0
208416,573cc0ef39631a4f6673ec843a8bedd4,2026-09-29 07:36:51 EDT,2026-10-04,BUF,NWE,BUF@NWE,BetMGM,player_tds_over,DeMario Douglas,Over,1.5,3300,2026-10-04 17:00:00+00:00,2026-10-04 13:00:00-04:00,2026-10-04,NE,4.0
208417,573cc0ef39631a4f6673ec843a8bedd4,2026-09-29 07:36:51 EDT,2026-10-04,BUF,NWE,BUF@NWE,BetMGM,player_tds_over,Dawson Knox,Over,2.5,12500,2026-10-04 17:00:00+00:00,2026-10-04 13:00:00-04:00,2026-10-04,BUF,4.0
208419,573cc0ef39631a4f6673ec843a8bedd4,2026-09-29 07:36:51 EDT,2026-10-04,BUF,NWE,BUF@NWE,BetMGM,player_tds_over,Khalil Shakir,Over,2.5,5000,2026-10-04 17:00:00+00:00,2026-10-04 13:00:00-04:00,2026-10-04,BUF,4.0
208420,573cc0ef39631a4f6673ec843a8bedd4,2026-09-29 07:36:51 EDT,2026-10-04,BUF,NWE,BUF@NWE,BetMGM,player_tds_over,Keleki Latu,Over,1.5,5000,2026-10-04 17:00:00+00:00,2026-10-04 13:00:00-04:00,2026-10-04,BUF,4.0
208421,573cc0ef39631a4f6673ec843a8bedd4,2026-09-29 07:36:51 EDT,2026-10-04,BUF,NWE,BUF@NWE,BetMGM,player_tds_over,DeMario Douglas,Over,2.5,10000,2026-10-04 17:00:00+00:00,2026-10-04 13:00:00-04:00,2026-10-04,NE,4.0
208422,573cc0ef39631a4f6673ec843a8bedd4,2026-09-29 07:36:51 EDT,2026-10-04,BUF,NWE,BUF@NWE,BetMGM,player_tds_over,Ty Johnson,Over,1.5,5000,2026-10-04 17:00:00+00:00,2026-10-04 13:00:00-04:00,2026-10-04,BUF,4.0
208424,573cc0ef39631a4f6673ec843a8bedd4,2026-09-29 07:36:51 EDT,2026-10-04,BUF,NWE,BUF@NWE,BetMGM,player_tds_over,Keon Coleman,Over,1.5,4000,2026-10-04 17:00:00+00:00,2026-10-04 13:00:00-04:00,2026-10-04,BUF,4.0
208425,573cc0ef39631a4f6673ec843a8bedd4,2026-09-29 07:36:51 EDT,2026-10-04,BUF,NWE,BUF@NWE,BetMGM,player_tds_over,Drake Maye,Over,1.5,2500,2026-10-04 17:00:00+00:00,2026-10-04 13:00:00-04:00,2026-10-04,NE,4.0
208426,573cc0ef39631a4f6673ec843a8bedd4,2026-09-29 07:36:51 EDT,2026-10-04,BUF,NWE,BUF@NWE,BetMGM,player_tds_over,Mack Hollins,Over,1.5,2000,2026-10-04 17:00:00+00:00,2026-10-04 13:00:00-04:00,2026-10-04,NE,4.0
208427,573cc0ef39631a4f6673ec843a8bedd4,2026-09-29 07:36:51 EDT,2026-10-04,BUF,NWE,BUF@NWE,BetMGM,player_tds_over,Ray Davis,Over,1.5,10000,2026-10-04 17:00:00+00:00,2026-10-04 13:00:00-04:00,2026-10-04,BUF,4.0
208428,573cc0ef39631a4f6673ec843a8bedd4,2026-09-29 07:36:51 EDT,2026-10-04,BUF,NWE,BUF@NWE,BetMGM,player_tds_over,Ty Johnson,Over,2.5,12500,2026-10-04 17:00:00+00:00,2026-10-04 13:00:00-04:00,2026-10-04,BUF,4.0
208429,573cc0ef39631a4f6673ec843a8bedd4,2026-09-29 07:36:51 EDT,2026-10-04,BUF,NWE,BUF@NWE,BetMGM,player_tds_over,Eli Raridon,Over,1.5,5000,2026-10-04 17:00:00+00:00,2026-10-04 13:00:00-04:00,2026-10-04,NE,4.0
208430,573cc0ef39631a4f6673ec843a8bedd4,2026-09-29 07:36:51 EDT,2026-10-04,BUF,NWE,BUF@NWE,BetMGM,player_tds_over,DJ Moore,Over,2.5,6000,2026-10-04 17:00:00+00:00,2026-10-04 13:00:00-04:00,2026-10-04,BUF,4.0
208431,573cc0ef39631a4f6673ec843a8bedd4,2026-09-29 07:36:51 EDT,2026-10-04,BUF,NWE,BUF@NWE,BetMGM,player_tds_over,Josh Allen,Over,2.5,2200,2026-10-04 17:00:00+00:00,2026-10-04 13:00:00-04:00,2026-10-04,BUF,4.0
208432,573cc0ef39631a4f6673ec843a8bedd4,2026-09-29 07:36:51 EDT,2026-10-04,BUF,NWE,BUF@NWE,BetMGM,player_tds_over,Dalton Kincaid,Over,2.5,6000,2026-10-04 17:00:00+00:00,2026-10-04 13:00:00-04:00,2026-10-04,BUF,4.0
208433,573cc0ef39631a4f6673ec843a8bedd4,2026-09-29 07:36:51 EDT,2026-10-04,BUF,NWE,BUF@NWE,BetMGM,player_tds_over,Rhamondre Stevenson,Over,1.5,900,2026-10-04 17:00:00+00:00,2026-10-04 13:00:00-04:00,2026-10-04,NE,4.0
208434,573cc0ef39631a4f6673ec843a8bedd4,2026-09-29 07:36:51 EDT,2026-10-04,BUF,NWE,BUF@NWE,BetMGM,player_tds_over,Khalil Shakir,Over,1.5,2000,2026-10-04 17:00:00+00:00,2026-10-04 13:00:00-04:00,2026-10-04,BUF,4.0
208435,573cc0ef39631a4f6673ec843a8bedd4,2026-09-29 07:36:51 EDT,2026-10-04,BUF,NWE,BUF@NWE,BetMGM,player_tds_over,Dawson Knox,Over,1.5,6600,2026-10-04 17:00:00+00:00,2026-10-04 13:00:00-04:00,2026-10-04,BUF,4.0
208436,573cc0ef39631a4f6673ec843a8bedd4,2026-09-29 07:36:51 EDT,2026-10-04,BUF,NWE,BUF@NWE,BetMGM,player_tds_over,Efton Chism,Over,1.5,10000,2026-10-04 17:00:00+00:00,2026-10-04 13:00:00-04:00,2026-10-04,NE,4.0
208437,573cc0ef39631a4f6673ec843a8bedd4,2026-09-29 07:36:51 EDT,2026-10-04,BUF,NWE,BUF@NWE,BetMGM,player_tds_over,TreVeyon Henderson,Over,2.5,5000,2026-10-04 17:00:00+00:00,2026-10-04 13:00:00-04:00,2026-10-04,NE,4.0
208438,573cc0ef39631a4f6673ec843a8bedd4,2026-09-29 07:36:51 EDT,2026-10-04,BUF,NWE,BUF@NWE,BetMGM,player_tds_over,Kyle Williams,Over,1.5,5500,2026-10-04 17:00:00+00:00,2026-10-04 13:00:00-04:00,2026-10-04,NE,4.0
208439,573cc0ef39631a4f6673ec843a8bedd4,2026-09-29 07:36:51 EDT,2026-10-04,BUF,NWE,BUF@NWE,BetMGM,player_tds_over,Dalton Kincaid,Over,1.5,1150,2026-10-04 17:00:00+00:00,2026-10-04 13:00:00-04:00,2026-10-04,BUF,4.0
208441,573cc0ef39631a4f6673ec843a8bedd4,2026-09-29 07:36:51 EDT,2026-10-04,BUF,NWE,BUF@NWE,BetMGM,player_tds_over,Keon Coleman,Over,2.5,5000,2026-10-04 17:00:00+00:00,2026-10-04 13:00:00-04:00,2026-10-04,BUF,4.0
208442,573cc0ef39631a4f6673ec843a8bedd4,2026-09-29 07:36:51 EDT,2026-10-04,BUF,NWE,BUF@NWE,BetMGM,player_tds_over,TreVeyon Henderson,Over,1.5,1350,2026-10-04 17:00:00+00:00,2026-10-04 13:00:00-04:00,2026-10-04,NE,4.0
208443,573cc0ef39631a4f6673ec843a8bedd4,2026-09-29 07:36:51 EDT,2026-10-04,BUF,NWE,BUF@NWE,BetMGM,player_tds_over,Cameron Latu,Over,1.5,5000,2026-10-04 17:00:00+00:00,2026-10-04 13:00:00-04:00,2026-10-04,NE,4.0
208444,573cc0ef39631a4f6673ec843a8bedd4,2026-09-29 07:36:51 EDT,2026-10-04,BUF,NWE,BUF@NWE,BetMGM,player_tds_over,Josh Allen,Over,1.5,425,2026-10-04 17:00:00+00:00,2026-10-04 13:00:00-04:00,2026-10-04,BUF,4.0
208445,573cc0ef39631a4f6673ec843a8bedd4,2026-09-29 07:36:51 EDT,2026-10-04,BUF,NWE,BUF@NWE,BetMGM,player_tds_over,Ray Davis,Over,2.5,15000,2026-10-04 17:00:00+00:00,2026-10-04 13:00:00-04:00,2026-10-04,BUF,4.0
208446,573cc0ef39631a4f6673ec843a8bedd4,2026-09-29 07:36:51 EDT,2026-10-04,BUF,NWE,BUF@NWE,BetMGM,player_tds_over,James Cook,Over,2.5,1550,2026-10-04 17:00:00+00:00,2026-10-04 13:00:00-04:00,2026-10-04,BUF,4.0
208447,573cc0ef39631a4f6673ec843a8bedd4,2026-09-29 07:36:51 EDT,2026-10-04,BUF,NWE,BUF@NWE,BetMGM,player_tds_over,Rhamondre Stevenson,Over,2.5,4500,2026-10-04 17:00:00+00:00,2026-10-04 13:00:00-04:00,2026-10-04,NE,4.0
208448,573cc0ef39631a4f6673ec843a8bedd4,2026-09-29 07:36:51 EDT,2026-10-04,BUF,NWE,BUF@NWE,BetMGM,player_tds_over,Hunter Henry,Over,1.5,2200,2026-10-04 17:00:00+00:00,2026-10-04 13:00:00-04:00,2026-10-04,NE,4.0
208449,573cc0ef39631a4f6673ec843a8bedd4,2026-09-29 07:36:51 EDT,2026-10-04,BUF,NWE,BUF@NWE,BetMGM,player_tds_over,DJ Moore,Over,1.5,1250,2026-10-04 17:00:00+00:00,2026-10-04 13:00:00-04:00,2026-10-04,BUF,4.0
208450,573cc0ef39631a4f6673ec843a8bedd4,2026-09-29 07:36:51 EDT,2026-10-04,BUF,NWE,BUF@NWE,BetMGM,player_tds_over,Drake Maye,Over,2.5,10000,2026-10-04 17:00:00+00:00,2026-10-04 13:00:00-04:00,2026-10-04,NE,4.0
208451,573cc0ef39631a4f6673ec843a8bedd4,2026-09-29 07:36:51 EDT,2026-10-04,BUF,NWE,BUF@NWE,BetMGM,player_tds_over,Hunter Henry,Over,2.5,5000,2026-10-04 17:00:00+00:00,2026-10-04 13:00:00-04:00,2026-10-04,NE,4.0
208452,573cc0ef39631a4f6673ec843a8bedd4,2026-09-29 07:36:51 EDT,2026-10-04,BUF,NWE,BUF@NWE,BetMGM,player_tds_over,Romeo Doubs,Over,2.5,5000,2026-10-04 17:00:00+00:00,2026-10-04 13:00:00-04:00,2026-10-04,NE,4.0
208454,573cc0ef39631a4f6673ec843a8bedd4,2026-09-29 07:36:51 EDT,2026-10-04,BUF,NWE,BUF@NWE,BetMGM,player_tds_over,Joshua Palmer,Over,1.5,6600,2026-10-04 17:00:00+00:00,2026-10-04 13:00:00-04:00,2026-10-04,BUF,4.0
208455,573cc0ef39631a4f6673ec843a8bedd4,2026-09-29 07:36:51 EDT,2026-10-04,BUF,NWE,BUF@NWE,BetMGM,player_tds_over,Romeo Doubs,Over,1.5,2200,2026-10-04 17:00:00+00:00,2026-10-04 13:00:00-04:00,2026-10-04,NE,4.0
208456,573cc0ef39631a4f6673ec843a8bedd4,2026-09-29 07:36:51 EDT,2026-10-04,BUF,NWE,BUF@NWE,BetMGM,player_tds_over,Mack Hollins,Over,2.5,9000,2026-10-04 17:00:00+00:00,2026-10-04 13:00:00-04:00,2026-10-04,NE,4.0
208457,573cc0ef39631a4f6673ec843a8bedd4,2026-09-29 07:36:51 EDT,2026-10-04,BUF,NWE,BUF@NWE,BetMGM,player_tds_over,Reggie Gilliam,Over,1.5,5000,2026-10-04 17:00:00+00:00,2026-10-04 13:00:00-04:00,2026-10-04,NE,4.0
208458,573cc0ef39631a4f6673ec843a8bedd4,2026-09-29 07:36:51 EDT,2026-10-04,BUF,NWE,BUF@NWE,BetMGM,player_tds_over,Joshua Palmer,Over,2.5,12500,2026-10-04 17:00:00+00:00,2026-10-04 13:00:00-04:00,2026-10-04,BUF,4.0
208459,573cc0ef39631a4f6673ec843a8bedd4,2026-09-29 07:36:51 EDT,2026-10-04,BUF,NWE,BUF@NWE,BetMGM,player_tds_over,Corey Kiner,Over,1.5,12500,2026-10-04 17:00:00+00:00,2026-10-04 13:00:00-04:00,2026-10-04,NE,4.0
208460,573cc0ef39631a4f6673ec843a8bedd4,2026-09-29 07:36:51 EDT,2026-10-04,BUF,NWE,BUF@NWE,BetMGM,player_tds_over,Greg Dortch,Over,1.5,12500,2026-10-04 17:00:00+00:00,2026-10-04 13:00:00-04:00,2026-10-04,BUF,4.0
208461,573cc0ef39631a4f6673ec843a8bedd4,2026-09-29 07:36:51 EDT,2026-10-04,BUF,NWE,BUF@NWE,BetMGM,player_tds_over,James Cook,Over,1.5,350,2026-10-04 17:00:00+00:00,2026-10-04 13:00:00-04:00,2026-10-04,BUF,4.0
208462,573cc0ef39631a4f6673ec843a8bedd4,2026-09-29 07:36:51 EDT,2026-10-04,BUF,NWE,BUF@NWE,Bovada,player_tds_over,Dawson Knox,Over,1.5,8000,2026-10-04 17:00:00+00:00,2026-10-04 13:00:00-04:00,2026-10-04,BUF,4.0
208463,573cc0ef39631a4f6673ec843a8bedd4,2026-09-29 07:36:51 EDT,2026-10-04,BUF,NWE,BUF@NWE,Bovada,player_tds_over,Dalton Kincaid,Over,1.5,1400,2026-10-04 17:00:00+00:00,2026-10-04 13:00:00-04:00,2026-10-04,BUF,4.0
208464,573cc0ef39631a4f6673ec843a8bedd4,2026-09-29 07:36:51 EDT,2026-10-04,BUF,NWE,BUF@NWE,Bovada,player_tds_over,Khalil Shakir,Over,1.5,1900,2026-10-04 17:00:00+00:00,2026-10-04 13:00:00-04:00,2026-10-04,BUF,4.0
208465,573cc0ef39631a4f6673ec843a8bedd4,2026-09-29 07:36:51 EDT,2026-10-04,BUF,NWE,BUF@NWE,Bovada,player_tds_over,Keon Coleman,Over,1.5,4500,2026-10-04 17:00:00+00:00,2026-10-04 13:00:00-04:00,2026-10-04,BUF,4.0
208466,573cc0ef39631a4f6673ec843a8bedd4,2026-09-29 07:36:51 EDT,2026-10-04,BUF,NWE,BUF@NWE,Bovada,player_tds_over,James Cook,Over,1.5,360,2026-10-04 17:00:00+00:00,2026-10-04 13:00:00-04:00,2026-10-04,BUF,4.0
208467,573cc0ef39631a4f6673ec843a8bedd4,2026-09-29 07:36:51 EDT,2026-10-04,BUF,NWE,BUF@NWE,Bovada,player_tds_over,DJ Moore,Over,1.5,1400,2026-10-04 17:00:00+00:00,2026-10-04 13:00:00-04:00,2026-10-04,BUF,4.0
208468,573cc0ef39631a4f6673ec843a8bedd4,2026-09-29 07:36:51 EDT,2026-10-04,BUF,NWE,BUF@NWE,Bovada,player_tds_over,Josh Allen,Over,1.5,600,2026-10-04 17:00:00+00:00,2026-10-04 13:00:00-04:00,2026-10-04,BUF,4.0
208469,573cc0ef39631a4f6673ec843a8bedd4,2026-09-29 07:36:51 EDT,2026-10-04,BUF,NWE,BUF@NWE,Bovada,player_tds_over,Joshua Palmer,Over,1.5,5500,2026-10-04 17:00:00+00:00,2026-10-04 13:00:00-04:00,2026-10-04,BUF,4.0
208470,573cc0ef39631a4f6673ec843a8bedd4,2026-09-29 07:36:51 EDT,2026-10-04,BUF,NWE,BUF@NWE,Bovada,player_tds_over,Kyle Williams,Over,1.5,10000,2026-10-04 17:00:00+00:00,2026-10-04 13:00:00-04:00,2026-10-04,NE,4.0
208471,573cc0ef39631a4f6673ec843a8bedd4,2026-09-29 07:36:51 EDT,2026-10-04,BUF,NWE,BUF@NWE,Bovada,player_tds_over,TreVeyon Henderson,Over,1.5,1300,2026-10-04 17:00:00+00:00,2026-10-04 13:00:00-04:00,2026-10-04,NE,4.0
208472,573cc0ef39631a4f6673ec843a8bedd4,2026-09-29 07:36:51 EDT,2026-10-04,BUF,NWE,BUF@NWE,Bovada,player_tds_over,Drake Maye,Over,1.5,4500,2026-10-04 17:00:00+00:00,2026-10-04 13:00:00-04:00,2026-10-04,NE,4.0
208473,573cc0ef39631a4f6673ec843a8bedd4,2026-09-29 07:36:51 EDT,2026-10-04,BUF,NWE,BUF@NWE,Bovada,player_tds_over,Mack Hollins,Over,1.5,2500,2026-10-04 17:00:00+00:00,2026-10-04 13:00:00-04:00,2026-10-04,NE,4.0
208474,573cc0ef39631a4f6673ec843a8bedd4,2026-09-29 07:36:51 EDT,2026-10-04,BUF,NWE,BUF@NWE,Bovada,player_tds_over,Romeo Doubs,Over,1.5,2200,2026-10-04 17:00:00+00:00,2026-10-04 13:00:00-04:00,2026-10-04,NE,4.0
208475,573cc0ef39631a4f6673ec843a8bedd4,2026-09-29 07:36:51 EDT,2026-10-04,BUF,NWE,BUF@NWE,Bovada,player_tds_over,Corey Kiner,Over,1.5,17500,2026-10-04 17:00:00+00:00,2026-10-04 13:00:00-04:00,2026-10-04,NE,4.0
208476,573cc0ef39631a4f6673ec843a8bedd4,2026-09-29 07:36:51 EDT,2026-10-04,BUF,NWE,BUF@NWE,Bovada,player_tds_over,Hunter Henry,Over,1.5,2500,2026-10-04 17:00:00+00:00,2026-10-04 13:00:00-04:00,2026-10-04,NE,4.0
208477,573cc0ef39631a4f6673ec843a8bedd4,2026-09-29 07:36:51 EDT,2026-10-04,BUF,NWE,BUF@NWE,Bovada,player_tds_over,Rhamondre Stevenson,Over,1.5,1000,2026-10-04 17:00:00+00:00,2026-10-04 13:00:00-04:00,2026-10-04,NE,4.0
208478,573cc0ef39631a4f6673ec843a8bedd4,2026-09-29 07:36:51 EDT,2026-10-04,BUF,NWE,BUF@NWE,Bovada,player_tds_over,DeMario Douglas,Over,1.5,4000,2026-10-04 17:00:00+00:00,2026-10-04 13:00:00-04:00,2026-10-04,NE,4.0
208479,573cc0ef39631a4f6673ec843a8bedd4,2026-09-29 07:36:51 EDT,2026-10-04,BUF,NWE,BUF@NWE,Bovada,player_tds_over,Efton Chism,Over,1.5,20000,2026-10-04 17:00:00+00:00,2026-10-04 13:00:00-04:00,2026-10-04,NE,4.0
208481,573cc0ef39631a4f6673ec843a8bedd4,2026-09-29 07:36:51 EDT,2026-10-04,BUF,NWE,BUF@NWE,Fanatics,player_tds_over,DJ Moore,Over,1.5,1100,2026-10-04 17:00:00+00:00,2026-10-04 13:00:00-04:00,2026-10-04,BUF,4.0
208482,573cc0ef39631a4f6673ec843a8bedd4,2026-09-29 07:36:51 EDT,2026-10-04,BUF,NWE,BUF@NWE,Fanatics,player_tds_over,Ty Johnson,Over,1.5,4500,2026-10-04 17:00:00+00:00,2026-10-04 13:00:00-04:00,2026-10-04,BUF,4.0
208483,573cc0ef39631a4f6673ec843a8bedd4,2026-09-29 07:36:51 EDT,2026-10-04,BUF,NWE,BUF@NWE,Fanatics,player_tds_over,Dawson Knox,Over,1.5,6000,2026-10-04 17:00:00+00:00,2026-10-04 13:00:00-04:00,2026-10-04,BUF,4.0
208484,573cc0ef39631a4f6673ec843a8bedd4,2026-09-29 07:36:51 EDT,2026-10-04,BUF,NWE,BUF@NWE,Fanatics,player_tds_over,Joshua Palmer,Over,1.5,5000,2026-10-04 17:00:00+00:00,2026-10-04 13:00:00-04:00,2026-10-04,BUF,4.0
208485,573cc0ef39631a4f6673ec843a8bedd4,2026-09-29 07:36:51 EDT,2026-10-04,BUF,NWE,BUF@NWE,Fanatics,player_tds_over,Khalil Shakir,Over,1.5,1300,2026-10-04 17:00:00+00:00,2026-10-04 13:00:00-04:00,2026-10-04,BUF,4.0
208486,573cc0ef39631a4f6673ec843a8bedd4,2026-09-29 07:36:51 EDT,2026-10-04,BUF,NWE,BUF@NWE,Fanatics,player_tds_over,James Cook,Over,1.5,320,2026-10-04 17:00:00+00:00,2026-10-04 13:00:00-04:00,2026-10-04,BUF,4.0
208487,573cc0ef39631a4f6673ec843a8bedd4,2026-09-29 07:36:51 EDT,2026-10-04,BUF,NWE,BUF@NWE,Fanatics,player_tds_over,Dalton Kincaid,Over,1.5,1000,2026-10-04 17:00:00+00:00,2026-10-04 13:00:00-04:00,2026-10-04,BUF,4.0
208488,573cc0ef39631a4f6673ec843a8bedd4,2026-09-29 07:36:51 EDT,2026-10-04,BUF,NWE,BUF@NWE,Fanatics,player_tds_over,Ray Davis,Over,1.5,10000,2026-10-04 17:00:00+00:00,2026-10-04 13:00:00-04:00,2026-10-04,BUF,4.0
208489,573cc0ef39631a4f6673ec843a8bedd4,2026-09-29 07:36:51 EDT,2026-10-04,BUF,NWE,BUF@NWE,Fanatics,player_tds_over,Keon Coleman,Over,1.5,3500,2026-10-04 17:00:00+00:00,2026-10-04 13:00:00-04:00,2026-10-04,BUF,4.0
208490,573cc0ef39631a4f6673ec843a8bedd4,2026-09-29 07:36:51 EDT,2026-10-04,BUF,NWE,BUF@NWE,Fanatics,player_tds_over,Josh Allen,Over,1.5,460,2026-10-04 17:00:00+00:00,2026-10-04 13:00:00-04:00,2026-10-04,BUF,4.0
208491,573cc0ef39631a4f6673ec843a8bedd4,2026-09-29 07:36:51 EDT,2026-10-04,BUF,NWE,BUF@NWE,Fanatics,player_tds_over,Jackson Hawes,Over,1.5,12000,2026-10-04 17:00:00+00:00,2026-10-04 13:00:00-04:00,2026-10-04,BUF,4.0
208492,573cc0ef39631a4f6673ec843a8bedd4,2026-09-29 07:36:51 EDT,2026-10-04,BUF,NWE,BUF@NWE,Fanatics,player_tds_over,Keleki Latu,Over,1.5,30000,2026-10-04 17:00:00+00:00,2026-10-04 13:00:00-04:00,2026-10-04,BUF,4.0
208493,573cc0ef39631a4f6673ec843a8bedd4,2026-09-29 07:36:51 EDT,2026-10-04,BUF,NWE,BUF@NWE,Fanatics,player_tds_over,Hunter Henry,Over,1.5,1900,2026-10-04 17:00:00+00:00,2026-10-04 13:00:00-04:00,2026-10-04,NE,4.0
208494,573cc0ef39631a4f6673ec843a8bedd4,2026-09-29 07:36:51 EDT,2026-10-04,BUF,NWE,BUF@NWE,Fanatics,player_tds_over,Mack Hollins,Over,1.5,1900,2026-10-04 17:00:00+00:00,2026-10-04 13:00:00-04:00,2026-10-04,NE,4.0
208495,573cc0ef39631a4f6673ec843a8bedd4,2026-09-29 07:36:51 EDT,2026-10-04,BUF,NWE,BUF@NWE,Fanatics,player_tds_over,Reggie Gilliam,Over,1.5,25000,2026-10-04 17:00:00+00:00,2026-10-04 13:00:00-04:00,2026-10-04,NE,4.0
208496,573cc0ef39631a4f6673ec843a8bedd4,2026-09-29 07:36:51 EDT,2026-10-04,BUF,NWE,BUF@NWE,Fanatics,player_tds_over,Rhamondre Stevenson,Over,1.5,800,2026-10-04 17:00:00+00:00,2026-10-04 13:00:00-04:00,2026-10-04,NE,4.0
208497,573cc0ef39631a4f6673ec843a8bedd4,2026-09-29 07:36:51 EDT,2026-10-04,BUF,NWE,BUF@NWE,Fanatics,player_tds_over,DeMario Douglas,Over,1.5,3000,2026-10-04 17:00:00+00:00,2026-10-04 13:00:00-04:00,2026-10-04,NE,4.0
208498,573cc0ef39631a4f6673ec843a8bedd4,2026-09-29 07:36:51 EDT,2026-10-04,BUF,NWE,BUF@NWE,Fanatics,player_tds_over,Cameron Latu,Over,1.5,12000,2026-10-04 17:00:00+00:00,2026-10-04 13:00:00-04:00,2026-10-04,NE,4.0
208499,573cc0ef39631a4f6673ec843a8bedd4,2026-09-29 07:36:51 EDT,2026-10-04,BUF,NWE,BUF@NWE,Fanatics,player_tds_over,Drake Maye,Over,1.5,4500,2026-10-04 17:00:00+00:00,2026-10-04 13:00:00-04:00,2026-10-04,NE,4.0
208500,573cc0ef39631a4f6673ec843a8bedd4,2026-09-29 07:36:51 EDT,2026-10-04,BUF,NWE,BUF@NWE,Fanatics,player_tds_over,TreVeyon Henderson,Over,1.5,1200,2026-10-04 17:00:00+00:00,2026-10-04 13:00:00-04:00,2026-10-04,NE,4.0
208501,573cc0ef39631a4f6673ec843a8bedd4,2026-09-29 07:36:51 EDT,2026-10-04,BUF,NWE,BUF@NWE,Fanatics,player_tds_over,Efton Chism,Over,1.5,15000,2026-10-04 17:00:00+00:00,2026-10-04 13:00:00-04:00,2026-10-04,NE,4.0
208502,573cc0ef39631a4f6673ec843a8bedd4,2026-09-29 07:36:51 EDT,2026-10-04,BUF,NWE,BUF@NWE,Fanatics,player_tds_over,Corey Kiner,Over,1.5,15000,2026-10-04 17:00:00+00:00,2026-10-04 13:00:00-04:00,2026-10-04,NE,4.0
208503,573cc0ef39631a4f6673ec843a8bedd4,2026-09-29 07:36:51 EDT,2026-10-04,BUF,NWE,BUF@NWE,Fanatics,player_tds_over,Eli Raridon,Over,1.5,5000,2026-10-04 17:00:00+00:00,2026-10-04 13:00:00-04:00,2026-10-04,NE,4.0
208504,573cc0ef39631a4f6673ec843a8bedd4,2026-09-29 07:36:51 EDT,2026-10-04,BUF,NWE,BUF@NWE,Fanatics,player_tds_over,Tanner Arkin,Over,1.5,30000,2026-10-04 17:00:00+00:00,2026-10-04 13:00:00-04:00,2026-10-04,NE,4.0
208505,573cc0ef39631a4f6673ec843a8bedd4,2026-09-29 07:36:51 EDT,2026-10-04,BUF,NWE,BUF@NWE,Fanatics,player_tds_over,Romeo Doubs,Over,1.5,1500,2026-10-04 17:00:00+00:00,2026-10-04 13:00:00-04:00,2026-10-04,NE,4.0
208506,573cc0ef39631a4f6673ec843a8bedd4,2026-09-29 07:36:51 EDT,2026-10-04,BUF,NWE,BUF@NWE,Fanatics,player_tds_over,Kyle Williams,Over,1.5,6000,2026-10-04 17:00:00+00:00,2026-10-04 13:00:00-04:00,2026-10-04,NE,4.0
208507,573cc0ef39631a4f6673ec843a8bedd4,2026-09-29 07:36:51 EDT,2026-10-04,BUF,NWE,BUF@NWE,Fanatics,player_tds_over,Greg Dortch,Over,1.5,15000,2026-10-04 17:00:00+00:00,2026-10-04 13:00:00-04:00,2026-10-04,BUF,4.0
208508,573cc0ef39631a4f6673ec843a8bedd4,2026-09-29 07:36:51 EDT,2026-10-04,BUF,NWE,BUF@NWE,Fanatics,player_tds_over,Skyler Bell,Over,1.5,20000,2026-10-04 17:00:00+00:00,2026-10-04 13:00:00-04:00,2026-10-04,BUF,4.0
208509,573cc0ef39631a4f6673ec843a8bedd4,2026-09-29 07:36:51 EDT,2026-10-04,BUF,NWE,BUF@NWE,Fanatics,player_tds_over,DJ Moore,Over,2.5,6000,2026-10-04 17:00:00+00:00,2026-10-04 13:00:00-04:00,2026-10-04,BUF,4.0
208510,573cc0ef39631a4f6673ec843a8bedd4,2026-09-29 07:36:51 EDT,2026-10-04,BUF,NWE,BUF@NWE,Fanatics,player_tds_over,Ty Johnson,Over,2.5,20000,2026-10-04 17:00:00+00:00,2026-10-04 13:00:00-04:00,2026-10-04,BUF,4.0
208511,573cc0ef39631a4f6673ec843a8bedd4,2026-09-29 07:36:51 EDT,2026-10-04,BUF,NWE,BUF@NWE,Fanatics,player_tds_over,Dawson Knox,Over,2.5,30000,2026-10-04 17:00:00+00:00,2026-10-04 13:00:00-04:00,2026-10-04,BUF,4.0
208512,573cc0ef39631a4f6673ec843a8bedd4,2026-09-29 07:36:51 EDT,2026-10-04,BUF,NWE,BUF@NWE,Fanatics,player_tds_over,Khalil Shakir,Over,2.5,8000,2026-10-04 17:00:00+00:00,2026-10-04 13:00:00-04:00,2026-10-04,BUF,4.0
208513,573cc0ef39631a4f6673ec843a8bedd4,2026-09-29 07:36:51 EDT,2026-10-04,BUF,NWE,BUF@NWE,Fanatics,player_tds_over,James Cook,Over,2.5,1400,2026-10-04 17:00:00+00:00,2026-10-04 13:00:00-04:00,2026-10-04,BUF,4.0
208514,573cc0ef39631a4f6673ec843a8bedd4,2026-09-29 07:36:51 EDT,2026-10-04,BUF,NWE,BUF@NWE,Fanatics,player_tds_over,Dalton Kincaid,Over,2.5,7000,2026-10-04 17:00:00+00:00,2026-10-04 13:00:00-04:00,2026-10-04,BUF,4.0
208515,573cc0ef39631a4f6673ec843a8bedd4,2026-09-29 07:36:51 EDT,2026-10-04,BUF,NWE,BUF@NWE,Fanatics,player_tds_over,Ray Davis,Over,2.5,50000,2026-10-04 17:00:00+00:00,2026-10-04 13:00:00-04:00,2026-10-04,BUF,4.0
208516,573cc0ef39631a4f6673ec843a8bedd4,2026-09-29 07:36:51 EDT,2026-10-04,BUF,NWE,BUF@NWE,Fanatics,player_tds_over,Keon Coleman,Over,2.5,30000,2026-10-04 17:00:00+00:00,2026-10-04 13:00:00-04:00,2026-10-04,BUF,4.0
208517,573cc0ef39631a4f6673ec843a8bedd4,2026-09-29 07:36:51 EDT,2026-10-04,BUF,NWE,BUF@NWE,Fanatics,player_tds_over,Josh Allen,Over,2.5,2200,2026-10-04 17:00:00+00:00,2026-10-04 13:00:00-04:00,2026-10-04,BUF,4.0
208518,573cc0ef39631a4f6673ec843a8bedd4,2026-09-29 07:36:51 EDT,2026-10-04,BUF,NWE,BUF@NWE,Fanatics,player_tds_over,Hunter Henry,Over,2.5,12000,2026-10-04 17:00:00+00:00,2026-10-04 13:00:00-04:00,2026-10-04,NE,4.0
208519,573cc0ef39631a4f6673ec843a8bedd4,2026-09-29 07:36:51 EDT,2026-10-04,BUF,NWE,BUF@NWE,Fanatics,player_tds_over,Mack Hollins,Over,2.5,15000,2026-10-04 17:00:00+00:00,2026-10-04 13:00:00-04:00,2026-10-04,NE,4.0
208520,573cc0ef39631a4f6673ec843a8bedd4,2026-09-29 07:36:51 EDT,2026-10-04,BUF,NWE,BUF@NWE,Fanatics,player_tds_over,Rhamondre Stevenson,Over,2.5,4500,2026-10-04 17:00:00+00:00,2026-10-04 13:00:00-04:00,2026-10-04,NE,4.0
208521,573cc0ef39631a4f6673ec843a8bedd4,2026-09-29 07:36:51 EDT,2026-10-04,BUF,NWE,BUF@NWE,Fanatics,player_tds_over,DeMario Douglas,Over,2.5,15000,2026-10-04 17:00:00+00:00,2026-10-04 13:00:00-04:00,2026-10-04,NE,4.0
208522,573cc0ef39631a4f6673ec843a8bedd4,2026-09-29 07:36:51 EDT,2026-10-04,BUF,NWE,BUF@NWE,Fanatics,player_tds_over,Cameron Latu,Over,2.5,50000,2026-10-04 17:00:00+00:00,2026-10-04 13:00:00-04:00,2026-10-04,NE,4.0
208523,573cc0ef39631a4f6673ec843a8bedd4,2026-09-29 07:36:51 EDT,2026-10-04,BUF,NWE,BUF@NWE,Fanatics,player_tds_over,Drake Maye,Over,2.5,40000,2026-10-04 17:00:00+00:00,2026-10-04 13:00:00-04:00,2026-10-04,NE,4.0
208524,573cc0ef39631a4f6673ec843a8bedd4,2026-09-29 07:36:51 EDT,2026-10-04,BUF,NWE,BUF@NWE,Fanatics,player_tds_over,TreVeyon Henderson,Over,2.5,7000,2026-10-04 17:00:00+00:00,2026-10-04 13:00:00-04:00,2026-10-04,NE,4.0
208525,573cc0ef39631a4f6673ec843a8bedd4,2026-09-29 07:36:51 EDT,2026-10-04,BUF,NWE,BUF@NWE,Fanatics,player_tds_over,Eli Raridon,Over,2.5,30000,2026-10-04 17:00:00+00:00,2026-10-04 13:00:00-04:00,2026-10-04,NE,4.0
208526,573cc0ef39631a4f6673ec843a8bedd4,2026-09-29 07:36:51 EDT,2026-10-04,BUF,NWE,BUF@NWE,Fanatics,player_tds_over,Romeo Doubs,Over,2.5,9000,2026-10-04 17:00:00+00:00,2026-10-04 13:00:00-04:00,2026-10-04,NE,4.0
208527,573cc0ef39631a4f6673ec843a8bedd4,2026-09-29 07:36:51 EDT,2026-10-04,BUF,NWE,BUF@NWE,Fanatics,player_tds_over,Greg Dortch,Over,2.5,50000,2026-10-04 17:00:00+00:00,2026-10-04 13:00:00-04:00,2026-10-04,BUF,4.0
208528,164e6eb68f31bac190381903c3cccd31,2026-09-29 07:36:51 EDT,2026-10-04,CHI,NYJ,CHI@NYJ,Fanatics,player_tds_over,Kalif Raymond,Over,1.5,1500,2026-10-04 17:00:00+00:00,2026-10-04 13:00:00-04:00,2026-10-04,CHI,4.0
208529,164e6eb68f31bac190381903c3cccd31,2026-09-29 07:36:51 EDT,2026-10-04,CHI,NYJ,CHI@NYJ,Fanatics,player_tds_over,D'Andre Swift,Over,1.5,350,2026-10-04 17:00:00+00:00,2026-10-04 13:00:00-04:00,2026-10-04,CHI,4.0
208530,164e6eb68f31bac190381903c3cccd31,2026-09-29 07:36:51 EDT,2026-10-04,CHI,NYJ,CHI@NYJ,Fanatics,player_tds_over,Cole Kmet,Over,1.5,4500,2026-10-04 17:00:00+00:00,2026-10-04 13:00:00-04:00,2026-10-04,CHI,4.0
208531,164e6eb68f31bac190381903c3cccd31,2026-09-29 07:36:51 EDT,2026-10-04,CHI,NYJ,CHI@NYJ,Fanatics,player_tds_over,Roschon Johnson,Over,1.5,9000,2026-10-04 17:00:00+00:00,2026-10-04 13:00:00-04:00,2026-10-04,CHI,4.0
208532,164e6eb68f31bac190381903c3cccd31,2026-09-29 07:36:51 EDT,2026-10-04,CHI,NYJ,CHI@NYJ,Fanatics,player_tds_over,Rome Odunze,Over,1.5,1900,2026-10-04 17:00:00+00:00,2026-10-04 13:00:00-04:00,2026-10-04,CHI,4.0
208533,164e6eb68f31bac190381903c3cccd31,2026-09-29 07:36:51 EDT,2026-10-04,CHI,NYJ,CHI@NYJ,Fanatics,player_tds_over,Kyle Monangai,Over,1.5,1000,2026-10-04 17:00:00+00:00,2026-10-04 13:00:00-04:00,2026-10-04,CHI,4.0
208534,164e6eb68f31bac190381903c3cccd31,2026-09-29 07:36:51 EDT,2026-10-04,CHI,NYJ,CHI@NYJ,Fanatics,player_tds_over,Luther Burden,Over,1.5,1500,2026-10-04 17:00:00+00:00,2026-10-04 13:00:00-04:00,2026-10-04,CHI,4.0
208535,164e6eb68f31bac190381903c3cccd31,2026-09-29 07:36:51 EDT,2026-10-04,CHI,NYJ,CHI@NYJ,Fanatics,player_tds_over,Colston Loveland,Over,1.5,2200,2026-10-04 17:00:00+00:00,2026-10-04 13:00:00-04:00,2026-10-04,CHI,4.0
208536,164e6eb68f31bac190381903c3cccd31,2026-09-29 07:36:51 EDT,2026-10-04,CHI,NYJ,CHI@NYJ,Fanatics,player_tds_over,Jahdae Walker,Over,1.5,9000,2026-10-04 17:00:00+00:00,2026-10-04 13:00:00-04:00,2026-10-04,CHI,4.0
208537,164e6eb68f31bac190381903c3cccd31,2026-09-29 07:36:51 EDT,2026-10-04,CHI,NYJ,CHI@NYJ,Fanatics,player_tds_over,Sam Roush,Over,1.5,10000,2026-10-04 17:00:00+00:00,2026-10-04 13:00:00-04:00,2026-10-04,CHI,4.0
208538,164e6eb68f31bac190381903c3cccd31,2026-09-29 07:36:51 EDT,2026-10-04,CHI,NYJ,CHI@NYJ,Fanatics,player_tds_over,Zavion Thomas,Over,1.5,5000,2026-10-04 17:00:00+00:00,2026-10-04 13:00:00-04:00,2026-10-04,CHI,4.0
208539,164e6eb68f31bac190381903c3cccd31,2026-09-29 07:36:51 EDT,2026-10-04,CHI,NYJ,CHI@NYJ,Fanatics,player_tds_over,Geno Smith,Over,1.5,12000,2026-10-04 17:00:00+00:00,2026-10-04 13:00:00-04:00,2026-10-04,NYJ,4.0
208540,164e6eb68f31bac190381903c3cccd31,2026-09-29 07:36:51 EDT,2026-10-04,CHI,NYJ,CHI@NYJ,Fanatics,player_tds_over,Andrew Beck,Over,1.5,30000,2026-10-04 17:00:00+00:00,2026-10-04 13:00:00-04:00,2026-10-04,NYJ,4.0
208541,164e6eb68f31bac190381903c3cccd31,2026-09-29 07:36:51 EDT,2026-10-04,CHI,NYJ,CHI@NYJ,Fanatics,player_tds_over,Garrett Wilson,Over,1.5,650,2026-10-04 17:00:00+00:00,2026-10-04 13:00:00-04:00,2026-10-04,NYJ,4.0
208542,164e6eb68f31bac190381903c3cccd31,2026-09-29 07:36:51 EDT,2026-10-04,CHI,NYJ,CHI@NYJ,Fanatics,player_tds_over,Breece Hall,Over,1.5,460,2026-10-04 17:00:00+00:00,2026-10-04 13:00:00-04:00,2026-10-04,NYJ,4.0
208543,164e6eb68f31bac190381903c3cccd31,2026-09-29 07:36:51 EDT,2026-10-04,CHI,NYJ,CHI@NYJ,Fanatics,player_tds_over,Jeremy Ruckert,Over,1.5,5000,2026-10-04 17:00:00+00:00,2026-10-04 13:00:00-04:00,2026-10-04,NYJ,4.0
208544,164e6eb68f31bac190381903c3cccd31,2026-09-29 07:36:51 EDT,2026-10-04,CHI,NYJ,CHI@NYJ,Fanatics,player_tds_over,Jelani Woods,Over,1.5,20000,2026-10-04 17:00:00+00:00,2026-10-04 13:00:00-04:00,2026-10-04,NYJ,4.0
208545,164e6eb68f31bac190381903c3cccd31,2026-09-29 07:36:51 EDT,2026-10-04,CHI,NYJ,CHI@NYJ,Fanatics,player_tds_over,Braelon Allen,Over,1.5,525,2026-10-04 17:00:00+00:00,2026-10-04 13:00:00-04:00,2026-10-04,NYJ,4.0
208546,164e6eb68f31bac190381903c3cccd31,2026-09-29 07:36:51 EDT,2026-10-04,CHI,NYJ,CHI@NYJ,Fanatics,player_tds_over,Isaiah Davis,Over,1.5,2200,2026-10-04 17:00:00+00:00,2026-10-04 13:00:00-04:00,2026-10-04,NYJ,4.0
208547,164e6eb68f31bac190381903c3cccd31,2026-09-29 07:36:51 EDT,2026-10-04,CHI,NYJ,CHI@NYJ,Fanatics,player_tds_over,Adonai Mitchell,Over,1.5,1700,2026-10-04 17:00:00+00:00,2026-10-04 13:00:00-04:00,2026-10-04,NYJ,4.0
208548,164e6eb68f31bac190381903c3cccd31,2026-09-29 07:36:51 EDT,2026-10-04,CHI,NYJ,CHI@NYJ,Fanatics,player_tds_over,Isaiah Williams,Over,1.5,2800,2026-10-04 17:00:00+00:00,2026-10-04 13:00:00-04:00,2026-10-04,NYJ,4.0
208549,164e6eb68f31bac190381903c3cccd31,2026-09-29 07:36:51 EDT,2026-10-04,CHI,NYJ,CHI@NYJ,Fanatics,player_tds_over,Mason Taylor,Over,1.5,8000,2026-10-04 17:00:00+00:00,2026-10-04 13:00:00-04:00,2026-10-04,NYJ,4.0
208550,164e6eb68f31bac190381903c3cccd31,2026-09-29 07:36:51 EDT,2026-10-04,CHI,NYJ,CHI@NYJ,Fanatics,player_tds_over,Jamaal Pritchett,Over,1.5,15000,2026-10-04 17:00:00+00:00,2026-10-04 13:00:00-04:00,2026-10-04,NYJ,4.0
208551,164e6eb68f31bac190381903c3cccd31,2026-09-29 07:36:51 EDT,2026-10-04,CHI,NYJ,CHI@NYJ,Fanatics,player_tds_over,Kenyon Sadiq,Over,1.5,1300,2026-10-04 17:00:00+00:00,2026-10-04 13:00:00-04:00,2026-10-04,NYJ,4.0
208552,164e6eb68f31bac190381903c3cccd31,2026-09-29 07:36:51 EDT,2026-10-04,CHI,NYJ,CHI@NYJ,Fanatics,player_tds_over,Malik McClain,Over,1.5,12000,2026-10-04 17:00:00+00:00,2026-10-04 13:00:00-04:00,2026-10-04,NYJ,4.0
208553,164e6eb68f31bac190381903c3cccd31,2026-09-29 07:36:51 EDT,2026-10-04,CHI,NYJ,CHI@NYJ,Fanatics,player_tds_over,Hayden Large,Over,1.5,15000,2026-10-04 17:00:00+00:00,2026-10-04 13:00:00-04:00,2026-10-04,CHI,4.0
208554,164e6eb68f31bac190381903c3cccd31,2026-09-29 07:36:51 EDT,2026-10-04,CHI,NYJ,CHI@NYJ,Fanatics,player_tds_over,Kalif Raymond,Over,2.5,10000,2026-10-04 17:00:00+00:00,2026-10-04 13:00:00-04:00,2026-10-04,CHI,4.0
208555,164e6eb68f31bac190381903c3cccd31,2026-09-29 07:36:51 EDT,2026-10-04,CHI,NYJ,CHI@NYJ,Fanatics,player_tds_over,D'Andre Swift,Over,2.5,1500,2026-10-04 17:00:00+00:00,2026-10-04 13:00:00-04:00,2026-10-04,CHI,4.0
208556,164e6eb68f31bac190381903c3cccd31,2026-09-29 07:36:51 EDT,2026-10-04,CHI,NYJ,CHI@NYJ,Fanatics,player_tds_over,Cole Kmet,Over,2.5,25000,2026-10-04 17:00:00+00:00,2026-10-04 13:00:00-04:00,2026-10-04,CHI,4.0
208557,164e6eb68f31bac190381903c3cccd31,2026-09-29 07:36:51 EDT,2026-10-04,CHI,NYJ,CHI@NYJ,Fanatics,player_tds_over,Rome Odunze,Over,2.5,12000,2026-10-04 17:00:00+00:00,2026-10-04 13:00:00-04:00,2026-10-04,CHI,4.0
208558,164e6eb68f31bac190381903c3cccd31,2026-09-29 07:36:51 EDT,2026-10-04,CHI,NYJ,CHI@NYJ,Fanatics,player_tds_over,Kyle Monangai,Over,2.5,6000,2026-10-04 17:00:00+00:00,2026-10-04 13:00:00-04:00,2026-10-04,CHI,4.0
208559,164e6eb68f31bac190381903c3cccd31,2026-09-29 07:36:51 EDT,2026-10-04,CHI,NYJ,CHI@NYJ,Fanatics,player_tds_over,Luther Burden,Over,2.5,10000,2026-10-04 17:00:00+00:00,2026-10-04 13:00:00-04:00,2026-10-04,CHI,4.0
208560,164e6eb68f31bac190381903c3cccd31,2026-09-29 07:36:51 EDT,2026-10-04,CHI,NYJ,CHI@NYJ,Fanatics,player_tds_over,Colston Loveland,Over,2.5,15000,2026-10-04 17:00:00+00:00,2026-10-04 13:00:00-04:00,2026-10-04,CHI,4.0
208561,164e6eb68f31bac190381903c3cccd31,2026-09-29 07:36:51 EDT,2026-10-04,CHI,NYJ,CHI@NYJ,Fanatics,player_tds_over,Zavion Thomas,Over,2.5,50000,2026-10-04 17:00:00+00:00,2026-10-04 13:00:00-04:00,2026-10-04,CHI,4.0
208562,164e6eb68f31bac190381903c3cccd31,2026-09-29 07:36:51 EDT,2026-10-04,CHI,NYJ,CHI@NYJ,Fanatics,player_tds_over,Geno Smith,Over,2.5,50000,2026-10-04 17:00:00+00:00,2026-10-04 13:00:00-04:00,2026-10-04,NYJ,4.0
208563,164e6eb68f31bac190381903c3cccd31,2026-09-29 07:36:51 EDT,2026-10-04,CHI,NYJ,CHI@NYJ,Fanatics,player_tds_over,Garrett Wilson,Over,2.5,3500,2026-10-04 17:00:00+00:00,2026-10-04 13:00:00-04:00,2026-10-04,NYJ,4.0
208564,164e6eb68f31bac190381903c3cccd31,2026-09-29 07:36:51 EDT,2026-10-04,CHI,NYJ,CHI@NYJ,Fanatics,player_tds_over,Breece Hall,Over,2.5,2000,2026-10-04 17:00:00+00:00,2026-10-04 13:00:00-04:00,2026-10-04,NYJ,4.0
208565,164e6eb68f31bac190381903c3cccd31,2026-09-29 07:36:51 EDT,2026-10-04,CHI,NYJ,CHI@NYJ,Fanatics,player_tds_over,Braelon Allen,Over,2.5,2500,2026-10-04 17:00:00+00:00,2026-10-04 13:00:00-04:00,2026-10-04,NYJ,4.0
208566,164e6eb68f31bac190381903c3cccd31,2026-09-29 07:36:51 EDT,2026-10-04,CHI,NYJ,CHI@NYJ,Fanatics,player_tds_over,Isaiah Davis,Over,2.5,12000,2026-10-04 17:00:00+00:00,2026-10-04 13:00:00-04:00,2026-10-04,NYJ,4.0
208567,164e6eb68f31bac190381903c3cccd31,2026-09-29 07:36:51 EDT,2026-10-04,CHI,NYJ,CHI@NYJ,Fanatics,player_tds_over,Adonai Mitchell,Over,2.5,12000,2026-10-04 17:00:00+00:00,2026-10-04 13:00:00-04:00,2026-10-04,NYJ,4.0
208568,164e6eb68f31bac190381903c3cccd31,2026-09-29 07:36:51 EDT,2026-10-04,CHI,NYJ,CHI@NYJ,Fanatics,player_tds_over,Isaiah Williams,Over,2.5,25000,2026-10-04 17:00:00+00:00,2026-10-04 13:00:00-04:00,2026-10-04,NYJ,4.0
208569,164e6eb68f31bac190381903c3cccd31,2026-09-29 07:36:51 EDT,2026-10-04,CHI,NYJ,CHI@NYJ,Fanatics,player_tds_over,Kenyon Sadiq,Over,2.5,8000,2026-10-04 17:00:00+00:00,2026-10-04 13:00:00-04:00,2026-10-04,NYJ,4.0
208570,164e6eb68f31bac190381903c3cccd31,2026-09-29 07:36:51 EDT,2026-10-04,CHI,NYJ,CHI@NYJ,Fanatics,player_tds_over,Hayden Large,Over,2.5,50000,2026-10-04 17:00:00+00:00,2026-10-04 13:00:00-04:00,2026-10-04,CHI,4.0
208571,2ea94ddf20f66432b9024fe2e2eaba5f,2026-09-29 07:36:51 EDT,2026-10-04,CIN,JAX,CIN@JAX,DraftKings,player_pass_yds,Joe Burrow,Over,265.5,-112,2026-10-04 17:00:00+00:00,2026-10-04 13:00:00-04:00,2026-10-04,CIN,4.0
208572,2ea94ddf20f66432b9024fe2e2eaba5f,2026-09-29 07:36:51 EDT,2026-10-04,CIN,JAX,CIN@JAX,DraftKings,player_pass_yds,Joe Burrow,Under,265.5,-112,2026-10-04 17:00:00+00:00,2026-10-04 13:00:00-04:00,2026-10-04,CIN,4.0
208573,2ea94ddf20f66432b9024fe2e2eaba5f,2026-09-29 07:36:51 EDT,2026-10-04,CIN,JAX,CIN@JAX,DraftKings,player_pass_yds,Trevor Lawrence,Over,264.5,-112,2026-10-04 17:00:00+00:00,2026-10-04 13:00:00-04:00,2026-10-04,JAX,4.0
208574,2ea94ddf20f66432b9024fe2e2eaba5f,2026-09-29 07:36:51 EDT,2026-10-04,CIN,JAX,CIN@JAX,DraftKings,player_pass_yds,Trevor Lawrence,Under,264.5,-112,2026-10-04 17:00:00+00:00,2026-10-04 13:00:00-04:00,2026-10-04,JAX,4.0
208575,2ea94ddf20f66432b9024fe2e2eaba5f,2026-09-29 07:36:51 EDT,2026-10-04,CIN,JAX,CIN@JAX,FanDuel,player_pass_yds,Trevor Lawrence,Over,265.5,-114,2026-10-04 17:00:00+00:00,2026-10-04 13:00:00-04:00,2026-10-04,JAX,4.0
208576,2ea94ddf20f66432b9024fe2e2eaba5f,2026-09-29 07:36:51 EDT,2026-10-04,CIN,JAX,CIN@JAX,FanDuel,player_pass_yds,Trevor Lawrence,Under,265.5,-114,2026-10-04 17:00:00+00:00,2026-10-04 13:00:00-04:00,2026-10-04,JAX,4.0
208577,2ea94ddf20f66432b9024fe2e2eaba5f,2026-09-29 07:36:51 EDT,2026-10-04,CIN,JAX,CIN@JAX,FanDuel,player_pass_yds,Joe Burrow,Over,267.5,-114,2026-10-04 17:00:00+00:00,2026-10-04 13:00:00-04:00,2026-10-04,CIN,4.0
208578,2ea94ddf20f66432b9024fe2e2eaba5f,2026-09-29 07:36:51 EDT,2026-10-04,CIN,JAX,CIN@JAX,FanDuel,player_pass_yds,Joe Burrow,Under,267.5,-114,2026-10-04 17:00:00+00:00,2026-10-04 13:00:00-04:00,2026-10-04,CIN,4.0
208579,2ea94ddf20f66432b9024fe2e2eaba5f,2026-09-29 07:36:51 EDT,2026-10-04,CIN,JAX,CIN@JAX,Bovada,player_pass_yds,Joe Burrow,Over,265.5,-115,2026-10-04 17:00:00+00:00,2026-10-04 13:00:00-04:00,2026-10-04,CIN,4.0
208580,2ea94ddf20f66432b9024fe2e2eaba5f,2026-09-29 07:36:51 EDT,2026-10-04,CIN,JAX,CIN@JAX,Bovada,player_pass_yds,Joe Burrow,Under,265.5,-115,2026-10-04 17:00:00+00:00,2026-10-04 13:00:00-04:00,2026-10-04,CIN,4.0
208581,2ea94ddf20f66432b9024fe2e2eaba5f,2026-09-29 07:36:51 EDT,2026-10-04,CIN,JAX,CIN@JAX,Bovada,player_pass_yds,Trevor Lawrence,Over,264.5,-115,2026-10-04 17:00:00+00:00,2026-10-04 13:00:00-04:00,2026-10-04,JAX,4.0
208582,2ea94ddf20f66432b9024fe2e2eaba5f,2026-09-29 07:36:51 EDT,2026-10-04,CIN,JAX,CIN@JAX,Bovada,player_pass_yds,Trevor Lawrence,Under,264.5,-115,2026-10-04 17:00:00+00:00,2026-10-04 13:00:00-04:00,2026-10-04,JAX,4.0
208583,2ea94ddf20f66432b9024fe2e2eaba5f,2026-09-29 07:36:51 EDT,2026-10-04,CIN,JAX,CIN@JAX,Fanatics,player_pass_yds,Joe Burrow,Over,260.5,-120,2026-10-04 17:00:00+00:00,2026-10-04 13:00:00-04:00,2026-10-04,CIN,4.0
208584,2ea94ddf20f66432b9024fe2e2eaba5f,2026-09-29 07:36:51 EDT,2026-10-04,CIN,JAX,CIN@JAX,Fanatics,player_pass_yds,Joe Burrow,Under,260.5,-110,2026-10-04 17:00:00+00:00,2026-10-04 13:00:00-04:00,2026-10-04,CIN,4.0
208585,2ea94ddf20f66432b9024fe2e2eaba5f,2026-09-29 07:36:51 EDT,2026-10-04,CIN,JAX,CIN@JAX,DraftKings,player_pass_tds,Joe Burrow,Over,1.5,-203,2026-10-04 17:00:00+00:00,2026-10-04 13:00:00-04:00,2026-10-04,CIN,4.0
208586,2ea94ddf20f66432b9024fe2e2eaba5f,2026-09-29 07:36:51 EDT,2026-10-04,CIN,JAX,CIN@JAX,DraftKings,player_pass_tds,Joe Burrow,Under,1.5,158,2026-10-04 17:00:00+00:00,2026-10-04 13:00:00-04:00,2026-10-04,CIN,4.0
208587,2ea94ddf20f66432b9024fe2e2eaba5f,2026-09-29 07:36:51 EDT,2026-10-04,CIN,JAX,CIN@JAX,DraftKings,player_pass_tds,Trevor Lawrence,Over,1.5,-144,2026-10-04 17:00:00+00:00,2026-10-04 13:00:00-04:00,2026-10-04,JAX,4.0
208588,2ea94ddf20f66432b9024fe2e2eaba5f,2026-09-29 07:36:51 EDT,2026-10-04,CIN,JAX,CIN@JAX,DraftKings,player_pass_tds,Trevor Lawrence,Under,1.5,113,2026-10-04 17:00:00+00:00,2026-10-04 13:00:00-04:00,2026-10-04,JAX,4.0
208589,2ea94ddf20f66432b9024fe2e2eaba5f,2026-09-29 07:36:51 EDT,2026-10-04,CIN,JAX,CIN@JAX,FanDuel,player_pass_tds,Trevor Lawrence,Over,1.5,-130,2026-10-04 17:00:00+00:00,2026-10-04 13:00:00-04:00,2026-10-04,JAX,4.0
208590,2ea94ddf20f66432b9024fe2e2eaba5f,2026-09-29 07:36:51 EDT,2026-10-04,CIN,JAX,CIN@JAX,FanDuel,player_pass_tds,Trevor Lawrence,Under,1.5,-102,2026-10-04 17:00:00+00:00,2026-10-04 13:00:00-04:00,2026-10-04,JAX,4.0
208591,2ea94ddf20f66432b9024fe2e2eaba5f,2026-09-29 07:36:51 EDT,2026-10-04,CIN,JAX,CIN@JAX,FanDuel,player_pass_tds,Joe Burrow,Over,1.5,-188,2026-10-04 17:00:00+00:00,2026-10-04 13:00:00-04:00,2026-10-04,CIN,4.0
208592,2ea94ddf20f66432b9024fe2e2eaba5f,2026-09-29 07:36:51 EDT,2026-10-04,CIN,JAX,CIN@JAX,FanDuel,player_pass_tds,Joe Burrow,Under,1.5,140,2026-10-04 17:00:00+00:00,2026-10-04 13:00:00-04:00,2026-10-04,CIN,4.0
208593,2ea94ddf20f66432b9024fe2e2eaba5f,2026-09-29 07:36:51 EDT,2026-10-04,CIN,JAX,CIN@JAX,Bovada,player_pass_tds,Joe Burrow,Over,1.5,-210,2026-10-04 17:00:00+00:00,2026-10-04 13:00:00-04:00,2026-10-04,CIN,4.0
208594,2ea94ddf20f66432b9024fe2e2eaba5f,2026-09-29 07:36:51 EDT,2026-10-04,CIN,JAX,CIN@JAX,Bovada,player_pass_tds,Joe Burrow,Under,1.5,155,2026-10-04 17:00:00+00:00,2026-10-04 13:00:00-04:00,2026-10-04,CIN,4.0
208595,2ea94ddf20f66432b9024fe2e2eaba5f,2026-09-29 07:36:51 EDT,2026-10-04,CIN,JAX,CIN@JAX,Bovada,player_pass_tds,Trevor Lawrence,Over,1.5,-145,2026-10-04 17:00:00+00:00,2026-10-04 13:00:00-04:00,2026-10-04,JAX,4.0
208596,2ea94ddf20f66432b9024fe2e2eaba5f,2026-09-29 07:36:51 EDT,2026-10-04,CIN,JAX,CIN@JAX,Bovada,player_pass_tds,Trevor Lawrence,Under,1.5,110,2026-10-04 17:00:00+00:00,2026-10-04 13:00:00-04:00,2026-10-04,JAX,4.0
208597,2ea94ddf20f66432b9024fe2e2eaba5f,2026-09-29 07:36:51 EDT,2026-10-04,CIN,JAX,CIN@JAX,DraftKings,player_rush_attempts,Chase Brown,Over,17.5,103,2026-10-04 17:00:00+00:00,2026-10-04 13:00:00-04:00,2026-10-04,CIN,4.0
208598,2ea94ddf20f66432b9024fe2e2eaba5f,2026-09-29 07:36:51 EDT,2026-10-04,CIN,JAX,CIN@JAX,DraftKings,player_rush_attempts,Chase Brown,Under,17.5,-131,2026-10-04 17:00:00+00:00,2026-10-04 13:00:00-04:00,2026-10-04,CIN,4.0
208599,2ea94ddf20f66432b9024fe2e2eaba5f,2026-09-29 07:36:51 EDT,2026-10-04,CIN,JAX,CIN@JAX,DraftKings,player_rush_attempts,Bhayshul Tuten,Over,12.5,-127,2026-10-04 17:00:00+00:00,2026-10-04 13:00:00-04:00,2026-10-04,JAX,4.0
208600,2ea94ddf20f66432b9024fe2e2eaba5f,2026-09-29 07:36:51 EDT,2026-10-04,CIN,JAX,CIN@JAX,DraftKings,player_rush_attempts,Bhayshul Tuten,Under,12.5,100,2026-10-04 17:00:00+00:00,2026-10-04 13:00:00-04:00,2026-10-04,JAX,4.0
208601,2ea94ddf20f66432b9024fe2e2eaba5f,2026-09-29 07:36:51 EDT,2026-10-04,CIN,JAX,CIN@JAX,DraftKings,player_rush_yds,Chase Brown,Over,65.5,-114,2026-10-04 17:00:00+00:00,2026-10-04 13:00:00-04:00,2026-10-04,CIN,4.0
208602,2ea94ddf20f66432b9024fe2e2eaba5f,2026-09-29 07:36:51 EDT,2026-10-04,CIN,JAX,CIN@JAX,DraftKings,player_rush_yds,Chase Brown,Under,65.5,-110,2026-10-04 17:00:00+00:00,2026-10-04 13:00:00-04:00,2026-10-04,CIN,4.0
208603,2ea94ddf20f66432b9024fe2e2eaba5f,2026-09-29 07:36:51 EDT,2026-10-04,CIN,JAX,CIN@JAX,DraftKings,player_rush_yds,Bhayshul Tuten,Over,53.5,-111,2026-10-04 17:00:00+00:00,2026-10-04 13:00:00-04:00,2026-10-04,JAX,4.0
208604,2ea94ddf20f66432b9024fe2e2eaba5f,2026-09-29 07:36:51 EDT,2026-10-04,CIN,JAX,CIN@JAX,DraftKings,player_rush_yds,Bhayshul Tuten,Under,53.5,-113,2026-10-04 17:00:00+00:00,2026-10-04 13:00:00-04:00,2026-10-04,JAX,4.0
208605,2ea94ddf20f66432b9024fe2e2eaba5f,2026-09-29 07:36:51 EDT,2026-10-04,CIN,JAX,CIN@JAX,FanDuel,player_rush_yds,Bhayshul Tuten,Over,53.5,-114,2026-10-04 17:00:00+00:00,2026-10-04 13:00:00-04:00,2026-10-04,JAX,4.0
208606,2ea94ddf20f66432b9024fe2e2eaba5f,2026-09-29 07:36:51 EDT,2026-10-04,CIN,JAX,CIN@JAX,FanDuel,player_rush_yds,Bhayshul Tuten,Under,53.5,-114,2026-10-04 17:00:00+00:00,2026-10-04 13:00:00-04:00,2026-10-04,JAX,4.0
208607,2ea94ddf20f66432b9024fe2e2eaba5f,2026-09-29 07:36:51 EDT,2026-10-04,CIN,JAX,CIN@JAX,FanDuel,player_rush_yds,Chase Brown,Over,66.5,-114,2026-10-04 17:00:00+00:00,2026-10-04 13:00:00-04:00,2026-10-04,CIN,4.0
208608,2ea94ddf20f66432b9024fe2e2eaba5f,2026-09-29 07:36:51 EDT,2026-10-04,CIN,JAX,CIN@JAX,FanDuel,player_rush_yds,Chase Brown,Under,66.5,-114,2026-10-04 17:00:00+00:00,2026-10-04 13:00:00-04:00,2026-10-04,CIN,4.0
208609,2ea94ddf20f66432b9024fe2e2eaba5f,2026-09-29 07:36:51 EDT,2026-10-04,CIN,JAX,CIN@JAX,Bovada,player_rush_yds,Bhayshul Tuten,Over,53.5,-115,2026-10-04 17:00:00+00:00,2026-10-04 13:00:00-04:00,2026-10-04,JAX,4.0
208610,2ea94ddf20f66432b9024fe2e2eaba5f,2026-09-29 07:36:51 EDT,2026-10-04,CIN,JAX,CIN@JAX,Bovada,player_rush_yds,Bhayshul Tuten,Under,53.5,-115,2026-10-04 17:00:00+00:00,2026-10-04 13:00:00-04:00,2026-10-04,JAX,4.0
208611,2ea94ddf20f66432b9024fe2e2eaba5f,2026-09-29 07:36:51 EDT,2026-10-04,CIN,JAX,CIN@JAX,Bovada,player_rush_yds,Chase Brown,Over,65.5,-115,2026-10-04 17:00:00+00:00,2026-10-04 13:00:00-04:00,2026-10-04,CIN,4.0
208612,2ea94ddf20f66432b9024fe2e2eaba5f,2026-09-29 07:36:51 EDT,2026-10-04,CIN,JAX,CIN@JAX,Bovada,player_rush_yds,Chase Brown,Under,65.5,-115,2026-10-04 17:00:00+00:00,2026-10-04 13:00:00-04:00,2026-10-04,CIN,4.0
208613,2ea94ddf20f66432b9024fe2e2eaba5f,2026-09-29 07:36:51 EDT,2026-10-04,CIN,JAX,CIN@JAX,Fanatics,player_rush_yds,Chase Brown,Over,65.5,-115,2026-10-04 17:00:00+00:00,2026-10-04 13:00:00-04:00,2026-10-04,CIN,4.0
208614,2ea94ddf20f66432b9024fe2e2eaba5f,2026-09-29 07:36:51 EDT,2026-10-04,CIN,JAX,CIN@JAX,Fanatics,player_rush_yds,Chase Brown,Under,65.5,-115,2026-10-04 17:00:00+00:00,2026-10-04 13:00:00-04:00,2026-10-04,CIN,4.0
208615,2ea94ddf20f66432b9024fe2e2eaba5f,2026-09-29 07:36:51 EDT,2026-10-04,CIN,JAX,CIN@JAX,DraftKings,player_receptions,Ja'Marr Chase,Over,6.5,-129,2026-10-04 17:00:00+00:00,2026-10-04 13:00:00-04:00,2026-10-04,CIN,4.0
208616,2ea94ddf20f66432b9024fe2e2eaba5f,2026-09-29 07:36:51 EDT,2026-10-04,CIN,JAX,CIN@JAX,DraftKings,player_receptions,Ja'Marr Chase,Under,6.5,101,2026-10-04 17:00:00+00:00,2026-10-04 13:00:00-04:00,2026-10-04,CIN,4.0
208617,2ea94ddf20f66432b9024fe2e2eaba5f,2026-09-29 07:36:51 EDT,2026-10-04,CIN,JAX,CIN@JAX,DraftKings,player_receptions,Parker Washington,Over,5.5,-104,2026-10-04 17:00:00+00:00,2026-10-04 13:00:00-04:00,2026-10-04,JAX,4.0
208618,2ea94ddf20f66432b9024fe2e2eaba5f,2026-09-29 07:36:51 EDT,2026-10-04,CIN,JAX,CIN@JAX,DraftKings,player_receptions,Parker Washington,Under,5.5,-123,2026-10-04 17:00:00+00:00,2026-10-04 13:00:00-04:00,2026-10-04,JAX,4.0
208619,2ea94ddf20f66432b9024fe2e2eaba5f,2026-09-29 07:36:51 EDT,2026-10-04,CIN,JAX,CIN@JAX,DraftKings,player_receptions,Tee Higgins,Over,4.5,114,2026-10-04 17:00:00+00:00,2026-10-04 13:00:00-04:00,2026-10-04,CIN,4.0
208620,2ea94ddf20f66432b9024fe2e2eaba5f,2026-09-29 07:36:51 EDT,2026-10-04,CIN,JAX,CIN@JAX,DraftKings,player_receptions,Tee Higgins,Under,4.5,-145,2026-10-04 17:00:00+00:00,2026-10-04 13:00:00-04:00,2026-10-04,CIN,4.0
208621,2ea94ddf20f66432b9024fe2e2eaba5f,2026-09-29 07:36:51 EDT,2026-10-04,CIN,JAX,CIN@JAX,DraftKings,player_receptions,Jakobi Meyers,Over,3.5,-145,2026-10-04 17:00:00+00:00,2026-10-04 13:00:00-04:00,2026-10-04,JAX,4.0
208622,2ea94ddf20f66432b9024fe2e2eaba5f,2026-09-29 07:36:51 EDT,2026-10-04,CIN,JAX,CIN@JAX,DraftKings,player_receptions,Jakobi Meyers,Under,3.5,114,2026-10-04 17:00:00+00:00,2026-10-04 13:00:00-04:00,2026-10-04,JAX,4.0
208623,2ea94ddf20f66432b9024fe2e2eaba5f,2026-09-29 07:36:51 EDT,2026-10-04,CIN,JAX,CIN@JAX,FanDuel,player_receptions,Parker Washington,Over,5.5,106,2026-10-04 17:00:00+00:00,2026-10-04 13:00:00-04:00,2026-10-04,JAX,4.0
208624,2ea94ddf20f66432b9024fe2e2eaba5f,2026-09-29 07:36:51 EDT,2026-10-04,CIN,JAX,CIN@JAX,FanDuel,player_receptions,Parker Washington,Under,5.5,-140,2026-10-04 17:00:00+00:00,2026-10-04 13:00:00-04:00,2026-10-04,JAX,4.0
208625,2ea94ddf20f66432b9024fe2e2eaba5f,2026-09-29 07:36:51 EDT,2026-10-04,CIN,JAX,CIN@JAX,FanDuel,player_receptions,Ja'Marr Chase,Over,6.5,-122,2026-10-04 17:00:00+00:00,2026-10-04 13:00:00-04:00,2026-10-04,CIN,4.0
208626,2ea94ddf20f66432b9024fe2e2eaba5f,2026-09-29 07:36:51 EDT,2026-10-04,CIN,JAX,CIN@JAX,FanDuel,player_receptions,Ja'Marr Chase,Under,6.5,-108,2026-10-04 17:00:00+00:00,2026-10-04 13:00:00-04:00,2026-10-04,CIN,4.0
208627,2ea94ddf20f66432b9024fe2e2eaba5f,2026-09-29 07:36:51 EDT,2026-10-04,CIN,JAX,CIN@JAX,FanDuel,player_receptions,Tee Higgins,Over,4.5,106,2026-10-04 17:00:00+00:00,2026-10-04 13:00:00-04:00,2026-10-04,CIN,4.0
208628,2ea94ddf20f66432b9024fe2e2eaba5f,2026-09-29 07:36:51 EDT,2026-10-04,CIN,JAX,CIN@JAX,FanDuel,player_receptions,Tee Higgins,Under,4.5,-140,2026-10-04 17:00:00+00:00,2026-10-04 13:00:00-04:00,2026-10-04,CIN,4.0
208629,2ea94ddf20f66432b9024fe2e2eaba5f,2026-09-29 07:36:51 EDT,2026-10-04,CIN,JAX,CIN@JAX,FanDuel,player_receptions,Jakobi Meyers,Over,3.5,-148,2026-10-04 17:00:00+00:00,2026-10-04 13:00:00-04:00,2026-10-04,JAX,4.0
208630,2ea94ddf20f66432b9024fe2e2eaba5f,2026-09-29 07:36:51 EDT,2026-10-04,CIN,JAX,CIN@JAX,FanDuel,player_receptions,Jakobi Meyers,Under,3.5,112,2026-10-04 17:00:00+00:00,2026-10-04 13:00:00-04:00,2026-10-04,JAX,4.0
208631,2ea94ddf20f66432b9024fe2e2eaba5f,2026-09-29 07:36:51 EDT,2026-10-04,CIN,JAX,CIN@JAX,Bovada,player_receptions,Ja'Marr Chase,Over,6.5,-130,2026-10-04 17:00:00+00:00,2026-10-04 13:00:00-04:00,2026-10-04,CIN,4.0
208632,2ea94ddf20f66432b9024fe2e2eaba5f,2026-09-29 07:36:51 EDT,2026-10-04,CIN,JAX,CIN@JAX,Bovada,player_receptions,Ja'Marr Chase,Under,6.5,100,2026-10-04 17:00:00+00:00,2026-10-04 13:00:00-04:00,2026-10-04,CIN,4.0
208633,2ea94ddf20f66432b9024fe2e2eaba5f,2026-09-29 07:36:51 EDT,2026-10-04,CIN,JAX,CIN@JAX,Bovada,player_receptions,Jakobi Meyers,Over,3.5,-150,2026-10-04 17:00:00+00:00,2026-10-04 13:00:00-04:00,2026-10-04,JAX,4.0
208634,2ea94ddf20f66432b9024fe2e2eaba5f,2026-09-29 07:36:51 EDT,2026-10-04,CIN,JAX,CIN@JAX,Bovada,player_receptions,Jakobi Meyers,Under,3.5,115,2026-10-04 17:00:00+00:00,2026-10-04 13:00:00-04:00,2026-10-04,JAX,4.0
208635,2ea94ddf20f66432b9024fe2e2eaba5f,2026-09-29 07:36:51 EDT,2026-10-04,CIN,JAX,CIN@JAX,Bovada,player_receptions,Parker Washington,Over,5.5,-105,2026-10-04 17:00:00+00:00,2026-10-04 13:00:00-04:00,2026-10-04,JAX,4.0
208636,2ea94ddf20f66432b9024fe2e2eaba5f,2026-09-29 07:36:51 EDT,2026-10-04,CIN,JAX,CIN@JAX,Bovada,player_receptions,Parker Washington,Under,5.5,-125,2026-10-04 17:00:00+00:00,2026-10-04 13:00:00-04:00,2026-10-04,JAX,4.0
208637,2ea94ddf20f66432b9024fe2e2eaba5f,2026-09-29 07:36:51 EDT,2026-10-04,CIN,JAX,CIN@JAX,Bovada,player_receptions,Tee Higgins,Over,4.5,115,2026-10-04 17:00:00+00:00,2026-10-04 13:00:00-04:00,2026-10-04,CIN,4.0
208638,2ea94ddf20f66432b9024fe2e2eaba5f,2026-09-29 07:36:51 EDT,2026-10-04,CIN,JAX,CIN@JAX,Bovada,player_receptions,Tee Higgins,Under,4.5,-150,2026-10-04 17:00:00+00:00,2026-10-04 13:00:00-04:00,2026-10-04,CIN,4.0
208639,2ea94ddf20f66432b9024fe2e2eaba5f,2026-09-29 07:36:51 EDT,2026-10-04,CIN,JAX,CIN@JAX,DraftKings,player_reception_yds,Ja'Marr Chase,Over,77.5,-114,2026-10-04 17:00:00+00:00,2026-10-04 13:00:00-04:00,2026-10-04,CIN,4.0
208640,2ea94ddf20f66432b9024fe2e2eaba5f,2026-09-29 07:36:51 EDT,2026-10-04,CIN,JAX,CIN@JAX,DraftKings,player_reception_yds,Ja'Marr Chase,Under,77.5,-110,2026-10-04 17:00:00+00:00,2026-10-04 13:00:00-04:00,2026-10-04,CIN,4.0
208641,2ea94ddf20f66432b9024fe2e2eaba5f,2026-09-29 07:36:51 EDT,2026-10-04,CIN,JAX,CIN@JAX,DraftKings,player_reception_yds,Parker Washington,Over,73.5,-112,2026-10-04 17:00:00+00:00,2026-10-04 13:00:00-04:00,2026-10-04,JAX,4.0
208642,2ea94ddf20f66432b9024fe2e2eaba5f,2026-09-29 07:36:51 EDT,2026-10-04,CIN,JAX,CIN@JAX,DraftKings,player_reception_yds,Parker Washington,Under,73.5,-112,2026-10-04 17:00:00+00:00,2026-10-04 13:00:00-04:00,2026-10-04,JAX,4.0
208643,2ea94ddf20f66432b9024fe2e2eaba5f,2026-09-29 07:36:51 EDT,2026-10-04,CIN,JAX,CIN@JAX,DraftKings,player_reception_yds,Tee Higgins,Over,59.5,-114,2026-10-04 17:00:00+00:00,2026-10-04 13:00:00-04:00,2026-10-04,CIN,4.0
208644,2ea94ddf20f66432b9024fe2e2eaba5f,2026-09-29 07:36:51 EDT,2026-10-04,CIN,JAX,CIN@JAX,DraftKings,player_reception_yds,Tee Higgins,Under,59.5,-110,2026-10-04 17:00:00+00:00,2026-10-04 13:00:00-04:00,2026-10-04,CIN,4.0
208645,2ea94ddf20f66432b9024fe2e2eaba5f,2026-09-29 07:36:51 EDT,2026-10-04,CIN,JAX,CIN@JAX,DraftKings,player_reception_yds,Jakobi Meyers,Over,39.5,-114,2026-10-04 17:00:00+00:00,2026-10-04 13:00:00-04:00,2026-10-04,JAX,4.0
208646,2ea94ddf20f66432b9024fe2e2eaba5f,2026-09-29 07:36:51 EDT,2026-10-04,CIN,JAX,CIN@JAX,DraftKings,player_reception_yds,Jakobi Meyers,Under,39.5,-110,2026-10-04 17:00:00+00:00,2026-10-04 13:00:00-04:00,2026-10-04,JAX,4.0
208647,2ea94ddf20f66432b9024fe2e2eaba5f,2026-09-29 07:36:51 EDT,2026-10-04,CIN,JAX,CIN@JAX,FanDuel,player_reception_yds,Tee Higgins,Over,60.5,-114,2026-10-04 17:00:00+00:00,2026-10-04 13:00:00-04:00,2026-10-04,CIN,4.0
208648,2ea94ddf20f66432b9024fe2e2eaba5f,2026-09-29 07:36:51 EDT,2026-10-04,CIN,JAX,CIN@JAX,FanDuel,player_reception_yds,Tee Higgins,Under,60.5,-114,2026-10-04 17:00:00+00:00,2026-10-04 13:00:00-04:00,2026-10-04,CIN,4.0
208649,2ea94ddf20f66432b9024fe2e2eaba5f,2026-09-29 07:36:51 EDT,2026-10-04,CIN,JAX,CIN@JAX,FanDuel,player_reception_yds,Ja'Marr Chase,Over,76.5,-114,2026-10-04 17:00:00+00:00,2026-10-04 13:00:00-04:00,2026-10-04,CIN,4.0
208650,2ea94ddf20f66432b9024fe2e2eaba5f,2026-09-29 07:36:51 EDT,2026-10-04,CIN,JAX,CIN@JAX,FanDuel,player_reception_yds,Ja'Marr Chase,Under,76.5,-114,2026-10-04 17:00:00+00:00,2026-10-04 13:00:00-04:00,2026-10-04,CIN,4.0
208651,2ea94ddf20f66432b9024fe2e2eaba5f,2026-09-29 07:36:51 EDT,2026-10-04,CIN,JAX,CIN@JAX,FanDuel,player_reception_yds,Jakobi Meyers,Over,40.5,-114,2026-10-04 17:00:00+00:00,2026-10-04 13:00:00-04:00,2026-10-04,JAX,4.0
208652,2ea94ddf20f66432b9024fe2e2eaba5f,2026-09-29 07:36:51 EDT,2026-10-04,CIN,JAX,CIN@JAX,FanDuel,player_reception_yds,Jakobi Meyers,Under,40.5,-114,2026-10-04 17:00:00+00:00,2026-10-04 13:00:00-04:00,2026-10-04,JAX,4.0
208653,2ea94ddf20f66432b9024fe2e2eaba5f,2026-09-29 07:36:51 EDT,2026-10-04,CIN,JAX,CIN@JAX,FanDuel,player_reception_yds,Parker Washington,Over,72.5,-114,2026-10-04 17:00:00+00:00,2026-10-04 13:00:00-04:00,2026-10-04,JAX,4.0
208654,2ea94ddf20f66432b9024fe2e2eaba5f,2026-09-29 07:36:51 EDT,2026-10-04,CIN,JAX,CIN@JAX,FanDuel,player_reception_yds,Parker Washington,Under,72.5,-114,2026-10-04 17:00:00+00:00,2026-10-04 13:00:00-04:00,2026-10-04,JAX,4.0
208655,2ea94ddf20f66432b9024fe2e2eaba5f,2026-09-29 07:36:51 EDT,2026-10-04,CIN,JAX,CIN@JAX,Bovada,player_reception_yds,Ja'Marr Chase,Over,77.5,-115,2026-10-04 17:00:00+00:00,2026-10-04 13:00:00-04:00,2026-10-04,CIN,4.0
208656,2ea94ddf20f66432b9024fe2e2eaba5f,2026-09-29 07:36:51 EDT,2026-10-04,CIN,JAX,CIN@JAX,Bovada,player_reception_yds,Ja'Marr Chase,Under,77.5,-115,2026-10-04 17:00:00+00:00,2026-10-04 13:00:00-04:00,2026-10-04,CIN,4.0
208657,2ea94ddf20f66432b9024fe2e2eaba5f,2026-09-29 07:36:51 EDT,2026-10-04,CIN,JAX,CIN@JAX,Bovada,player_reception_yds,Jakobi Meyers,Over,39.5,-115,2026-10-04 17:00:00+00:00,2026-10-04 13:00:00-04:00,2026-10-04,JAX,4.0
208658,2ea94ddf20f66432b9024fe2e2eaba5f,2026-09-29 07:36:51 EDT,2026-10-04,CIN,JAX,CIN@JAX,Bovada,player_reception_yds,Jakobi Meyers,Under,39.5,-115,2026-10-04 17:00:00+00:00,2026-10-04 13:00:00-04:00,2026-10-04,JAX,4.0
208659,2ea94ddf20f66432b9024fe2e2eaba5f,2026-09-29 07:36:51 EDT,2026-10-04,CIN,JAX,CIN@JAX,Bovada,player_reception_yds,Parker Washington,Over,73.5,-115,2026-10-04 17:00:00+00:00,2026-10-04 13:00:00-04:00,2026-10-04,JAX,4.0
208660,2ea94ddf20f66432b9024fe2e2eaba5f,2026-09-29 07:36:51 EDT,2026-10-04,CIN,JAX,CIN@JAX,Bovada,player_reception_yds,Parker Washington,Under,73.5,-115,2026-10-04 17:00:00+00:00,2026-10-04 13:00:00-04:00,2026-10-04,JAX,4.0
208661,2ea94ddf20f66432b9024fe2e2eaba5f,2026-09-29 07:36:51 EDT,2026-10-04,CIN,JAX,CIN@JAX,Bovada,player_reception_yds,Tee Higgins,Over,59.5,-115,2026-10-04 17:00:00+00:00,2026-10-04 13:00:00-04:00,2026-10-04,CIN,4.0
208662,2ea94ddf20f66432b9024fe2e2eaba5f,2026-09-29 07:36:51 EDT,2026-10-04,CIN,JAX,CIN@JAX,Bovada,player_reception_yds,Tee Higgins,Under,59.5,-115,2026-10-04 17:00:00+00:00,2026-10-04 13:00:00-04:00,2026-10-04,CIN,4.0
208663,2ea94ddf20f66432b9024fe2e2eaba5f,2026-09-29 07:36:51 EDT,2026-10-04,CIN,JAX,CIN@JAX,Fanatics,player_reception_yds,Parker Washington,Over,70.5,-135,2026-10-04 17:00:00+00:00,2026-10-04 13:00:00-04:00,2026-10-04,JAX,4.0
208664,2ea94ddf20f66432b9024fe2e2eaba5f,2026-09-29 07:36:51 EDT,2026-10-04,CIN,JAX,CIN@JAX,Fanatics,player_reception_yds,Parker Washington,Under,70.5,100,2026-10-04 17:00:00+00:00,2026-10-04 13:00:00-04:00,2026-10-04,JAX,4.0
208665,2ea94ddf20f66432b9024fe2e2eaba5f,2026-09-29 07:36:51 EDT,2026-10-04,CIN,JAX,CIN@JAX,DraftKings,player_tds_over,Chase Brown,Over,1.5,350,2026-10-04 17:00:00+00:00,2026-10-04 13:00:00-04:00,2026-10-04,CIN,4.0
208666,2ea94ddf20f66432b9024fe2e2eaba5f,2026-09-29 07:36:51 EDT,2026-10-04,CIN,JAX,CIN@JAX,DraftKings,player_tds_over,Ja'Marr Chase,Over,1.5,550,2026-10-04 17:00:00+00:00,2026-10-04 13:00:00-04:00,2026-10-04,CIN,4.0
208667,2ea94ddf20f66432b9024fe2e2eaba5f,2026-09-29 07:36:51 EDT,2026-10-04,CIN,JAX,CIN@JAX,DraftKings,player_tds_over,Bhayshul Tuten,Over,1.5,600,2026-10-04 17:00:00+00:00,2026-10-04 13:00:00-04:00,2026-10-04,JAX,4.0
208668,2ea94ddf20f66432b9024fe2e2eaba5f,2026-09-29 07:36:51 EDT,2026-10-04,CIN,JAX,CIN@JAX,DraftKings,player_tds_over,Tee Higgins,Over,1.5,1000,2026-10-04 17:00:00+00:00,2026-10-04 13:00:00-04:00,2026-10-04,CIN,4.0
208669,2ea94ddf20f66432b9024fe2e2eaba5f,2026-09-29 07:36:51 EDT,2026-10-04,CIN,JAX,CIN@JAX,DraftKings,player_tds_over,Parker Washington,Over,1.5,1100,2026-10-04 17:00:00+00:00,2026-10-04 13:00:00-04:00,2026-10-04,JAX,4.0
208670,2ea94ddf20f66432b9024fe2e2eaba5f,2026-09-29 07:36:51 EDT,2026-10-04,CIN,JAX,CIN@JAX,DraftKings,player_tds_over,Jakobi Meyers,Over,1.5,2200,2026-10-04 17:00:00+00:00,2026-10-04 13:00:00-04:00,2026-10-04,JAX,4.0
208671,2ea94ddf20f66432b9024fe2e2eaba5f,2026-09-29 07:36:51 EDT,2026-10-04,CIN,JAX,CIN@JAX,DraftKings,player_tds_over,Brenton Strange,Over,1.5,2200,2026-10-04 17:00:00+00:00,2026-10-04 13:00:00-04:00,2026-10-04,JAX,4.0
208672,2ea94ddf20f66432b9024fe2e2eaba5f,2026-09-29 07:36:51 EDT,2026-10-04,CIN,JAX,CIN@JAX,DraftKings,player_tds_over,Chris Rodriguez,Over,1.5,2200,2026-10-04 17:00:00+00:00,2026-10-04 13:00:00-04:00,2026-10-04,JAX,4.0
208673,2ea94ddf20f66432b9024fe2e2eaba5f,2026-09-29 07:36:51 EDT,2026-10-04,CIN,JAX,CIN@JAX,DraftKings,player_tds_over,Mike Gesicki,Over,1.5,3000,2026-10-04 17:00:00+00:00,2026-10-04 13:00:00-04:00,2026-10-04,CIN,4.0
208674,2ea94ddf20f66432b9024fe2e2eaba5f,2026-09-29 07:36:51 EDT,2026-10-04,CIN,JAX,CIN@JAX,DraftKings,player_tds_over,Trevor Lawrence,Over,1.5,3000,2026-10-04 17:00:00+00:00,2026-10-04 13:00:00-04:00,2026-10-04,JAX,4.0
208675,2ea94ddf20f66432b9024fe2e2eaba5f,2026-09-29 07:36:51 EDT,2026-10-04,CIN,JAX,CIN@JAX,DraftKings,player_tds_over,Brian Thomas,Over,1.5,3500,2026-10-04 17:00:00+00:00,2026-10-04 13:00:00-04:00,2026-10-04,JAX,4.0
208676,2ea94ddf20f66432b9024fe2e2eaba5f,2026-09-29 07:36:51 EDT,2026-10-04,CIN,JAX,CIN@JAX,DraftKings,player_tds_over,Samaje Perine,Over,1.5,5000,2026-10-04 17:00:00+00:00,2026-10-04 13:00:00-04:00,2026-10-04,CIN,4.0
208677,2ea94ddf20f66432b9024fe2e2eaba5f,2026-09-29 07:36:51 EDT,2026-10-04,CIN,JAX,CIN@JAX,DraftKings,player_tds_over,Dohnte Meyers,Over,1.5,5500,2026-10-04 17:00:00+00:00,2026-10-04 13:00:00-04:00,2026-10-04,CIN,4.0
208678,2ea94ddf20f66432b9024fe2e2eaba5f,2026-09-29 07:36:51 EDT,2026-10-04,CIN,JAX,CIN@JAX,DraftKings,player_tds_over,Drew Sample,Over,1.5,10000,2026-10-04 17:00:00+00:00,2026-10-04 13:00:00-04:00,2026-10-04,CIN,4.0
208679,2ea94ddf20f66432b9024fe2e2eaba5f,2026-09-29 07:36:51 EDT,2026-10-04,CIN,JAX,CIN@JAX,DraftKings,player_tds_over,Erick All,Over,1.5,10000,2026-10-04 17:00:00+00:00,2026-10-04 13:00:00-04:00,2026-10-04,,4.0
208680,2ea94ddf20f66432b9024fe2e2eaba5f,2026-09-29 07:36:51 EDT,2026-10-04,CIN,JAX,CIN@JAX,DraftKings,player_tds_over,Josh Cameron,Over,1.5,10000,2026-10-04 17:00:00+00:00,2026-10-04 13:00:00-04:00,2026-10-04,JAX,4.0
208681,2ea94ddf20f66432b9024fe2e2eaba5f,2026-09-29 07:36:51 EDT,2026-10-04,CIN,JAX,CIN@JAX,DraftKings,player_tds_over,Joe Burrow,Over,1.5,11000,2026-10-04 17:00:00+00:00,2026-10-04 13:00:00-04:00,2026-10-04,CIN,4.0
208682,2ea94ddf20f66432b9024fe2e2eaba5f,2026-09-29 07:36:51 EDT,2026-10-04,CIN,JAX,CIN@JAX,DraftKings,player_tds_over,Ameer Abdullah,Over,1.5,12000,2026-10-04 17:00:00+00:00,2026-10-04 13:00:00-04:00,2026-10-04,JAX,4.0
208683,2ea94ddf20f66432b9024fe2e2eaba5f,2026-09-29 07:36:51 EDT,2026-10-04,CIN,JAX,CIN@JAX,DraftKings,player_tds_over,Nate Boerkircher,Over,1.5,13000,2026-10-04 17:00:00+00:00,2026-10-04 13:00:00-04:00,2026-10-04,JAX,4.0
208684,2ea94ddf20f66432b9024fe2e2eaba5f,2026-09-29 07:36:51 EDT,2026-10-04,CIN,JAX,CIN@JAX,DraftKings,player_tds_over,Colbie Young,Over,1.5,16000,2026-10-04 17:00:00+00:00,2026-10-04 13:00:00-04:00,2026-10-04,CIN,4.0
208685,2ea94ddf20f66432b9024fe2e2eaba5f,2026-09-29 07:36:51 EDT,2026-10-04,CIN,JAX,CIN@JAX,DraftKings,player_tds_over,Travis Hunter,Over,1.5,16000,2026-10-04 17:00:00+00:00,2026-10-04 13:00:00-04:00,2026-10-04,JAX,4.0
208686,2ea94ddf20f66432b9024fe2e2eaba5f,2026-09-29 07:36:51 EDT,2026-10-04,CIN,JAX,CIN@JAX,Caesars,player_tds_over,Chase Brown,Over,1.5,320,2026-10-04 17:00:00+00:00,2026-10-04 13:00:00-04:00,2026-10-04,CIN,4.0
208687,2ea94ddf20f66432b9024fe2e2eaba5f,2026-09-29 07:36:51 EDT,2026-10-04,CIN,JAX,CIN@JAX,Caesars,player_tds_over,Ja'Marr Chase,Over,1.5,500,2026-10-04 17:00:00+00:00,2026-10-04 13:00:00-04:00,2026-10-04,CIN,4.0
208688,2ea94ddf20f66432b9024fe2e2eaba5f,2026-09-29 07:36:51 EDT,2026-10-04,CIN,JAX,CIN@JAX,Caesars,player_tds_over,Bhayshul Tuten,Over,1.5,525,2026-10-04 17:00:00+00:00,2026-10-04 13:00:00-04:00,2026-10-04,JAX,4.0
208689,2ea94ddf20f66432b9024fe2e2eaba5f,2026-09-29 07:36:51 EDT,2026-10-04,CIN,JAX,CIN@JAX,Caesars,player_tds_over,Tee Higgins,Over,1.5,850,2026-10-04 17:00:00+00:00,2026-10-04 13:00:00-04:00,2026-10-04,CIN,4.0
208690,2ea94ddf20f66432b9024fe2e2eaba5f,2026-09-29 07:36:51 EDT,2026-10-04,CIN,JAX,CIN@JAX,Caesars,player_tds_over,Parker Washington,Over,1.5,900,2026-10-04 17:00:00+00:00,2026-10-04 13:00:00-04:00,2026-10-04,JAX,4.0
208691,2ea94ddf20f66432b9024fe2e2eaba5f,2026-09-29 07:36:51 EDT,2026-10-04,CIN,JAX,CIN@JAX,Caesars,player_tds_over,Jakobi Meyers,Over,1.5,1750,2026-10-04 17:00:00+00:00,2026-10-04 13:00:00-04:00,2026-10-04,JAX,4.0
208692,2ea94ddf20f66432b9024fe2e2eaba5f,2026-09-29 07:36:51 EDT,2026-10-04,CIN,JAX,CIN@JAX,Caesars,player_tds_over,Chris Rodriguez,Over,1.5,2000,2026-10-04 17:00:00+00:00,2026-10-04 13:00:00-04:00,2026-10-04,JAX,4.0
208693,2ea94ddf20f66432b9024fe2e2eaba5f,2026-09-29 07:36:51 EDT,2026-10-04,CIN,JAX,CIN@JAX,Caesars,player_tds_over,Brenton Strange,Over,1.5,2000,2026-10-04 17:00:00+00:00,2026-10-04 13:00:00-04:00,2026-10-04,JAX,4.0
208694,2ea94ddf20f66432b9024fe2e2eaba5f,2026-09-29 07:36:51 EDT,2026-10-04,CIN,JAX,CIN@JAX,Caesars,player_tds_over,Mike Gesicki,Over,1.5,2300,2026-10-04 17:00:00+00:00,2026-10-04 13:00:00-04:00,2026-10-04,CIN,4.0
208695,2ea94ddf20f66432b9024fe2e2eaba5f,2026-09-29 07:36:51 EDT,2026-10-04,CIN,JAX,CIN@JAX,Caesars,player_tds_over,Trevor Lawrence,Over,1.5,2500,2026-10-04 17:00:00+00:00,2026-10-04 13:00:00-04:00,2026-10-04,JAX,4.0
208696,2ea94ddf20f66432b9024fe2e2eaba5f,2026-09-29 07:36:51 EDT,2026-10-04,CIN,JAX,CIN@JAX,Caesars,player_tds_over,Brian Thomas,Over,1.5,2700,2026-10-04 17:00:00+00:00,2026-10-04 13:00:00-04:00,2026-10-04,JAX,4.0
208697,2ea94ddf20f66432b9024fe2e2eaba5f,2026-09-29 07:36:51 EDT,2026-10-04,CIN,JAX,CIN@JAX,Caesars,player_tds_over,Samaje Perine,Over,1.5,4000,2026-10-04 17:00:00+00:00,2026-10-04 13:00:00-04:00,2026-10-04,CIN,4.0
208698,2ea94ddf20f66432b9024fe2e2eaba5f,2026-09-29 07:36:51 EDT,2026-10-04,CIN,JAX,CIN@JAX,Caesars,player_tds_over,Dohnte Meyers,Over,1.5,4500,2026-10-04 17:00:00+00:00,2026-10-04 13:00:00-04:00,2026-10-04,CIN,4.0
208699,2ea94ddf20f66432b9024fe2e2eaba5f,2026-09-29 07:36:51 EDT,2026-10-04,CIN,JAX,CIN@JAX,Caesars,player_tds_over,Josh Cameron,Over,1.5,6600,2026-10-04 17:00:00+00:00,2026-10-04 13:00:00-04:00,2026-10-04,JAX,4.0
208700,2ea94ddf20f66432b9024fe2e2eaba5f,2026-09-29 07:36:51 EDT,2026-10-04,CIN,JAX,CIN@JAX,Caesars,player_tds_over,Drew Sample,Over,1.5,8500,2026-10-04 17:00:00+00:00,2026-10-04 13:00:00-04:00,2026-10-04,CIN,4.0
208701,2ea94ddf20f66432b9024fe2e2eaba5f,2026-09-29 07:36:51 EDT,2026-10-04,CIN,JAX,CIN@JAX,Caesars,player_tds_over,Joe Burrow,Over,1.5,10000,2026-10-04 17:00:00+00:00,2026-10-04 13:00:00-04:00,2026-10-04,CIN,4.0
208702,2ea94ddf20f66432b9024fe2e2eaba5f,2026-09-29 07:36:51 EDT,2026-10-04,CIN,JAX,CIN@JAX,Caesars,player_tds_over,Ameer Abdullah,Over,1.5,12500,2026-10-04 17:00:00+00:00,2026-10-04 13:00:00-04:00,2026-10-04,JAX,4.0
208703,2ea94ddf20f66432b9024fe2e2eaba5f,2026-09-29 07:36:51 EDT,2026-10-04,CIN,JAX,CIN@JAX,Caesars,player_tds_over,Erick All,Over,1.5,12500,2026-10-04 17:00:00+00:00,2026-10-04 13:00:00-04:00,2026-10-04,,4.0
208704,2ea94ddf20f66432b9024fe2e2eaba5f,2026-09-29 07:36:51 EDT,2026-10-04,CIN,JAX,CIN@JAX,Caesars,player_tds_over,Nate Boerkircher,Over,1.5,15000,2026-10-04 17:00:00+00:00,2026-10-04 13:00:00-04:00,2026-10-04,JAX,4.0
208705,2ea94ddf20f66432b9024fe2e2eaba5f,2026-09-29 07:36:51 EDT,2026-10-04,CIN,JAX,CIN@JAX,Caesars,player_tds_over,Colbie Young,Over,1.5,17500,2026-10-04 17:00:00+00:00,2026-10-04 13:00:00-04:00,2026-10-04,CIN,4.0
208706,2ea94ddf20f66432b9024fe2e2eaba5f,2026-09-29 07:36:51 EDT,2026-10-04,CIN,JAX,CIN@JAX,Caesars,player_tds_over,LeQuint Allen,Over,1.5,17500,2026-10-04 17:00:00+00:00,2026-10-04 13:00:00-04:00,2026-10-04,JAX,4.0
208707,2ea94ddf20f66432b9024fe2e2eaba5f,2026-09-29 07:36:51 EDT,2026-10-04,CIN,JAX,CIN@JAX,Caesars,player_tds_over,Travis Hunter,Over,1.5,22500,2026-10-04 17:00:00+00:00,2026-10-04 13:00:00-04:00,2026-10-04,JAX,4.0
208708,2ea94ddf20f66432b9024fe2e2eaba5f,2026-09-29 07:36:51 EDT,2026-10-04,CIN,JAX,CIN@JAX,Caesars,player_tds_over,Ke'Shawn Williams,Over,1.5,22500,2026-10-04 17:00:00+00:00,2026-10-04 13:00:00-04:00,2026-10-04,CIN,4.0
208709,2ea94ddf20f66432b9024fe2e2eaba5f,2026-09-29 07:36:51 EDT,2026-10-04,CIN,JAX,CIN@JAX,Caesars,player_tds_over,Chase Brown,Over,2.5,1300,2026-10-04 17:00:00+00:00,2026-10-04 13:00:00-04:00,2026-10-04,CIN,4.0
208710,2ea94ddf20f66432b9024fe2e2eaba5f,2026-09-29 07:36:51 EDT,2026-10-04,CIN,JAX,CIN@JAX,Caesars,player_tds_over,Ja'Marr Chase,Over,2.5,2500,2026-10-04 17:00:00+00:00,2026-10-04 13:00:00-04:00,2026-10-04,CIN,4.0
208711,2ea94ddf20f66432b9024fe2e2eaba5f,2026-09-29 07:36:51 EDT,2026-10-04,CIN,JAX,CIN@JAX,Caesars,player_tds_over,Bhayshul Tuten,Over,2.5,2900,2026-10-04 17:00:00+00:00,2026-10-04 13:00:00-04:00,2026-10-04,JAX,4.0
208712,2ea94ddf20f66432b9024fe2e2eaba5f,2026-09-29 07:36:51 EDT,2026-10-04,CIN,JAX,CIN@JAX,Caesars,player_tds_over,Tee Higgins,Over,2.5,6500,2026-10-04 17:00:00+00:00,2026-10-04 13:00:00-04:00,2026-10-04,CIN,4.0
208713,2ea94ddf20f66432b9024fe2e2eaba5f,2026-09-29 07:36:51 EDT,2026-10-04,CIN,JAX,CIN@JAX,Caesars,player_tds_over,Parker Washington,Over,2.5,7500,2026-10-04 17:00:00+00:00,2026-10-04 13:00:00-04:00,2026-10-04,JAX,4.0
208714,2ea94ddf20f66432b9024fe2e2eaba5f,2026-09-29 07:36:51 EDT,2026-10-04,CIN,JAX,CIN@JAX,Caesars,player_tds_over,Jakobi Meyers,Over,2.5,20000,2026-10-04 17:00:00+00:00,2026-10-04 13:00:00-04:00,2026-10-04,JAX,4.0
208715,2ea94ddf20f66432b9024fe2e2eaba5f,2026-09-29 07:36:51 EDT,2026-10-04,CIN,JAX,CIN@JAX,Caesars,player_tds_over,Bhayshul Tuten,Over,3.5,17500,2026-10-04 17:00:00+00:00,2026-10-04 13:00:00-04:00,2026-10-04,JAX,4.0
208716,2ea94ddf20f66432b9024fe2e2eaba5f,2026-09-29 07:36:51 EDT,2026-10-04,CIN,JAX,CIN@JAX,Caesars,player_tds_over,Ja'Marr Chase,Over,3.5,15000,2026-10-04 17:00:00+00:00,2026-10-04 13:00:00-04:00,2026-10-04,CIN,4.0
208717,2ea94ddf20f66432b9024fe2e2eaba5f,2026-09-29 07:36:51 EDT,2026-10-04,CIN,JAX,CIN@JAX,Caesars,player_tds_over,Chase Brown,Over,3.5,6600,2026-10-04 17:00:00+00:00,2026-10-04 13:00:00-04:00,2026-10-04,CIN,4.0
208718,2ea94ddf20f66432b9024fe2e2eaba5f,2026-09-29 07:36:51 EDT,2026-10-04,CIN,JAX,CIN@JAX,FanDuel,player_tds_over,Chase Brown,Over,2.5,1900,2026-10-04 17:00:00+00:00,2026-10-04 13:00:00-04:00,2026-10-04,CIN,4.0
208719,2ea94ddf20f66432b9024fe2e2eaba5f,2026-09-29 07:36:51 EDT,2026-10-04,CIN,JAX,CIN@JAX,FanDuel,player_tds_over,Ja'Marr Chase,Over,2.5,3500,2026-10-04 17:00:00+00:00,2026-10-04 13:00:00-04:00,2026-10-04,CIN,4.0
208720,2ea94ddf20f66432b9024fe2e2eaba5f,2026-09-29 07:36:51 EDT,2026-10-04,CIN,JAX,CIN@JAX,FanDuel,player_tds_over,Bhayshul Tuten,Over,2.5,3500,2026-10-04 17:00:00+00:00,2026-10-04 13:00:00-04:00,2026-10-04,JAX,4.0
208721,2ea94ddf20f66432b9024fe2e2eaba5f,2026-09-29 07:36:51 EDT,2026-10-04,CIN,JAX,CIN@JAX,FanDuel,player_tds_over,Parker Washington,Over,2.5,8000,2026-10-04 17:00:00+00:00,2026-10-04 13:00:00-04:00,2026-10-04,JAX,4.0
208722,2ea94ddf20f66432b9024fe2e2eaba5f,2026-09-29 07:36:51 EDT,2026-10-04,CIN,JAX,CIN@JAX,FanDuel,player_tds_over,Tee Higgins,Over,2.5,8000,2026-10-04 17:00:00+00:00,2026-10-04 13:00:00-04:00,2026-10-04,CIN,4.0
208723,2ea94ddf20f66432b9024fe2e2eaba5f,2026-09-29 07:36:51 EDT,2026-10-04,CIN,JAX,CIN@JAX,FanDuel,player_tds_over,Chase Brown,Over,1.5,380,2026-10-04 17:00:00+00:00,2026-10-04 13:00:00-04:00,2026-10-04,CIN,4.0
208724,2ea94ddf20f66432b9024fe2e2eaba5f,2026-09-29 07:36:51 EDT,2026-10-04,CIN,JAX,CIN@JAX,FanDuel,player_tds_over,Bhayshul Tuten,Over,1.5,650,2026-10-04 17:00:00+00:00,2026-10-04 13:00:00-04:00,2026-10-04,JAX,4.0
208725,2ea94ddf20f66432b9024fe2e2eaba5f,2026-09-29 07:36:51 EDT,2026-10-04,CIN,JAX,CIN@JAX,FanDuel,player_tds_over,Ja'Marr Chase,Over,1.5,650,2026-10-04 17:00:00+00:00,2026-10-04 13:00:00-04:00,2026-10-04,CIN,4.0
208726,2ea94ddf20f66432b9024fe2e2eaba5f,2026-09-29 07:36:51 EDT,2026-10-04,CIN,JAX,CIN@JAX,FanDuel,player_tds_over,Tee Higgins,Over,1.5,1100,2026-10-04 17:00:00+00:00,2026-10-04 13:00:00-04:00,2026-10-04,CIN,4.0
208727,2ea94ddf20f66432b9024fe2e2eaba5f,2026-09-29 07:36:51 EDT,2026-10-04,CIN,JAX,CIN@JAX,FanDuel,player_tds_over,Parker Washington,Over,1.5,1200,2026-10-04 17:00:00+00:00,2026-10-04 13:00:00-04:00,2026-10-04,JAX,4.0
208728,2ea94ddf20f66432b9024fe2e2eaba5f,2026-09-29 07:36:51 EDT,2026-10-04,CIN,JAX,CIN@JAX,FanDuel,player_tds_over,Jakobi Meyers,Over,1.5,2500,2026-10-04 17:00:00+00:00,2026-10-04 13:00:00-04:00,2026-10-04,JAX,4.0
208729,2ea94ddf20f66432b9024fe2e2eaba5f,2026-09-29 07:36:51 EDT,2026-10-04,CIN,JAX,CIN@JAX,FanDuel,player_tds_over,Chris Rodriguez,Over,1.5,2500,2026-10-04 17:00:00+00:00,2026-10-04 13:00:00-04:00,2026-10-04,JAX,4.0
208730,2ea94ddf20f66432b9024fe2e2eaba5f,2026-09-29 07:36:51 EDT,2026-10-04,CIN,JAX,CIN@JAX,FanDuel,player_tds_over,Brenton Strange,Over,1.5,2700,2026-10-04 17:00:00+00:00,2026-10-04 13:00:00-04:00,2026-10-04,JAX,4.0
208731,2ea94ddf20f66432b9024fe2e2eaba5f,2026-09-29 07:36:51 EDT,2026-10-04,CIN,JAX,CIN@JAX,FanDuel,player_tds_over,Mike Gesicki,Over,1.5,3000,2026-10-04 17:00:00+00:00,2026-10-04 13:00:00-04:00,2026-10-04,CIN,4.0
208732,2ea94ddf20f66432b9024fe2e2eaba5f,2026-09-29 07:36:51 EDT,2026-10-04,CIN,JAX,CIN@JAX,FanDuel,player_tds_over,Trevor Lawrence,Over,1.5,3300,2026-10-04 17:00:00+00:00,2026-10-04 13:00:00-04:00,2026-10-04,JAX,4.0
208733,2ea94ddf20f66432b9024fe2e2eaba5f,2026-09-29 07:36:51 EDT,2026-10-04,CIN,JAX,CIN@JAX,FanDuel,player_tds_over,Brian Thomas,Over,1.5,4000,2026-10-04 17:00:00+00:00,2026-10-04 13:00:00-04:00,2026-10-04,JAX,4.0
208734,2ea94ddf20f66432b9024fe2e2eaba5f,2026-09-29 07:36:51 EDT,2026-10-04,CIN,JAX,CIN@JAX,FanDuel,player_tds_over,Samaje Perine,Over,1.5,5500,2026-10-04 17:00:00+00:00,2026-10-04 13:00:00-04:00,2026-10-04,CIN,4.0
208736,2ea94ddf20f66432b9024fe2e2eaba5f,2026-09-29 07:36:51 EDT,2026-10-04,CIN,JAX,CIN@JAX,FanDuel,player_tds_over,Dohnte Meyers,Over,1.5,7500,2026-10-04 17:00:00+00:00,2026-10-04 13:00:00-04:00,2026-10-04,CIN,4.0
208737,2ea94ddf20f66432b9024fe2e2eaba5f,2026-09-29 07:36:51 EDT,2026-10-04,CIN,JAX,CIN@JAX,FanDuel,player_tds_over,Drew Sample,Over,1.5,10000,2026-10-04 17:00:00+00:00,2026-10-04 13:00:00-04:00,2026-10-04,CIN,4.0
208739,2ea94ddf20f66432b9024fe2e2eaba5f,2026-09-29 07:36:51 EDT,2026-10-04,CIN,JAX,CIN@JAX,FanDuel,player_tds_over,Josh Cameron,Over,1.5,10000,2026-10-04 17:00:00+00:00,2026-10-04 13:00:00-04:00,2026-10-04,JAX,4.0
208740,2ea94ddf20f66432b9024fe2e2eaba5f,2026-09-29 07:36:51 EDT,2026-10-04,CIN,JAX,CIN@JAX,FanDuel,player_tds_over,Joe Burrow,Over,1.5,12500,2026-10-04 17:00:00+00:00,2026-10-04 13:00:00-04:00,2026-10-04,CIN,4.0
208741,2ea94ddf20f66432b9024fe2e2eaba5f,2026-09-29 07:36:51 EDT,2026-10-04,CIN,JAX,CIN@JAX,FanDuel,player_tds_over,Ameer Abdullah,Over,1.5,15000,2026-10-04 17:00:00+00:00,2026-10-04 13:00:00-04:00,2026-10-04,JAX,4.0
208742,2ea94ddf20f66432b9024fe2e2eaba5f,2026-09-29 07:36:51 EDT,2026-10-04,CIN,JAX,CIN@JAX,FanDuel,player_tds_over,Erick All,Over,1.5,17500,2026-10-04 17:00:00+00:00,2026-10-04 13:00:00-04:00,2026-10-04,,4.0
208743,2ea94ddf20f66432b9024fe2e2eaba5f,2026-09-29 07:36:51 EDT,2026-10-04,CIN,JAX,CIN@JAX,BetOnline.ag,player_tds_over,Chase Brown,Over,1.5,250,2026-10-04 17:00:00+00:00,2026-10-04 13:00:00-04:00,2026-10-04,CIN,4.0
208744,2ea94ddf20f66432b9024fe2e2eaba5f,2026-09-29 07:36:51 EDT,2026-10-04,CIN,JAX,CIN@JAX,BetOnline.ag,player_tds_over,Chase Brown,Over,0.5,-200,2026-10-04 17:00:00+00:00,2026-10-04 13:00:00-04:00,2026-10-04,CIN,4.0
208745,2ea94ddf20f66432b9024fe2e2eaba5f,2026-09-29 07:36:51 EDT,2026-10-04,CIN,JAX,CIN@JAX,BetOnline.ag,player_tds_over,Chase Brown,Over,2.5,1400,2026-10-04 17:00:00+00:00,2026-10-04 13:00:00-04:00,2026-10-04,CIN,4.0
208746,2ea94ddf20f66432b9024fe2e2eaba5f,2026-09-29 07:36:51 EDT,2026-10-04,CIN,JAX,CIN@JAX,BetOnline.ag,player_tds_over,Ja'Marr Chase,Over,0.5,-143,2026-10-04 17:00:00+00:00,2026-10-04 13:00:00-04:00,2026-10-04,CIN,4.0
208747,2ea94ddf20f66432b9024fe2e2eaba5f,2026-09-29 07:36:51 EDT,2026-10-04,CIN,JAX,CIN@JAX,BetOnline.ag,player_tds_over,Ja'Marr Chase,Over,1.5,350,2026-10-04 17:00:00+00:00,2026-10-04 13:00:00-04:00,2026-10-04,CIN,4.0
208748,2ea94ddf20f66432b9024fe2e2eaba5f,2026-09-29 07:36:51 EDT,2026-10-04,CIN,JAX,CIN@JAX,BetOnline.ag,player_tds_over,Ja'Marr Chase,Over,2.5,1900,2026-10-04 17:00:00+00:00,2026-10-04 13:00:00-04:00,2026-10-04,CIN,4.0
208749,2ea94ddf20f66432b9024fe2e2eaba5f,2026-09-29 07:36:51 EDT,2026-10-04,CIN,JAX,CIN@JAX,BetOnline.ag,player_tds_over,Trevor Lawrence,Over,2.5,11000,2026-10-04 17:00:00+00:00,2026-10-04 13:00:00-04:00,2026-10-04,JAX,4.0
208750,2ea94ddf20f66432b9024fe2e2eaba5f,2026-09-29 07:36:51 EDT,2026-10-04,CIN,JAX,CIN@JAX,BetOnline.ag,player_tds_over,Trevor Lawrence,Over,1.5,2300,2026-10-04 17:00:00+00:00,2026-10-04 13:00:00-04:00,2026-10-04,JAX,4.0
208751,2ea94ddf20f66432b9024fe2e2eaba5f,2026-09-29 07:36:51 EDT,2026-10-04,CIN,JAX,CIN@JAX,BetOnline.ag,player_tds_over,Trevor Lawrence,Over,0.5,290,2026-10-04 17:00:00+00:00,2026-10-04 13:00:00-04:00,2026-10-04,JAX,4.0
208752,2ea94ddf20f66432b9024fe2e2eaba5f,2026-09-29 07:36:51 EDT,2026-10-04,CIN,JAX,CIN@JAX,BetOnline.ag,player_tds_over,Parker Washington,Over,1.5,700,2026-10-04 17:00:00+00:00,2026-10-04 13:00:00-04:00,2026-10-04,JAX,4.0
208753,2ea94ddf20f66432b9024fe2e2eaba5f,2026-09-29 07:36:51 EDT,2026-10-04,CIN,JAX,CIN@JAX,BetOnline.ag,player_tds_over,Parker Washington,Over,0.5,140,2026-10-04 17:00:00+00:00,2026-10-04 13:00:00-04:00,2026-10-04,JAX,4.0
208754,2ea94ddf20f66432b9024fe2e2eaba5f,2026-09-29 07:36:51 EDT,2026-10-04,CIN,JAX,CIN@JAX,BetOnline.ag,player_tds_over,Parker Washington,Over,2.5,5400,2026-10-04 17:00:00+00:00,2026-10-04 13:00:00-04:00,2026-10-04,JAX,4.0
208755,2ea94ddf20f66432b9024fe2e2eaba5f,2026-09-29 07:36:51 EDT,2026-10-04,CIN,JAX,CIN@JAX,BetOnline.ag,player_tds_over,Drew Sample,Over,0.5,700,2026-10-04 17:00:00+00:00,2026-10-04 13:00:00-04:00,2026-10-04,CIN,4.0
208756,2ea94ddf20f66432b9024fe2e2eaba5f,2026-09-29 07:36:51 EDT,2026-10-04,CIN,JAX,CIN@JAX,BetOnline.ag,player_tds_over,Drew Sample,Over,2.5,20000,2026-10-04 17:00:00+00:00,2026-10-04 13:00:00-04:00,2026-10-04,CIN,4.0
208757,2ea94ddf20f66432b9024fe2e2eaba5f,2026-09-29 07:36:51 EDT,2026-10-04,CIN,JAX,CIN@JAX,BetOnline.ag,player_tds_over,Drew Sample,Over,1.5,5900,2026-10-04 17:00:00+00:00,2026-10-04 13:00:00-04:00,2026-10-04,CIN,4.0
208758,2ea94ddf20f66432b9024fe2e2eaba5f,2026-09-29 07:36:51 EDT,2026-10-04,CIN,JAX,CIN@JAX,BetOnline.ag,player_tds_over,Samaje Perine,Over,0.5,400,2026-10-04 17:00:00+00:00,2026-10-04 13:00:00-04:00,2026-10-04,CIN,4.0
208759,2ea94ddf20f66432b9024fe2e2eaba5f,2026-09-29 07:36:51 EDT,2026-10-04,CIN,JAX,CIN@JAX,BetOnline.ag,player_tds_over,Samaje Perine,Over,1.5,3400,2026-10-04 17:00:00+00:00,2026-10-04 13:00:00-04:00,2026-10-04,CIN,4.0
208760,2ea94ddf20f66432b9024fe2e2eaba5f,2026-09-29 07:36:51 EDT,2026-10-04,CIN,JAX,CIN@JAX,BetOnline.ag,player_tds_over,Samaje Perine,Over,2.5,15000,2026-10-04 17:00:00+00:00,2026-10-04 13:00:00-04:00,2026-10-04,CIN,4.0
208761,2ea94ddf20f66432b9024fe2e2eaba5f,2026-09-29 07:36:51 EDT,2026-10-04,CIN,JAX,CIN@JAX,BetOnline.ag,player_tds_over,Tee Higgins,Over,1.5,550,2026-10-04 17:00:00+00:00,2026-10-04 13:00:00-04:00,2026-10-04,CIN,4.0
208762,2ea94ddf20f66432b9024fe2e2eaba5f,2026-09-29 07:36:51 EDT,2026-10-04,CIN,JAX,CIN@JAX,BetOnline.ag,player_tds_over,Tee Higgins,Over,0.5,110,2026-10-04 17:00:00+00:00,2026-10-04 13:00:00-04:00,2026-10-04,CIN,4.0
208763,2ea94ddf20f66432b9024fe2e2eaba5f,2026-09-29 07:36:51 EDT,2026-10-04,CIN,JAX,CIN@JAX,BetOnline.ag,player_tds_over,Tee Higgins,Over,2.5,2900,2026-10-04 17:00:00+00:00,2026-10-04 13:00:00-04:00,2026-10-04,CIN,4.0
208764,2ea94ddf20f66432b9024fe2e2eaba5f,2026-09-29 07:36:51 EDT,2026-10-04,CIN,JAX,CIN@JAX,BetOnline.ag,player_tds_over,Joe Burrow,Over,0.5,500,2026-10-04 17:00:00+00:00,2026-10-04 13:00:00-04:00,2026-10-04,CIN,4.0
208765,2ea94ddf20f66432b9024fe2e2eaba5f,2026-09-29 07:36:51 EDT,2026-10-04,CIN,JAX,CIN@JAX,BetOnline.ag,player_tds_over,Joe Burrow,Over,2.5,20000,2026-10-04 17:00:00+00:00,2026-10-04 13:00:00-04:00,2026-10-04,CIN,4.0
208766,2ea94ddf20f66432b9024fe2e2eaba5f,2026-09-29 07:36:51 EDT,2026-10-04,CIN,JAX,CIN@JAX,BetOnline.ag,player_tds_over,Joe Burrow,Over,1.5,3900,2026-10-04 17:00:00+00:00,2026-10-04 13:00:00-04:00,2026-10-04,CIN,4.0
208767,2ea94ddf20f66432b9024fe2e2eaba5f,2026-09-29 07:36:51 EDT,2026-10-04,CIN,JAX,CIN@JAX,BetOnline.ag,player_tds_over,LeQuint Allen,Over,2.5,25000,2026-10-04 17:00:00+00:00,2026-10-04 13:00:00-04:00,2026-10-04,JAX,4.0
208768,2ea94ddf20f66432b9024fe2e2eaba5f,2026-09-29 07:36:51 EDT,2026-10-04,CIN,JAX,CIN@JAX,BetOnline.ag,player_tds_over,LeQuint Allen,Over,1.5,8900,2026-10-04 17:00:00+00:00,2026-10-04 13:00:00-04:00,2026-10-04,JAX,4.0
208769,2ea94ddf20f66432b9024fe2e2eaba5f,2026-09-29 07:36:51 EDT,2026-10-04,CIN,JAX,CIN@JAX,BetOnline.ag,player_tds_over,LeQuint Allen,Over,0.5,1100,2026-10-04 17:00:00+00:00,2026-10-04 13:00:00-04:00,2026-10-04,JAX,4.0
208770,2ea94ddf20f66432b9024fe2e2eaba5f,2026-09-29 07:36:51 EDT,2026-10-04,CIN,JAX,CIN@JAX,BetOnline.ag,player_tds_over,Travis Hunter,Over,0.5,1100,2026-10-04 17:00:00+00:00,2026-10-04 13:00:00-04:00,2026-10-04,JAX,4.0
208771,2ea94ddf20f66432b9024fe2e2eaba5f,2026-09-29 07:36:51 EDT,2026-10-04,CIN,JAX,CIN@JAX,BetOnline.ag,player_tds_over,Travis Hunter,Over,1.5,8900,2026-10-04 17:00:00+00:00,2026-10-04 13:00:00-04:00,2026-10-04,JAX,4.0
208772,2ea94ddf20f66432b9024fe2e2eaba5f,2026-09-29 07:36:51 EDT,2026-10-04,CIN,JAX,CIN@JAX,BetOnline.ag,player_tds_over,Travis Hunter,Over,2.5,25000,2026-10-04 17:00:00+00:00,2026-10-04 13:00:00-04:00,2026-10-04,JAX,4.0
208773,2ea94ddf20f66432b9024fe2e2eaba5f,2026-09-29 07:36:51 EDT,2026-10-04,CIN,JAX,CIN@JAX,BetOnline.ag,player_tds_over,Quintin Morris,Over,2.5,30000,2026-10-04 17:00:00+00:00,2026-10-04 13:00:00-04:00,2026-10-04,JAX,4.0
208774,2ea94ddf20f66432b9024fe2e2eaba5f,2026-09-29 07:36:51 EDT,2026-10-04,CIN,JAX,CIN@JAX,BetOnline.ag,player_tds_over,Quintin Morris,Over,0.5,1400,2026-10-04 17:00:00+00:00,2026-10-04 13:00:00-04:00,2026-10-04,JAX,4.0
208775,2ea94ddf20f66432b9024fe2e2eaba5f,2026-09-29 07:36:51 EDT,2026-10-04,CIN,JAX,CIN@JAX,BetOnline.ag,player_tds_over,Quintin Morris,Over,1.5,10000,2026-10-04 17:00:00+00:00,2026-10-04 13:00:00-04:00,2026-10-04,JAX,4.0
208776,2ea94ddf20f66432b9024fe2e2eaba5f,2026-09-29 07:36:51 EDT,2026-10-04,CIN,JAX,CIN@JAX,BetOnline.ag,player_tds_over,Erick All,Over,1.5,6900,2026-10-04 17:00:00+00:00,2026-10-04 13:00:00-04:00,2026-10-04,,4.0
208777,2ea94ddf20f66432b9024fe2e2eaba5f,2026-09-29 07:36:51 EDT,2026-10-04,CIN,JAX,CIN@JAX,BetOnline.ag,player_tds_over,Erick All,Over,0.5,800,2026-10-04 17:00:00+00:00,2026-10-04 13:00:00-04:00,2026-10-04,,4.0
208778,2ea94ddf20f66432b9024fe2e2eaba5f,2026-09-29 07:36:51 EDT,2026-10-04,CIN,JAX,CIN@JAX,BetOnline.ag,player_tds_over,Erick All,Over,2.5,20000,2026-10-04 17:00:00+00:00,2026-10-04 13:00:00-04:00,2026-10-04,,4.0
208779,2ea94ddf20f66432b9024fe2e2eaba5f,2026-09-29 07:36:51 EDT,2026-10-04,CIN,JAX,CIN@JAX,BetOnline.ag,player_tds_over,Mike Gesicki,Over,0.5,260,2026-10-04 17:00:00+00:00,2026-10-04 13:00:00-04:00,2026-10-04,CIN,4.0
208780,2ea94ddf20f66432b9024fe2e2eaba5f,2026-09-29 07:36:51 EDT,2026-10-04,CIN,JAX,CIN@JAX,BetOnline.ag,player_tds_over,Mike Gesicki,Over,2.5,10000,2026-10-04 17:00:00+00:00,2026-10-04 13:00:00-04:00,2026-10-04,CIN,4.0
208781,2ea94ddf20f66432b9024fe2e2eaba5f,2026-09-29 07:36:51 EDT,2026-10-04,CIN,JAX,CIN@JAX,BetOnline.ag,player_tds_over,Mike Gesicki,Over,1.5,1800,2026-10-04 17:00:00+00:00,2026-10-04 13:00:00-04:00,2026-10-04,CIN,4.0
208782,2ea94ddf20f66432b9024fe2e2eaba5f,2026-09-29 07:36:51 EDT,2026-10-04,CIN,JAX,CIN@JAX,BetOnline.ag,player_tds_over,Brenton Strange,Over,2.5,10000,2026-10-04 17:00:00+00:00,2026-10-04 13:00:00-04:00,2026-10-04,JAX,4.0
208783,2ea94ddf20f66432b9024fe2e2eaba5f,2026-09-29 07:36:51 EDT,2026-10-04,CIN,JAX,CIN@JAX,BetOnline.ag,player_tds_over,Brenton Strange,Over,0.5,250,2026-10-04 17:00:00+00:00,2026-10-04 13:00:00-04:00,2026-10-04,JAX,4.0
208784,2ea94ddf20f66432b9024fe2e2eaba5f,2026-09-29 07:36:51 EDT,2026-10-04,CIN,JAX,CIN@JAX,BetOnline.ag,player_tds_over,Brenton Strange,Over,1.5,1700,2026-10-04 17:00:00+00:00,2026-10-04 13:00:00-04:00,2026-10-04,JAX,4.0
208785,2ea94ddf20f66432b9024fe2e2eaba5f,2026-09-29 07:36:51 EDT,2026-10-04,CIN,JAX,CIN@JAX,BetOnline.ag,player_tds_over,Brian Thomas,Over,0.5,290,2026-10-04 17:00:00+00:00,2026-10-04 13:00:00-04:00,2026-10-04,JAX,4.0
208786,2ea94ddf20f66432b9024fe2e2eaba5f,2026-09-29 07:36:51 EDT,2026-10-04,CIN,JAX,CIN@JAX,BetOnline.ag,player_tds_over,Brian Thomas,Over,1.5,2300,2026-10-04 17:00:00+00:00,2026-10-04 13:00:00-04:00,2026-10-04,JAX,4.0
208787,2ea94ddf20f66432b9024fe2e2eaba5f,2026-09-29 07:36:51 EDT,2026-10-04,CIN,JAX,CIN@JAX,BetOnline.ag,player_tds_over,Brian Thomas,Over,2.5,11000,2026-10-04 17:00:00+00:00,2026-10-04 13:00:00-04:00,2026-10-04,JAX,4.0
208788,2ea94ddf20f66432b9024fe2e2eaba5f,2026-09-29 07:36:51 EDT,2026-10-04,CIN,JAX,CIN@JAX,BetOnline.ag,player_tds_over,Tahj Brooks,Over,0.5,1900,2026-10-04 17:00:00+00:00,2026-10-04 13:00:00-04:00,2026-10-04,CIN,4.0
208789,2ea94ddf20f66432b9024fe2e2eaba5f,2026-09-29 07:36:51 EDT,2026-10-04,CIN,JAX,CIN@JAX,BetOnline.ag,player_tds_over,Tahj Brooks,Over,2.5,30000,2026-10-04 17:00:00+00:00,2026-10-04 13:00:00-04:00,2026-10-04,CIN,4.0
208790,2ea94ddf20f66432b9024fe2e2eaba5f,2026-09-29 07:36:51 EDT,2026-10-04,CIN,JAX,CIN@JAX,BetOnline.ag,player_tds_over,Tahj Brooks,Over,1.5,12000,2026-10-04 17:00:00+00:00,2026-10-04 13:00:00-04:00,2026-10-04,CIN,4.0
208791,2ea94ddf20f66432b9024fe2e2eaba5f,2026-09-29 07:36:51 EDT,2026-10-04,CIN,JAX,CIN@JAX,BetOnline.ag,player_tds_over,Bhayshul Tuten,Over,2.5,2400,2026-10-04 17:00:00+00:00,2026-10-04 13:00:00-04:00,2026-10-04,JAX,4.0
208792,2ea94ddf20f66432b9024fe2e2eaba5f,2026-09-29 07:36:51 EDT,2026-10-04,CIN,JAX,CIN@JAX,BetOnline.ag,player_tds_over,Bhayshul Tuten,Over,0.5,-111,2026-10-04 17:00:00+00:00,2026-10-04 13:00:00-04:00,2026-10-04,JAX,4.0
208793,2ea94ddf20f66432b9024fe2e2eaba5f,2026-09-29 07:36:51 EDT,2026-10-04,CIN,JAX,CIN@JAX,BetOnline.ag,player_tds_over,Bhayshul Tuten,Over,1.5,450,2026-10-04 17:00:00+00:00,2026-10-04 13:00:00-04:00,2026-10-04,JAX,4.0
208794,2ea94ddf20f66432b9024fe2e2eaba5f,2026-09-29 07:36:51 EDT,2026-10-04,CIN,JAX,CIN@JAX,BetOnline.ag,player_tds_over,Jakobi Meyers,Over,0.5,180,2026-10-04 17:00:00+00:00,2026-10-04 13:00:00-04:00,2026-10-04,JAX,4.0
208795,2ea94ddf20f66432b9024fe2e2eaba5f,2026-09-29 07:36:51 EDT,2026-10-04,CIN,JAX,CIN@JAX,BetOnline.ag,player_tds_over,Jakobi Meyers,Over,1.5,1000,2026-10-04 17:00:00+00:00,2026-10-04 13:00:00-04:00,2026-10-04,JAX,4.0
208796,2ea94ddf20f66432b9024fe2e2eaba5f,2026-09-29 07:36:51 EDT,2026-10-04,CIN,JAX,CIN@JAX,BetOnline.ag,player_tds_over,Jakobi Meyers,Over,2.5,7400,2026-10-04 17:00:00+00:00,2026-10-04 13:00:00-04:00,2026-10-04,JAX,4.0
208797,2ea94ddf20f66432b9024fe2e2eaba5f,2026-09-29 07:36:51 EDT,2026-10-04,CIN,JAX,CIN@JAX,BetOnline.ag,player_tds_over,CJ Williams,Over,1.5,8900,2026-10-04 17:00:00+00:00,2026-10-04 13:00:00-04:00,2026-10-04,JAX,4.0
208798,2ea94ddf20f66432b9024fe2e2eaba5f,2026-09-29 07:36:51 EDT,2026-10-04,CIN,JAX,CIN@JAX,BetOnline.ag,player_tds_over,CJ Williams,Over,0.5,1100,2026-10-04 17:00:00+00:00,2026-10-04 13:00:00-04:00,2026-10-04,JAX,4.0
208799,2ea94ddf20f66432b9024fe2e2eaba5f,2026-09-29 07:36:51 EDT,2026-10-04,CIN,JAX,CIN@JAX,BetOnline.ag,player_tds_over,CJ Williams,Over,2.5,25000,2026-10-04 17:00:00+00:00,2026-10-04 13:00:00-04:00,2026-10-04,JAX,4.0
208800,2ea94ddf20f66432b9024fe2e2eaba5f,2026-09-29 07:36:51 EDT,2026-10-04,CIN,JAX,CIN@JAX,BetOnline.ag,player_tds_over,Chris Rodriguez,Over,2.5,7400,2026-10-04 17:00:00+00:00,2026-10-04 13:00:00-04:00,2026-10-04,JAX,4.0
208801,2ea94ddf20f66432b9024fe2e2eaba5f,2026-09-29 07:36:51 EDT,2026-10-04,CIN,JAX,CIN@JAX,BetOnline.ag,player_tds_over,Chris Rodriguez,Over,0.5,180,2026-10-04 17:00:00+00:00,2026-10-04 13:00:00-04:00,2026-10-04,JAX,4.0
208802,2ea94ddf20f66432b9024fe2e2eaba5f,2026-09-29 07:36:51 EDT,2026-10-04,CIN,JAX,CIN@JAX,BetOnline.ag,player_tds_over,Chris Rodriguez,Over,1.5,1000,2026-10-04 17:00:00+00:00,2026-10-04 13:00:00-04:00,2026-10-04,JAX,4.0
208803,2ea94ddf20f66432b9024fe2e2eaba5f,2026-09-29 07:36:51 EDT,2026-10-04,CIN,JAX,CIN@JAX,BetOnline.ag,player_tds_over,Ke'Shawn Williams,Over,0.5,1400,2026-10-04 17:00:00+00:00,2026-10-04 13:00:00-04:00,2026-10-04,CIN,4.0
208804,2ea94ddf20f66432b9024fe2e2eaba5f,2026-09-29 07:36:51 EDT,2026-10-04,CIN,JAX,CIN@JAX,BetOnline.ag,player_tds_over,Ke'Shawn Williams,Over,1.5,10000,2026-10-04 17:00:00+00:00,2026-10-04 13:00:00-04:00,2026-10-04,CIN,4.0
208805,2ea94ddf20f66432b9024fe2e2eaba5f,2026-09-29 07:36:51 EDT,2026-10-04,CIN,JAX,CIN@JAX,BetOnline.ag,player_tds_over,Ke'Shawn Williams,Over,2.5,30000,2026-10-04 17:00:00+00:00,2026-10-04 13:00:00-04:00,2026-10-04,CIN,4.0
208806,2ea94ddf20f66432b9024fe2e2eaba5f,2026-09-29 07:36:51 EDT,2026-10-04,CIN,JAX,CIN@JAX,BetOnline.ag,player_tds_over,Ameer Abdullah,Over,2.5,20000,2026-10-04 17:00:00+00:00,2026-10-04 13:00:00-04:00,2026-10-04,JAX,4.0
208807,2ea94ddf20f66432b9024fe2e2eaba5f,2026-09-29 07:36:51 EDT,2026-10-04,CIN,JAX,CIN@JAX,BetOnline.ag,player_tds_over,Ameer Abdullah,Over,1.5,7900,2026-10-04 17:00:00+00:00,2026-10-04 13:00:00-04:00,2026-10-04,JAX,4.0
208808,2ea94ddf20f66432b9024fe2e2eaba5f,2026-09-29 07:36:51 EDT,2026-10-04,CIN,JAX,CIN@JAX,BetOnline.ag,player_tds_over,Ameer Abdullah,Over,0.5,900,2026-10-04 17:00:00+00:00,2026-10-04 13:00:00-04:00,2026-10-04,JAX,4.0
208809,2ea94ddf20f66432b9024fe2e2eaba5f,2026-09-29 07:36:51 EDT,2026-10-04,CIN,JAX,CIN@JAX,BetOnline.ag,player_tds_over,Josh Cameron,Over,1.5,3600,2026-10-04 17:00:00+00:00,2026-10-04 13:00:00-04:00,2026-10-04,JAX,4.0
208810,2ea94ddf20f66432b9024fe2e2eaba5f,2026-09-29 07:36:51 EDT,2026-10-04,CIN,JAX,CIN@JAX,BetOnline.ag,player_tds_over,Josh Cameron,Over,0.5,450,2026-10-04 17:00:00+00:00,2026-10-04 13:00:00-04:00,2026-10-04,JAX,4.0
208811,2ea94ddf20f66432b9024fe2e2eaba5f,2026-09-29 07:36:51 EDT,2026-10-04,CIN,JAX,CIN@JAX,BetOnline.ag,player_tds_over,Josh Cameron,Over,2.5,17500,2026-10-04 17:00:00+00:00,2026-10-04 13:00:00-04:00,2026-10-04,JAX,4.0
208812,2ea94ddf20f66432b9024fe2e2eaba5f,2026-09-29 07:36:51 EDT,2026-10-04,CIN,JAX,CIN@JAX,BetOnline.ag,player_tds_over,Nate Boerkircher,Over,1.5,7900,2026-10-04 17:00:00+00:00,2026-10-04 13:00:00-04:00,2026-10-04,JAX,4.0
208813,2ea94ddf20f66432b9024fe2e2eaba5f,2026-09-29 07:36:51 EDT,2026-10-04,CIN,JAX,CIN@JAX,BetOnline.ag,player_tds_over,Nate Boerkircher,Over,0.5,900,2026-10-04 17:00:00+00:00,2026-10-04 13:00:00-04:00,2026-10-04,JAX,4.0
208814,2ea94ddf20f66432b9024fe2e2eaba5f,2026-09-29 07:36:51 EDT,2026-10-04,CIN,JAX,CIN@JAX,BetOnline.ag,player_tds_over,Nate Boerkircher,Over,2.5,20000,2026-10-04 17:00:00+00:00,2026-10-04 13:00:00-04:00,2026-10-04,JAX,4.0
208815,2ea94ddf20f66432b9024fe2e2eaba5f,2026-09-29 07:36:51 EDT,2026-10-04,CIN,JAX,CIN@JAX,BetOnline.ag,player_tds_over,Dohnte Meyers,Over,2.5,17500,2026-10-04 17:00:00+00:00,2026-10-04 13:00:00-04:00,2026-10-04,CIN,4.0
208816,2ea94ddf20f66432b9024fe2e2eaba5f,2026-09-29 07:36:51 EDT,2026-10-04,CIN,JAX,CIN@JAX,BetOnline.ag,player_tds_over,Dohnte Meyers,Over,0.5,450,2026-10-04 17:00:00+00:00,2026-10-04 13:00:00-04:00,2026-10-04,CIN,4.0
208817,2ea94ddf20f66432b9024fe2e2eaba5f,2026-09-29 07:36:51 EDT,2026-10-04,CIN,JAX,CIN@JAX,BetOnline.ag,player_tds_over,Dohnte Meyers,Over,1.5,3600,2026-10-04 17:00:00+00:00,2026-10-04 13:00:00-04:00,2026-10-04,CIN,4.0
208818,2ea94ddf20f66432b9024fe2e2eaba5f,2026-09-29 07:36:51 EDT,2026-10-04,CIN,JAX,CIN@JAX,BetOnline.ag,player_tds_over,Colbie Young,Over,1.5,8400,2026-10-04 17:00:00+00:00,2026-10-04 13:00:00-04:00,2026-10-04,CIN,4.0
208819,2ea94ddf20f66432b9024fe2e2eaba5f,2026-09-29 07:36:51 EDT,2026-10-04,CIN,JAX,CIN@JAX,BetOnline.ag,player_tds_over,Colbie Young,Over,2.5,20000,2026-10-04 17:00:00+00:00,2026-10-04 13:00:00-04:00,2026-10-04,CIN,4.0
208820,2ea94ddf20f66432b9024fe2e2eaba5f,2026-09-29 07:36:51 EDT,2026-10-04,CIN,JAX,CIN@JAX,BetOnline.ag,player_tds_over,Colbie Young,Over,0.5,1000,2026-10-04 17:00:00+00:00,2026-10-04 13:00:00-04:00,2026-10-04,CIN,4.0
208821,2ea94ddf20f66432b9024fe2e2eaba5f,2026-09-29 07:36:51 EDT,2026-10-04,CIN,JAX,CIN@JAX,BetOnline.ag,player_tds_over,Tanner Koziol,Over,1.5,10000,2026-10-04 17:00:00+00:00,2026-10-04 13:00:00-04:00,2026-10-04,JAX,4.0
208822,2ea94ddf20f66432b9024fe2e2eaba5f,2026-09-29 07:36:51 EDT,2026-10-04,CIN,JAX,CIN@JAX,BetOnline.ag,player_tds_over,Tanner Koziol,Over,0.5,1400,2026-10-04 17:00:00+00:00,2026-10-04 13:00:00-04:00,2026-10-04,JAX,4.0
208823,2ea94ddf20f66432b9024fe2e2eaba5f,2026-09-29 07:36:51 EDT,2026-10-04,CIN,JAX,CIN@JAX,BetOnline.ag,player_tds_over,Tanner Koziol,Over,2.5,30000,2026-10-04 17:00:00+00:00,2026-10-04 13:00:00-04:00,2026-10-04,JAX,4.0
208824,2ea94ddf20f66432b9024fe2e2eaba5f,2026-09-29 07:36:51 EDT,2026-10-04,CIN,JAX,CIN@JAX,Bovada,player_tds_over,Jakobi Meyers,Over,1.5,2200,2026-10-04 17:00:00+00:00,2026-10-04 13:00:00-04:00,2026-10-04,JAX,4.0
208825,2ea94ddf20f66432b9024fe2e2eaba5f,2026-09-29 07:36:51 EDT,2026-10-04,CIN,JAX,CIN@JAX,Bovada,player_tds_over,Ja'Marr Chase,Over,1.5,550,2026-10-04 17:00:00+00:00,2026-10-04 13:00:00-04:00,2026-10-04,CIN,4.0
208826,2ea94ddf20f66432b9024fe2e2eaba5f,2026-09-29 07:36:51 EDT,2026-10-04,CIN,JAX,CIN@JAX,Bovada,player_tds_over,Parker Washington,Over,1.5,1100,2026-10-04 17:00:00+00:00,2026-10-04 13:00:00-04:00,2026-10-04,JAX,4.0
208827,2ea94ddf20f66432b9024fe2e2eaba5f,2026-09-29 07:36:51 EDT,2026-10-04,CIN,JAX,CIN@JAX,Bovada,player_tds_over,Chase Brown,Over,1.5,350,2026-10-04 17:00:00+00:00,2026-10-04 13:00:00-04:00,2026-10-04,CIN,4.0
208828,2ea94ddf20f66432b9024fe2e2eaba5f,2026-09-29 07:36:51 EDT,2026-10-04,CIN,JAX,CIN@JAX,Bovada,player_tds_over,Bhayshul Tuten,Over,1.5,600,2026-10-04 17:00:00+00:00,2026-10-04 13:00:00-04:00,2026-10-04,JAX,4.0
208829,2ea94ddf20f66432b9024fe2e2eaba5f,2026-09-29 07:36:51 EDT,2026-10-04,CIN,JAX,CIN@JAX,Bovada,player_tds_over,Tee Higgins,Over,1.5,1000,2026-10-04 17:00:00+00:00,2026-10-04 13:00:00-04:00,2026-10-04,CIN,4.0
208830,2ea94ddf20f66432b9024fe2e2eaba5f,2026-09-29 07:36:51 EDT,2026-10-04,CIN,JAX,CIN@JAX,Bovada,player_tds_over,Mike Gesicki,Over,1.5,3000,2026-10-04 17:00:00+00:00,2026-10-04 13:00:00-04:00,2026-10-04,CIN,4.0
208831,2ea94ddf20f66432b9024fe2e2eaba5f,2026-09-29 07:36:51 EDT,2026-10-04,CIN,JAX,CIN@JAX,Bovada,player_tds_over,Samaje Perine,Over,1.5,5000,2026-10-04 17:00:00+00:00,2026-10-04 13:00:00-04:00,2026-10-04,CIN,4.0
208832,2ea94ddf20f66432b9024fe2e2eaba5f,2026-09-29 07:36:51 EDT,2026-10-04,CIN,JAX,CIN@JAX,Bovada,player_tds_over,Erick All,Over,1.5,10000,2026-10-04 17:00:00+00:00,2026-10-04 13:00:00-04:00,2026-10-04,,4.0
208833,2ea94ddf20f66432b9024fe2e2eaba5f,2026-09-29 07:36:51 EDT,2026-10-04,CIN,JAX,CIN@JAX,Bovada,player_tds_over,Colbie Young,Over,1.5,15000,2026-10-04 17:00:00+00:00,2026-10-04 13:00:00-04:00,2026-10-04,CIN,4.0
208834,2ea94ddf20f66432b9024fe2e2eaba5f,2026-09-29 07:36:51 EDT,2026-10-04,CIN,JAX,CIN@JAX,Bovada,player_tds_over,Dohnte Meyers,Over,1.5,5500,2026-10-04 17:00:00+00:00,2026-10-04 13:00:00-04:00,2026-10-04,CIN,4.0
208835,2ea94ddf20f66432b9024fe2e2eaba5f,2026-09-29 07:36:51 EDT,2026-10-04,CIN,JAX,CIN@JAX,Bovada,player_tds_over,Joe Burrow,Over,1.5,10000,2026-10-04 17:00:00+00:00,2026-10-04 13:00:00-04:00,2026-10-04,CIN,4.0
208836,2ea94ddf20f66432b9024fe2e2eaba5f,2026-09-29 07:36:51 EDT,2026-10-04,CIN,JAX,CIN@JAX,Bovada,player_tds_over,Drew Sample,Over,1.5,10000,2026-10-04 17:00:00+00:00,2026-10-04 13:00:00-04:00,2026-10-04,CIN,4.0
208837,2ea94ddf20f66432b9024fe2e2eaba5f,2026-09-29 07:36:51 EDT,2026-10-04,CIN,JAX,CIN@JAX,Bovada,player_tds_over,Travis Hunter,Over,1.5,15000,2026-10-04 17:00:00+00:00,2026-10-04 13:00:00-04:00,2026-10-04,JAX,4.0
208838,2ea94ddf20f66432b9024fe2e2eaba5f,2026-09-29 07:36:51 EDT,2026-10-04,CIN,JAX,CIN@JAX,Bovada,player_tds_over,Nate Boerkircher,Over,1.5,12500,2026-10-04 17:00:00+00:00,2026-10-04 13:00:00-04:00,2026-10-04,JAX,4.0
208839,2ea94ddf20f66432b9024fe2e2eaba5f,2026-09-29 07:36:51 EDT,2026-10-04,CIN,JAX,CIN@JAX,Bovada,player_tds_over,Brenton Strange,Over,1.5,2200,2026-10-04 17:00:00+00:00,2026-10-04 13:00:00-04:00,2026-10-04,JAX,4.0
208840,2ea94ddf20f66432b9024fe2e2eaba5f,2026-09-29 07:36:51 EDT,2026-10-04,CIN,JAX,CIN@JAX,Bovada,player_tds_over,Chris Rodriguez,Over,1.5,2200,2026-10-04 17:00:00+00:00,2026-10-04 13:00:00-04:00,2026-10-04,JAX,4.0
208841,2ea94ddf20f66432b9024fe2e2eaba5f,2026-09-29 07:36:51 EDT,2026-10-04,CIN,JAX,CIN@JAX,Bovada,player_tds_over,Josh Cameron,Over,1.5,10000,2026-10-04 17:00:00+00:00,2026-10-04 13:00:00-04:00,2026-10-04,JAX,4.0
208842,2ea94ddf20f66432b9024fe2e2eaba5f,2026-09-29 07:36:51 EDT,2026-10-04,CIN,JAX,CIN@JAX,Bovada,player_tds_over,Brian Thomas,Over,1.5,3500,2026-10-04 17:00:00+00:00,2026-10-04 13:00:00-04:00,2026-10-04,JAX,4.0
208843,2ea94ddf20f66432b9024fe2e2eaba5f,2026-09-29 07:36:51 EDT,2026-10-04,CIN,JAX,CIN@JAX,Bovada,player_tds_over,Ameer Abdullah,Over,1.5,10000,2026-10-04 17:00:00+00:00,2026-10-04 13:00:00-04:00,2026-10-04,JAX,4.0
208844,2ea94ddf20f66432b9024fe2e2eaba5f,2026-09-29 07:36:51 EDT,2026-10-04,CIN,JAX,CIN@JAX,Bovada,player_tds_over,Trevor Lawrence,Over,1.5,3000,2026-10-04 17:00:00+00:00,2026-10-04 13:00:00-04:00,2026-10-04,JAX,4.0
208845,2ea94ddf20f66432b9024fe2e2eaba5f,2026-09-29 07:36:51 EDT,2026-10-04,CIN,JAX,CIN@JAX,Fanatics,player_tds_over,Mike Gesicki,Over,1.5,1900,2026-10-04 17:00:00+00:00,2026-10-04 13:00:00-04:00,2026-10-04,CIN,4.0
208846,2ea94ddf20f66432b9024fe2e2eaba5f,2026-09-29 07:36:51 EDT,2026-10-04,CIN,JAX,CIN@JAX,Fanatics,player_tds_over,Samaje Perine,Over,1.5,4000,2026-10-04 17:00:00+00:00,2026-10-04 13:00:00-04:00,2026-10-04,CIN,4.0
208847,2ea94ddf20f66432b9024fe2e2eaba5f,2026-09-29 07:36:51 EDT,2026-10-04,CIN,JAX,CIN@JAX,Fanatics,player_tds_over,Drew Sample,Over,1.5,6000,2026-10-04 17:00:00+00:00,2026-10-04 13:00:00-04:00,2026-10-04,CIN,4.0
208848,2ea94ddf20f66432b9024fe2e2eaba5f,2026-09-29 07:36:51 EDT,2026-10-04,CIN,JAX,CIN@JAX,Fanatics,player_tds_over,Tee Higgins,Over,1.5,950,2026-10-04 17:00:00+00:00,2026-10-04 13:00:00-04:00,2026-10-04,CIN,4.0
208849,2ea94ddf20f66432b9024fe2e2eaba5f,2026-09-29 07:36:51 EDT,2026-10-04,CIN,JAX,CIN@JAX,Fanatics,player_tds_over,Chase Brown,Over,1.5,290,2026-10-04 17:00:00+00:00,2026-10-04 13:00:00-04:00,2026-10-04,CIN,4.0
208850,2ea94ddf20f66432b9024fe2e2eaba5f,2026-09-29 07:36:51 EDT,2026-10-04,CIN,JAX,CIN@JAX,Fanatics,player_tds_over,Erick All,Over,1.5,10000,2026-10-04 17:00:00+00:00,2026-10-04 13:00:00-04:00,2026-10-04,,4.0
208851,2ea94ddf20f66432b9024fe2e2eaba5f,2026-09-29 07:36:51 EDT,2026-10-04,CIN,JAX,CIN@JAX,Fanatics,player_tds_over,Tahj Brooks,Over,1.5,20000,2026-10-04 17:00:00+00:00,2026-10-04 13:00:00-04:00,2026-10-04,CIN,4.0
208852,2ea94ddf20f66432b9024fe2e2eaba5f,2026-09-29 07:36:51 EDT,2026-10-04,CIN,JAX,CIN@JAX,Fanatics,player_tds_over,Dohnte Meyers,Over,1.5,3500,2026-10-04 17:00:00+00:00,2026-10-04 13:00:00-04:00,2026-10-04,CIN,4.0
208853,2ea94ddf20f66432b9024fe2e2eaba5f,2026-09-29 07:36:51 EDT,2026-10-04,CIN,JAX,CIN@JAX,Fanatics,player_tds_over,Ameer Abdullah,Over,1.5,10000,2026-10-04 17:00:00+00:00,2026-10-04 13:00:00-04:00,2026-10-04,JAX,4.0
208854,2ea94ddf20f66432b9024fe2e2eaba5f,2026-09-29 07:36:51 EDT,2026-10-04,CIN,JAX,CIN@JAX,Fanatics,player_tds_over,Jakobi Meyers,Over,1.5,1700,2026-10-04 17:00:00+00:00,2026-10-04 13:00:00-04:00,2026-10-04,JAX,4.0
208855,2ea94ddf20f66432b9024fe2e2eaba5f,2026-09-29 07:36:51 EDT,2026-10-04,CIN,JAX,CIN@JAX,Fanatics,player_tds_over,Quintin Morris,Over,1.5,20000,2026-10-04 17:00:00+00:00,2026-10-04 13:00:00-04:00,2026-10-04,JAX,4.0
208856,2ea94ddf20f66432b9024fe2e2eaba5f,2026-09-29 07:36:51 EDT,2026-10-04,CIN,JAX,CIN@JAX,Fanatics,player_tds_over,Parker Washington,Over,1.5,900,2026-10-04 17:00:00+00:00,2026-10-04 13:00:00-04:00,2026-10-04,JAX,4.0
208857,2ea94ddf20f66432b9024fe2e2eaba5f,2026-09-29 07:36:51 EDT,2026-10-04,CIN,JAX,CIN@JAX,Fanatics,player_tds_over,Brenton Strange,Over,1.5,2200,2026-10-04 17:00:00+00:00,2026-10-04 13:00:00-04:00,2026-10-04,JAX,4.0
208858,2ea94ddf20f66432b9024fe2e2eaba5f,2026-09-29 07:36:51 EDT,2026-10-04,CIN,JAX,CIN@JAX,Fanatics,player_tds_over,Chris Rodriguez,Over,1.5,2200,2026-10-04 17:00:00+00:00,2026-10-04 13:00:00-04:00,2026-10-04,JAX,4.0
208859,2ea94ddf20f66432b9024fe2e2eaba5f,2026-09-29 07:36:51 EDT,2026-10-04,CIN,JAX,CIN@JAX,Fanatics,player_tds_over,Brian Thomas,Over,1.5,2500,2026-10-04 17:00:00+00:00,2026-10-04 13:00:00-04:00,2026-10-04,JAX,4.0
208860,2ea94ddf20f66432b9024fe2e2eaba5f,2026-09-29 07:36:51 EDT,2026-10-04,CIN,JAX,CIN@JAX,Fanatics,player_tds_over,LeQuint Allen,Over,1.5,10000,2026-10-04 17:00:00+00:00,2026-10-04 13:00:00-04:00,2026-10-04,JAX,4.0
208861,2ea94ddf20f66432b9024fe2e2eaba5f,2026-09-29 07:36:51 EDT,2026-10-04,CIN,JAX,CIN@JAX,Fanatics,player_tds_over,Bhayshul Tuten,Over,1.5,550,2026-10-04 17:00:00+00:00,2026-10-04 13:00:00-04:00,2026-10-04,JAX,4.0
208862,2ea94ddf20f66432b9024fe2e2eaba5f,2026-09-29 07:36:51 EDT,2026-10-04,CIN,JAX,CIN@JAX,Fanatics,player_tds_over,Nate Boerkircher,Over,1.5,15000,2026-10-04 17:00:00+00:00,2026-10-04 13:00:00-04:00,2026-10-04,JAX,4.0
208863,2ea94ddf20f66432b9024fe2e2eaba5f,2026-09-29 07:36:51 EDT,2026-10-04,CIN,JAX,CIN@JAX,Fanatics,player_tds_over,CJ Williams,Over,1.5,25000,2026-10-04 17:00:00+00:00,2026-10-04 13:00:00-04:00,2026-10-04,JAX,4.0
208864,2ea94ddf20f66432b9024fe2e2eaba5f,2026-09-29 07:36:51 EDT,2026-10-04,CIN,JAX,CIN@JAX,Fanatics,player_tds_over,Ke'Shawn Williams,Over,1.5,20000,2026-10-04 17:00:00+00:00,2026-10-04 13:00:00-04:00,2026-10-04,CIN,4.0
208865,2ea94ddf20f66432b9024fe2e2eaba5f,2026-09-29 07:36:51 EDT,2026-10-04,CIN,JAX,CIN@JAX,Fanatics,player_tds_over,Colbie Young,Over,1.5,9000,2026-10-04 17:00:00+00:00,2026-10-04 13:00:00-04:00,2026-10-04,CIN,4.0
208866,2ea94ddf20f66432b9024fe2e2eaba5f,2026-09-29 07:36:51 EDT,2026-10-04,CIN,JAX,CIN@JAX,Fanatics,player_tds_over,Ja'Marr Chase,Over,1.5,500,2026-10-04 17:00:00+00:00,2026-10-04 13:00:00-04:00,2026-10-04,CIN,4.0
208867,2ea94ddf20f66432b9024fe2e2eaba5f,2026-09-29 07:36:51 EDT,2026-10-04,CIN,JAX,CIN@JAX,Fanatics,player_tds_over,Travis Hunter,Over,1.5,20000,2026-10-04 17:00:00+00:00,2026-10-04 13:00:00-04:00,2026-10-04,JAX,4.0
208868,2ea94ddf20f66432b9024fe2e2eaba5f,2026-09-29 07:36:51 EDT,2026-10-04,CIN,JAX,CIN@JAX,Fanatics,player_tds_over,Josh Cameron,Over,1.5,5000,2026-10-04 17:00:00+00:00,2026-10-04 13:00:00-04:00,2026-10-04,JAX,4.0
208869,2ea94ddf20f66432b9024fe2e2eaba5f,2026-09-29 07:36:51 EDT,2026-10-04,CIN,JAX,CIN@JAX,Fanatics,player_tds_over,Joe Burrow,Over,1.5,9000,2026-10-04 17:00:00+00:00,2026-10-04 13:00:00-04:00,2026-10-04,CIN,4.0
208870,2ea94ddf20f66432b9024fe2e2eaba5f,2026-09-29 07:36:51 EDT,2026-10-04,CIN,JAX,CIN@JAX,Fanatics,player_tds_over,Trevor Lawrence,Over,1.5,3000,2026-10-04 17:00:00+00:00,2026-10-04 13:00:00-04:00,2026-10-04,JAX,4.0
208871,2ea94ddf20f66432b9024fe2e2eaba5f,2026-09-29 07:36:51 EDT,2026-10-04,CIN,JAX,CIN@JAX,Fanatics,player_tds_over,Mike Gesicki,Over,2.5,15000,2026-10-04 17:00:00+00:00,2026-10-04 13:00:00-04:00,2026-10-04,CIN,4.0
208872,2ea94ddf20f66432b9024fe2e2eaba5f,2026-09-29 07:36:51 EDT,2026-10-04,CIN,JAX,CIN@JAX,Fanatics,player_tds_over,Samaje Perine,Over,2.5,30000,2026-10-04 17:00:00+00:00,2026-10-04 13:00:00-04:00,2026-10-04,CIN,4.0
208873,2ea94ddf20f66432b9024fe2e2eaba5f,2026-09-29 07:36:51 EDT,2026-10-04,CIN,JAX,CIN@JAX,Fanatics,player_tds_over,Tee Higgins,Over,2.5,5000,2026-10-04 17:00:00+00:00,2026-10-04 13:00:00-04:00,2026-10-04,CIN,4.0
208874,2ea94ddf20f66432b9024fe2e2eaba5f,2026-09-29 07:36:51 EDT,2026-10-04,CIN,JAX,CIN@JAX,Fanatics,player_tds_over,Chase Brown,Over,2.5,1200,2026-10-04 17:00:00+00:00,2026-10-04 13:00:00-04:00,2026-10-04,CIN,4.0
208875,2ea94ddf20f66432b9024fe2e2eaba5f,2026-09-29 07:36:51 EDT,2026-10-04,CIN,JAX,CIN@JAX,Fanatics,player_tds_over,Dohnte Meyers,Over,2.5,30000,2026-10-04 17:00:00+00:00,2026-10-04 13:00:00-04:00,2026-10-04,CIN,4.0
208876,2ea94ddf20f66432b9024fe2e2eaba5f,2026-09-29 07:36:51 EDT,2026-10-04,CIN,JAX,CIN@JAX,Fanatics,player_tds_over,Jakobi Meyers,Over,2.5,10000,2026-10-04 17:00:00+00:00,2026-10-04 13:00:00-04:00,2026-10-04,JAX,4.0
208877,2ea94ddf20f66432b9024fe2e2eaba5f,2026-09-29 07:36:51 EDT,2026-10-04,CIN,JAX,CIN@JAX,Fanatics,player_tds_over,Parker Washington,Over,2.5,5000,2026-10-04 17:00:00+00:00,2026-10-04 13:00:00-04:00,2026-10-04,JAX,4.0
208878,2ea94ddf20f66432b9024fe2e2eaba5f,2026-09-29 07:36:51 EDT,2026-10-04,CIN,JAX,CIN@JAX,Fanatics,player_tds_over,Brenton Strange,Over,2.5,15000,2026-10-04 17:00:00+00:00,2026-10-04 13:00:00-04:00,2026-10-04,JAX,4.0
208879,2ea94ddf20f66432b9024fe2e2eaba5f,2026-09-29 07:36:51 EDT,2026-10-04,CIN,JAX,CIN@JAX,Fanatics,player_tds_over,Chris Rodriguez,Over,2.5,12000,2026-10-04 17:00:00+00:00,2026-10-04 13:00:00-04:00,2026-10-04,JAX,4.0
208880,2ea94ddf20f66432b9024fe2e2eaba5f,2026-09-29 07:36:51 EDT,2026-10-04,CIN,JAX,CIN@JAX,Fanatics,player_tds_over,Brian Thomas,Over,2.5,15000,2026-10-04 17:00:00+00:00,2026-10-04 13:00:00-04:00,2026-10-04,JAX,4.0
208881,2ea94ddf20f66432b9024fe2e2eaba5f,2026-09-29 07:36:51 EDT,2026-10-04,CIN,JAX,CIN@JAX,Fanatics,player_tds_over,Bhayshul Tuten,Over,2.5,2500,2026-10-04 17:00:00+00:00,2026-10-04 13:00:00-04:00,2026-10-04,JAX,4.0
208882,2ea94ddf20f66432b9024fe2e2eaba5f,2026-09-29 07:36:51 EDT,2026-10-04,CIN,JAX,CIN@JAX,Fanatics,player_tds_over,Colbie Young,Over,2.5,50000,2026-10-04 17:00:00+00:00,2026-10-04 13:00:00-04:00,2026-10-04,CIN,4.0
208883,2ea94ddf20f66432b9024fe2e2eaba5f,2026-09-29 07:36:51 EDT,2026-10-04,CIN,JAX,CIN@JAX,Fanatics,player_tds_over,Ja'Marr Chase,Over,2.5,2500,2026-10-04 17:00:00+00:00,2026-10-04 13:00:00-04:00,2026-10-04,CIN,4.0
208884,2ea94ddf20f66432b9024fe2e2eaba5f,2026-09-29 07:36:51 EDT,2026-10-04,CIN,JAX,CIN@JAX,Fanatics,player_tds_over,Josh Cameron,Over,2.5,50000,2026-10-04 17:00:00+00:00,2026-10-04 13:00:00-04:00,2026-10-04,JAX,4.0
208885,2ea94ddf20f66432b9024fe2e2eaba5f,2026-09-29 07:36:51 EDT,2026-10-04,CIN,JAX,CIN@JAX,Fanatics,player_tds_over,Trevor Lawrence,Over,2.5,30000,2026-10-04 17:00:00+00:00,2026-10-04 13:00:00-04:00,2026-10-04,JAX,4.0
208886,daf55e2df5341c007fee5a0fc5bbc2d4,2026-09-29 07:36:51 EDT,2026-10-04,HOU,DAL,HOU@DAL,Caesars,player_tds_over,Javonte Williams,Over,1.5,340,2026-10-04 17:00:00+00:00,2026-10-04 13:00:00-04:00,2026-10-04,DAL,4.0
208887,daf55e2df5341c007fee5a0fc5bbc2d4,2026-09-29 07:36:51 EDT,2026-10-04,HOU,DAL,HOU@DAL,Caesars,player_tds_over,David Montgomery,Over,1.5,370,2026-10-04 17:00:00+00:00,2026-10-04 13:00:00-04:00,2026-10-04,HOU,4.0
208888,daf55e2df5341c007fee5a0fc5bbc2d4,2026-09-29 07:36:51 EDT,2026-10-04,HOU,DAL,HOU@DAL,Caesars,player_tds_over,Nico Collins,Over,1.5,650,2026-10-04 17:00:00+00:00,2026-10-04 13:00:00-04:00,2026-10-04,HOU,4.0
208889,daf55e2df5341c007fee5a0fc5bbc2d4,2026-09-29 07:36:51 EDT,2026-10-04,HOU,DAL,HOU@DAL,Caesars,player_tds_over,CeeDee Lamb,Over,1.5,700,2026-10-04 17:00:00+00:00,2026-10-04 13:00:00-04:00,2026-10-04,DAL,4.0
208890,daf55e2df5341c007fee5a0fc5bbc2d4,2026-09-29 07:36:51 EDT,2026-10-04,HOU,DAL,HOU@DAL,Caesars,player_tds_over,Woody Marks,Over,1.5,1000,2026-10-04 17:00:00+00:00,2026-10-04 13:00:00-04:00,2026-10-04,HOU,4.0
208891,daf55e2df5341c007fee5a0fc5bbc2d4,2026-09-29 07:36:51 EDT,2026-10-04,HOU,DAL,HOU@DAL,Caesars,player_tds_over,George Pickens,Over,1.5,1100,2026-10-04 17:00:00+00:00,2026-10-04 13:00:00-04:00,2026-10-04,DAL,4.0
208892,daf55e2df5341c007fee5a0fc5bbc2d4,2026-09-29 07:36:51 EDT,2026-10-04,HOU,DAL,HOU@DAL,Caesars,player_tds_over,Jake Ferguson,Over,1.5,2000,2026-10-04 17:00:00+00:00,2026-10-04 13:00:00-04:00,2026-10-04,DAL,4.0
208893,daf55e2df5341c007fee5a0fc5bbc2d4,2026-09-29 07:36:51 EDT,2026-10-04,HOU,DAL,HOU@DAL,Caesars,player_tds_over,Javonte Williams,Over,2.5,1500,2026-10-04 17:00:00+00:00,2026-10-04 13:00:00-04:00,2026-10-04,DAL,4.0
208894,daf55e2df5341c007fee5a0fc5bbc2d4,2026-09-29 07:36:51 EDT,2026-10-04,HOU,DAL,HOU@DAL,Caesars,player_tds_over,David Montgomery,Over,2.5,1700,2026-10-04 17:00:00+00:00,2026-10-04 13:00:00-04:00,2026-10-04,HOU,4.0
208895,daf55e2df5341c007fee5a0fc5bbc2d4,2026-09-29 07:36:51 EDT,2026-10-04,HOU,DAL,HOU@DAL,Caesars,player_tds_over,Nico Collins,Over,2.5,4000,2026-10-04 17:00:00+00:00,2026-10-04 13:00:00-04:00,2026-10-04,HOU,4.0
208896,daf55e2df5341c007fee5a0fc5bbc2d4,2026-09-29 07:36:51 EDT,2026-10-04,HOU,DAL,HOU@DAL,Caesars,player_tds_over,CeeDee Lamb,Over,2.5,4500,2026-10-04 17:00:00+00:00,2026-10-04 13:00:00-04:00,2026-10-04,DAL,4.0
208897,daf55e2df5341c007fee5a0fc5bbc2d4,2026-09-29 07:36:51 EDT,2026-10-04,HOU,DAL,HOU@DAL,Caesars,player_tds_over,Woody Marks,Over,2.5,8500,2026-10-04 17:00:00+00:00,2026-10-04 13:00:00-04:00,2026-10-04,HOU,4.0
208898,daf55e2df5341c007fee5a0fc5bbc2d4,2026-09-29 07:36:51 EDT,2026-10-04,HOU,DAL,HOU@DAL,Caesars,player_tds_over,George Pickens,Over,2.5,10000,2026-10-04 17:00:00+00:00,2026-10-04 13:00:00-04:00,2026-10-04,DAL,4.0
208899,daf55e2df5341c007fee5a0fc5bbc2d4,2026-09-29 07:36:51 EDT,2026-10-04,HOU,DAL,HOU@DAL,Caesars,player_tds_over,Javonte Williams,Over,3.5,8000,2026-10-04 17:00:00+00:00,2026-10-04 13:00:00-04:00,2026-10-04,DAL,4.0
208900,daf55e2df5341c007fee5a0fc5bbc2d4,2026-09-29 07:36:51 EDT,2026-10-04,HOU,DAL,HOU@DAL,Caesars,player_tds_over,David Montgomery,Over,3.5,9500,2026-10-04 17:00:00+00:00,2026-10-04 13:00:00-04:00,2026-10-04,HOU,4.0
208901,daf55e2df5341c007fee5a0fc5bbc2d4,2026-09-29 07:36:51 EDT,2026-10-04,HOU,DAL,HOU@DAL,BetOnline.ag,player_tds_over,CeeDee Lamb,Over,0.5,120,2026-10-04 17:00:00+00:00,2026-10-04 13:00:00-04:00,2026-10-04,DAL,4.0
208902,daf55e2df5341c007fee5a0fc5bbc2d4,2026-09-29 07:36:51 EDT,2026-10-04,HOU,DAL,HOU@DAL,BetOnline.ag,player_tds_over,CeeDee Lamb,Over,1.5,600,2026-10-04 17:00:00+00:00,2026-10-04 13:00:00-04:00,2026-10-04,DAL,4.0
208903,daf55e2df5341c007fee5a0fc5bbc2d4,2026-09-29 07:36:51 EDT,2026-10-04,HOU,DAL,HOU@DAL,BetOnline.ag,player_tds_over,CeeDee Lamb,Over,2.5,3400,2026-10-04 17:00:00+00:00,2026-10-04 13:00:00-04:00,2026-10-04,DAL,4.0
208904,daf55e2df5341c007fee5a0fc5bbc2d4,2026-09-29 07:36:51 EDT,2026-10-04,HOU,DAL,HOU@DAL,BetOnline.ag,player_tds_over,Dak Prescott,Over,0.5,650,2026-10-04 17:00:00+00:00,2026-10-04 13:00:00-04:00,2026-10-04,DAL,4.0
208905,daf55e2df5341c007fee5a0fc5bbc2d4,2026-09-29 07:36:51 EDT,2026-10-04,HOU,DAL,HOU@DAL,BetOnline.ag,player_tds_over,Dak Prescott,Over,2.5,20000,2026-10-04 17:00:00+00:00,2026-10-04 13:00:00-04:00,2026-10-04,DAL,4.0
208906,daf55e2df5341c007fee5a0fc5bbc2d4,2026-09-29 07:36:51 EDT,2026-10-04,HOU,DAL,HOU@DAL,BetOnline.ag,player_tds_over,Dak Prescott,Over,1.5,5400,2026-10-04 17:00:00+00:00,2026-10-04 13:00:00-04:00,2026-10-04,DAL,4.0
208907,daf55e2df5341c007fee5a0fc5bbc2d4,2026-09-29 07:36:51 EDT,2026-10-04,HOU,DAL,HOU@DAL,BetOnline.ag,player_tds_over,Xavier Hutchinson,Over,2.5,10000,2026-10-04 17:00:00+00:00,2026-10-04 13:00:00-04:00,2026-10-04,HOU,4.0
208908,daf55e2df5341c007fee5a0fc5bbc2d4,2026-09-29 07:36:51 EDT,2026-10-04,HOU,DAL,HOU@DAL,BetOnline.ag,player_tds_over,Xavier Hutchinson,Over,0.5,240,2026-10-04 17:00:00+00:00,2026-10-04 13:00:00-04:00,2026-10-04,HOU,4.0
208909,daf55e2df5341c007fee5a0fc5bbc2d4,2026-09-29 07:36:51 EDT,2026-10-04,HOU,DAL,HOU@DAL,BetOnline.ag,player_tds_over,Xavier Hutchinson,Over,1.5,1600,2026-10-04 17:00:00+00:00,2026-10-04 13:00:00-04:00,2026-10-04,HOU,4.0
208910,daf55e2df5341c007fee5a0fc5bbc2d4,2026-09-29 07:36:51 EDT,2026-10-04,HOU,DAL,HOU@DAL,BetOnline.ag,player_tds_over,Nico Collins,Over,2.5,2900,2026-10-04 17:00:00+00:00,2026-10-04 13:00:00-04:00,2026-10-04,HOU,4.0
208911,daf55e2df5341c007fee5a0fc5bbc2d4,2026-09-29 07:36:51 EDT,2026-10-04,HOU,DAL,HOU@DAL,BetOnline.ag,player_tds_over,Nico Collins,Over,0.5,110,2026-10-04 17:00:00+00:00,2026-10-04 13:00:00-04:00,2026-10-04,HOU,4.0
208912,daf55e2df5341c007fee5a0fc5bbc2d4,2026-09-29 07:36:51 EDT,2026-10-04,HOU,DAL,HOU@DAL,BetOnline.ag,player_tds_over,Nico Collins,Over,1.5,550,2026-10-04 17:00:00+00:00,2026-10-04 13:00:00-04:00,2026-10-04,HOU,4.0
208913,daf55e2df5341c007fee5a0fc5bbc2d4,2026-09-29 07:36:51 EDT,2026-10-04,HOU,DAL,HOU@DAL,BetOnline.ag,player_tds_over,Jake Ferguson,Over,2.5,10000,2026-10-04 17:00:00+00:00,2026-10-04 13:00:00-04:00,2026-10-04,DAL,4.0
208914,daf55e2df5341c007fee5a0fc5bbc2d4,2026-09-29 07:36:51 EDT,2026-10-04,HOU,DAL,HOU@DAL,BetOnline.ag,player_tds_over,Jake Ferguson,Over,1.5,1700,2026-10-04 17:00:00+00:00,2026-10-04 13:00:00-04:00,2026-10-04,DAL,4.0
208915,daf55e2df5341c007fee5a0fc5bbc2d4,2026-09-29 07:36:51 EDT,2026-10-04,HOU,DAL,HOU@DAL,BetOnline.ag,player_tds_over,Jake Ferguson,Over,0.5,250,2026-10-04 17:00:00+00:00,2026-10-04 13:00:00-04:00,2026-10-04,DAL,4.0
208916,daf55e2df5341c007fee5a0fc5bbc2d4,2026-09-29 07:36:51 EDT,2026-10-04,HOU,DAL,HOU@DAL,BetOnline.ag,player_tds_over,Dalton Schultz,Over,1.5,800,2026-10-04 17:00:00+00:00,2026-10-04 13:00:00-04:00,2026-10-04,HOU,4.0
208917,daf55e2df5341c007fee5a0fc5bbc2d4,2026-09-29 07:36:51 EDT,2026-10-04,HOU,DAL,HOU@DAL,BetOnline.ag,player_tds_over,Dalton Schultz,Over,2.5,5900,2026-10-04 17:00:00+00:00,2026-10-04 13:00:00-04:00,2026-10-04,HOU,4.0
208918,daf55e2df5341c007fee5a0fc5bbc2d4,2026-09-29 07:36:51 EDT,2026-10-04,HOU,DAL,HOU@DAL,BetOnline.ag,player_tds_over,Dalton Schultz,Over,0.5,150,2026-10-04 17:00:00+00:00,2026-10-04 13:00:00-04:00,2026-10-04,HOU,4.0
208919,daf55e2df5341c007fee5a0fc5bbc2d4,2026-09-29 07:36:51 EDT,2026-10-04,HOU,DAL,HOU@DAL,BetOnline.ag,player_tds_over,Jared Wayne,Over,0.5,550,2026-10-04 17:00:00+00:00,2026-10-04 13:00:00-04:00,2026-10-04,HOU,4.0
208920,daf55e2df5341c007fee5a0fc5bbc2d4,2026-09-29 07:36:51 EDT,2026-10-04,HOU,DAL,HOU@DAL,BetOnline.ag,player_tds_over,Jared Wayne,Over,2.5,20000,2026-10-04 17:00:00+00:00,2026-10-04 13:00:00-04:00,2026-10-04,HOU,4.0
208921,daf55e2df5341c007fee5a0fc5bbc2d4,2026-09-29 07:36:51 EDT,2026-10-04,HOU,DAL,HOU@DAL,BetOnline.ag,player_tds_over,Jared Wayne,Over,1.5,4400,2026-10-04 17:00:00+00:00,2026-10-04 13:00:00-04:00,2026-10-04,HOU,4.0
208922,daf55e2df5341c007fee5a0fc5bbc2d4,2026-09-29 07:36:51 EDT,2026-10-04,HOU,DAL,HOU@DAL,BetOnline.ag,player_tds_over,KaVontae Turpin,Over,2.5,20000,2026-10-04 17:00:00+00:00,2026-10-04 13:00:00-04:00,2026-10-04,DAL,4.0
208923,daf55e2df5341c007fee5a0fc5bbc2d4,2026-09-29 07:36:51 EDT,2026-10-04,HOU,DAL,HOU@DAL,BetOnline.ag,player_tds_over,KaVontae Turpin,Over,1.5,7900,2026-10-04 17:00:00+00:00,2026-10-04 13:00:00-04:00,2026-10-04,DAL,4.0
208924,daf55e2df5341c007fee5a0fc5bbc2d4,2026-09-29 07:36:51 EDT,2026-10-04,HOU,DAL,HOU@DAL,BetOnline.ag,player_tds_over,KaVontae Turpin,Over,0.5,900,2026-10-04 17:00:00+00:00,2026-10-04 13:00:00-04:00,2026-10-04,DAL,4.0
208925,daf55e2df5341c007fee5a0fc5bbc2d4,2026-09-29 07:36:51 EDT,2026-10-04,HOU,DAL,HOU@DAL,BetOnline.ag,player_tds_over,Hunter Luepke,Over,0.5,1300,2026-10-04 17:00:00+00:00,2026-10-04 13:00:00-04:00,2026-10-04,DAL,4.0
208926,daf55e2df5341c007fee5a0fc5bbc2d4,2026-09-29 07:36:51 EDT,2026-10-04,HOU,DAL,HOU@DAL,BetOnline.ag,player_tds_over,Hunter Luepke,Over,1.5,9400,2026-10-04 17:00:00+00:00,2026-10-04 13:00:00-04:00,2026-10-04,DAL,4.0
208927,daf55e2df5341c007fee5a0fc5bbc2d4,2026-09-29 07:36:51 EDT,2026-10-04,HOU,DAL,HOU@DAL,BetOnline.ag,player_tds_over,Hunter Luepke,Over,2.5,25000,2026-10-04 17:00:00+00:00,2026-10-04 13:00:00-04:00,2026-10-04,DAL,4.0
208928,daf55e2df5341c007fee5a0fc5bbc2d4,2026-09-29 07:36:51 EDT,2026-10-04,HOU,DAL,HOU@DAL,BetOnline.ag,player_tds_over,Luke Schoonmaker,Over,0.5,1300,2026-10-04 17:00:00+00:00,2026-10-04 13:00:00-04:00,2026-10-04,DAL,4.0
208929,daf55e2df5341c007fee5a0fc5bbc2d4,2026-09-29 07:36:51 EDT,2026-10-04,HOU,DAL,HOU@DAL,BetOnline.ag,player_tds_over,Luke Schoonmaker,Over,1.5,9400,2026-10-04 17:00:00+00:00,2026-10-04 13:00:00-04:00,2026-10-04,DAL,4.0
208930,daf55e2df5341c007fee5a0fc5bbc2d4,2026-09-29 07:36:51 EDT,2026-10-04,HOU,DAL,HOU@DAL,BetOnline.ag,player_tds_over,Luke Schoonmaker,Over,2.5,25000,2026-10-04 17:00:00+00:00,2026-10-04 13:00:00-04:00,2026-10-04,DAL,4.0
208931,daf55e2df5341c007fee5a0fc5bbc2d4,2026-09-29 07:36:51 EDT,2026-10-04,HOU,DAL,HOU@DAL,BetOnline.ag,player_tds_over,C.J. Stroud,Over,1.5,4400,2026-10-04 17:00:00+00:00,2026-10-04 13:00:00-04:00,2026-10-04,HOU,4.0
208932,daf55e2df5341c007fee5a0fc5bbc2d4,2026-09-29 07:36:51 EDT,2026-10-04,HOU,DAL,HOU@DAL,BetOnline.ag,player_tds_over,C.J. Stroud,Over,2.5,20000,2026-10-04 17:00:00+00:00,2026-10-04 13:00:00-04:00,2026-10-04,HOU,4.0
208933,daf55e2df5341c007fee5a0fc5bbc2d4,2026-09-29 07:36:51 EDT,2026-10-04,HOU,DAL,HOU@DAL,BetOnline.ag,player_tds_over,C.J. Stroud,Over,0.5,550,2026-10-04 17:00:00+00:00,2026-10-04 13:00:00-04:00,2026-10-04,HOU,4.0
208934,daf55e2df5341c007fee5a0fc5bbc2d4,2026-09-29 07:36:51 EDT,2026-10-04,HOU,DAL,HOU@DAL,BetOnline.ag,player_tds_over,David Montgomery,Over,0.5,-167,2026-10-04 17:00:00+00:00,2026-10-04 13:00:00-04:00,2026-10-04,HOU,4.0
208935,daf55e2df5341c007fee5a0fc5bbc2d4,2026-09-29 07:36:51 EDT,2026-10-04,HOU,DAL,HOU@DAL,BetOnline.ag,player_tds_over,David Montgomery,Over,1.5,300,2026-10-04 17:00:00+00:00,2026-10-04 13:00:00-04:00,2026-10-04,HOU,4.0
208936,daf55e2df5341c007fee5a0fc5bbc2d4,2026-09-29 07:36:51 EDT,2026-10-04,HOU,DAL,HOU@DAL,BetOnline.ag,player_tds_over,David Montgomery,Over,2.5,1700,2026-10-04 17:00:00+00:00,2026-10-04 13:00:00-04:00,2026-10-04,HOU,4.0
208937,daf55e2df5341c007fee5a0fc5bbc2d4,2026-09-29 07:36:51 EDT,2026-10-04,HOU,DAL,HOU@DAL,BetOnline.ag,player_tds_over,Ryan Flournoy,Over,1.5,3400,2026-10-04 17:00:00+00:00,2026-10-04 13:00:00-04:00,2026-10-04,DAL,4.0
208938,daf55e2df5341c007fee5a0fc5bbc2d4,2026-09-29 07:36:51 EDT,2026-10-04,HOU,DAL,HOU@DAL,BetOnline.ag,player_tds_over,Ryan Flournoy,Over,0.5,400,2026-10-04 17:00:00+00:00,2026-10-04 13:00:00-04:00,2026-10-04,DAL,4.0
208939,daf55e2df5341c007fee5a0fc5bbc2d4,2026-09-29 07:36:51 EDT,2026-10-04,HOU,DAL,HOU@DAL,BetOnline.ag,player_tds_over,Ryan Flournoy,Over,2.5,15000,2026-10-04 17:00:00+00:00,2026-10-04 13:00:00-04:00,2026-10-04,DAL,4.0
208940,daf55e2df5341c007fee5a0fc5bbc2d4,2026-09-29 07:36:51 EDT,2026-10-04,HOU,DAL,HOU@DAL,BetOnline.ag,player_tds_over,George Pickens,Over,1.5,850,2026-10-04 17:00:00+00:00,2026-10-04 13:00:00-04:00,2026-10-04,DAL,4.0
208941,daf55e2df5341c007fee5a0fc5bbc2d4,2026-09-29 07:36:51 EDT,2026-10-04,HOU,DAL,HOU@DAL,BetOnline.ag,player_tds_over,George Pickens,Over,2.5,6400,2026-10-04 17:00:00+00:00,2026-10-04 13:00:00-04:00,2026-10-04,DAL,4.0
208942,daf55e2df5341c007fee5a0fc5bbc2d4,2026-09-29 07:36:51 EDT,2026-10-04,HOU,DAL,HOU@DAL,BetOnline.ag,player_tds_over,George Pickens,Over,0.5,160,2026-10-04 17:00:00+00:00,2026-10-04 13:00:00-04:00,2026-10-04,DAL,4.0
208943,daf55e2df5341c007fee5a0fc5bbc2d4,2026-09-29 07:36:51 EDT,2026-10-04,HOU,DAL,HOU@DAL,BetOnline.ag,player_tds_over,Jonathan Mingo,Over,0.5,1700,2026-10-04 17:00:00+00:00,2026-10-04 13:00:00-04:00,2026-10-04,DAL,4.0
208944,daf55e2df5341c007fee5a0fc5bbc2d4,2026-09-29 07:36:51 EDT,2026-10-04,HOU,DAL,HOU@DAL,BetOnline.ag,player_tds_over,Jonathan Mingo,Over,2.5,30000,2026-10-04 17:00:00+00:00,2026-10-04 13:00:00-04:00,2026-10-04,DAL,4.0
208945,daf55e2df5341c007fee5a0fc5bbc2d4,2026-09-29 07:36:51 EDT,2026-10-04,HOU,DAL,HOU@DAL,BetOnline.ag,player_tds_over,Jonathan Mingo,Over,1.5,11000,2026-10-04 17:00:00+00:00,2026-10-04 13:00:00-04:00,2026-10-04,DAL,4.0
208946,daf55e2df5341c007fee5a0fc5bbc2d4,2026-09-29 07:36:51 EDT,2026-10-04,HOU,DAL,HOU@DAL,BetOnline.ag,player_tds_over,British Brooks,Over,1.5,10000,2026-10-04 17:00:00+00:00,2026-10-04 13:00:00-04:00,2026-10-04,HOU,4.0
208947,daf55e2df5341c007fee5a0fc5bbc2d4,2026-09-29 07:36:51 EDT,2026-10-04,HOU,DAL,HOU@DAL,BetOnline.ag,player_tds_over,British Brooks,Over,0.5,1400,2026-10-04 17:00:00+00:00,2026-10-04 13:00:00-04:00,2026-10-04,HOU,4.0
208948,daf55e2df5341c007fee5a0fc5bbc2d4,2026-09-29 07:36:51 EDT,2026-10-04,HOU,DAL,HOU@DAL,BetOnline.ag,player_tds_over,British Brooks,Over,2.5,30000,2026-10-04 17:00:00+00:00,2026-10-04 13:00:00-04:00,2026-10-04,HOU,4.0
208949,daf55e2df5341c007fee5a0fc5bbc2d4,2026-09-29 07:36:51 EDT,2026-10-04,HOU,DAL,HOU@DAL,BetOnline.ag,player_tds_over,Cade Stover,Over,2.5,25000,2026-10-04 17:00:00+00:00,2026-10-04 13:00:00-04:00,2026-10-04,HOU,4.0
208950,daf55e2df5341c007fee5a0fc5bbc2d4,2026-09-29 07:36:51 EDT,2026-10-04,HOU,DAL,HOU@DAL,BetOnline.ag,player_tds_over,Cade Stover,Over,1.5,8900,2026-10-04 17:00:00+00:00,2026-10-04 13:00:00-04:00,2026-10-04,HOU,4.0
208951,daf55e2df5341c007fee5a0fc5bbc2d4,2026-09-29 07:36:51 EDT,2026-10-04,HOU,DAL,HOU@DAL,BetOnline.ag,player_tds_over,Cade Stover,Over,0.5,1100,2026-10-04 17:00:00+00:00,2026-10-04 13:00:00-04:00,2026-10-04,HOU,4.0
208952,daf55e2df5341c007fee5a0fc5bbc2d4,2026-09-29 07:36:51 EDT,2026-10-04,HOU,DAL,HOU@DAL,BetOnline.ag,player_tds_over,Javonte Williams,Over,0.5,-200,2026-10-04 17:00:00+00:00,2026-10-04 13:00:00-04:00,2026-10-04,DAL,4.0
208953,daf55e2df5341c007fee5a0fc5bbc2d4,2026-09-29 07:36:51 EDT,2026-10-04,HOU,DAL,HOU@DAL,BetOnline.ag,player_tds_over,Javonte Williams,Over,2.5,1400,2026-10-04 17:00:00+00:00,2026-10-04 13:00:00-04:00,2026-10-04,DAL,4.0
208954,daf55e2df5341c007fee5a0fc5bbc2d4,2026-09-29 07:36:51 EDT,2026-10-04,HOU,DAL,HOU@DAL,BetOnline.ag,player_tds_over,Javonte Williams,Over,1.5,250,2026-10-04 17:00:00+00:00,2026-10-04 13:00:00-04:00,2026-10-04,DAL,4.0
208955,daf55e2df5341c007fee5a0fc5bbc2d4,2026-09-29 07:36:51 EDT,2026-10-04,HOU,DAL,HOU@DAL,BetOnline.ag,player_tds_over,Brevyn Spann-Ford,Over,2.5,30000,2026-10-04 17:00:00+00:00,2026-10-04 13:00:00-04:00,2026-10-04,DAL,4.0
208956,daf55e2df5341c007fee5a0fc5bbc2d4,2026-09-29 07:36:51 EDT,2026-10-04,HOU,DAL,HOU@DAL,BetOnline.ag,player_tds_over,Brevyn Spann-Ford,Over,0.5,1700,2026-10-04 17:00:00+00:00,2026-10-04 13:00:00-04:00,2026-10-04,DAL,4.0
208957,daf55e2df5341c007fee5a0fc5bbc2d4,2026-09-29 07:36:51 EDT,2026-10-04,HOU,DAL,HOU@DAL,BetOnline.ag,player_tds_over,Brevyn Spann-Ford,Over,1.5,11000,2026-10-04 17:00:00+00:00,2026-10-04 13:00:00-04:00,2026-10-04,DAL,4.0
208958,daf55e2df5341c007fee5a0fc5bbc2d4,2026-09-29 07:36:51 EDT,2026-10-04,HOU,DAL,HOU@DAL,BetOnline.ag,player_tds_over,Jaylin Noel,Over,2.5,15000,2026-10-04 17:00:00+00:00,2026-10-04 13:00:00-04:00,2026-10-04,HOU,4.0
208959,daf55e2df5341c007fee5a0fc5bbc2d4,2026-09-29 07:36:51 EDT,2026-10-04,HOU,DAL,HOU@DAL,BetOnline.ag,player_tds_over,Jaylin Noel,Over,0.5,350,2026-10-04 17:00:00+00:00,2026-10-04 13:00:00-04:00,2026-10-04,HOU,4.0
208960,daf55e2df5341c007fee5a0fc5bbc2d4,2026-09-29 07:36:51 EDT,2026-10-04,HOU,DAL,HOU@DAL,BetOnline.ag,player_tds_over,Jaylin Noel,Over,1.5,2900,2026-10-04 17:00:00+00:00,2026-10-04 13:00:00-04:00,2026-10-04,HOU,4.0
208961,daf55e2df5341c007fee5a0fc5bbc2d4,2026-09-29 07:36:51 EDT,2026-10-04,HOU,DAL,HOU@DAL,BetOnline.ag,player_tds_over,Woody Marks,Over,1.5,850,2026-10-04 17:00:00+00:00,2026-10-04 13:00:00-04:00,2026-10-04,HOU,4.0
208962,daf55e2df5341c007fee5a0fc5bbc2d4,2026-09-29 07:36:51 EDT,2026-10-04,HOU,DAL,HOU@DAL,BetOnline.ag,player_tds_over,Woody Marks,Over,2.5,6400,2026-10-04 17:00:00+00:00,2026-10-04 13:00:00-04:00,2026-10-04,HOU,4.0
208963,daf55e2df5341c007fee5a0fc5bbc2d4,2026-09-29 07:36:51 EDT,2026-10-04,HOU,DAL,HOU@DAL,BetOnline.ag,player_tds_over,Woody Marks,Over,0.5,160,2026-10-04 17:00:00+00:00,2026-10-04 13:00:00-04:00,2026-10-04,HOU,4.0
208964,daf55e2df5341c007fee5a0fc5bbc2d4,2026-09-29 07:36:51 EDT,2026-10-04,HOU,DAL,HOU@DAL,BetOnline.ag,player_tds_over,Marlin Klein,Over,0.5,1400,2026-10-04 17:00:00+00:00,2026-10-04 13:00:00-04:00,2026-10-04,HOU,4.0
208965,daf55e2df5341c007fee5a0fc5bbc2d4,2026-09-29 07:36:51 EDT,2026-10-04,HOU,DAL,HOU@DAL,BetOnline.ag,player_tds_over,Marlin Klein,Over,2.5,30000,2026-10-04 17:00:00+00:00,2026-10-04 13:00:00-04:00,2026-10-04,HOU,4.0
208966,daf55e2df5341c007fee5a0fc5bbc2d4,2026-09-29 07:36:51 EDT,2026-10-04,HOU,DAL,HOU@DAL,BetOnline.ag,player_tds_over,Marlin Klein,Over,1.5,10000,2026-10-04 17:00:00+00:00,2026-10-04 13:00:00-04:00,2026-10-04,HOU,4.0
208967,daf55e2df5341c007fee5a0fc5bbc2d4,2026-09-29 07:36:51 EDT,2026-10-04,HOU,DAL,HOU@DAL,BetOnline.ag,player_tds_over,Emari Demercado,Over,0.5,900,2026-10-04 17:00:00+00:00,2026-10-04 13:00:00-04:00,2026-10-04,DAL,4.0
208968,daf55e2df5341c007fee5a0fc5bbc2d4,2026-09-29 07:36:51 EDT,2026-10-04,HOU,DAL,HOU@DAL,BetOnline.ag,player_tds_over,Emari Demercado,Over,1.5,7900,2026-10-04 17:00:00+00:00,2026-10-04 13:00:00-04:00,2026-10-04,DAL,4.0
208969,daf55e2df5341c007fee5a0fc5bbc2d4,2026-09-29 07:36:51 EDT,2026-10-04,HOU,DAL,HOU@DAL,BetOnline.ag,player_tds_over,Emari Demercado,Over,2.5,20000,2026-10-04 17:00:00+00:00,2026-10-04 13:00:00-04:00,2026-10-04,DAL,4.0
208970,daf55e2df5341c007fee5a0fc5bbc2d4,2026-09-29 07:36:51 EDT,2026-10-04,HOU,DAL,HOU@DAL,BetOnline.ag,player_tds_over,Tyler Goodson,Over,1.5,8900,2026-10-04 17:00:00+00:00,2026-10-04 13:00:00-04:00,2026-10-04,DAL,4.0
208971,daf55e2df5341c007fee5a0fc5bbc2d4,2026-09-29 07:36:51 EDT,2026-10-04,HOU,DAL,HOU@DAL,BetOnline.ag,player_tds_over,Tyler Goodson,Over,2.5,25000,2026-10-04 17:00:00+00:00,2026-10-04 13:00:00-04:00,2026-10-04,DAL,4.0
208972,daf55e2df5341c007fee5a0fc5bbc2d4,2026-09-29 07:36:51 EDT,2026-10-04,HOU,DAL,HOU@DAL,BetOnline.ag,player_tds_over,Tyler Goodson,Over,0.5,1100,2026-10-04 17:00:00+00:00,2026-10-04 13:00:00-04:00,2026-10-04,DAL,4.0
208973,daf55e2df5341c007fee5a0fc5bbc2d4,2026-09-29 07:36:51 EDT,2026-10-04,HOU,DAL,HOU@DAL,BetOnline.ag,player_tds_over,Foster Moreau,Over,1.5,6400,2026-10-04 17:00:00+00:00,2026-10-04 13:00:00-04:00,2026-10-04,HOU,4.0
208974,daf55e2df5341c007fee5a0fc5bbc2d4,2026-09-29 07:36:51 EDT,2026-10-04,HOU,DAL,HOU@DAL,BetOnline.ag,player_tds_over,Foster Moreau,Over,2.5,20000,2026-10-04 17:00:00+00:00,2026-10-04 13:00:00-04:00,2026-10-04,HOU,4.0
208975,daf55e2df5341c007fee5a0fc5bbc2d4,2026-09-29 07:36:51 EDT,2026-10-04,HOU,DAL,HOU@DAL,BetOnline.ag,player_tds_over,Foster Moreau,Over,0.5,750,2026-10-04 17:00:00+00:00,2026-10-04 13:00:00-04:00,2026-10-04,HOU,4.0
208976,daf55e2df5341c007fee5a0fc5bbc2d4,2026-09-29 07:36:51 EDT,2026-10-04,HOU,DAL,HOU@DAL,BetOnline.ag,player_tds_over,Kayshon Boutte,Over,0.5,210,2026-10-04 17:00:00+00:00,2026-10-04 13:00:00-04:00,2026-10-04,HOU,4.0
208977,daf55e2df5341c007fee5a0fc5bbc2d4,2026-09-29 07:36:51 EDT,2026-10-04,HOU,DAL,HOU@DAL,BetOnline.ag,player_tds_over,Kayshon Boutte,Over,1.5,1300,2026-10-04 17:00:00+00:00,2026-10-04 13:00:00-04:00,2026-10-04,HOU,4.0
208978,daf55e2df5341c007fee5a0fc5bbc2d4,2026-09-29 07:36:51 EDT,2026-10-04,HOU,DAL,HOU@DAL,BetOnline.ag,player_tds_over,Kayshon Boutte,Over,2.5,8900,2026-10-04 17:00:00+00:00,2026-10-04 13:00:00-04:00,2026-10-04,HOU,4.0
208979,daf55e2df5341c007fee5a0fc5bbc2d4,2026-09-29 07:36:51 EDT,2026-10-04,HOU,DAL,HOU@DAL,Fanatics,player_tds_over,Dalton Schultz,Over,1.5,1300,2026-10-04 17:00:00+00:00,2026-10-04 13:00:00-04:00,2026-10-04,HOU,4.0
208980,daf55e2df5341c007fee5a0fc5bbc2d4,2026-09-29 07:36:51 EDT,2026-10-04,HOU,DAL,HOU@DAL,Fanatics,player_tds_over,David Montgomery,Over,1.5,340,2026-10-04 17:00:00+00:00,2026-10-04 13:00:00-04:00,2026-10-04,HOU,4.0
208981,daf55e2df5341c007fee5a0fc5bbc2d4,2026-09-29 07:36:51 EDT,2026-10-04,HOU,DAL,HOU@DAL,Fanatics,player_tds_over,Foster Moreau,Over,1.5,4000,2026-10-04 17:00:00+00:00,2026-10-04 13:00:00-04:00,2026-10-04,HOU,4.0
208982,daf55e2df5341c007fee5a0fc5bbc2d4,2026-09-29 07:36:51 EDT,2026-10-04,HOU,DAL,HOU@DAL,Fanatics,player_tds_over,Nico Collins,Over,1.5,1000,2026-10-04 17:00:00+00:00,2026-10-04 13:00:00-04:00,2026-10-04,HOU,4.0
208983,daf55e2df5341c007fee5a0fc5bbc2d4,2026-09-29 07:36:51 EDT,2026-10-04,HOU,DAL,HOU@DAL,Fanatics,player_tds_over,Kayshon Boutte,Over,1.5,3500,2026-10-04 17:00:00+00:00,2026-10-04 13:00:00-04:00,2026-10-04,HOU,4.0
208984,daf55e2df5341c007fee5a0fc5bbc2d4,2026-09-29 07:36:51 EDT,2026-10-04,HOU,DAL,HOU@DAL,Fanatics,player_tds_over,C.J. Stroud,Over,1.5,5000,2026-10-04 17:00:00+00:00,2026-10-04 13:00:00-04:00,2026-10-04,HOU,4.0
208985,daf55e2df5341c007fee5a0fc5bbc2d4,2026-09-29 07:36:51 EDT,2026-10-04,HOU,DAL,HOU@DAL,Fanatics,player_tds_over,Xavier Hutchinson,Over,1.5,525,2026-10-04 17:00:00+00:00,2026-10-04 13:00:00-04:00,2026-10-04,HOU,4.0
208986,daf55e2df5341c007fee5a0fc5bbc2d4,2026-09-29 07:36:51 EDT,2026-10-04,HOU,DAL,HOU@DAL,Fanatics,player_tds_over,Jared Wayne,Over,1.5,5000,2026-10-04 17:00:00+00:00,2026-10-04 13:00:00-04:00,2026-10-04,HOU,4.0
208987,daf55e2df5341c007fee5a0fc5bbc2d4,2026-09-29 07:36:51 EDT,2026-10-04,HOU,DAL,HOU@DAL,Fanatics,player_tds_over,British Brooks,Over,1.5,30000,2026-10-04 17:00:00+00:00,2026-10-04 13:00:00-04:00,2026-10-04,HOU,4.0
208988,daf55e2df5341c007fee5a0fc5bbc2d4,2026-09-29 07:36:51 EDT,2026-10-04,HOU,DAL,HOU@DAL,Fanatics,player_tds_over,Jaylin Noel,Over,1.5,2800,2026-10-04 17:00:00+00:00,2026-10-04 13:00:00-04:00,2026-10-04,HOU,4.0
208989,daf55e2df5341c007fee5a0fc5bbc2d4,2026-09-29 07:36:51 EDT,2026-10-04,HOU,DAL,HOU@DAL,Fanatics,player_tds_over,Woody Marks,Over,1.5,1500,2026-10-04 17:00:00+00:00,2026-10-04 13:00:00-04:00,2026-10-04,HOU,4.0
208990,daf55e2df5341c007fee5a0fc5bbc2d4,2026-09-29 07:36:51 EDT,2026-10-04,HOU,DAL,HOU@DAL,Fanatics,player_tds_over,Dak Prescott,Over,1.5,8000,2026-10-04 17:00:00+00:00,2026-10-04 13:00:00-04:00,2026-10-04,DAL,4.0
208991,daf55e2df5341c007fee5a0fc5bbc2d4,2026-09-29 07:36:51 EDT,2026-10-04,HOU,DAL,HOU@DAL,Fanatics,player_tds_over,CeeDee Lamb,Over,1.5,900,2026-10-04 17:00:00+00:00,2026-10-04 13:00:00-04:00,2026-10-04,DAL,4.0
208992,daf55e2df5341c007fee5a0fc5bbc2d4,2026-09-29 07:36:51 EDT,2026-10-04,HOU,DAL,HOU@DAL,Fanatics,player_tds_over,Javonte Williams,Over,1.5,550,2026-10-04 17:00:00+00:00,2026-10-04 13:00:00-04:00,2026-10-04,DAL,4.0
208993,daf55e2df5341c007fee5a0fc5bbc2d4,2026-09-29 07:36:51 EDT,2026-10-04,HOU,DAL,HOU@DAL,Fanatics,player_tds_over,George Pickens,Over,1.5,1000,2026-10-04 17:00:00+00:00,2026-10-04 13:00:00-04:00,2026-10-04,DAL,4.0
208994,daf55e2df5341c007fee5a0fc5bbc2d4,2026-09-29 07:36:51 EDT,2026-10-04,HOU,DAL,HOU@DAL,Fanatics,player_tds_over,KaVontae Turpin,Over,1.5,6000,2026-10-04 17:00:00+00:00,2026-10-04 13:00:00-04:00,2026-10-04,DAL,4.0
208995,daf55e2df5341c007fee5a0fc5bbc2d4,2026-09-29 07:36:51 EDT,2026-10-04,HOU,DAL,HOU@DAL,Fanatics,player_tds_over,Tyler Goodson,Over,1.5,9000,2026-10-04 17:00:00+00:00,2026-10-04 13:00:00-04:00,2026-10-04,DAL,4.0
208996,daf55e2df5341c007fee5a0fc5bbc2d4,2026-09-29 07:36:51 EDT,2026-10-04,HOU,DAL,HOU@DAL,Fanatics,player_tds_over,Jake Ferguson,Over,1.5,1500,2026-10-04 17:00:00+00:00,2026-10-04 13:00:00-04:00,2026-10-04,DAL,4.0
208997,daf55e2df5341c007fee5a0fc5bbc2d4,2026-09-29 07:36:51 EDT,2026-10-04,HOU,DAL,HOU@DAL,Fanatics,player_tds_over,Luke Schoonmaker,Over,1.5,15000,2026-10-04 17:00:00+00:00,2026-10-04 13:00:00-04:00,2026-10-04,DAL,4.0
208998,daf55e2df5341c007fee5a0fc5bbc2d4,2026-09-29 07:36:51 EDT,2026-10-04,HOU,DAL,HOU@DAL,Fanatics,player_tds_over,Jonathan Mingo,Over,1.5,20000,2026-10-04 17:00:00+00:00,2026-10-04 13:00:00-04:00,2026-10-04,DAL,4.0
208999,daf55e2df5341c007fee5a0fc5bbc2d4,2026-09-29 07:36:51 EDT,2026-10-04,HOU,DAL,HOU@DAL,Fanatics,player_tds_over,Emari Demercado,Over,1.5,10000,2026-10-04 17:00:00+00:00,2026-10-04 13:00:00-04:00,2026-10-04,DAL,4.0
209000,daf55e2df5341c007fee5a0fc5bbc2d4,2026-09-29 07:36:51 EDT,2026-10-04,HOU,DAL,HOU@DAL,Fanatics,player_tds_over,Ryan Flournoy,Over,1.5,4500,2026-10-04 17:00:00+00:00,2026-10-04 13:00:00-04:00,2026-10-04,DAL,4.0
209001,daf55e2df5341c007fee5a0fc5bbc2d4,2026-09-29 07:36:51 EDT,2026-10-04,HOU,DAL,HOU@DAL,Fanatics,player_tds_over,Brevyn Spann-Ford,Over,1.5,12000,2026-10-04 17:00:00+00:00,2026-10-04 13:00:00-04:00,2026-10-04,DAL,4.0
209002,daf55e2df5341c007fee5a0fc5bbc2d4,2026-09-29 07:36:51 EDT,2026-10-04,HOU,DAL,HOU@DAL,Fanatics,player_tds_over,Dalton Schultz,Over,2.5,8000,2026-10-04 17:00:00+00:00,2026-10-04 13:00:00-04:00,2026-10-04,HOU,4.0
209003,daf55e2df5341c007fee5a0fc5bbc2d4,2026-09-29 07:36:51 EDT,2026-10-04,HOU,DAL,HOU@DAL,Fanatics,player_tds_over,David Montgomery,Over,2.5,1500,2026-10-04 17:00:00+00:00,2026-10-04 13:00:00-04:00,2026-10-04,HOU,4.0
209004,daf55e2df5341c007fee5a0fc5bbc2d4,2026-09-29 07:36:51 EDT,2026-10-04,HOU,DAL,HOU@DAL,Fanatics,player_tds_over,Foster Moreau,Over,2.5,20000,2026-10-04 17:00:00+00:00,2026-10-04 13:00:00-04:00,2026-10-04,HOU,4.0
209005,daf55e2df5341c007fee5a0fc5bbc2d4,2026-09-29 07:36:51 EDT,2026-10-04,HOU,DAL,HOU@DAL,Fanatics,player_tds_over,Nico Collins,Over,2.5,6000,2026-10-04 17:00:00+00:00,2026-10-04 13:00:00-04:00,2026-10-04,HOU,4.0
209006,daf55e2df5341c007fee5a0fc5bbc2d4,2026-09-29 07:36:51 EDT,2026-10-04,HOU,DAL,HOU@DAL,Fanatics,player_tds_over,Kayshon Boutte,Over,2.5,25000,2026-10-04 17:00:00+00:00,2026-10-04 13:00:00-04:00,2026-10-04,HOU,4.0
209007,daf55e2df5341c007fee5a0fc5bbc2d4,2026-09-29 07:36:51 EDT,2026-10-04,HOU,DAL,HOU@DAL,Fanatics,player_tds_over,C.J. Stroud,Over,2.5,50000,2026-10-04 17:00:00+00:00,2026-10-04 13:00:00-04:00,2026-10-04,HOU,4.0
209008,daf55e2df5341c007fee5a0fc5bbc2d4,2026-09-29 07:36:51 EDT,2026-10-04,HOU,DAL,HOU@DAL,Fanatics,player_tds_over,Xavier Hutchinson,Over,2.5,2500,2026-10-04 17:00:00+00:00,2026-10-04 13:00:00-04:00,2026-10-04,HOU,4.0
209009,daf55e2df5341c007fee5a0fc5bbc2d4,2026-09-29 07:36:51 EDT,2026-10-04,HOU,DAL,HOU@DAL,Fanatics,player_tds_over,Jared Wayne,Over,2.5,50000,2026-10-04 17:00:00+00:00,2026-10-04 13:00:00-04:00,2026-10-04,HOU,4.0
209010,daf55e2df5341c007fee5a0fc5bbc2d4,2026-09-29 07:36:51 EDT,2026-10-04,HOU,DAL,HOU@DAL,Fanatics,player_tds_over,Jaylin Noel,Over,2.5,20000,2026-10-04 17:00:00+00:00,2026-10-04 13:00:00-04:00,2026-10-04,HOU,4.0
209011,daf55e2df5341c007fee5a0fc5bbc2d4,2026-09-29 07:36:51 EDT,2026-10-04,HOU,DAL,HOU@DAL,Fanatics,player_tds_over,Woody Marks,Over,2.5,8000,2026-10-04 17:00:00+00:00,2026-10-04 13:00:00-04:00,2026-10-04,HOU,4.0
209012,daf55e2df5341c007fee5a0fc5bbc2d4,2026-09-29 07:36:51 EDT,2026-10-04,HOU,DAL,HOU@DAL,Fanatics,player_tds_over,CeeDee Lamb,Over,2.5,5000,2026-10-04 17:00:00+00:00,2026-10-04 13:00:00-04:00,2026-10-04,DAL,4.0
209013,daf55e2df5341c007fee5a0fc5bbc2d4,2026-09-29 07:36:51 EDT,2026-10-04,HOU,DAL,HOU@DAL,Fanatics,player_tds_over,Javonte Williams,Over,2.5,2800,2026-10-04 17:00:00+00:00,2026-10-04 13:00:00-04:00,2026-10-04,DAL,4.0
209014,daf55e2df5341c007fee5a0fc5bbc2d4,2026-09-29 07:36:51 EDT,2026-10-04,HOU,DAL,HOU@DAL,Fanatics,player_tds_over,George Pickens,Over,2.5,5000,2026-10-04 17:00:00+00:00,2026-10-04 13:00:00-04:00,2026-10-04,DAL,4.0
209015,daf55e2df5341c007fee5a0fc5bbc2d4,2026-09-29 07:36:51 EDT,2026-10-04,HOU,DAL,HOU@DAL,Fanatics,player_tds_over,Jake Ferguson,Over,2.5,10000,2026-10-04 17:00:00+00:00,2026-10-04 13:00:00-04:00,2026-10-04,DAL,4.0
209016,daf55e2df5341c007fee5a0fc5bbc2d4,2026-09-29 07:36:51 EDT,2026-10-04,HOU,DAL,HOU@DAL,Fanatics,player_tds_over,Ryan Flournoy,Over,2.5,30000,2026-10-04 17:00:00+00:00,2026-10-04 13:00:00-04:00,2026-10-04,DAL,4.0
209017,daf55e2df5341c007fee5a0fc5bbc2d4,2026-09-29 07:36:51 EDT,2026-10-04,HOU,DAL,HOU@DAL,Fanatics,player_tds_over,Brevyn Spann-Ford,Over,2.5,50000,2026-10-04 17:00:00+00:00,2026-10-04 13:00:00-04:00,2026-10-04,DAL,4.0
209018,99a9bae4dc0dc2590496bd3102b211f2,2026-09-29 07:36:51 EDT,2026-10-04,TAM,GNB,TAM@GNB,Fanatics,player_tds_over,Jalon Daniels,Over,1.5,2800,2026-10-04 17:00:00+00:00,2026-10-04 13:00:00-04:00,2026-10-04,TB,4.0
209019,99a9bae4dc0dc2590496bd3102b211f2,2026-09-29 07:36:51 EDT,2026-10-04,TAM,GNB,TAM@GNB,Fanatics,player_tds_over,Chris Godwin,Over,1.5,2800,2026-10-04 17:00:00+00:00,2026-10-04 13:00:00-04:00,2026-10-04,TB,4.0
209020,99a9bae4dc0dc2590496bd3102b211f2,2026-09-29 07:36:51 EDT,2026-10-04,TAM,GNB,TAM@GNB,Fanatics,player_tds_over,Kenny Gainwell,Over,1.5,2200,2026-10-04 17:00:00+00:00,2026-10-04 13:00:00-04:00,2026-10-04,TB,4.0
209021,99a9bae4dc0dc2590496bd3102b211f2,2026-09-29 07:36:51 EDT,2026-10-04,TAM,GNB,TAM@GNB,Fanatics,player_tds_over,Ko Kieft,Over,1.5,20000,2026-10-04 17:00:00+00:00,2026-10-04 13:00:00-04:00,2026-10-04,TB,4.0
209022,99a9bae4dc0dc2590496bd3102b211f2,2026-09-29 07:36:51 EDT,2026-10-04,TAM,GNB,TAM@GNB,Fanatics,player_tds_over,Cade Otton,Over,1.5,2200,2026-10-04 17:00:00+00:00,2026-10-04 13:00:00-04:00,2026-10-04,TB,4.0
209023,99a9bae4dc0dc2590496bd3102b211f2,2026-09-29 07:36:51 EDT,2026-10-04,TAM,GNB,TAM@GNB,Fanatics,player_tds_over,Sean Tucker,Over,1.5,6000,2026-10-04 17:00:00+00:00,2026-10-04 13:00:00-04:00,2026-10-04,TB,4.0
209024,99a9bae4dc0dc2590496bd3102b211f2,2026-09-29 07:36:51 EDT,2026-10-04,TAM,GNB,TAM@GNB,Fanatics,player_tds_over,Payne Durham,Over,1.5,15000,2026-10-04 17:00:00+00:00,2026-10-04 13:00:00-04:00,2026-10-04,TB,4.0
209025,99a9bae4dc0dc2590496bd3102b211f2,2026-09-29 07:36:51 EDT,2026-10-04,TAM,GNB,TAM@GNB,Fanatics,player_tds_over,Bucky Irving,Over,1.5,650,2026-10-04 17:00:00+00:00,2026-10-04 13:00:00-04:00,2026-10-04,TB,4.0
209026,99a9bae4dc0dc2590496bd3102b211f2,2026-09-29 07:36:51 EDT,2026-10-04,TAM,GNB,TAM@GNB,Fanatics,player_tds_over,Kameron Johnson,Over,1.5,12000,2026-10-04 17:00:00+00:00,2026-10-04 13:00:00-04:00,2026-10-04,TB,4.0
209027,99a9bae4dc0dc2590496bd3102b211f2,2026-09-29 07:36:51 EDT,2026-10-04,TAM,GNB,TAM@GNB,Fanatics,player_tds_over,Tez Johnson,Over,1.5,8000,2026-10-04 17:00:00+00:00,2026-10-04 13:00:00-04:00,2026-10-04,TB,4.0
209028,99a9bae4dc0dc2590496bd3102b211f2,2026-09-29 07:36:51 EDT,2026-10-04,TAM,GNB,TAM@GNB,Fanatics,player_tds_over,Emeka Egbuka,Over,1.5,1900,2026-10-04 17:00:00+00:00,2026-10-04 13:00:00-04:00,2026-10-04,TB,4.0
209029,99a9bae4dc0dc2590496bd3102b211f2,2026-09-29 07:36:51 EDT,2026-10-04,TAM,GNB,TAM@GNB,Fanatics,player_tds_over,Ted Hurst III,Over,1.5,3500,2026-10-04 17:00:00+00:00,2026-10-04 13:00:00-04:00,2026-10-04,TB,4.0
209030,99a9bae4dc0dc2590496bd3102b211f2,2026-09-29 07:36:51 EDT,2026-10-04,TAM,GNB,TAM@GNB,Fanatics,player_tds_over,Jonnu Smith,Over,1.5,7000,2026-10-04 17:00:00+00:00,2026-10-04 13:00:00-04:00,2026-10-04,GB,4.0
209031,99a9bae4dc0dc2590496bd3102b211f2,2026-09-29 07:36:51 EDT,2026-10-04,TAM,GNB,TAM@GNB,Fanatics,player_tds_over,Jordan Love,Over,1.5,7000,2026-10-04 17:00:00+00:00,2026-10-04 13:00:00-04:00,2026-10-04,GB,4.0
209032,99a9bae4dc0dc2590496bd3102b211f2,2026-09-29 07:36:51 EDT,2026-10-04,TAM,GNB,TAM@GNB,Fanatics,player_tds_over,Skyy Moore,Over,1.5,5000,2026-10-04 17:00:00+00:00,2026-10-04 13:00:00-04:00,2026-10-04,GB,4.0
209033,99a9bae4dc0dc2590496bd3102b211f2,2026-09-29 07:36:51 EDT,2026-10-04,TAM,GNB,TAM@GNB,Fanatics,player_tds_over,Christian Watson,Over,1.5,1000,2026-10-04 17:00:00+00:00,2026-10-04 13:00:00-04:00,2026-10-04,GB,4.0
209034,99a9bae4dc0dc2590496bd3102b211f2,2026-09-29 07:36:51 EDT,2026-10-04,TAM,GNB,TAM@GNB,Fanatics,player_tds_over,Bo Melton,Over,1.5,12000,2026-10-04 17:00:00+00:00,2026-10-04 13:00:00-04:00,2026-10-04,GB,4.0
209035,99a9bae4dc0dc2590496bd3102b211f2,2026-09-29 07:36:51 EDT,2026-10-04,TAM,GNB,TAM@GNB,Fanatics,player_tds_over,Tucker Kraft,Over,1.5,1700,2026-10-04 17:00:00+00:00,2026-10-04 13:00:00-04:00,2026-10-04,GB,4.0
209036,99a9bae4dc0dc2590496bd3102b211f2,2026-09-29 07:36:51 EDT,2026-10-04,TAM,GNB,TAM@GNB,Fanatics,player_tds_over,MarShawn Lloyd,Over,1.5,1100,2026-10-04 17:00:00+00:00,2026-10-04 13:00:00-04:00,2026-10-04,GB,4.0
209037,99a9bae4dc0dc2590496bd3102b211f2,2026-09-29 07:36:51 EDT,2026-10-04,TAM,GNB,TAM@GNB,Fanatics,player_tds_over,Kaleb Johnson,Over,1.5,1000,2026-10-04 17:00:00+00:00,2026-10-04 13:00:00-04:00,2026-10-04,GB,4.0
209038,99a9bae4dc0dc2590496bd3102b211f2,2026-09-29 07:36:51 EDT,2026-10-04,TAM,GNB,TAM@GNB,Fanatics,player_tds_over,Matthew Golden,Over,1.5,1300,2026-10-04 17:00:00+00:00,2026-10-04 13:00:00-04:00,2026-10-04,GB,4.0
209039,99a9bae4dc0dc2590496bd3102b211f2,2026-09-29 07:36:51 EDT,2026-10-04,TAM,GNB,TAM@GNB,Fanatics,player_tds_over,Mark Redman,Over,1.5,25000,2026-10-04 17:00:00+00:00,2026-10-04 13:00:00-04:00,2026-10-04,GB,4.0
209040,99a9bae4dc0dc2590496bd3102b211f2,2026-09-29 07:36:51 EDT,2026-10-04,TAM,GNB,TAM@GNB,Fanatics,player_tds_over,J. Michael Sturdivant,Over,1.5,12000,2026-10-04 17:00:00+00:00,2026-10-04 13:00:00-04:00,2026-10-04,GB,4.0
209041,99a9bae4dc0dc2590496bd3102b211f2,2026-09-29 07:36:51 EDT,2026-10-04,TAM,GNB,TAM@GNB,Fanatics,player_tds_over,Jalon Daniels,Over,2.5,40000,2026-10-04 17:00:00+00:00,2026-10-04 13:00:00-04:00,2026-10-04,TB,4.0
209042,99a9bae4dc0dc2590496bd3102b211f2,2026-09-29 07:36:51 EDT,2026-10-04,TAM,GNB,TAM@GNB,Fanatics,player_tds_over,Chris Godwin,Over,2.5,15000,2026-10-04 17:00:00+00:00,2026-10-04 13:00:00-04:00,2026-10-04,TB,4.0
209043,99a9bae4dc0dc2590496bd3102b211f2,2026-09-29 07:36:51 EDT,2026-10-04,TAM,GNB,TAM@GNB,Fanatics,player_tds_over,Kenny Gainwell,Over,2.5,15000,2026-10-04 17:00:00+00:00,2026-10-04 13:00:00-04:00,2026-10-04,TB,4.0
209044,99a9bae4dc0dc2590496bd3102b211f2,2026-09-29 07:36:51 EDT,2026-10-04,TAM,GNB,TAM@GNB,Fanatics,player_tds_over,Cade Otton,Over,2.5,15000,2026-10-04 17:00:00+00:00,2026-10-04 13:00:00-04:00,2026-10-04,TB,4.0
209045,99a9bae4dc0dc2590496bd3102b211f2,2026-09-29 07:36:51 EDT,2026-10-04,TAM,GNB,TAM@GNB,Fanatics,player_tds_over,Sean Tucker,Over,2.5,50000,2026-10-04 17:00:00+00:00,2026-10-04 13:00:00-04:00,2026-10-04,TB,4.0
209046,99a9bae4dc0dc2590496bd3102b211f2,2026-09-29 07:36:51 EDT,2026-10-04,TAM,GNB,TAM@GNB,Fanatics,player_tds_over,Bucky Irving,Over,2.5,3000,2026-10-04 17:00:00+00:00,2026-10-04 13:00:00-04:00,2026-10-04,TB,4.0
209047,99a9bae4dc0dc2590496bd3102b211f2,2026-09-29 07:36:51 EDT,2026-10-04,TAM,GNB,TAM@GNB,Fanatics,player_tds_over,Tez Johnson,Over,2.5,50000,2026-10-04 17:00:00+00:00,2026-10-04 13:00:00-04:00,2026-10-04,TB,4.0
209048,99a9bae4dc0dc2590496bd3102b211f2,2026-09-29 07:36:51 EDT,2026-10-04,TAM,GNB,TAM@GNB,Fanatics,player_tds_over,Emeka Egbuka,Over,2.5,10000,2026-10-04 17:00:00+00:00,2026-10-04 13:00:00-04:00,2026-10-04,TB,4.0
209049,99a9bae4dc0dc2590496bd3102b211f2,2026-09-29 07:36:51 EDT,2026-10-04,TAM,GNB,TAM@GNB,Fanatics,player_tds_over,Ted Hurst III,Over,2.5,25000,2026-10-04 17:00:00+00:00,2026-10-04 13:00:00-04:00,2026-10-04,TB,4.0
209050,99a9bae4dc0dc2590496bd3102b211f2,2026-09-29 07:36:51 EDT,2026-10-04,TAM,GNB,TAM@GNB,Fanatics,player_tds_over,Jonnu Smith,Over,2.5,40000,2026-10-04 17:00:00+00:00,2026-10-04 13:00:00-04:00,2026-10-04,GB,4.0
209051,99a9bae4dc0dc2590496bd3102b211f2,2026-09-29 07:36:51 EDT,2026-10-04,TAM,GNB,TAM@GNB,Fanatics,player_tds_over,Jordan Love,Over,2.5,30000,2026-10-04 17:00:00+00:00,2026-10-04 13:00:00-04:00,2026-10-04,GB,4.0
209052,99a9bae4dc0dc2590496bd3102b211f2,2026-09-29 07:36:51 EDT,2026-10-04,TAM,GNB,TAM@GNB,Fanatics,player_tds_over,Christian Watson,Over,2.5,6000,2026-10-04 17:00:00+00:00,2026-10-04 13:00:00-04:00,2026-10-04,GB,4.0
209053,99a9bae4dc0dc2590496bd3102b211f2,2026-09-29 07:36:51 EDT,2026-10-04,TAM,GNB,TAM@GNB,Fanatics,player_tds_over,Tucker Kraft,Over,2.5,9000,2026-10-04 17:00:00+00:00,2026-10-04 13:00:00-04:00,2026-10-04,GB,4.0
209054,99a9bae4dc0dc2590496bd3102b211f2,2026-09-29 07:36:51 EDT,2026-10-04,TAM,GNB,TAM@GNB,Fanatics,player_tds_over,MarShawn Lloyd,Over,2.5,7000,2026-10-04 17:00:00+00:00,2026-10-04 13:00:00-04:00,2026-10-04,GB,4.0
209055,99a9bae4dc0dc2590496bd3102b211f2,2026-09-29 07:36:51 EDT,2026-10-04,TAM,GNB,TAM@GNB,Fanatics,player_tds_over,Kaleb Johnson,Over,2.5,6000,2026-10-04 17:00:00+00:00,2026-10-04 13:00:00-04:00,2026-10-04,GB,4.0
209056,99a9bae4dc0dc2590496bd3102b211f2,2026-09-29 07:36:51 EDT,2026-10-04,TAM,GNB,TAM@GNB,Fanatics,player_tds_over,Matthew Golden,Over,2.5,9000,2026-10-04 17:00:00+00:00,2026-10-04 13:00:00-04:00,2026-10-04,GB,4.0
209057,99a9bae4dc0dc2590496bd3102b211f2,2026-09-29 07:36:51 EDT,2026-10-04,TAM,GNB,TAM@GNB,Fanatics,player_tds_over,J. Michael Sturdivant,Over,2.5,50000,2026-10-04 17:00:00+00:00,2026-10-04 13:00:00-04:00,2026-10-04,GB,4.0
209058,1b4f2e60ce83fa1d63a5dff83769d27c,2026-09-29 07:36:51 EDT,2026-10-04,PHI,LAR,PHI@LAR,Fanatics,player_tds_over,Saquon Barkley,Over,1.5,575,2026-10-04 17:00:00+00:00,2026-10-04 13:00:00-04:00,2026-10-04,PHI,4.0
209059,1b4f2e60ce83fa1d63a5dff83769d27c,2026-09-29 07:36:51 EDT,2026-10-04,PHI,LAR,PHI@LAR,Fanatics,player_tds_over,Johnny Mundt,Over,1.5,6000,2026-10-04 17:00:00+00:00,2026-10-04 13:00:00-04:00,2026-10-04,PHI,4.0
209060,1b4f2e60ce83fa1d63a5dff83769d27c,2026-09-29 07:36:51 EDT,2026-10-04,PHI,LAR,PHI@LAR,Fanatics,player_tds_over,Jalen Hurts,Over,1.5,1000,2026-10-04 17:00:00+00:00,2026-10-04 13:00:00-04:00,2026-10-04,PHI,4.0
209061,1b4f2e60ce83fa1d63a5dff83769d27c,2026-09-29 07:36:51 EDT,2026-10-04,PHI,LAR,PHI@LAR,Fanatics,player_tds_over,DeVonta Smith,Over,1.5,900,2026-10-04 17:00:00+00:00,2026-10-04 13:00:00-04:00,2026-10-04,CAR,4.0
209062,1b4f2e60ce83fa1d63a5dff83769d27c,2026-09-29 07:36:51 EDT,2026-10-04,PHI,LAR,PHI@LAR,Fanatics,player_tds_over,Elijah Moore,Over,1.5,25000,2026-10-04 17:00:00+00:00,2026-10-04 13:00:00-04:00,2026-10-04,PHI,4.0
209063,1b4f2e60ce83fa1d63a5dff83769d27c,2026-09-29 07:36:51 EDT,2026-10-04,PHI,LAR,PHI@LAR,Fanatics,player_tds_over,Britain Covey,Over,1.5,20000,2026-10-04 17:00:00+00:00,2026-10-04 13:00:00-04:00,2026-10-04,PHI,4.0
209064,1b4f2e60ce83fa1d63a5dff83769d27c,2026-09-29 07:36:51 EDT,2026-10-04,PHI,LAR,PHI@LAR,Fanatics,player_tds_over,E.J. Jenkins,Over,1.5,15000,2026-10-04 17:00:00+00:00,2026-10-04 13:00:00-04:00,2026-10-04,PHI,4.0
209065,1b4f2e60ce83fa1d63a5dff83769d27c,2026-09-29 07:36:51 EDT,2026-10-04,PHI,LAR,PHI@LAR,Fanatics,player_tds_over,Tank Bigsby,Over,1.5,6000,2026-10-04 17:00:00+00:00,2026-10-04 13:00:00-04:00,2026-10-04,PHI,4.0
209066,1b4f2e60ce83fa1d63a5dff83769d27c,2026-09-29 07:36:51 EDT,2026-10-04,PHI,LAR,PHI@LAR,Fanatics,player_tds_over,Dontayvion Wicks,Over,1.5,2200,2026-10-04 17:00:00+00:00,2026-10-04 13:00:00-04:00,2026-10-04,PHI,4.0
209067,1b4f2e60ce83fa1d63a5dff83769d27c,2026-09-29 07:36:51 EDT,2026-10-04,PHI,LAR,PHI@LAR,Fanatics,player_tds_over,Will Shipley,Over,1.5,10000,2026-10-04 17:00:00+00:00,2026-10-04 13:00:00-04:00,2026-10-04,PHI,4.0
209068,1b4f2e60ce83fa1d63a5dff83769d27c,2026-09-29 07:36:51 EDT,2026-10-04,PHI,LAR,PHI@LAR,Fanatics,player_tds_over,Darius Cooper,Over,1.5,20000,2026-10-04 17:00:00+00:00,2026-10-04 13:00:00-04:00,2026-10-04,PHI,4.0
209069,1b4f2e60ce83fa1d63a5dff83769d27c,2026-09-29 07:36:51 EDT,2026-10-04,PHI,LAR,PHI@LAR,Fanatics,player_tds_over,Makai Lemon,Over,1.5,3500,2026-10-04 17:00:00+00:00,2026-10-04 13:00:00-04:00,2026-10-04,PHI,4.0
209070,1b4f2e60ce83fa1d63a5dff83769d27c,2026-09-29 07:36:51 EDT,2026-10-04,PHI,LAR,PHI@LAR,Fanatics,player_tds_over,Davante Adams,Over,1.5,440,2026-10-04 17:00:00+00:00,2026-10-04 13:00:00-04:00,2026-10-04,LAR,4.0
209071,1b4f2e60ce83fa1d63a5dff83769d27c,2026-09-29 07:36:51 EDT,2026-10-04,PHI,LAR,PHI@LAR,Fanatics,player_tds_over,Tyler Higbee,Over,1.5,4500,2026-10-04 17:00:00+00:00,2026-10-04 13:00:00-04:00,2026-10-04,LAR,4.0
209072,1b4f2e60ce83fa1d63a5dff83769d27c,2026-09-29 07:36:51 EDT,2026-10-04,PHI,LAR,PHI@LAR,Fanatics,player_tds_over,Colby Parkinson,Over,1.5,1500,2026-10-04 17:00:00+00:00,2026-10-04 13:00:00-04:00,2026-10-04,LAR,4.0
209073,1b4f2e60ce83fa1d63a5dff83769d27c,2026-09-29 07:36:51 EDT,2026-10-04,PHI,LAR,PHI@LAR,Fanatics,player_tds_over,Tutu Atwell,Over,1.5,15000,2026-10-04 17:00:00+00:00,2026-10-04 13:00:00-04:00,2026-10-04,LAR,4.0
209074,1b4f2e60ce83fa1d63a5dff83769d27c,2026-09-29 07:36:51 EDT,2026-10-04,PHI,LAR,PHI@LAR,Fanatics,player_tds_over,Kyren Williams,Over,1.5,575,2026-10-04 17:00:00+00:00,2026-10-04 13:00:00-04:00,2026-10-04,LAR,4.0
209075,1b4f2e60ce83fa1d63a5dff83769d27c,2026-09-29 07:36:51 EDT,2026-10-04,PHI,LAR,PHI@LAR,Fanatics,player_tds_over,Puka Nacua,Over,1.5,550,2026-10-04 17:00:00+00:00,2026-10-04 13:00:00-04:00,2026-10-04,LAR,4.0
209076,1b4f2e60ce83fa1d63a5dff83769d27c,2026-09-29 07:36:51 EDT,2026-10-04,PHI,LAR,PHI@LAR,Fanatics,player_tds_over,Xavier Smith,Over,1.5,10000,2026-10-04 17:00:00+00:00,2026-10-04 13:00:00-04:00,2026-10-04,LAR,4.0
209077,1b4f2e60ce83fa1d63a5dff83769d27c,2026-09-29 07:36:51 EDT,2026-10-04,PHI,LAR,PHI@LAR,Fanatics,player_tds_over,Davis Allen,Over,1.5,7000,2026-10-04 17:00:00+00:00,2026-10-04 13:00:00-04:00,2026-10-04,LAR,4.0
209078,1b4f2e60ce83fa1d63a5dff83769d27c,2026-09-29 07:36:51 EDT,2026-10-04,PHI,LAR,PHI@LAR,Fanatics,player_tds_over,Blake Corum,Over,1.5,950,2026-10-04 17:00:00+00:00,2026-10-04 13:00:00-04:00,2026-10-04,LAR,4.0
209079,1b4f2e60ce83fa1d63a5dff83769d27c,2026-09-29 07:36:51 EDT,2026-10-04,PHI,LAR,PHI@LAR,Fanatics,player_tds_over,Jordan Whittington,Over,1.5,5000,2026-10-04 17:00:00+00:00,2026-10-04 13:00:00-04:00,2026-10-04,LAR,4.0
209080,1b4f2e60ce83fa1d63a5dff83769d27c,2026-09-29 07:36:51 EDT,2026-10-04,PHI,LAR,PHI@LAR,Fanatics,player_tds_over,Konata Mumpfield,Over,1.5,2200,2026-10-04 17:00:00+00:00,2026-10-04 13:00:00-04:00,2026-10-04,LAR,4.0
209081,1b4f2e60ce83fa1d63a5dff83769d27c,2026-09-29 07:36:51 EDT,2026-10-04,PHI,LAR,PHI@LAR,Fanatics,player_tds_over,Max Klare,Over,1.5,10000,2026-10-04 17:00:00+00:00,2026-10-04 13:00:00-04:00,2026-10-04,LAR,4.0
209082,1b4f2e60ce83fa1d63a5dff83769d27c,2026-09-29 07:36:51 EDT,2026-10-04,PHI,LAR,PHI@LAR,Fanatics,player_tds_over,CJ Daniels,Over,1.5,12000,2026-10-04 17:00:00+00:00,2026-10-04 13:00:00-04:00,2026-10-04,LAR,4.0
209083,1b4f2e60ce83fa1d63a5dff83769d27c,2026-09-29 07:36:51 EDT,2026-10-04,PHI,LAR,PHI@LAR,Fanatics,player_tds_over,Zach Ertz,Over,1.5,4000,2026-10-04 17:00:00+00:00,2026-10-04 13:00:00-04:00,2026-10-04,,4.0
209084,1b4f2e60ce83fa1d63a5dff83769d27c,2026-09-29 07:36:51 EDT,2026-10-04,PHI,LAR,PHI@LAR,Fanatics,player_tds_over,Saquon Barkley,Over,2.5,2500,2026-10-04 17:00:00+00:00,2026-10-04 13:00:00-04:00,2026-10-04,PHI,4.0
209085,1b4f2e60ce83fa1d63a5dff83769d27c,2026-09-29 07:36:51 EDT,2026-10-04,PHI,LAR,PHI@LAR,Fanatics,player_tds_over,Jalen Hurts,Over,2.5,5000,2026-10-04 17:00:00+00:00,2026-10-04 13:00:00-04:00,2026-10-04,PHI,4.0
209086,1b4f2e60ce83fa1d63a5dff83769d27c,2026-09-29 07:36:51 EDT,2026-10-04,PHI,LAR,PHI@LAR,Fanatics,player_tds_over,DeVonta Smith,Over,2.5,5000,2026-10-04 17:00:00+00:00,2026-10-04 13:00:00-04:00,2026-10-04,CAR,4.0
209087,1b4f2e60ce83fa1d63a5dff83769d27c,2026-09-29 07:36:51 EDT,2026-10-04,PHI,LAR,PHI@LAR,Fanatics,player_tds_over,Tank Bigsby,Over,2.5,50000,2026-10-04 17:00:00+00:00,2026-10-04 13:00:00-04:00,2026-10-04,PHI,4.0
209088,1b4f2e60ce83fa1d63a5dff83769d27c,2026-09-29 07:36:51 EDT,2026-10-04,PHI,LAR,PHI@LAR,Fanatics,player_tds_over,Dontayvion Wicks,Over,2.5,20000,2026-10-04 17:00:00+00:00,2026-10-04 13:00:00-04:00,2026-10-04,PHI,4.0
209089,1b4f2e60ce83fa1d63a5dff83769d27c,2026-09-29 07:36:51 EDT,2026-10-04,PHI,LAR,PHI@LAR,Fanatics,player_tds_over,Makai Lemon,Over,2.5,50000,2026-10-04 17:00:00+00:00,2026-10-04 13:00:00-04:00,2026-10-04,PHI,4.0
209090,1b4f2e60ce83fa1d63a5dff83769d27c,2026-09-29 07:36:51 EDT,2026-10-04,PHI,LAR,PHI@LAR,Fanatics,player_tds_over,Davante Adams,Over,2.5,2000,2026-10-04 17:00:00+00:00,2026-10-04 13:00:00-04:00,2026-10-04,LAR,4.0
209091,1b4f2e60ce83fa1d63a5dff83769d27c,2026-09-29 07:36:51 EDT,2026-10-04,PHI,LAR,PHI@LAR,Fanatics,player_tds_over,Tyler Higbee,Over,2.5,25000,2026-10-04 17:00:00+00:00,2026-10-04 13:00:00-04:00,2026-10-04,LAR,4.0
209092,1b4f2e60ce83fa1d63a5dff83769d27c,2026-09-29 07:36:51 EDT,2026-10-04,PHI,LAR,PHI@LAR,Fanatics,player_tds_over,Colby Parkinson,Over,2.5,9000,2026-10-04 17:00:00+00:00,2026-10-04 13:00:00-04:00,2026-10-04,LAR,4.0
209093,1b4f2e60ce83fa1d63a5dff83769d27c,2026-09-29 07:36:51 EDT,2026-10-04,PHI,LAR,PHI@LAR,Fanatics,player_tds_over,Kyren Williams,Over,2.5,2800,2026-10-04 17:00:00+00:00,2026-10-04 13:00:00-04:00,2026-10-04,LAR,4.0
209094,1b4f2e60ce83fa1d63a5dff83769d27c,2026-09-29 07:36:51 EDT,2026-10-04,PHI,LAR,PHI@LAR,Fanatics,player_tds_over,Puka Nacua,Over,2.5,2800,2026-10-04 17:00:00+00:00,2026-10-04 13:00:00-04:00,2026-10-04,LAR,4.0
209095,1b4f2e60ce83fa1d63a5dff83769d27c,2026-09-29 07:36:51 EDT,2026-10-04,PHI,LAR,PHI@LAR,Fanatics,player_tds_over,Blake Corum,Over,2.5,5000,2026-10-04 17:00:00+00:00,2026-10-04 13:00:00-04:00,2026-10-04,LAR,4.0
209096,1b4f2e60ce83fa1d63a5dff83769d27c,2026-09-29 07:36:51 EDT,2026-10-04,PHI,LAR,PHI@LAR,Fanatics,player_tds_over,Konata Mumpfield,Over,2.5,20000,2026-10-04 17:00:00+00:00,2026-10-04 13:00:00-04:00,2026-10-04,LAR,4.0
209097,1b4f2e60ce83fa1d63a5dff83769d27c,2026-09-29 07:36:51 EDT,2026-10-04,PHI,LAR,PHI@LAR,Fanatics,player_tds_over,Zach Ertz,Over,2.5,40000,2026-10-04 17:00:00+00:00,2026-10-04 13:00:00-04:00,2026-10-04,,4.0
209098,c327223d76a3b7b0db8c6c104442f44b,2026-09-29 07:36:51 EDT,2026-10-04,MIN,MIA,MIN@MIA,Caesars,player_tds_over,Aaron Jones,Over,1.5,425,2026-10-04 20:05:00+00:00,2026-10-04 16:05:00-04:00,2026-10-04,MIN,4.0
209099,c327223d76a3b7b0db8c6c104442f44b,2026-09-29 07:36:51 EDT,2026-10-04,MIN,MIA,MIN@MIA,Caesars,player_tds_over,Aaron Jones,Over,2.5,2100,2026-10-04 20:05:00+00:00,2026-10-04 16:05:00-04:00,2026-10-04,MIN,4.0
209100,c327223d76a3b7b0db8c6c104442f44b,2026-09-29 07:36:51 EDT,2026-10-04,MIN,MIA,MIN@MIA,Caesars,player_tds_over,Aaron Jones,Over,3.5,12500,2026-10-04 20:05:00+00:00,2026-10-04 16:05:00-04:00,2026-10-04,MIN,4.0
209101,c327223d76a3b7b0db8c6c104442f44b,2026-09-29 07:36:51 EDT,2026-10-04,MIN,MIA,MIN@MIA,BetOnline.ag,player_tds_over,Aaron Jones,Over,0.5,-125,2026-10-04 20:05:00+00:00,2026-10-04 16:05:00-04:00,2026-10-04,MIN,4.0
209102,c327223d76a3b7b0db8c6c104442f44b,2026-09-29 07:36:51 EDT,2026-10-04,MIN,MIA,MIN@MIA,BetOnline.ag,player_tds_over,Aaron Jones,Over,2.5,2100,2026-10-04 20:05:00+00:00,2026-10-04 16:05:00-04:00,2026-10-04,MIN,4.0
209103,c327223d76a3b7b0db8c6c104442f44b,2026-09-29 07:36:51 EDT,2026-10-04,MIN,MIA,MIN@MIA,BetOnline.ag,player_tds_over,Aaron Jones,Over,1.5,400,2026-10-04 20:05:00+00:00,2026-10-04 16:05:00-04:00,2026-10-04,MIN,4.0
209104,c327223d76a3b7b0db8c6c104442f44b,2026-09-29 07:36:51 EDT,2026-10-04,MIN,MIA,MIN@MIA,Fanatics,player_tds_over,Aaron Jones,Over,1.5,410,2026-10-04 20:05:00+00:00,2026-10-04 16:05:00-04:00,2026-10-04,MIN,4.0
209105,c327223d76a3b7b0db8c6c104442f44b,2026-09-29 07:36:51 EDT,2026-10-04,MIN,MIA,MIN@MIA,Fanatics,player_tds_over,Kyler Murray,Over,1.5,2500,2026-10-04 20:05:00+00:00,2026-10-04 16:05:00-04:00,2026-10-04,MIN,4.0
209106,c327223d76a3b7b0db8c6c104442f44b,2026-09-29 07:36:51 EDT,2026-10-04,MIN,MIA,MIN@MIA,Fanatics,player_tds_over,TJ Hockenson,Over,1.5,900,2026-10-04 20:05:00+00:00,2026-10-04 16:05:00-04:00,2026-10-04,MIN,4.0
209107,c327223d76a3b7b0db8c6c104442f44b,2026-09-29 07:36:51 EDT,2026-10-04,MIN,MIA,MIN@MIA,Fanatics,player_tds_over,Jauan Jennings,Over,1.5,1300,2026-10-04 20:05:00+00:00,2026-10-04 16:05:00-04:00,2026-10-04,MIN,4.0
209108,c327223d76a3b7b0db8c6c104442f44b,2026-09-29 07:36:51 EDT,2026-10-04,MIN,MIA,MIN@MIA,Fanatics,player_tds_over,Justin Jefferson,Over,1.5,750,2026-10-04 20:05:00+00:00,2026-10-04 16:05:00-04:00,2026-10-04,MIN,4.0
209109,c327223d76a3b7b0db8c6c104442f44b,2026-09-29 07:36:51 EDT,2026-10-04,MIN,MIA,MIN@MIA,Fanatics,player_tds_over,Jordan Addison,Over,1.5,340,2026-10-04 20:05:00+00:00,2026-10-04 16:05:00-04:00,2026-10-04,MIN,4.0
209110,c327223d76a3b7b0db8c6c104442f44b,2026-09-29 07:36:51 EDT,2026-10-04,MIN,MIA,MIN@MIA,Fanatics,player_tds_over,Tai Felton,Over,1.5,9000,2026-10-04 20:05:00+00:00,2026-10-04 16:05:00-04:00,2026-10-04,MIN,4.0
209111,c327223d76a3b7b0db8c6c104442f44b,2026-09-29 07:36:51 EDT,2026-10-04,MIN,MIA,MIN@MIA,Fanatics,player_tds_over,Gavin Bartholomew,Over,1.5,9000,2026-10-04 20:05:00+00:00,2026-10-04 16:05:00-04:00,2026-10-04,MIN,4.0
209112,c327223d76a3b7b0db8c6c104442f44b,2026-09-29 07:36:51 EDT,2026-10-04,MIN,MIA,MIN@MIA,Fanatics,player_tds_over,Myles Price,Over,1.5,9000,2026-10-04 20:05:00+00:00,2026-10-04 16:05:00-04:00,2026-10-04,MIN,4.0
209113,c327223d76a3b7b0db8c6c104442f44b,2026-09-29 07:36:51 EDT,2026-10-04,MIN,MIA,MIN@MIA,Fanatics,player_tds_over,Max Bredeson,Over,1.5,25000,2026-10-04 20:05:00+00:00,2026-10-04 16:05:00-04:00,2026-10-04,MIN,4.0
209114,c327223d76a3b7b0db8c6c104442f44b,2026-09-29 07:36:51 EDT,2026-10-04,MIN,MIA,MIN@MIA,Fanatics,player_tds_over,Demond Claiborne,Over,1.5,3500,2026-10-04 20:05:00+00:00,2026-10-04 16:05:00-04:00,2026-10-04,MIN,4.0
209115,c327223d76a3b7b0db8c6c104442f44b,2026-09-29 07:36:51 EDT,2026-10-04,MIN,MIA,MIN@MIA,Fanatics,player_tds_over,Malik Willis,Over,1.5,2800,2026-10-04 20:05:00+00:00,2026-10-04 16:05:00-04:00,2026-10-04,MIA,4.0
209116,c327223d76a3b7b0db8c6c104442f44b,2026-09-29 07:36:51 EDT,2026-10-04,MIN,MIA,MIN@MIA,Fanatics,player_tds_over,Greg Dulcich,Over,1.5,2200,2026-10-04 20:05:00+00:00,2026-10-04 16:05:00-04:00,2026-10-04,MIA,4.0
209117,c327223d76a3b7b0db8c6c104442f44b,2026-09-29 07:36:51 EDT,2026-10-04,MIN,MIA,MIN@MIA,Fanatics,player_tds_over,Jalen Tolbert,Over,1.5,8000,2026-10-04 20:05:00+00:00,2026-10-04 16:05:00-04:00,2026-10-04,MIA,4.0
209118,c327223d76a3b7b0db8c6c104442f44b,2026-09-29 07:36:51 EDT,2026-10-04,MIN,MIA,MIN@MIA,Fanatics,player_tds_over,Ryan Miller,Over,1.5,9000,2026-10-04 20:05:00+00:00,2026-10-04 16:05:00-04:00,2026-10-04,MIA,4.0
209119,c327223d76a3b7b0db8c6c104442f44b,2026-09-29 07:36:51 EDT,2026-10-04,MIN,MIA,MIN@MIA,Fanatics,player_tds_over,Jaylen Wright,Over,1.5,1100,2026-10-04 20:05:00+00:00,2026-10-04 16:05:00-04:00,2026-10-04,MIA,4.0
209120,c327223d76a3b7b0db8c6c104442f44b,2026-09-29 07:36:51 EDT,2026-10-04,MIN,MIA,MIN@MIA,Fanatics,player_tds_over,Malik Washington,Over,1.5,1300,2026-10-04 20:05:00+00:00,2026-10-04 16:05:00-04:00,2026-10-04,MIA,4.0
209121,c327223d76a3b7b0db8c6c104442f44b,2026-09-29 07:36:51 EDT,2026-10-04,MIN,MIA,MIN@MIA,Fanatics,player_tds_over,Ollie Gordon,Over,1.5,1100,2026-10-04 20:05:00+00:00,2026-10-04 16:05:00-04:00,2026-10-04,MIA,4.0
209122,c327223d76a3b7b0db8c6c104442f44b,2026-09-29 07:36:51 EDT,2026-10-04,MIN,MIA,MIN@MIA,Fanatics,player_tds_over,Caleb Douglas,Over,1.5,3000,2026-10-04 20:05:00+00:00,2026-10-04 16:05:00-04:00,2026-10-04,MIA,4.0
209123,c327223d76a3b7b0db8c6c104442f44b,2026-09-29 07:36:51 EDT,2026-10-04,MIN,MIA,MIN@MIA,Fanatics,player_tds_over,Chris Bell,Over,1.5,1700,2026-10-04 20:05:00+00:00,2026-10-04 16:05:00-04:00,2026-10-04,MIA,4.0
209124,c327223d76a3b7b0db8c6c104442f44b,2026-09-29 07:36:51 EDT,2026-10-04,MIN,MIA,MIN@MIA,Fanatics,player_tds_over,Justin Joly,Over,1.5,30000,2026-10-04 20:05:00+00:00,2026-10-04 16:05:00-04:00,2026-10-04,MIA,4.0
209125,c327223d76a3b7b0db8c6c104442f44b,2026-09-29 07:36:51 EDT,2026-10-04,MIN,MIA,MIN@MIA,Fanatics,player_tds_over,Seydou Traore,Over,1.5,25000,2026-10-04 20:05:00+00:00,2026-10-04 16:05:00-04:00,2026-10-04,MIA,4.0
209126,c327223d76a3b7b0db8c6c104442f44b,2026-09-29 07:36:51 EDT,2026-10-04,MIN,MIA,MIN@MIA,Fanatics,player_tds_over,DJ Herman,Over,1.5,15000,2026-10-04 20:05:00+00:00,2026-10-04 16:05:00-04:00,2026-10-04,MIA,4.0
209127,c327223d76a3b7b0db8c6c104442f44b,2026-09-29 07:36:51 EDT,2026-10-04,MIN,MIA,MIN@MIA,Fanatics,player_tds_over,Will Kacmarek,Over,1.5,12000,2026-10-04 20:05:00+00:00,2026-10-04 16:05:00-04:00,2026-10-04,MIA,4.0
209128,c327223d76a3b7b0db8c6c104442f44b,2026-09-29 07:36:51 EDT,2026-10-04,MIN,MIA,MIN@MIA,Fanatics,player_tds_over,Kevin Coleman,Over,1.5,9000,2026-10-04 20:05:00+00:00,2026-10-04 16:05:00-04:00,2026-10-04,MIA,4.0
209129,c327223d76a3b7b0db8c6c104442f44b,2026-09-29 07:36:51 EDT,2026-10-04,MIN,MIA,MIN@MIA,Fanatics,player_tds_over,Jarquez Hunter,Over,1.5,6000,2026-10-04 20:05:00+00:00,2026-10-04 16:05:00-04:00,2026-10-04,MIA,4.0
209130,c327223d76a3b7b0db8c6c104442f44b,2026-09-29 07:36:51 EDT,2026-10-04,MIN,MIA,MIN@MIA,Fanatics,player_tds_over,Aaron Jones,Over,2.5,1800,2026-10-04 20:05:00+00:00,2026-10-04 16:05:00-04:00,2026-10-04,MIN,4.0
209131,c327223d76a3b7b0db8c6c104442f44b,2026-09-29 07:36:51 EDT,2026-10-04,MIN,MIA,MIN@MIA,Fanatics,player_tds_over,Kyler Murray,Over,2.5,20000,2026-10-04 20:05:00+00:00,2026-10-04 16:05:00-04:00,2026-10-04,MIN,4.0
209132,c327223d76a3b7b0db8c6c104442f44b,2026-09-29 07:36:51 EDT,2026-10-04,MIN,MIA,MIN@MIA,Fanatics,player_tds_over,TJ Hockenson,Over,2.5,6000,2026-10-04 20:05:00+00:00,2026-10-04 16:05:00-04:00,2026-10-04,MIN,4.0
209133,c327223d76a3b7b0db8c6c104442f44b,2026-09-29 07:36:51 EDT,2026-10-04,MIN,MIA,MIN@MIA,Fanatics,player_tds_over,Jauan Jennings,Over,2.5,8000,2026-10-04 20:05:00+00:00,2026-10-04 16:05:00-04:00,2026-10-04,MIN,4.0
209134,c327223d76a3b7b0db8c6c104442f44b,2026-09-29 07:36:51 EDT,2026-10-04,MIN,MIA,MIN@MIA,Fanatics,player_tds_over,Justin Jefferson,Over,2.5,4000,2026-10-04 20:05:00+00:00,2026-10-04 16:05:00-04:00,2026-10-04,MIN,4.0
209135,c327223d76a3b7b0db8c6c104442f44b,2026-09-29 07:36:51 EDT,2026-10-04,MIN,MIA,MIN@MIA,Fanatics,player_tds_over,Jordan Addison,Over,2.5,1500,2026-10-04 20:05:00+00:00,2026-10-04 16:05:00-04:00,2026-10-04,MIN,4.0
209136,c327223d76a3b7b0db8c6c104442f44b,2026-09-29 07:36:51 EDT,2026-10-04,MIN,MIA,MIN@MIA,Fanatics,player_tds_over,Demond Claiborne,Over,2.5,50000,2026-10-04 20:05:00+00:00,2026-10-04 16:05:00-04:00,2026-10-04,MIN,4.0
209137,c327223d76a3b7b0db8c6c104442f44b,2026-09-29 07:36:51 EDT,2026-10-04,MIN,MIA,MIN@MIA,Fanatics,player_tds_over,Malik Willis,Over,2.5,20000,2026-10-04 20:05:00+00:00,2026-10-04 16:05:00-04:00,2026-10-04,MIA,4.0
209138,c327223d76a3b7b0db8c6c104442f44b,2026-09-29 07:36:51 EDT,2026-10-04,MIN,MIA,MIN@MIA,Fanatics,player_tds_over,Greg Dulcich,Over,2.5,12000,2026-10-04 20:05:00+00:00,2026-10-04 16:05:00-04:00,2026-10-04,MIA,4.0
209139,c327223d76a3b7b0db8c6c104442f44b,2026-09-29 07:36:51 EDT,2026-10-04,MIN,MIA,MIN@MIA,Fanatics,player_tds_over,Jalen Tolbert,Over,2.5,50000,2026-10-04 20:05:00+00:00,2026-10-04 16:05:00-04:00,2026-10-04,MIA,4.0
209140,c327223d76a3b7b0db8c6c104442f44b,2026-09-29 07:36:51 EDT,2026-10-04,MIN,MIA,MIN@MIA,Fanatics,player_tds_over,Jaylen Wright,Over,2.5,7000,2026-10-04 20:05:00+00:00,2026-10-04 16:05:00-04:00,2026-10-04,MIA,4.0
209141,c327223d76a3b7b0db8c6c104442f44b,2026-09-29 07:36:51 EDT,2026-10-04,MIN,MIA,MIN@MIA,Fanatics,player_tds_over,Malik Washington,Over,2.5,8000,2026-10-04 20:05:00+00:00,2026-10-04 16:05:00-04:00,2026-10-04,MIA,4.0
209142,c327223d76a3b7b0db8c6c104442f44b,2026-09-29 07:36:51 EDT,2026-10-04,MIN,MIA,MIN@MIA,Fanatics,player_tds_over,Ollie Gordon,Over,2.5,6000,2026-10-04 20:05:00+00:00,2026-10-04 16:05:00-04:00,2026-10-04,MIA,4.0
209143,c327223d76a3b7b0db8c6c104442f44b,2026-09-29 07:36:51 EDT,2026-10-04,MIN,MIA,MIN@MIA,Fanatics,player_tds_over,Caleb Douglas,Over,2.5,20000,2026-10-04 20:05:00+00:00,2026-10-04 16:05:00-04:00,2026-10-04,MIA,4.0
209144,c327223d76a3b7b0db8c6c104442f44b,2026-09-29 07:36:51 EDT,2026-10-04,MIN,MIA,MIN@MIA,Fanatics,player_tds_over,Chris Bell,Over,2.5,10000,2026-10-04 20:05:00+00:00,2026-10-04 16:05:00-04:00,2026-10-04,MIA,4.0
209145,c327223d76a3b7b0db8c6c104442f44b,2026-09-29 07:36:51 EDT,2026-10-04,MIN,MIA,MIN@MIA,Fanatics,player_tds_over,Jarquez Hunter,Over,2.5,30000,2026-10-04 20:05:00+00:00,2026-10-04 16:05:00-04:00,2026-10-04,MIA,4.0
209146,a7e7efb75a9792ac63480ae6328dca18,2026-09-29 07:36:51 EDT,2026-10-04,SFO,DEN,SFO@DEN,Caesars,player_tds_over,Christian McCaffrey,Over,1.5,205,2026-10-04 20:25:00+00:00,2026-10-04 16:25:00-04:00,2026-10-04,SF,4.0
209147,a7e7efb75a9792ac63480ae6328dca18,2026-09-29 07:36:51 EDT,2026-10-04,SFO,DEN,SFO@DEN,Caesars,player_tds_over,JK Dobbins,Over,1.5,600,2026-10-04 20:25:00+00:00,2026-10-04 16:25:00-04:00,2026-10-04,DEN,4.0
209148,a7e7efb75a9792ac63480ae6328dca18,2026-09-29 07:36:51 EDT,2026-10-04,SFO,DEN,SFO@DEN,Caesars,player_tds_over,Jaylen Waddle,Over,1.5,1300,2026-10-04 20:25:00+00:00,2026-10-04 16:25:00-04:00,2026-10-04,DEN,4.0
209149,a7e7efb75a9792ac63480ae6328dca18,2026-09-29 07:36:51 EDT,2026-10-04,SFO,DEN,SFO@DEN,Caesars,player_tds_over,RJ Harvey,Over,1.5,1300,2026-10-04 20:25:00+00:00,2026-10-04 16:25:00-04:00,2026-10-04,DEN,4.0
209150,a7e7efb75a9792ac63480ae6328dca18,2026-09-29 07:36:51 EDT,2026-10-04,SFO,DEN,SFO@DEN,Caesars,player_tds_over,Christian McCaffrey,Over,2.5,700,2026-10-04 20:25:00+00:00,2026-10-04 16:25:00-04:00,2026-10-04,SF,4.0
209151,a7e7efb75a9792ac63480ae6328dca18,2026-09-29 07:36:51 EDT,2026-10-04,SFO,DEN,SFO@DEN,Caesars,player_tds_over,JK Dobbins,Over,2.5,3300,2026-10-04 20:25:00+00:00,2026-10-04 16:25:00-04:00,2026-10-04,DEN,4.0
209152,a7e7efb75a9792ac63480ae6328dca18,2026-09-29 07:36:51 EDT,2026-10-04,SFO,DEN,SFO@DEN,Caesars,player_tds_over,Jaylen Waddle,Over,2.5,12500,2026-10-04 20:25:00+00:00,2026-10-04 16:25:00-04:00,2026-10-04,DEN,4.0
209153,a7e7efb75a9792ac63480ae6328dca18,2026-09-29 07:36:51 EDT,2026-10-04,SFO,DEN,SFO@DEN,Caesars,player_tds_over,RJ Harvey,Over,2.5,12500,2026-10-04 20:25:00+00:00,2026-10-04 16:25:00-04:00,2026-10-04,DEN,4.0
209154,a7e7efb75a9792ac63480ae6328dca18,2026-09-29 07:36:51 EDT,2026-10-04,SFO,DEN,SFO@DEN,Caesars,player_tds_over,Christian McCaffrey,Over,3.5,3000,2026-10-04 20:25:00+00:00,2026-10-04 16:25:00-04:00,2026-10-04,SF,4.0
209155,a7e7efb75a9792ac63480ae6328dca18,2026-09-29 07:36:51 EDT,2026-10-04,SFO,DEN,SFO@DEN,BetOnline.ag,player_tds_over,Christian McCaffrey,Over,1.5,150,2026-10-04 20:25:00+00:00,2026-10-04 16:25:00-04:00,2026-10-04,SF,4.0
209156,a7e7efb75a9792ac63480ae6328dca18,2026-09-29 07:36:51 EDT,2026-10-04,SFO,DEN,SFO@DEN,BetOnline.ag,player_tds_over,Christian McCaffrey,Over,2.5,900,2026-10-04 20:25:00+00:00,2026-10-04 16:25:00-04:00,2026-10-04,SF,4.0
209157,a7e7efb75a9792ac63480ae6328dca18,2026-09-29 07:36:51 EDT,2026-10-04,SFO,DEN,SFO@DEN,BetOnline.ag,player_tds_over,Christian McCaffrey,Over,0.5,-333,2026-10-04 20:25:00+00:00,2026-10-04 16:25:00-04:00,2026-10-04,SF,4.0
209158,a7e7efb75a9792ac63480ae6328dca18,2026-09-29 07:36:51 EDT,2026-10-04,SFO,DEN,SFO@DEN,BetOnline.ag,player_tds_over,JK Dobbins,Over,0.5,100,2026-10-04 20:25:00+00:00,2026-10-04 16:25:00-04:00,2026-10-04,DEN,4.0
209159,a7e7efb75a9792ac63480ae6328dca18,2026-09-29 07:36:51 EDT,2026-10-04,SFO,DEN,SFO@DEN,BetOnline.ag,player_tds_over,JK Dobbins,Over,2.5,2600,2026-10-04 20:25:00+00:00,2026-10-04 16:25:00-04:00,2026-10-04,DEN,4.0
209160,a7e7efb75a9792ac63480ae6328dca18,2026-09-29 07:36:51 EDT,2026-10-04,SFO,DEN,SFO@DEN,BetOnline.ag,player_tds_over,JK Dobbins,Over,1.5,500,2026-10-04 20:25:00+00:00,2026-10-04 16:25:00-04:00,2026-10-04,DEN,4.0
209161,a7e7efb75a9792ac63480ae6328dca18,2026-09-29 07:36:51 EDT,2026-10-04,SFO,DEN,SFO@DEN,BetOnline.ag,player_tds_over,RJ Harvey,Over,1.5,1000,2026-10-04 20:25:00+00:00,2026-10-04 16:25:00-04:00,2026-10-04,DEN,4.0
209162,a7e7efb75a9792ac63480ae6328dca18,2026-09-29 07:36:51 EDT,2026-10-04,SFO,DEN,SFO@DEN,BetOnline.ag,player_tds_over,RJ Harvey,Over,2.5,7400,2026-10-04 20:25:00+00:00,2026-10-04 16:25:00-04:00,2026-10-04,DEN,4.0
209163,a7e7efb75a9792ac63480ae6328dca18,2026-09-29 07:36:51 EDT,2026-10-04,SFO,DEN,SFO@DEN,BetOnline.ag,player_tds_over,RJ Harvey,Over,0.5,180,2026-10-04 20:25:00+00:00,2026-10-04 16:25:00-04:00,2026-10-04,DEN,4.0
209164,a7e7efb75a9792ac63480ae6328dca18,2026-09-29 07:36:51 EDT,2026-10-04,SFO,DEN,SFO@DEN,BetOnline.ag,player_tds_over,Jaylen Waddle,Over,1.5,1200,2026-10-04 20:25:00+00:00,2026-10-04 16:25:00-04:00,2026-10-04,DEN,4.0
209165,a7e7efb75a9792ac63480ae6328dca18,2026-09-29 07:36:51 EDT,2026-10-04,SFO,DEN,SFO@DEN,BetOnline.ag,player_tds_over,Jaylen Waddle,Over,2.5,8400,2026-10-04 20:25:00+00:00,2026-10-04 16:25:00-04:00,2026-10-04,DEN,4.0
209166,a7e7efb75a9792ac63480ae6328dca18,2026-09-29 07:36:51 EDT,2026-10-04,SFO,DEN,SFO@DEN,BetOnline.ag,player_tds_over,Jaylen Waddle,Over,0.5,200,2026-10-04 20:25:00+00:00,2026-10-04 16:25:00-04:00,2026-10-04,DEN,4.0
209167,a7e7efb75a9792ac63480ae6328dca18,2026-09-29 07:36:51 EDT,2026-10-04,SFO,DEN,SFO@DEN,Fanatics,player_tds_over,Christian McCaffrey,Over,1.5,310,2026-10-04 20:25:00+00:00,2026-10-04 16:25:00-04:00,2026-10-04,SF,4.0
209168,a7e7efb75a9792ac63480ae6328dca18,2026-09-29 07:36:51 EDT,2026-10-04,SFO,DEN,SFO@DEN,Fanatics,player_tds_over,Mike Evans,Over,1.5,1100,2026-10-04 20:25:00+00:00,2026-10-04 16:25:00-04:00,2026-10-04,SF,4.0
209169,a7e7efb75a9792ac63480ae6328dca18,2026-09-29 07:36:51 EDT,2026-10-04,SFO,DEN,SFO@DEN,Fanatics,player_tds_over,Khadarel Hodge,Over,1.5,3500,2026-10-04 20:25:00+00:00,2026-10-04 16:25:00-04:00,2026-10-04,SF,4.0
209170,a7e7efb75a9792ac63480ae6328dca18,2026-09-29 07:36:51 EDT,2026-10-04,SFO,DEN,SFO@DEN,Fanatics,player_tds_over,George Kittle,Over,1.5,950,2026-10-04 20:25:00+00:00,2026-10-04 16:25:00-04:00,2026-10-04,SF,4.0
209171,a7e7efb75a9792ac63480ae6328dca18,2026-09-29 07:36:51 EDT,2026-10-04,SFO,DEN,SFO@DEN,Fanatics,player_tds_over,Kyle Juszczyk,Over,1.5,15000,2026-10-04 20:25:00+00:00,2026-10-04 16:25:00-04:00,2026-10-04,SF,4.0
209172,a7e7efb75a9792ac63480ae6328dca18,2026-09-29 07:36:51 EDT,2026-10-04,SFO,DEN,SFO@DEN,Fanatics,player_tds_over,Deebo Samuel,Over,1.5,310,2026-10-04 20:25:00+00:00,2026-10-04 16:25:00-04:00,2026-10-04,SF,4.0
209173,a7e7efb75a9792ac63480ae6328dca18,2026-09-29 07:36:51 EDT,2026-10-04,SFO,DEN,SFO@DEN,Fanatics,player_tds_over,Luke Farrell,Over,1.5,12000,2026-10-04 20:25:00+00:00,2026-10-04 16:25:00-04:00,2026-10-04,SF,4.0
209174,a7e7efb75a9792ac63480ae6328dca18,2026-09-29 07:36:51 EDT,2026-10-04,SFO,DEN,SFO@DEN,Fanatics,player_tds_over,Brock Purdy,Over,1.5,4500,2026-10-04 20:25:00+00:00,2026-10-04 16:25:00-04:00,2026-10-04,SF,4.0
209175,a7e7efb75a9792ac63480ae6328dca18,2026-09-29 07:36:51 EDT,2026-10-04,SFO,DEN,SFO@DEN,Fanatics,player_tds_over,Brayden Willis,Over,1.5,25000,2026-10-04 20:25:00+00:00,2026-10-04 16:25:00-04:00,2026-10-04,SF,4.0
209176,a7e7efb75a9792ac63480ae6328dca18,2026-09-29 07:36:51 EDT,2026-10-04,SFO,DEN,SFO@DEN,Fanatics,player_tds_over,Jacob Cowing,Over,1.5,15000,2026-10-04 20:25:00+00:00,2026-10-04 16:25:00-04:00,2026-10-04,SF,4.0
209177,a7e7efb75a9792ac63480ae6328dca18,2026-09-29 07:36:51 EDT,2026-10-04,SFO,DEN,SFO@DEN,Fanatics,player_tds_over,James Jordan,Over,1.5,12000,2026-10-04 20:25:00+00:00,2026-10-04 16:25:00-04:00,2026-10-04,,4.0
209178,a7e7efb75a9792ac63480ae6328dca18,2026-09-29 07:36:51 EDT,2026-10-04,SFO,DEN,SFO@DEN,Fanatics,player_tds_over,Jordan Watkins,Over,1.5,1700,2026-10-04 20:25:00+00:00,2026-10-04 16:25:00-04:00,2026-10-04,SF,4.0
209179,a7e7efb75a9792ac63480ae6328dca18,2026-09-29 07:36:51 EDT,2026-10-04,SFO,DEN,SFO@DEN,Fanatics,player_tds_over,Kaelon Black,Over,1.5,1900,2026-10-04 20:25:00+00:00,2026-10-04 16:25:00-04:00,2026-10-04,SF,4.0
209180,a7e7efb75a9792ac63480ae6328dca18,2026-09-29 07:36:51 EDT,2026-10-04,SFO,DEN,SFO@DEN,Fanatics,player_tds_over,Courtland Sutton,Over,1.5,1900,2026-10-04 20:25:00+00:00,2026-10-04 16:25:00-04:00,2026-10-04,DEN,4.0
209181,a7e7efb75a9792ac63480ae6328dca18,2026-09-29 07:36:51 EDT,2026-10-04,SFO,DEN,SFO@DEN,Fanatics,player_tds_over,Evan Engram,Over,1.5,3000,2026-10-04 20:25:00+00:00,2026-10-04 16:25:00-04:00,2026-10-04,DEN,4.0
209182,a7e7efb75a9792ac63480ae6328dca18,2026-09-29 07:36:51 EDT,2026-10-04,SFO,DEN,SFO@DEN,Fanatics,player_tds_over,Lil'Jordan Humphrey,Over,1.5,20000,2026-10-04 20:25:00+00:00,2026-10-04 16:25:00-04:00,2026-10-04,DEN,4.0
209183,a7e7efb75a9792ac63480ae6328dca18,2026-09-29 07:36:51 EDT,2026-10-04,SFO,DEN,SFO@DEN,Fanatics,player_tds_over,JK Dobbins,Over,1.5,650,2026-10-04 20:25:00+00:00,2026-10-04 16:25:00-04:00,2026-10-04,DEN,4.0
209184,a7e7efb75a9792ac63480ae6328dca18,2026-09-29 07:36:51 EDT,2026-10-04,SFO,DEN,SFO@DEN,Fanatics,player_tds_over,Adam Trautman,Over,1.5,8000,2026-10-04 20:25:00+00:00,2026-10-04 16:25:00-04:00,2026-10-04,DEN,4.0
209185,a7e7efb75a9792ac63480ae6328dca18,2026-09-29 07:36:51 EDT,2026-10-04,SFO,DEN,SFO@DEN,Fanatics,player_tds_over,Jaylen Waddle,Over,1.5,1700,2026-10-04 20:25:00+00:00,2026-10-04 16:25:00-04:00,2026-10-04,DEN,4.0
209186,a7e7efb75a9792ac63480ae6328dca18,2026-09-29 07:36:51 EDT,2026-10-04,SFO,DEN,SFO@DEN,Fanatics,player_tds_over,Tyler Badie,Over,1.5,7000,2026-10-04 20:25:00+00:00,2026-10-04 16:25:00-04:00,2026-10-04,DEN,4.0
209187,a7e7efb75a9792ac63480ae6328dca18,2026-09-29 07:36:51 EDT,2026-10-04,SFO,DEN,SFO@DEN,Fanatics,player_tds_over,Nate Adkins,Over,1.5,20000,2026-10-04 20:25:00+00:00,2026-10-04 16:25:00-04:00,2026-10-04,DEN,4.0
209188,a7e7efb75a9792ac63480ae6328dca18,2026-09-29 07:36:51 EDT,2026-10-04,SFO,DEN,SFO@DEN,Fanatics,player_tds_over,Marvin Mims,Over,1.5,8000,2026-10-04 20:25:00+00:00,2026-10-04 16:25:00-04:00,2026-10-04,DEN,4.0
209189,a7e7efb75a9792ac63480ae6328dca18,2026-09-29 07:36:51 EDT,2026-10-04,SFO,DEN,SFO@DEN,Fanatics,player_tds_over,Bo Nix,Over,1.5,3000,2026-10-04 20:25:00+00:00,2026-10-04 16:25:00-04:00,2026-10-04,DEN,4.0
209190,a7e7efb75a9792ac63480ae6328dca18,2026-09-29 07:36:51 EDT,2026-10-04,SFO,DEN,SFO@DEN,Fanatics,player_tds_over,Troy Franklin,Over,1.5,6000,2026-10-04 20:25:00+00:00,2026-10-04 16:25:00-04:00,2026-10-04,DEN,4.0
209191,a7e7efb75a9792ac63480ae6328dca18,2026-09-29 07:36:51 EDT,2026-10-04,SFO,DEN,SFO@DEN,Fanatics,player_tds_over,RJ Harvey,Over,1.5,1100,2026-10-04 20:25:00+00:00,2026-10-04 16:25:00-04:00,2026-10-04,DEN,4.0
209192,a7e7efb75a9792ac63480ae6328dca18,2026-09-29 07:36:51 EDT,2026-10-04,SFO,DEN,SFO@DEN,Fanatics,player_tds_over,Pat Bryant,Over,1.5,4000,2026-10-04 20:25:00+00:00,2026-10-04 16:25:00-04:00,2026-10-04,DEN,4.0
209193,a7e7efb75a9792ac63480ae6328dca18,2026-09-29 07:36:51 EDT,2026-10-04,SFO,DEN,SFO@DEN,Fanatics,player_tds_over,Demarcus Robinson,Over,1.5,3500,2026-10-04 20:25:00+00:00,2026-10-04 16:25:00-04:00,2026-10-04,SF,4.0
209194,a7e7efb75a9792ac63480ae6328dca18,2026-09-29 07:36:51 EDT,2026-10-04,SFO,DEN,SFO@DEN,Fanatics,player_tds_over,Christian McCaffrey,Over,2.5,1400,2026-10-04 20:25:00+00:00,2026-10-04 16:25:00-04:00,2026-10-04,SF,4.0
209195,a7e7efb75a9792ac63480ae6328dca18,2026-09-29 07:36:51 EDT,2026-10-04,SFO,DEN,SFO@DEN,Fanatics,player_tds_over,Mike Evans,Over,2.5,7000,2026-10-04 20:25:00+00:00,2026-10-04 16:25:00-04:00,2026-10-04,SF,4.0
209196,a7e7efb75a9792ac63480ae6328dca18,2026-09-29 07:36:51 EDT,2026-10-04,SFO,DEN,SFO@DEN,Fanatics,player_tds_over,Khadarel Hodge,Over,2.5,40000,2026-10-04 20:25:00+00:00,2026-10-04 16:25:00-04:00,2026-10-04,SF,4.0
209197,a7e7efb75a9792ac63480ae6328dca18,2026-09-29 07:36:51 EDT,2026-10-04,SFO,DEN,SFO@DEN,Fanatics,player_tds_over,George Kittle,Over,2.5,5000,2026-10-04 20:25:00+00:00,2026-10-04 16:25:00-04:00,2026-10-04,SF,4.0
209198,a7e7efb75a9792ac63480ae6328dca18,2026-09-29 07:36:51 EDT,2026-10-04,SFO,DEN,SFO@DEN,Fanatics,player_tds_over,Deebo Samuel,Over,2.5,1300,2026-10-04 20:25:00+00:00,2026-10-04 16:25:00-04:00,2026-10-04,SF,4.0
209199,a7e7efb75a9792ac63480ae6328dca18,2026-09-29 07:36:51 EDT,2026-10-04,SFO,DEN,SFO@DEN,Fanatics,player_tds_over,Luke Farrell,Over,2.5,50000,2026-10-04 20:25:00+00:00,2026-10-04 16:25:00-04:00,2026-10-04,SF,4.0
209200,a7e7efb75a9792ac63480ae6328dca18,2026-09-29 07:36:51 EDT,2026-10-04,SFO,DEN,SFO@DEN,Fanatics,player_tds_over,Brock Purdy,Over,2.5,50000,2026-10-04 20:25:00+00:00,2026-10-04 16:25:00-04:00,2026-10-04,SF,4.0
209201,a7e7efb75a9792ac63480ae6328dca18,2026-09-29 07:36:51 EDT,2026-10-04,SFO,DEN,SFO@DEN,Fanatics,player_tds_over,Jordan Watkins,Over,2.5,12000,2026-10-04 20:25:00+00:00,2026-10-04 16:25:00-04:00,2026-10-04,SF,4.0
209202,a7e7efb75a9792ac63480ae6328dca18,2026-09-29 07:36:51 EDT,2026-10-04,SFO,DEN,SFO@DEN,Fanatics,player_tds_over,Kaelon Black,Over,2.5,15000,2026-10-04 20:25:00+00:00,2026-10-04 16:25:00-04:00,2026-10-04,SF,4.0
209203,a7e7efb75a9792ac63480ae6328dca18,2026-09-29 07:36:51 EDT,2026-10-04,SFO,DEN,SFO@DEN,Fanatics,player_tds_over,Courtland Sutton,Over,2.5,15000,2026-10-04 20:25:00+00:00,2026-10-04 16:25:00-04:00,2026-10-04,DEN,4.0
209204,a7e7efb75a9792ac63480ae6328dca18,2026-09-29 07:36:51 EDT,2026-10-04,SFO,DEN,SFO@DEN,Fanatics,player_tds_over,Evan Engram,Over,2.5,30000,2026-10-04 20:25:00+00:00,2026-10-04 16:25:00-04:00,2026-10-04,DEN,4.0
209205,a7e7efb75a9792ac63480ae6328dca18,2026-09-29 07:36:51 EDT,2026-10-04,SFO,DEN,SFO@DEN,Fanatics,player_tds_over,JK Dobbins,Over,2.5,3000,2026-10-04 20:25:00+00:00,2026-10-04 16:25:00-04:00,2026-10-04,DEN,4.0
209206,a7e7efb75a9792ac63480ae6328dca18,2026-09-29 07:36:51 EDT,2026-10-04,SFO,DEN,SFO@DEN,Fanatics,player_tds_over,Adam Trautman,Over,2.5,50000,2026-10-04 20:25:00+00:00,2026-10-04 16:25:00-04:00,2026-10-04,DEN,4.0
209207,a7e7efb75a9792ac63480ae6328dca18,2026-09-29 07:36:51 EDT,2026-10-04,SFO,DEN,SFO@DEN,Fanatics,player_tds_over,Jaylen Waddle,Over,2.5,10000,2026-10-04 20:25:00+00:00,2026-10-04 16:25:00-04:00,2026-10-04,DEN,4.0
209208,a7e7efb75a9792ac63480ae6328dca18,2026-09-29 07:36:51 EDT,2026-10-04,SFO,DEN,SFO@DEN,Fanatics,player_tds_over,Bo Nix,Over,2.5,20000,2026-10-04 20:25:00+00:00,2026-10-04 16:25:00-04:00,2026-10-04,DEN,4.0
209209,a7e7efb75a9792ac63480ae6328dca18,2026-09-29 07:36:51 EDT,2026-10-04,SFO,DEN,SFO@DEN,Fanatics,player_tds_over,Troy Franklin,Over,2.5,25000,2026-10-04 20:25:00+00:00,2026-10-04 16:25:00-04:00,2026-10-04,DEN,4.0
209210,a7e7efb75a9792ac63480ae6328dca18,2026-09-29 07:36:51 EDT,2026-10-04,SFO,DEN,SFO@DEN,Fanatics,player_tds_over,RJ Harvey,Over,2.5,6000,2026-10-04 20:25:00+00:00,2026-10-04 16:25:00-04:00,2026-10-04,DEN,4.0
209211,a7e7efb75a9792ac63480ae6328dca18,2026-09-29 07:36:51 EDT,2026-10-04,SFO,DEN,SFO@DEN,Fanatics,player_tds_over,Pat Bryant,Over,2.5,30000,2026-10-04 20:25:00+00:00,2026-10-04 16:25:00-04:00,2026-10-04,DEN,4.0
209212,a7e7efb75a9792ac63480ae6328dca18,2026-09-29 07:36:51 EDT,2026-10-04,SFO,DEN,SFO@DEN,Fanatics,player_tds_over,Demarcus Robinson,Over,2.5,40000,2026-10-04 20:25:00+00:00,2026-10-04 16:25:00-04:00,2026-10-04,SF,4.0
209213,e0cbd266dcf997089203a1b33ba0333d,2026-09-29 07:36:51 EDT,2026-10-04,LVR,KAN,LVR@KAN,DraftKings,player_pass_yds,Patrick Mahomes,Over,241.5,-111,2026-10-04 20:25:00+00:00,2026-10-04 16:25:00-04:00,2026-10-04,KC,4.0
209214,e0cbd266dcf997089203a1b33ba0333d,2026-09-29 07:36:51 EDT,2026-10-04,LVR,KAN,LVR@KAN,DraftKings,player_pass_yds,Patrick Mahomes,Under,241.5,-113,2026-10-04 20:25:00+00:00,2026-10-04 16:25:00-04:00,2026-10-04,KC,4.0
209215,e0cbd266dcf997089203a1b33ba0333d,2026-09-29 07:36:51 EDT,2026-10-04,LVR,KAN,LVR@KAN,DraftKings,player_pass_yds,Kirk Cousins,Over,227.5,-111,2026-10-04 20:25:00+00:00,2026-10-04 16:25:00-04:00,2026-10-04,LV,4.0
209216,e0cbd266dcf997089203a1b33ba0333d,2026-09-29 07:36:51 EDT,2026-10-04,LVR,KAN,LVR@KAN,DraftKings,player_pass_yds,Kirk Cousins,Under,227.5,-113,2026-10-04 20:25:00+00:00,2026-10-04 16:25:00-04:00,2026-10-04,LV,4.0
209217,e0cbd266dcf997089203a1b33ba0333d,2026-09-29 07:36:51 EDT,2026-10-04,LVR,KAN,LVR@KAN,FanDuel,player_pass_yds,Kirk Cousins,Over,225.5,-114,2026-10-04 20:25:00+00:00,2026-10-04 16:25:00-04:00,2026-10-04,LV,4.0
209218,e0cbd266dcf997089203a1b33ba0333d,2026-09-29 07:36:51 EDT,2026-10-04,LVR,KAN,LVR@KAN,FanDuel,player_pass_yds,Kirk Cousins,Under,225.5,-114,2026-10-04 20:25:00+00:00,2026-10-04 16:25:00-04:00,2026-10-04,LV,4.0
209219,e0cbd266dcf997089203a1b33ba0333d,2026-09-29 07:36:51 EDT,2026-10-04,LVR,KAN,LVR@KAN,FanDuel,player_pass_yds,Patrick Mahomes,Over,236.5,-114,2026-10-04 20:25:00+00:00,2026-10-04 16:25:00-04:00,2026-10-04,KC,4.0
209220,e0cbd266dcf997089203a1b33ba0333d,2026-09-29 07:36:51 EDT,2026-10-04,LVR,KAN,LVR@KAN,FanDuel,player_pass_yds,Patrick Mahomes,Under,236.5,-114,2026-10-04 20:25:00+00:00,2026-10-04 16:25:00-04:00,2026-10-04,KC,4.0
209221,e0cbd266dcf997089203a1b33ba0333d,2026-09-29 07:36:51 EDT,2026-10-04,LVR,KAN,LVR@KAN,Fanatics,player_pass_yds,Patrick Mahomes,Over,235.5,-115,2026-10-04 20:25:00+00:00,2026-10-04 16:25:00-04:00,2026-10-04,KC,4.0
209222,e0cbd266dcf997089203a1b33ba0333d,2026-09-29 07:36:51 EDT,2026-10-04,LVR,KAN,LVR@KAN,Fanatics,player_pass_yds,Patrick Mahomes,Under,235.5,-115,2026-10-04 20:25:00+00:00,2026-10-04 16:25:00-04:00,2026-10-04,KC,4.0
209223,e0cbd266dcf997089203a1b33ba0333d,2026-09-29 07:36:51 EDT,2026-10-04,LVR,KAN,LVR@KAN,DraftKings,player_pass_tds,Patrick Mahomes,Over,1.5,-123,2026-10-04 20:25:00+00:00,2026-10-04 16:25:00-04:00,2026-10-04,KC,4.0
209224,e0cbd266dcf997089203a1b33ba0333d,2026-09-29 07:36:51 EDT,2026-10-04,LVR,KAN,LVR@KAN,DraftKings,player_pass_tds,Patrick Mahomes,Under,1.5,-104,2026-10-04 20:25:00+00:00,2026-10-04 16:25:00-04:00,2026-10-04,KC,4.0
209225,e0cbd266dcf997089203a1b33ba0333d,2026-09-29 07:36:51 EDT,2026-10-04,LVR,KAN,LVR@KAN,DraftKings,player_pass_tds,Kirk Cousins,Over,1.5,123,2026-10-04 20:25:00+00:00,2026-10-04 16:25:00-04:00,2026-10-04,LV,4.0
209226,e0cbd266dcf997089203a1b33ba0333d,2026-09-29 07:36:51 EDT,2026-10-04,LVR,KAN,LVR@KAN,DraftKings,player_pass_tds,Kirk Cousins,Under,1.5,-157,2026-10-04 20:25:00+00:00,2026-10-04 16:25:00-04:00,2026-10-04,LV,4.0
209227,e0cbd266dcf997089203a1b33ba0333d,2026-09-29 07:36:51 EDT,2026-10-04,LVR,KAN,LVR@KAN,FanDuel,player_pass_tds,Patrick Mahomes,Over,1.5,-120,2026-10-04 20:25:00+00:00,2026-10-04 16:25:00-04:00,2026-10-04,KC,4.0
209228,e0cbd266dcf997089203a1b33ba0333d,2026-09-29 07:36:51 EDT,2026-10-04,LVR,KAN,LVR@KAN,FanDuel,player_pass_tds,Patrick Mahomes,Under,1.5,-110,2026-10-04 20:25:00+00:00,2026-10-04 16:25:00-04:00,2026-10-04,KC,4.0
209229,e0cbd266dcf997089203a1b33ba0333d,2026-09-29 07:36:51 EDT,2026-10-04,LVR,KAN,LVR@KAN,FanDuel,player_pass_tds,Kirk Cousins,Over,1.5,134,2026-10-04 20:25:00+00:00,2026-10-04 16:25:00-04:00,2026-10-04,LV,4.0
209230,e0cbd266dcf997089203a1b33ba0333d,2026-09-29 07:36:51 EDT,2026-10-04,LVR,KAN,LVR@KAN,FanDuel,player_pass_tds,Kirk Cousins,Under,1.5,-182,2026-10-04 20:25:00+00:00,2026-10-04 16:25:00-04:00,2026-10-04,LV,4.0
209231,e0cbd266dcf997089203a1b33ba0333d,2026-09-29 07:36:51 EDT,2026-10-04,LVR,KAN,LVR@KAN,DraftKings,player_rush_yds,Kenneth Walker,Over,87.5,-114,2026-10-04 20:25:00+00:00,2026-10-04 16:25:00-04:00,2026-10-04,KC,4.0
209232,e0cbd266dcf997089203a1b33ba0333d,2026-09-29 07:36:51 EDT,2026-10-04,LVR,KAN,LVR@KAN,DraftKings,player_rush_yds,Kenneth Walker,Under,87.5,-110,2026-10-04 20:25:00+00:00,2026-10-04 16:25:00-04:00,2026-10-04,KC,4.0
209233,e0cbd266dcf997089203a1b33ba0333d,2026-09-29 07:36:51 EDT,2026-10-04,LVR,KAN,LVR@KAN,DraftKings,player_rush_yds,Ashton Jeanty,Over,59.5,-114,2026-10-04 20:25:00+00:00,2026-10-04 16:25:00-04:00,2026-10-04,LV,4.0
209234,e0cbd266dcf997089203a1b33ba0333d,2026-09-29 07:36:51 EDT,2026-10-04,LVR,KAN,LVR@KAN,DraftKings,player_rush_yds,Ashton Jeanty,Under,59.5,-110,2026-10-04 20:25:00+00:00,2026-10-04 16:25:00-04:00,2026-10-04,LV,4.0
209235,e0cbd266dcf997089203a1b33ba0333d,2026-09-29 07:36:51 EDT,2026-10-04,LVR,KAN,LVR@KAN,FanDuel,player_rush_yds,Ashton Jeanty,Over,60.5,-114,2026-10-04 20:25:00+00:00,2026-10-04 16:25:00-04:00,2026-10-04,LV,4.0
209236,e0cbd266dcf997089203a1b33ba0333d,2026-09-29 07:36:51 EDT,2026-10-04,LVR,KAN,LVR@KAN,FanDuel,player_rush_yds,Ashton Jeanty,Under,60.5,-114,2026-10-04 20:25:00+00:00,2026-10-04 16:25:00-04:00,2026-10-04,LV,4.0
209237,e0cbd266dcf997089203a1b33ba0333d,2026-09-29 07:36:51 EDT,2026-10-04,LVR,KAN,LVR@KAN,FanDuel,player_rush_yds,Kenneth Walker,Over,91.5,-114,2026-10-04 20:25:00+00:00,2026-10-04 16:25:00-04:00,2026-10-04,KC,4.0
209238,e0cbd266dcf997089203a1b33ba0333d,2026-09-29 07:36:51 EDT,2026-10-04,LVR,KAN,LVR@KAN,FanDuel,player_rush_yds,Kenneth Walker,Under,91.5,-114,2026-10-04 20:25:00+00:00,2026-10-04 16:25:00-04:00,2026-10-04,KC,4.0
209239,e0cbd266dcf997089203a1b33ba0333d,2026-09-29 07:36:51 EDT,2026-10-04,LVR,KAN,LVR@KAN,Fanatics,player_rush_yds,Kenneth Walker,Over,90.5,-110,2026-10-04 20:25:00+00:00,2026-10-04 16:25:00-04:00,2026-10-04,KC,4.0
209240,e0cbd266dcf997089203a1b33ba0333d,2026-09-29 07:36:51 EDT,2026-10-04,LVR,KAN,LVR@KAN,Fanatics,player_rush_yds,Kenneth Walker,Under,90.5,-120,2026-10-04 20:25:00+00:00,2026-10-04 16:25:00-04:00,2026-10-04,KC,4.0
209241,e0cbd266dcf997089203a1b33ba0333d,2026-09-29 07:36:51 EDT,2026-10-04,LVR,KAN,LVR@KAN,DraftKings,player_tds_over,Kenneth Walker,Over,1.5,320,2026-10-04 20:25:00+00:00,2026-10-04 16:25:00-04:00,2026-10-04,KC,4.0
209242,e0cbd266dcf997089203a1b33ba0333d,2026-09-29 07:36:51 EDT,2026-10-04,LVR,KAN,LVR@KAN,DraftKings,player_tds_over,Ashton Jeanty,Over,1.5,425,2026-10-04 20:25:00+00:00,2026-10-04 16:25:00-04:00,2026-10-04,LV,4.0
209243,e0cbd266dcf997089203a1b33ba0333d,2026-09-29 07:36:51 EDT,2026-10-04,LVR,KAN,LVR@KAN,DraftKings,player_tds_over,Travis Kelce,Over,1.5,1200,2026-10-04 20:25:00+00:00,2026-10-04 16:25:00-04:00,2026-10-04,KC,4.0
209244,e0cbd266dcf997089203a1b33ba0333d,2026-09-29 07:36:51 EDT,2026-10-04,LVR,KAN,LVR@KAN,DraftKings,player_tds_over,Rashee Rice,Over,1.5,1200,2026-10-04 20:25:00+00:00,2026-10-04 16:25:00-04:00,2026-10-04,KC,4.0
209245,e0cbd266dcf997089203a1b33ba0333d,2026-09-29 07:36:51 EDT,2026-10-04,LVR,KAN,LVR@KAN,DraftKings,player_tds_over,Brock Bowers,Over,1.5,1500,2026-10-04 20:25:00+00:00,2026-10-04 16:25:00-04:00,2026-10-04,LV,4.0
209246,e0cbd266dcf997089203a1b33ba0333d,2026-09-29 07:36:51 EDT,2026-10-04,LVR,KAN,LVR@KAN,DraftKings,player_tds_over,Xavier Worthy,Over,1.5,2200,2026-10-04 20:25:00+00:00,2026-10-04 16:25:00-04:00,2026-10-04,KC,4.0
209247,e0cbd266dcf997089203a1b33ba0333d,2026-09-29 07:36:51 EDT,2026-10-04,LVR,KAN,LVR@KAN,DraftKings,player_tds_over,Tre Tucker,Over,1.5,2800,2026-10-04 20:25:00+00:00,2026-10-04 16:25:00-04:00,2026-10-04,LV,4.0
209248,e0cbd266dcf997089203a1b33ba0333d,2026-09-29 07:36:51 EDT,2026-10-04,LVR,KAN,LVR@KAN,DraftKings,player_tds_over,Mike Washington Jr.,Over,1.5,4000,2026-10-04 20:25:00+00:00,2026-10-04 16:25:00-04:00,2026-10-04,LV,4.0
209249,e0cbd266dcf997089203a1b33ba0333d,2026-09-29 07:36:51 EDT,2026-10-04,LVR,KAN,LVR@KAN,DraftKings,player_tds_over,Michael Mayer,Over,1.5,4000,2026-10-04 20:25:00+00:00,2026-10-04 16:25:00-04:00,2026-10-04,LV,4.0
209250,e0cbd266dcf997089203a1b33ba0333d,2026-09-29 07:36:51 EDT,2026-10-04,LVR,KAN,LVR@KAN,DraftKings,player_tds_over,Emmett Johnson,Over,1.5,4000,2026-10-04 20:25:00+00:00,2026-10-04 16:25:00-04:00,2026-10-04,KC,4.0
209251,e0cbd266dcf997089203a1b33ba0333d,2026-09-29 07:36:51 EDT,2026-10-04,LVR,KAN,LVR@KAN,DraftKings,player_tds_over,Patrick Mahomes,Over,1.5,4000,2026-10-04 20:25:00+00:00,2026-10-04 16:25:00-04:00,2026-10-04,KC,4.0
209252,e0cbd266dcf997089203a1b33ba0333d,2026-09-29 07:36:51 EDT,2026-10-04,LVR,KAN,LVR@KAN,DraftKings,player_tds_over,Cody White,Over,1.5,5000,2026-10-04 20:25:00+00:00,2026-10-04 16:25:00-04:00,2026-10-04,LV,4.0
209253,e0cbd266dcf997089203a1b33ba0333d,2026-09-29 07:36:51 EDT,2026-10-04,LVR,KAN,LVR@KAN,DraftKings,player_tds_over,Jalen Nailor,Over,1.5,5000,2026-10-04 20:25:00+00:00,2026-10-04 16:25:00-04:00,2026-10-04,LV,4.0
209254,e0cbd266dcf997089203a1b33ba0333d,2026-09-29 07:36:51 EDT,2026-10-04,LVR,KAN,LVR@KAN,DraftKings,player_tds_over,Tyquan Thornton,Over,1.5,5500,2026-10-04 20:25:00+00:00,2026-10-04 16:25:00-04:00,2026-10-04,KC,4.0
209257,e0cbd266dcf997089203a1b33ba0333d,2026-09-29 07:36:51 EDT,2026-10-04,LVR,KAN,LVR@KAN,DraftKings,player_tds_over,Brashard Smith,Over,1.5,8000,2026-10-04 20:25:00+00:00,2026-10-04 16:25:00-04:00,2026-10-04,KC,4.0
209258,e0cbd266dcf997089203a1b33ba0333d,2026-09-29 07:36:51 EDT,2026-10-04,LVR,KAN,LVR@KAN,DraftKings,player_tds_over,Noah Gray,Over,1.5,9000,2026-10-04 20:25:00+00:00,2026-10-04 16:25:00-04:00,2026-10-04,KC,4.0
209259,e0cbd266dcf997089203a1b33ba0333d,2026-09-29 07:36:51 EDT,2026-10-04,LVR,KAN,LVR@KAN,DraftKings,player_tds_over,Dareke Young,Over,1.5,11000,2026-10-04 20:25:00+00:00,2026-10-04 16:25:00-04:00,2026-10-04,LV,4.0
209260,e0cbd266dcf997089203a1b33ba0333d,2026-09-29 07:36:51 EDT,2026-10-04,LVR,KAN,LVR@KAN,DraftKings,player_tds_over,Malik Benson,Over,1.5,14000,2026-10-04 20:25:00+00:00,2026-10-04 16:25:00-04:00,2026-10-04,LV,4.0
209261,e0cbd266dcf997089203a1b33ba0333d,2026-09-29 07:36:51 EDT,2026-10-04,LVR,KAN,LVR@KAN,DraftKings,player_tds_over,Jalen Royals,Over,1.5,14000,2026-10-04 20:25:00+00:00,2026-10-04 16:25:00-04:00,2026-10-04,KC,4.0
209262,e0cbd266dcf997089203a1b33ba0333d,2026-09-29 07:36:51 EDT,2026-10-04,LVR,KAN,LVR@KAN,DraftKings,player_tds_over,Kirk Cousins,Over,1.5,18000,2026-10-04 20:25:00+00:00,2026-10-04 16:25:00-04:00,2026-10-04,LV,4.0
209263,e0cbd266dcf997089203a1b33ba0333d,2026-09-29 07:36:51 EDT,2026-10-04,LVR,KAN,LVR@KAN,DraftKings,player_tds_over,Connor Heyward,Over,1.5,20000,2026-10-04 20:25:00+00:00,2026-10-04 16:25:00-04:00,2026-10-04,LV,4.0
209264,e0cbd266dcf997089203a1b33ba0333d,2026-09-29 07:36:51 EDT,2026-10-04,LVR,KAN,LVR@KAN,DraftKings,player_tds_over,Nikko Remigio,Over,1.5,25000,2026-10-04 20:25:00+00:00,2026-10-04 16:25:00-04:00,2026-10-04,KC,4.0
209265,e0cbd266dcf997089203a1b33ba0333d,2026-09-29 07:36:51 EDT,2026-10-04,LVR,KAN,LVR@KAN,Caesars,player_tds_over,Kenneth Walker,Over,1.5,295,2026-10-04 20:25:00+00:00,2026-10-04 16:25:00-04:00,2026-10-04,KC,4.0
209266,e0cbd266dcf997089203a1b33ba0333d,2026-09-29 07:36:51 EDT,2026-10-04,LVR,KAN,LVR@KAN,Caesars,player_tds_over,Ashton Jeanty,Over,1.5,380,2026-10-04 20:25:00+00:00,2026-10-04 16:25:00-04:00,2026-10-04,LV,4.0
209267,e0cbd266dcf997089203a1b33ba0333d,2026-09-29 07:36:51 EDT,2026-10-04,LVR,KAN,LVR@KAN,Caesars,player_tds_over,Rashee Rice,Over,1.5,1000,2026-10-04 20:25:00+00:00,2026-10-04 16:25:00-04:00,2026-10-04,KC,4.0
209268,e0cbd266dcf997089203a1b33ba0333d,2026-09-29 07:36:51 EDT,2026-10-04,LVR,KAN,LVR@KAN,Caesars,player_tds_over,Travis Kelce,Over,1.5,1000,2026-10-04 20:25:00+00:00,2026-10-04 16:25:00-04:00,2026-10-04,KC,4.0
209269,e0cbd266dcf997089203a1b33ba0333d,2026-09-29 07:36:51 EDT,2026-10-04,LVR,KAN,LVR@KAN,Caesars,player_tds_over,Brock Bowers,Over,1.5,1200,2026-10-04 20:25:00+00:00,2026-10-04 16:25:00-04:00,2026-10-04,LV,4.0
209270,e0cbd266dcf997089203a1b33ba0333d,2026-09-29 07:36:51 EDT,2026-10-04,LVR,KAN,LVR@KAN,Caesars,player_tds_over,Xavier Worthy,Over,1.5,1750,2026-10-04 20:25:00+00:00,2026-10-04 16:25:00-04:00,2026-10-04,KC,4.0
209271,e0cbd266dcf997089203a1b33ba0333d,2026-09-29 07:36:51 EDT,2026-10-04,LVR,KAN,LVR@KAN,Caesars,player_tds_over,Tre Tucker,Over,1.5,2500,2026-10-04 20:25:00+00:00,2026-10-04 16:25:00-04:00,2026-10-04,LV,4.0
209272,e0cbd266dcf997089203a1b33ba0333d,2026-09-29 07:36:51 EDT,2026-10-04,LVR,KAN,LVR@KAN,Caesars,player_tds_over,Michael Mayer,Over,1.5,3500,2026-10-04 20:25:00+00:00,2026-10-04 16:25:00-04:00,2026-10-04,LV,4.0
209273,e0cbd266dcf997089203a1b33ba0333d,2026-09-29 07:36:51 EDT,2026-10-04,LVR,KAN,LVR@KAN,Caesars,player_tds_over,Mike Washington Jr.,Over,1.5,3500,2026-10-04 20:25:00+00:00,2026-10-04 16:25:00-04:00,2026-10-04,LV,4.0
209274,e0cbd266dcf997089203a1b33ba0333d,2026-09-29 07:36:51 EDT,2026-10-04,LVR,KAN,LVR@KAN,Caesars,player_tds_over,Patrick Mahomes,Over,1.5,3500,2026-10-04 20:25:00+00:00,2026-10-04 16:25:00-04:00,2026-10-04,KC,4.0
209275,e0cbd266dcf997089203a1b33ba0333d,2026-09-29 07:36:51 EDT,2026-10-04,LVR,KAN,LVR@KAN,Caesars,player_tds_over,Emmett Johnson,Over,1.5,3500,2026-10-04 20:25:00+00:00,2026-10-04 16:25:00-04:00,2026-10-04,KC,4.0
209276,e0cbd266dcf997089203a1b33ba0333d,2026-09-29 07:36:51 EDT,2026-10-04,LVR,KAN,LVR@KAN,Caesars,player_tds_over,Tyquan Thornton,Over,1.5,4000,2026-10-04 20:25:00+00:00,2026-10-04 16:25:00-04:00,2026-10-04,KC,4.0
209277,e0cbd266dcf997089203a1b33ba0333d,2026-09-29 07:36:51 EDT,2026-10-04,LVR,KAN,LVR@KAN,Caesars,player_tds_over,Jalen Nailor,Over,1.5,4000,2026-10-04 20:25:00+00:00,2026-10-04 16:25:00-04:00,2026-10-04,LV,4.0
209278,e0cbd266dcf997089203a1b33ba0333d,2026-09-29 07:36:51 EDT,2026-10-04,LVR,KAN,LVR@KAN,Caesars,player_tds_over,Cody White,Over,1.5,6600,2026-10-04 20:25:00+00:00,2026-10-04 16:25:00-04:00,2026-10-04,LV,4.0
209279,e0cbd266dcf997089203a1b33ba0333d,2026-09-29 07:36:51 EDT,2026-10-04,LVR,KAN,LVR@KAN,Caesars,player_tds_over,Noah Gray,Over,1.5,7500,2026-10-04 20:25:00+00:00,2026-10-04 16:25:00-04:00,2026-10-04,KC,4.0
209280,e0cbd266dcf997089203a1b33ba0333d,2026-09-29 07:36:51 EDT,2026-10-04,LVR,KAN,LVR@KAN,Caesars,player_tds_over,Brashard Smith,Over,1.5,7500,2026-10-04 20:25:00+00:00,2026-10-04 16:25:00-04:00,2026-10-04,KC,4.0
209281,e0cbd266dcf997089203a1b33ba0333d,2026-09-29 07:36:51 EDT,2026-10-04,LVR,KAN,LVR@KAN,Caesars,player_tds_over,Jalen Royals,Over,1.5,12500,2026-10-04 20:25:00+00:00,2026-10-04 16:25:00-04:00,2026-10-04,KC,4.0
209282,e0cbd266dcf997089203a1b33ba0333d,2026-09-29 07:36:51 EDT,2026-10-04,LVR,KAN,LVR@KAN,Caesars,player_tds_over,Malik Benson,Over,1.5,17500,2026-10-04 20:25:00+00:00,2026-10-04 16:25:00-04:00,2026-10-04,LV,4.0
209283,e0cbd266dcf997089203a1b33ba0333d,2026-09-29 07:36:51 EDT,2026-10-04,LVR,KAN,LVR@KAN,Caesars,player_tds_over,Kirk Cousins,Over,1.5,22500,2026-10-04 20:25:00+00:00,2026-10-04 16:25:00-04:00,2026-10-04,LV,4.0
209284,e0cbd266dcf997089203a1b33ba0333d,2026-09-29 07:36:51 EDT,2026-10-04,LVR,KAN,LVR@KAN,Caesars,player_tds_over,Kenneth Walker,Over,2.5,1200,2026-10-04 20:25:00+00:00,2026-10-04 16:25:00-04:00,2026-10-04,KC,4.0
209285,e0cbd266dcf997089203a1b33ba0333d,2026-09-29 07:36:51 EDT,2026-10-04,LVR,KAN,LVR@KAN,Caesars,player_tds_over,Ashton Jeanty,Over,2.5,1600,2026-10-04 20:25:00+00:00,2026-10-04 16:25:00-04:00,2026-10-04,LV,4.0
209286,e0cbd266dcf997089203a1b33ba0333d,2026-09-29 07:36:51 EDT,2026-10-04,LVR,KAN,LVR@KAN,Caesars,player_tds_over,Rashee Rice,Over,2.5,7500,2026-10-04 20:25:00+00:00,2026-10-04 16:25:00-04:00,2026-10-04,KC,4.0
209287,e0cbd266dcf997089203a1b33ba0333d,2026-09-29 07:36:51 EDT,2026-10-04,LVR,KAN,LVR@KAN,Caesars,player_tds_over,Travis Kelce,Over,2.5,8000,2026-10-04 20:25:00+00:00,2026-10-04 16:25:00-04:00,2026-10-04,KC,4.0
209288,e0cbd266dcf997089203a1b33ba0333d,2026-09-29 07:36:51 EDT,2026-10-04,LVR,KAN,LVR@KAN,Caesars,player_tds_over,Brock Bowers,Over,2.5,10000,2026-10-04 20:25:00+00:00,2026-10-04 16:25:00-04:00,2026-10-04,LV,4.0
209289,e0cbd266dcf997089203a1b33ba0333d,2026-09-29 07:36:51 EDT,2026-10-04,LVR,KAN,LVR@KAN,Caesars,player_tds_over,Xavier Worthy,Over,2.5,20000,2026-10-04 20:25:00+00:00,2026-10-04 16:25:00-04:00,2026-10-04,KC,4.0
209290,e0cbd266dcf997089203a1b33ba0333d,2026-09-29 07:36:51 EDT,2026-10-04,LVR,KAN,LVR@KAN,Caesars,player_tds_over,Kenneth Walker,Over,3.5,5500,2026-10-04 20:25:00+00:00,2026-10-04 16:25:00-04:00,2026-10-04,KC,4.0
209291,e0cbd266dcf997089203a1b33ba0333d,2026-09-29 07:36:51 EDT,2026-10-04,LVR,KAN,LVR@KAN,Caesars,player_tds_over,Ashton Jeanty,Over,3.5,9000,2026-10-04 20:25:00+00:00,2026-10-04 16:25:00-04:00,2026-10-04,LV,4.0
209292,e0cbd266dcf997089203a1b33ba0333d,2026-09-29 07:36:51 EDT,2026-10-04,LVR,KAN,LVR@KAN,FanDuel,player_tds_over,Kenneth Walker,Over,1.5,350,2026-10-04 20:25:00+00:00,2026-10-04 16:25:00-04:00,2026-10-04,KC,4.0
209293,e0cbd266dcf997089203a1b33ba0333d,2026-09-29 07:36:51 EDT,2026-10-04,LVR,KAN,LVR@KAN,FanDuel,player_tds_over,Ashton Jeanty,Over,1.5,430,2026-10-04 20:25:00+00:00,2026-10-04 16:25:00-04:00,2026-10-04,LV,4.0
209294,e0cbd266dcf997089203a1b33ba0333d,2026-09-29 07:36:51 EDT,2026-10-04,LVR,KAN,LVR@KAN,FanDuel,player_tds_over,Rashee Rice,Over,1.5,1200,2026-10-04 20:25:00+00:00,2026-10-04 16:25:00-04:00,2026-10-04,KC,4.0
209295,e0cbd266dcf997089203a1b33ba0333d,2026-09-29 07:36:51 EDT,2026-10-04,LVR,KAN,LVR@KAN,FanDuel,player_tds_over,Travis Kelce,Over,1.5,1300,2026-10-04 20:25:00+00:00,2026-10-04 16:25:00-04:00,2026-10-04,KC,4.0
209296,e0cbd266dcf997089203a1b33ba0333d,2026-09-29 07:36:51 EDT,2026-10-04,LVR,KAN,LVR@KAN,FanDuel,player_tds_over,Brock Bowers,Over,1.5,1700,2026-10-04 20:25:00+00:00,2026-10-04 16:25:00-04:00,2026-10-04,LV,4.0
209297,e0cbd266dcf997089203a1b33ba0333d,2026-09-29 07:36:51 EDT,2026-10-04,LVR,KAN,LVR@KAN,FanDuel,player_tds_over,Xavier Worthy,Over,1.5,2500,2026-10-04 20:25:00+00:00,2026-10-04 16:25:00-04:00,2026-10-04,KC,4.0
209298,e0cbd266dcf997089203a1b33ba0333d,2026-09-29 07:36:51 EDT,2026-10-04,LVR,KAN,LVR@KAN,FanDuel,player_tds_over,Patrick Mahomes,Over,1.5,3500,2026-10-04 20:25:00+00:00,2026-10-04 16:25:00-04:00,2026-10-04,KC,4.0
209299,e0cbd266dcf997089203a1b33ba0333d,2026-09-29 07:36:51 EDT,2026-10-04,LVR,KAN,LVR@KAN,FanDuel,player_tds_over,Tre Tucker,Over,1.5,3500,2026-10-04 20:25:00+00:00,2026-10-04 16:25:00-04:00,2026-10-04,LV,4.0
209300,e0cbd266dcf997089203a1b33ba0333d,2026-09-29 07:36:51 EDT,2026-10-04,LVR,KAN,LVR@KAN,FanDuel,player_tds_over,Emmett Johnson,Over,1.5,4000,2026-10-04 20:25:00+00:00,2026-10-04 16:25:00-04:00,2026-10-04,KC,4.0
209301,e0cbd266dcf997089203a1b33ba0333d,2026-09-29 07:36:51 EDT,2026-10-04,LVR,KAN,LVR@KAN,FanDuel,player_tds_over,Mike Washington Jr.,Over,1.5,4500,2026-10-04 20:25:00+00:00,2026-10-04 16:25:00-04:00,2026-10-04,LV,4.0
209302,e0cbd266dcf997089203a1b33ba0333d,2026-09-29 07:36:51 EDT,2026-10-04,LVR,KAN,LVR@KAN,FanDuel,player_tds_over,Jalen Nailor,Over,1.5,5000,2026-10-04 20:25:00+00:00,2026-10-04 16:25:00-04:00,2026-10-04,LV,4.0
209303,e0cbd266dcf997089203a1b33ba0333d,2026-09-29 07:36:51 EDT,2026-10-04,LVR,KAN,LVR@KAN,FanDuel,player_tds_over,Michael Mayer,Over,1.5,5000,2026-10-04 20:25:00+00:00,2026-10-04 16:25:00-04:00,2026-10-04,LV,4.0
209304,e0cbd266dcf997089203a1b33ba0333d,2026-09-29 07:36:51 EDT,2026-10-04,LVR,KAN,LVR@KAN,FanDuel,player_tds_over,Tyquan Thornton,Over,1.5,5500,2026-10-04 20:25:00+00:00,2026-10-04 16:25:00-04:00,2026-10-04,KC,4.0
209307,e0cbd266dcf997089203a1b33ba0333d,2026-09-29 07:36:51 EDT,2026-10-04,LVR,KAN,LVR@KAN,FanDuel,player_tds_over,Brashard Smith,Over,1.5,8000,2026-10-04 20:25:00+00:00,2026-10-04 16:25:00-04:00,2026-10-04,KC,4.0
209308,e0cbd266dcf997089203a1b33ba0333d,2026-09-29 07:36:51 EDT,2026-10-04,LVR,KAN,LVR@KAN,FanDuel,player_tds_over,Cody White,Over,1.5,8000,2026-10-04 20:25:00+00:00,2026-10-04 16:25:00-04:00,2026-10-04,LV,4.0
209309,e0cbd266dcf997089203a1b33ba0333d,2026-09-29 07:36:51 EDT,2026-10-04,LVR,KAN,LVR@KAN,FanDuel,player_tds_over,Noah Gray,Over,1.5,10000,2026-10-04 20:25:00+00:00,2026-10-04 16:25:00-04:00,2026-10-04,KC,4.0
209310,e0cbd266dcf997089203a1b33ba0333d,2026-09-29 07:36:51 EDT,2026-10-04,LVR,KAN,LVR@KAN,FanDuel,player_tds_over,Jalen Royals,Over,1.5,15000,2026-10-04 20:25:00+00:00,2026-10-04 16:25:00-04:00,2026-10-04,KC,4.0
209311,e0cbd266dcf997089203a1b33ba0333d,2026-09-29 07:36:51 EDT,2026-10-04,LVR,KAN,LVR@KAN,FanDuel,player_tds_over,Kenneth Walker,Over,2.5,1800,2026-10-04 20:25:00+00:00,2026-10-04 16:25:00-04:00,2026-10-04,KC,4.0
209312,e0cbd266dcf997089203a1b33ba0333d,2026-09-29 07:36:51 EDT,2026-10-04,LVR,KAN,LVR@KAN,FanDuel,player_tds_over,Ashton Jeanty,Over,2.5,2200,2026-10-04 20:25:00+00:00,2026-10-04 16:25:00-04:00,2026-10-04,LV,4.0
209313,e0cbd266dcf997089203a1b33ba0333d,2026-09-29 07:36:51 EDT,2026-10-04,LVR,KAN,LVR@KAN,FanDuel,player_tds_over,Travis Kelce,Over,2.5,10000,2026-10-04 20:25:00+00:00,2026-10-04 16:25:00-04:00,2026-10-04,KC,4.0
209314,e0cbd266dcf997089203a1b33ba0333d,2026-09-29 07:36:51 EDT,2026-10-04,LVR,KAN,LVR@KAN,FanDuel,player_tds_over,Rashee Rice,Over,2.5,10000,2026-10-04 20:25:00+00:00,2026-10-04 16:25:00-04:00,2026-10-04,KC,4.0
209315,e0cbd266dcf997089203a1b33ba0333d,2026-09-29 07:36:51 EDT,2026-10-04,LVR,KAN,LVR@KAN,FanDuel,player_tds_over,Brock Bowers,Over,2.5,15000,2026-10-04 20:25:00+00:00,2026-10-04 16:25:00-04:00,2026-10-04,LV,4.0
209316,e0cbd266dcf997089203a1b33ba0333d,2026-09-29 07:36:51 EDT,2026-10-04,LVR,KAN,LVR@KAN,BetOnline.ag,player_tds_over,Travis Kelce,Over,2.5,5900,2026-10-04 20:25:00+00:00,2026-10-04 16:25:00-04:00,2026-10-04,KC,4.0
209317,e0cbd266dcf997089203a1b33ba0333d,2026-09-29 07:36:51 EDT,2026-10-04,LVR,KAN,LVR@KAN,BetOnline.ag,player_tds_over,Travis Kelce,Over,1.5,800,2026-10-04 20:25:00+00:00,2026-10-04 16:25:00-04:00,2026-10-04,KC,4.0
209318,e0cbd266dcf997089203a1b33ba0333d,2026-09-29 07:36:51 EDT,2026-10-04,LVR,KAN,LVR@KAN,BetOnline.ag,player_tds_over,Travis Kelce,Over,0.5,150,2026-10-04 20:25:00+00:00,2026-10-04 16:25:00-04:00,2026-10-04,KC,4.0
209319,e0cbd266dcf997089203a1b33ba0333d,2026-09-29 07:36:51 EDT,2026-10-04,LVR,KAN,LVR@KAN,BetOnline.ag,player_tds_over,Rashee Rice,Over,1.5,700,2026-10-04 20:25:00+00:00,2026-10-04 16:25:00-04:00,2026-10-04,KC,4.0
209320,e0cbd266dcf997089203a1b33ba0333d,2026-09-29 07:36:51 EDT,2026-10-04,LVR,KAN,LVR@KAN,BetOnline.ag,player_tds_over,Rashee Rice,Over,2.5,5400,2026-10-04 20:25:00+00:00,2026-10-04 16:25:00-04:00,2026-10-04,KC,4.0
209321,e0cbd266dcf997089203a1b33ba0333d,2026-09-29 07:36:51 EDT,2026-10-04,LVR,KAN,LVR@KAN,BetOnline.ag,player_tds_over,Rashee Rice,Over,0.5,140,2026-10-04 20:25:00+00:00,2026-10-04 16:25:00-04:00,2026-10-04,KC,4.0
209322,e0cbd266dcf997089203a1b33ba0333d,2026-09-29 07:36:51 EDT,2026-10-04,LVR,KAN,LVR@KAN,BetOnline.ag,player_tds_over,Kenneth Walker,Over,2.5,1400,2026-10-04 20:25:00+00:00,2026-10-04 16:25:00-04:00,2026-10-04,KC,4.0
209323,e0cbd266dcf997089203a1b33ba0333d,2026-09-29 07:36:51 EDT,2026-10-04,LVR,KAN,LVR@KAN,BetOnline.ag,player_tds_over,Kenneth Walker,Over,1.5,250,2026-10-04 20:25:00+00:00,2026-10-04 16:25:00-04:00,2026-10-04,KC,4.0
209324,e0cbd266dcf997089203a1b33ba0333d,2026-09-29 07:36:51 EDT,2026-10-04,LVR,KAN,LVR@KAN,BetOnline.ag,player_tds_over,Kenneth Walker,Over,0.5,-200,2026-10-04 20:25:00+00:00,2026-10-04 16:25:00-04:00,2026-10-04,KC,4.0
209325,e0cbd266dcf997089203a1b33ba0333d,2026-09-29 07:36:51 EDT,2026-10-04,LVR,KAN,LVR@KAN,BetOnline.ag,player_tds_over,Brock Bowers,Over,2.5,6900,2026-10-04 20:25:00+00:00,2026-10-04 16:25:00-04:00,2026-10-04,LV,4.0
209326,e0cbd266dcf997089203a1b33ba0333d,2026-09-29 07:36:51 EDT,2026-10-04,LVR,KAN,LVR@KAN,BetOnline.ag,player_tds_over,Brock Bowers,Over,1.5,900,2026-10-04 20:25:00+00:00,2026-10-04 16:25:00-04:00,2026-10-04,LV,4.0
209327,e0cbd266dcf997089203a1b33ba0333d,2026-09-29 07:36:51 EDT,2026-10-04,LVR,KAN,LVR@KAN,BetOnline.ag,player_tds_over,Brock Bowers,Over,0.5,170,2026-10-04 20:25:00+00:00,2026-10-04 16:25:00-04:00,2026-10-04,LV,4.0
209328,e0cbd266dcf997089203a1b33ba0333d,2026-09-29 07:36:51 EDT,2026-10-04,LVR,KAN,LVR@KAN,BetOnline.ag,player_tds_over,Xavier Worthy,Over,0.5,190,2026-10-04 20:25:00+00:00,2026-10-04 16:25:00-04:00,2026-10-04,KC,4.0
209329,e0cbd266dcf997089203a1b33ba0333d,2026-09-29 07:36:51 EDT,2026-10-04,LVR,KAN,LVR@KAN,BetOnline.ag,player_tds_over,Xavier Worthy,Over,2.5,7900,2026-10-04 20:25:00+00:00,2026-10-04 16:25:00-04:00,2026-10-04,KC,4.0
209330,e0cbd266dcf997089203a1b33ba0333d,2026-09-29 07:36:51 EDT,2026-10-04,LVR,KAN,LVR@KAN,BetOnline.ag,player_tds_over,Xavier Worthy,Over,1.5,1100,2026-10-04 20:25:00+00:00,2026-10-04 16:25:00-04:00,2026-10-04,KC,4.0
209331,e0cbd266dcf997089203a1b33ba0333d,2026-09-29 07:36:51 EDT,2026-10-04,LVR,KAN,LVR@KAN,BetOnline.ag,player_tds_over,Ashton Jeanty,Over,2.5,1700,2026-10-04 20:25:00+00:00,2026-10-04 16:25:00-04:00,2026-10-04,LV,4.0
209332,e0cbd266dcf997089203a1b33ba0333d,2026-09-29 07:36:51 EDT,2026-10-04,LVR,KAN,LVR@KAN,BetOnline.ag,player_tds_over,Ashton Jeanty,Over,1.5,300,2026-10-04 20:25:00+00:00,2026-10-04 16:25:00-04:00,2026-10-04,LV,4.0
209333,e0cbd266dcf997089203a1b33ba0333d,2026-09-29 07:36:51 EDT,2026-10-04,LVR,KAN,LVR@KAN,BetOnline.ag,player_tds_over,Ashton Jeanty,Over,0.5,-167,2026-10-04 20:25:00+00:00,2026-10-04 16:25:00-04:00,2026-10-04,LV,4.0
209334,e0cbd266dcf997089203a1b33ba0333d,2026-09-29 07:36:51 EDT,2026-10-04,LVR,KAN,LVR@KAN,Bovada,player_tds_over,Brock Bowers,Over,1.5,1500,2026-10-04 20:25:00+00:00,2026-10-04 16:25:00-04:00,2026-10-04,LV,4.0
209335,e0cbd266dcf997089203a1b33ba0333d,2026-09-29 07:36:51 EDT,2026-10-04,LVR,KAN,LVR@KAN,Bovada,player_tds_over,Ashton Jeanty,Over,1.5,425,2026-10-04 20:25:00+00:00,2026-10-04 16:25:00-04:00,2026-10-04,LV,4.0
209336,e0cbd266dcf997089203a1b33ba0333d,2026-09-29 07:36:51 EDT,2026-10-04,LVR,KAN,LVR@KAN,Bovada,player_tds_over,Connor Heyward,Over,1.5,20000,2026-10-04 20:25:00+00:00,2026-10-04 16:25:00-04:00,2026-10-04,LV,4.0
209337,e0cbd266dcf997089203a1b33ba0333d,2026-09-29 07:36:51 EDT,2026-10-04,LVR,KAN,LVR@KAN,Bovada,player_tds_over,Jalen Nailor,Over,1.5,5000,2026-10-04 20:25:00+00:00,2026-10-04 16:25:00-04:00,2026-10-04,LV,4.0
209338,e0cbd266dcf997089203a1b33ba0333d,2026-09-29 07:36:51 EDT,2026-10-04,LVR,KAN,LVR@KAN,Bovada,player_tds_over,Dareke Young,Over,1.5,10000,2026-10-04 20:25:00+00:00,2026-10-04 16:25:00-04:00,2026-10-04,LV,4.0
209341,e0cbd266dcf997089203a1b33ba0333d,2026-09-29 07:36:51 EDT,2026-10-04,LVR,KAN,LVR@KAN,Bovada,player_tds_over,Kirk Cousins,Over,1.5,17500,2026-10-04 20:25:00+00:00,2026-10-04 16:25:00-04:00,2026-10-04,LV,4.0
209342,e0cbd266dcf997089203a1b33ba0333d,2026-09-29 07:36:51 EDT,2026-10-04,LVR,KAN,LVR@KAN,Bovada,player_tds_over,Mike Washington Jr.,Over,1.5,4000,2026-10-04 20:25:00+00:00,2026-10-04 16:25:00-04:00,2026-10-04,LV,4.0
209343,e0cbd266dcf997089203a1b33ba0333d,2026-09-29 07:36:51 EDT,2026-10-04,LVR,KAN,LVR@KAN,Bovada,player_tds_over,Michael Mayer,Over,1.5,4000,2026-10-04 20:25:00+00:00,2026-10-04 16:25:00-04:00,2026-10-04,LV,4.0
209344,e0cbd266dcf997089203a1b33ba0333d,2026-09-29 07:36:51 EDT,2026-10-04,LVR,KAN,LVR@KAN,Bovada,player_tds_over,Malik Benson,Over,1.5,12500,2026-10-04 20:25:00+00:00,2026-10-04 16:25:00-04:00,2026-10-04,LV,4.0
209345,e0cbd266dcf997089203a1b33ba0333d,2026-09-29 07:36:51 EDT,2026-10-04,LVR,KAN,LVR@KAN,Bovada,player_tds_over,Tre Tucker,Over,1.5,2800,2026-10-04 20:25:00+00:00,2026-10-04 16:25:00-04:00,2026-10-04,LV,4.0
209346,e0cbd266dcf997089203a1b33ba0333d,2026-09-29 07:36:51 EDT,2026-10-04,LVR,KAN,LVR@KAN,Bovada,player_tds_over,Rashee Rice,Over,1.5,1200,2026-10-04 20:25:00+00:00,2026-10-04 16:25:00-04:00,2026-10-04,KC,4.0
209347,e0cbd266dcf997089203a1b33ba0333d,2026-09-29 07:36:51 EDT,2026-10-04,LVR,KAN,LVR@KAN,Bovada,player_tds_over,Emmett Johnson,Over,1.5,4000,2026-10-04 20:25:00+00:00,2026-10-04 16:25:00-04:00,2026-10-04,KC,4.0
209348,e0cbd266dcf997089203a1b33ba0333d,2026-09-29 07:36:51 EDT,2026-10-04,LVR,KAN,LVR@KAN,Bovada,player_tds_over,Kenneth Walker,Over,1.5,320,2026-10-04 20:25:00+00:00,2026-10-04 16:25:00-04:00,2026-10-04,KC,4.0
209349,e0cbd266dcf997089203a1b33ba0333d,2026-09-29 07:36:51 EDT,2026-10-04,LVR,KAN,LVR@KAN,Bovada,player_tds_over,Brashard Smith,Over,1.5,8000,2026-10-04 20:25:00+00:00,2026-10-04 16:25:00-04:00,2026-10-04,KC,4.0
209350,e0cbd266dcf997089203a1b33ba0333d,2026-09-29 07:36:51 EDT,2026-10-04,LVR,KAN,LVR@KAN,Bovada,player_tds_over,Patrick Mahomes,Over,1.5,4000,2026-10-04 20:25:00+00:00,2026-10-04 16:25:00-04:00,2026-10-04,KC,4.0
209351,e0cbd266dcf997089203a1b33ba0333d,2026-09-29 07:36:51 EDT,2026-10-04,LVR,KAN,LVR@KAN,Bovada,player_tds_over,Xavier Worthy,Over,1.5,2200,2026-10-04 20:25:00+00:00,2026-10-04 16:25:00-04:00,2026-10-04,KC,4.0
209352,e0cbd266dcf997089203a1b33ba0333d,2026-09-29 07:36:51 EDT,2026-10-04,LVR,KAN,LVR@KAN,Bovada,player_tds_over,Tyquan Thornton,Over,1.5,5500,2026-10-04 20:25:00+00:00,2026-10-04 16:25:00-04:00,2026-10-04,KC,4.0
209353,e0cbd266dcf997089203a1b33ba0333d,2026-09-29 07:36:51 EDT,2026-10-04,LVR,KAN,LVR@KAN,Bovada,player_tds_over,Travis Kelce,Over,1.5,1200,2026-10-04 20:25:00+00:00,2026-10-04 16:25:00-04:00,2026-10-04,KC,4.0
209354,e0cbd266dcf997089203a1b33ba0333d,2026-09-29 07:36:51 EDT,2026-10-04,LVR,KAN,LVR@KAN,Bovada,player_tds_over,Noah Gray,Over,1.5,9000,2026-10-04 20:25:00+00:00,2026-10-04 16:25:00-04:00,2026-10-04,KC,4.0
209355,e0cbd266dcf997089203a1b33ba0333d,2026-09-29 07:36:51 EDT,2026-10-04,LVR,KAN,LVR@KAN,Bovada,player_tds_over,Nikko Remigio,Over,1.5,25000,2026-10-04 20:25:00+00:00,2026-10-04 16:25:00-04:00,2026-10-04,KC,4.0
209356,e0cbd266dcf997089203a1b33ba0333d,2026-09-29 07:36:51 EDT,2026-10-04,LVR,KAN,LVR@KAN,Bovada,player_tds_over,Jalen Royals,Over,1.5,12500,2026-10-04 20:25:00+00:00,2026-10-04 16:25:00-04:00,2026-10-04,KC,4.0
209357,e0cbd266dcf997089203a1b33ba0333d,2026-09-29 07:36:51 EDT,2026-10-04,LVR,KAN,LVR@KAN,Bovada,player_tds_over,Cody White,Over,1.5,5000,2026-10-04 20:25:00+00:00,2026-10-04 16:25:00-04:00,2026-10-04,LV,4.0
209358,e0cbd266dcf997089203a1b33ba0333d,2026-09-29 07:36:51 EDT,2026-10-04,LVR,KAN,LVR@KAN,Fanatics,player_tds_over,Kirk Cousins,Over,1.5,15000,2026-10-04 20:25:00+00:00,2026-10-04 16:25:00-04:00,2026-10-04,LV,4.0
209359,e0cbd266dcf997089203a1b33ba0333d,2026-09-29 07:36:51 EDT,2026-10-04,LVR,KAN,LVR@KAN,Fanatics,player_tds_over,Ian Thomas,Over,1.5,20000,2026-10-04 20:25:00+00:00,2026-10-04 16:25:00-04:00,2026-10-04,LV,4.0
209360,e0cbd266dcf997089203a1b33ba0333d,2026-09-29 07:36:51 EDT,2026-10-04,LVR,KAN,LVR@KAN,Fanatics,player_tds_over,Connor Heyward,Over,1.5,30000,2026-10-04 20:25:00+00:00,2026-10-04 16:25:00-04:00,2026-10-04,LV,4.0
209361,e0cbd266dcf997089203a1b33ba0333d,2026-09-29 07:36:51 EDT,2026-10-04,LVR,KAN,LVR@KAN,Fanatics,player_tds_over,Jalen Nailor,Over,1.5,5000,2026-10-04 20:25:00+00:00,2026-10-04 16:25:00-04:00,2026-10-04,LV,4.0
209362,e0cbd266dcf997089203a1b33ba0333d,2026-09-29 07:36:51 EDT,2026-10-04,LVR,KAN,LVR@KAN,Fanatics,player_tds_over,Dareke Young,Over,1.5,30000,2026-10-04 20:25:00+00:00,2026-10-04 16:25:00-04:00,2026-10-04,LV,4.0
209363,e0cbd266dcf997089203a1b33ba0333d,2026-09-29 07:36:51 EDT,2026-10-04,LVR,KAN,LVR@KAN,Fanatics,player_tds_over,Michael Mayer,Over,1.5,4000,2026-10-04 20:25:00+00:00,2026-10-04 16:25:00-04:00,2026-10-04,LV,4.0
209364,e0cbd266dcf997089203a1b33ba0333d,2026-09-29 07:36:51 EDT,2026-10-04,LVR,KAN,LVR@KAN,Fanatics,player_tds_over,Tre Tucker,Over,1.5,1900,2026-10-04 20:25:00+00:00,2026-10-04 16:25:00-04:00,2026-10-04,LV,4.0
209365,e0cbd266dcf997089203a1b33ba0333d,2026-09-29 07:36:51 EDT,2026-10-04,LVR,KAN,LVR@KAN,Fanatics,player_tds_over,Dylan Laube,Over,1.5,20000,2026-10-04 20:25:00+00:00,2026-10-04 16:25:00-04:00,2026-10-04,LV,4.0
209366,e0cbd266dcf997089203a1b33ba0333d,2026-09-29 07:36:51 EDT,2026-10-04,LVR,KAN,LVR@KAN,Fanatics,player_tds_over,Brock Bowers,Over,1.5,1200,2026-10-04 20:25:00+00:00,2026-10-04 16:25:00-04:00,2026-10-04,LV,4.0
209367,e0cbd266dcf997089203a1b33ba0333d,2026-09-29 07:36:51 EDT,2026-10-04,LVR,KAN,LVR@KAN,Fanatics,player_tds_over,Ashton Jeanty,Over,1.5,460,2026-10-04 20:25:00+00:00,2026-10-04 16:25:00-04:00,2026-10-04,LV,4.0
209368,e0cbd266dcf997089203a1b33ba0333d,2026-09-29 07:36:51 EDT,2026-10-04,LVR,KAN,LVR@KAN,Fanatics,player_tds_over,Jack Bech,Over,1.5,6000,2026-10-04 20:25:00+00:00,2026-10-04 16:25:00-04:00,2026-10-04,LV,4.0
209369,e0cbd266dcf997089203a1b33ba0333d,2026-09-29 07:36:51 EDT,2026-10-04,LVR,KAN,LVR@KAN,Fanatics,player_tds_over,Mike Washington Jr.,Over,1.5,2200,2026-10-04 20:25:00+00:00,2026-10-04 16:25:00-04:00,2026-10-04,LV,4.0
209370,e0cbd266dcf997089203a1b33ba0333d,2026-09-29 07:36:51 EDT,2026-10-04,LVR,KAN,LVR@KAN,Fanatics,player_tds_over,Malik Benson,Over,1.5,12000,2026-10-04 20:25:00+00:00,2026-10-04 16:25:00-04:00,2026-10-04,LV,4.0
209371,e0cbd266dcf997089203a1b33ba0333d,2026-09-29 07:36:51 EDT,2026-10-04,LVR,KAN,LVR@KAN,Fanatics,player_tds_over,Patrick Mahomes,Over,1.5,4000,2026-10-04 20:25:00+00:00,2026-10-04 16:25:00-04:00,2026-10-04,KC,4.0
209372,e0cbd266dcf997089203a1b33ba0333d,2026-09-29 07:36:51 EDT,2026-10-04,LVR,KAN,LVR@KAN,Fanatics,player_tds_over,Travis Kelce,Over,1.5,1200,2026-10-04 20:25:00+00:00,2026-10-04 16:25:00-04:00,2026-10-04,KC,4.0
209373,e0cbd266dcf997089203a1b33ba0333d,2026-09-29 07:36:51 EDT,2026-10-04,LVR,KAN,LVR@KAN,Fanatics,player_tds_over,Noah Gray,Over,1.5,4500,2026-10-04 20:25:00+00:00,2026-10-04 16:25:00-04:00,2026-10-04,KC,4.0
209374,e0cbd266dcf997089203a1b33ba0333d,2026-09-29 07:36:51 EDT,2026-10-04,LVR,KAN,LVR@KAN,Fanatics,player_tds_over,Tyquan Thornton,Over,1.5,3500,2026-10-04 20:25:00+00:00,2026-10-04 16:25:00-04:00,2026-10-04,KC,4.0
209375,e0cbd266dcf997089203a1b33ba0333d,2026-09-29 07:36:51 EDT,2026-10-04,LVR,KAN,LVR@KAN,Fanatics,player_tds_over,Kenneth Walker,Over,1.5,320,2026-10-04 20:25:00+00:00,2026-10-04 16:25:00-04:00,2026-10-04,KC,4.0
209376,e0cbd266dcf997089203a1b33ba0333d,2026-09-29 07:36:51 EDT,2026-10-04,LVR,KAN,LVR@KAN,Fanatics,player_tds_over,Rashee Rice,Over,1.5,1200,2026-10-04 20:25:00+00:00,2026-10-04 16:25:00-04:00,2026-10-04,KC,4.0
209377,e0cbd266dcf997089203a1b33ba0333d,2026-09-29 07:36:51 EDT,2026-10-04,LVR,KAN,LVR@KAN,Fanatics,player_tds_over,Nikko Remigio,Over,1.5,20000,2026-10-04 20:25:00+00:00,2026-10-04 16:25:00-04:00,2026-10-04,KC,4.0
209378,e0cbd266dcf997089203a1b33ba0333d,2026-09-29 07:36:51 EDT,2026-10-04,LVR,KAN,LVR@KAN,Fanatics,player_tds_over,Xavier Worthy,Over,1.5,2200,2026-10-04 20:25:00+00:00,2026-10-04 16:25:00-04:00,2026-10-04,KC,4.0
209379,e0cbd266dcf997089203a1b33ba0333d,2026-09-29 07:36:51 EDT,2026-10-04,LVR,KAN,LVR@KAN,Fanatics,player_tds_over,Brashard Smith,Over,1.5,9000,2026-10-04 20:25:00+00:00,2026-10-04 16:25:00-04:00,2026-10-04,KC,4.0
209380,e0cbd266dcf997089203a1b33ba0333d,2026-09-29 07:36:51 EDT,2026-10-04,LVR,KAN,LVR@KAN,Fanatics,player_tds_over,Jalen Royals,Over,1.5,9000,2026-10-04 20:25:00+00:00,2026-10-04 16:25:00-04:00,2026-10-04,KC,4.0
209381,e0cbd266dcf997089203a1b33ba0333d,2026-09-29 07:36:51 EDT,2026-10-04,LVR,KAN,LVR@KAN,Fanatics,player_tds_over,Jake Briningstool,Over,1.5,20000,2026-10-04 20:25:00+00:00,2026-10-04 16:25:00-04:00,2026-10-04,KC,4.0
209382,e0cbd266dcf997089203a1b33ba0333d,2026-09-29 07:36:51 EDT,2026-10-04,LVR,KAN,LVR@KAN,Fanatics,player_tds_over,Emmett Johnson,Over,1.5,3500,2026-10-04 20:25:00+00:00,2026-10-04 16:25:00-04:00,2026-10-04,KC,4.0
209383,e0cbd266dcf997089203a1b33ba0333d,2026-09-29 07:36:51 EDT,2026-10-04,LVR,KAN,LVR@KAN,Fanatics,player_tds_over,Cyrus Allen,Over,1.5,10000,2026-10-04 20:25:00+00:00,2026-10-04 16:25:00-04:00,2026-10-04,KC,4.0
209384,e0cbd266dcf997089203a1b33ba0333d,2026-09-29 07:36:51 EDT,2026-10-04,LVR,KAN,LVR@KAN,Fanatics,player_tds_over,Jalen Nailor,Over,2.5,30000,2026-10-04 20:25:00+00:00,2026-10-04 16:25:00-04:00,2026-10-04,LV,4.0
209385,e0cbd266dcf997089203a1b33ba0333d,2026-09-29 07:36:51 EDT,2026-10-04,LVR,KAN,LVR@KAN,Fanatics,player_tds_over,Michael Mayer,Over,2.5,40000,2026-10-04 20:25:00+00:00,2026-10-04 16:25:00-04:00,2026-10-04,LV,4.0
209386,e0cbd266dcf997089203a1b33ba0333d,2026-09-29 07:36:51 EDT,2026-10-04,LVR,KAN,LVR@KAN,Fanatics,player_tds_over,Tre Tucker,Over,2.5,12000,2026-10-04 20:25:00+00:00,2026-10-04 16:25:00-04:00,2026-10-04,LV,4.0
209387,e0cbd266dcf997089203a1b33ba0333d,2026-09-29 07:36:51 EDT,2026-10-04,LVR,KAN,LVR@KAN,Fanatics,player_tds_over,Brock Bowers,Over,2.5,7000,2026-10-04 20:25:00+00:00,2026-10-04 16:25:00-04:00,2026-10-04,LV,4.0
209388,e0cbd266dcf997089203a1b33ba0333d,2026-09-29 07:36:51 EDT,2026-10-04,LVR,KAN,LVR@KAN,Fanatics,player_tds_over,Ashton Jeanty,Over,2.5,2200,2026-10-04 20:25:00+00:00,2026-10-04 16:25:00-04:00,2026-10-04,LV,4.0
209389,e0cbd266dcf997089203a1b33ba0333d,2026-09-29 07:36:51 EDT,2026-10-04,LVR,KAN,LVR@KAN,Fanatics,player_tds_over,Jack Bech,Over,2.5,40000,2026-10-04 20:25:00+00:00,2026-10-04 16:25:00-04:00,2026-10-04,LV,4.0
209390,e0cbd266dcf997089203a1b33ba0333d,2026-09-29 07:36:51 EDT,2026-10-04,LVR,KAN,LVR@KAN,Fanatics,player_tds_over,Mike Washington Jr.,Over,2.5,20000,2026-10-04 20:25:00+00:00,2026-10-04 16:25:00-04:00,2026-10-04,LV,4.0
209391,e0cbd266dcf997089203a1b33ba0333d,2026-09-29 07:36:51 EDT,2026-10-04,LVR,KAN,LVR@KAN,Fanatics,player_tds_over,Patrick Mahomes,Over,2.5,40000,2026-10-04 20:25:00+00:00,2026-10-04 16:25:00-04:00,2026-10-04,KC,4.0
209392,e0cbd266dcf997089203a1b33ba0333d,2026-09-29 07:36:51 EDT,2026-10-04,LVR,KAN,LVR@KAN,Fanatics,player_tds_over,Travis Kelce,Over,2.5,7000,2026-10-04 20:25:00+00:00,2026-10-04 16:25:00-04:00,2026-10-04,KC,4.0
209393,e0cbd266dcf997089203a1b33ba0333d,2026-09-29 07:36:51 EDT,2026-10-04,LVR,KAN,LVR@KAN,Fanatics,player_tds_over,Noah Gray,Over,2.5,50000,2026-10-04 20:25:00+00:00,2026-10-04 16:25:00-04:00,2026-10-04,KC,4.0
209394,e0cbd266dcf997089203a1b33ba0333d,2026-09-29 07:36:51 EDT,2026-10-04,LVR,KAN,LVR@KAN,Fanatics,player_tds_over,Tyquan Thornton,Over,2.5,30000,2026-10-04 20:25:00+00:00,2026-10-04 16:25:00-04:00,2026-10-04,KC,4.0
209395,e0cbd266dcf997089203a1b33ba0333d,2026-09-29 07:36:51 EDT,2026-10-04,LVR,KAN,LVR@KAN,Fanatics,player_tds_over,Kenneth Walker,Over,2.5,1300,2026-10-04 20:25:00+00:00,2026-10-04 16:25:00-04:00,2026-10-04,KC,4.0
209396,e0cbd266dcf997089203a1b33ba0333d,2026-09-29 07:36:51 EDT,2026-10-04,LVR,KAN,LVR@KAN,Fanatics,player_tds_over,Rashee Rice,Over,2.5,7000,2026-10-04 20:25:00+00:00,2026-10-04 16:25:00-04:00,2026-10-04,KC,4.0
209397,e0cbd266dcf997089203a1b33ba0333d,2026-09-29 07:36:51 EDT,2026-10-04,LVR,KAN,LVR@KAN,Fanatics,player_tds_over,Xavier Worthy,Over,2.5,20000,2026-10-04 20:25:00+00:00,2026-10-04 16:25:00-04:00,2026-10-04,KC,4.0
209398,e0cbd266dcf997089203a1b33ba0333d,2026-09-29 07:36:51 EDT,2026-10-04,LVR,KAN,LVR@KAN,Fanatics,player_tds_over,Jalen Royals,Over,2.5,50000,2026-10-04 20:25:00+00:00,2026-10-04 16:25:00-04:00,2026-10-04,KC,4.0
209399,e0cbd266dcf997089203a1b33ba0333d,2026-09-29 07:36:51 EDT,2026-10-04,LVR,KAN,LVR@KAN,Fanatics,player_tds_over,Emmett Johnson,Over,2.5,30000,2026-10-04 20:25:00+00:00,2026-10-04 16:25:00-04:00,2026-10-04,KC,4.0
209400,e0cbd266dcf997089203a1b33ba0333d,2026-09-29 07:36:51 EDT,2026-10-04,LVR,KAN,LVR@KAN,Fanatics,player_tds_over,Cyrus Allen,Over,2.5,50000,2026-10-04 20:25:00+00:00,2026-10-04 16:25:00-04:00,2026-10-04,KC,4.0
209401,96d2373cda647873b971f268482bced0,2026-09-29 07:36:51 EDT,2026-10-04,SEA,LAC,SEA@LAC,Caesars,player_tds_over,Omarion Hampton,Over,1.5,525,2026-10-04 20:25:00+00:00,2026-10-04 16:25:00-04:00,2026-10-04,LAC,4.0
209402,96d2373cda647873b971f268482bced0,2026-09-29 07:36:51 EDT,2026-10-04,SEA,LAC,SEA@LAC,Caesars,player_tds_over,Jaxon Smith-Njigba,Over,1.5,425,2026-10-04 20:25:00+00:00,2026-10-04 16:25:00-04:00,2026-10-04,SEA,4.0
209403,96d2373cda647873b971f268482bced0,2026-09-29 07:36:51 EDT,2026-10-04,SEA,LAC,SEA@LAC,Caesars,player_tds_over,Omarion Hampton,Over,2.5,2900,2026-10-04 20:25:00+00:00,2026-10-04 16:25:00-04:00,2026-10-04,LAC,4.0
209404,96d2373cda647873b971f268482bced0,2026-09-29 07:36:51 EDT,2026-10-04,SEA,LAC,SEA@LAC,Caesars,player_tds_over,Jaxon Smith-Njigba,Over,2.5,2100,2026-10-04 20:25:00+00:00,2026-10-04 16:25:00-04:00,2026-10-04,SEA,4.0
209405,96d2373cda647873b971f268482bced0,2026-09-29 07:36:51 EDT,2026-10-04,SEA,LAC,SEA@LAC,Caesars,player_tds_over,Omarion Hampton,Over,3.5,17500,2026-10-04 20:25:00+00:00,2026-10-04 16:25:00-04:00,2026-10-04,LAC,4.0
209406,96d2373cda647873b971f268482bced0,2026-09-29 07:36:51 EDT,2026-10-04,SEA,LAC,SEA@LAC,Caesars,player_tds_over,Jaxon Smith-Njigba,Over,3.5,12500,2026-10-04 20:25:00+00:00,2026-10-04 16:25:00-04:00,2026-10-04,SEA,4.0
209407,96d2373cda647873b971f268482bced0,2026-09-29 07:36:51 EDT,2026-10-04,SEA,LAC,SEA@LAC,BetOnline.ag,player_tds_over,Jaxon Smith-Njigba,Over,2.5,2100,2026-10-04 20:25:00+00:00,2026-10-04 16:25:00-04:00,2026-10-04,SEA,4.0
209408,96d2373cda647873b971f268482bced0,2026-09-29 07:36:51 EDT,2026-10-04,SEA,LAC,SEA@LAC,BetOnline.ag,player_tds_over,Jaxon Smith-Njigba,Over,0.5,-125,2026-10-04 20:25:00+00:00,2026-10-04 16:25:00-04:00,2026-10-04,SEA,4.0
209409,96d2373cda647873b971f268482bced0,2026-09-29 07:36:51 EDT,2026-10-04,SEA,LAC,SEA@LAC,BetOnline.ag,player_tds_over,Jaxon Smith-Njigba,Over,1.5,400,2026-10-04 20:25:00+00:00,2026-10-04 16:25:00-04:00,2026-10-04,SEA,4.0
209410,96d2373cda647873b971f268482bced0,2026-09-29 07:36:51 EDT,2026-10-04,SEA,LAC,SEA@LAC,BetOnline.ag,player_tds_over,Omarion Hampton,Over,1.5,400,2026-10-04 20:25:00+00:00,2026-10-04 16:25:00-04:00,2026-10-04,LAC,4.0
209411,96d2373cda647873b971f268482bced0,2026-09-29 07:36:51 EDT,2026-10-04,SEA,LAC,SEA@LAC,BetOnline.ag,player_tds_over,Omarion Hampton,Over,2.5,2100,2026-10-04 20:25:00+00:00,2026-10-04 16:25:00-04:00,2026-10-04,LAC,4.0
209412,96d2373cda647873b971f268482bced0,2026-09-29 07:36:51 EDT,2026-10-04,SEA,LAC,SEA@LAC,BetOnline.ag,player_tds_over,Omarion Hampton,Over,0.5,-125,2026-10-04 20:25:00+00:00,2026-10-04 16:25:00-04:00,2026-10-04,LAC,4.0
209413,96d2373cda647873b971f268482bced0,2026-09-29 07:36:51 EDT,2026-10-04,SEA,LAC,SEA@LAC,Fanatics,player_tds_over,Sam Darnold,Over,1.5,8000,2026-10-04 20:25:00+00:00,2026-10-04 16:25:00-04:00,2026-10-04,SEA,4.0
209414,96d2373cda647873b971f268482bced0,2026-09-29 07:36:51 EDT,2026-10-04,SEA,LAC,SEA@LAC,Fanatics,player_tds_over,Eric Saubert,Over,1.5,6000,2026-10-04 20:25:00+00:00,2026-10-04 16:25:00-04:00,2026-10-04,SEA,4.0
209415,96d2373cda647873b971f268482bced0,2026-09-29 07:36:51 EDT,2026-10-04,SEA,LAC,SEA@LAC,Fanatics,player_tds_over,Cooper Kupp,Over,1.5,2800,2026-10-04 20:25:00+00:00,2026-10-04 16:25:00-04:00,2026-10-04,SEA,4.0
209416,96d2373cda647873b971f268482bced0,2026-09-29 07:36:51 EDT,2026-10-04,SEA,LAC,SEA@LAC,Fanatics,player_tds_over,Rashid Shaheed,Over,1.5,2500,2026-10-04 20:25:00+00:00,2026-10-04 16:25:00-04:00,2026-10-04,SEA,4.0
209417,96d2373cda647873b971f268482bced0,2026-09-29 07:36:51 EDT,2026-10-04,SEA,LAC,SEA@LAC,Fanatics,player_tds_over,Brady Russell,Over,1.5,20000,2026-10-04 20:25:00+00:00,2026-10-04 16:25:00-04:00,2026-10-04,SEA,4.0
209418,96d2373cda647873b971f268482bced0,2026-09-29 07:36:51 EDT,2026-10-04,SEA,LAC,SEA@LAC,Fanatics,player_tds_over,Emanuel Wilson,Over,1.5,575,2026-10-04 20:25:00+00:00,2026-10-04 16:25:00-04:00,2026-10-04,SEA,4.0
209419,96d2373cda647873b971f268482bced0,2026-09-29 07:36:51 EDT,2026-10-04,SEA,LAC,SEA@LAC,Fanatics,player_tds_over,Jaxon Smith-Njigba,Over,1.5,500,2026-10-04 20:25:00+00:00,2026-10-04 16:25:00-04:00,2026-10-04,SEA,4.0
209420,96d2373cda647873b971f268482bced0,2026-09-29 07:36:51 EDT,2026-10-04,SEA,LAC,SEA@LAC,Fanatics,player_tds_over,George Holani,Over,1.5,550,2026-10-04 20:25:00+00:00,2026-10-04 16:25:00-04:00,2026-10-04,SEA,4.0
209421,96d2373cda647873b971f268482bced0,2026-09-29 07:36:51 EDT,2026-10-04,SEA,LAC,SEA@LAC,Fanatics,player_tds_over,AJ Barner,Over,1.5,1300,2026-10-04 20:25:00+00:00,2026-10-04 16:25:00-04:00,2026-10-04,SEA,4.0
209422,96d2373cda647873b971f268482bced0,2026-09-29 07:36:51 EDT,2026-10-04,SEA,LAC,SEA@LAC,Fanatics,player_tds_over,Tory Horton,Over,1.5,5000,2026-10-04 20:25:00+00:00,2026-10-04 16:25:00-04:00,2026-10-04,SEA,4.0
209423,96d2373cda647873b971f268482bced0,2026-09-29 07:36:51 EDT,2026-10-04,SEA,LAC,SEA@LAC,Fanatics,player_tds_over,Elijah Arroyo,Over,1.5,7000,2026-10-04 20:25:00+00:00,2026-10-04 16:25:00-04:00,2026-10-04,SEA,4.0
209424,96d2373cda647873b971f268482bced0,2026-09-29 07:36:51 EDT,2026-10-04,SEA,LAC,SEA@LAC,Fanatics,player_tds_over,Nick Kallerup,Over,1.5,20000,2026-10-04 20:25:00+00:00,2026-10-04 16:25:00-04:00,2026-10-04,SEA,4.0
209425,96d2373cda647873b971f268482bced0,2026-09-29 07:36:51 EDT,2026-10-04,SEA,LAC,SEA@LAC,Fanatics,player_tds_over,Jadarian Price,Over,1.5,1100,2026-10-04 20:25:00+00:00,2026-10-04 16:25:00-04:00,2026-10-04,SEA,4.0
209426,96d2373cda647873b971f268482bced0,2026-09-29 07:36:51 EDT,2026-10-04,SEA,LAC,SEA@LAC,Fanatics,player_tds_over,Montorie Foster Jr.,Over,1.5,15000,2026-10-04 20:25:00+00:00,2026-10-04 16:25:00-04:00,2026-10-04,SEA,4.0
209427,96d2373cda647873b971f268482bced0,2026-09-29 07:36:51 EDT,2026-10-04,SEA,LAC,SEA@LAC,Fanatics,player_tds_over,Marquez Valdes-Scantling,Over,1.5,30000,2026-10-04 20:25:00+00:00,2026-10-04 16:25:00-04:00,2026-10-04,LAC,4.0
209428,96d2373cda647873b971f268482bced0,2026-09-29 07:36:51 EDT,2026-10-04,SEA,LAC,SEA@LAC,Fanatics,player_tds_over,Alec Ingold,Over,1.5,25000,2026-10-04 20:25:00+00:00,2026-10-04 16:25:00-04:00,2026-10-04,LAC,4.0
209429,96d2373cda647873b971f268482bced0,2026-09-29 07:36:51 EDT,2026-10-04,SEA,LAC,SEA@LAC,Fanatics,player_tds_over,Justin Herbert,Over,1.5,5000,2026-10-04 20:25:00+00:00,2026-10-04 16:25:00-04:00,2026-10-04,LAC,4.0
209430,96d2373cda647873b971f268482bced0,2026-09-29 07:36:51 EDT,2026-10-04,SEA,LAC,SEA@LAC,Fanatics,player_tds_over,Keaton Mitchell,Over,1.5,1900,2026-10-04 20:25:00+00:00,2026-10-04 16:25:00-04:00,2026-10-04,LAC,4.0
209431,96d2373cda647873b971f268482bced0,2026-09-29 07:36:51 EDT,2026-10-04,SEA,LAC,SEA@LAC,Fanatics,player_tds_over,Quentin Johnston,Over,1.5,1500,2026-10-04 20:25:00+00:00,2026-10-04 16:25:00-04:00,2026-10-04,LAC,4.0
209432,96d2373cda647873b971f268482bced0,2026-09-29 07:36:51 EDT,2026-10-04,SEA,LAC,SEA@LAC,Fanatics,player_tds_over,Derius Davis,Over,1.5,15000,2026-10-04 20:25:00+00:00,2026-10-04 16:25:00-04:00,2026-10-04,LAC,4.0
209433,96d2373cda647873b971f268482bced0,2026-09-29 07:36:51 EDT,2026-10-04,SEA,LAC,SEA@LAC,Fanatics,player_tds_over,Ladd McConkey,Over,1.5,1300,2026-10-04 20:25:00+00:00,2026-10-04 16:25:00-04:00,2026-10-04,LAC,4.0
209434,96d2373cda647873b971f268482bced0,2026-09-29 07:36:51 EDT,2026-10-04,SEA,LAC,SEA@LAC,Fanatics,player_tds_over,Kimani Vidal,Over,1.5,6000,2026-10-04 20:25:00+00:00,2026-10-04 16:25:00-04:00,2026-10-04,LAC,4.0
209435,96d2373cda647873b971f268482bced0,2026-09-29 07:36:51 EDT,2026-10-04,SEA,LAC,SEA@LAC,Fanatics,player_tds_over,Omarion Hampton,Over,1.5,800,2026-10-04 20:25:00+00:00,2026-10-04 16:25:00-04:00,2026-10-04,LAC,4.0
209436,96d2373cda647873b971f268482bced0,2026-09-29 07:36:51 EDT,2026-10-04,SEA,LAC,SEA@LAC,Fanatics,player_tds_over,Oronde Gadsden,Over,1.5,2800,2026-10-04 20:25:00+00:00,2026-10-04 16:25:00-04:00,2026-10-04,LAC,4.0
209437,96d2373cda647873b971f268482bced0,2026-09-29 07:36:51 EDT,2026-10-04,SEA,LAC,SEA@LAC,Fanatics,player_tds_over,Tre Harris,Over,1.5,2800,2026-10-04 20:25:00+00:00,2026-10-04 16:25:00-04:00,2026-10-04,LAC,4.0
209438,96d2373cda647873b971f268482bced0,2026-09-29 07:36:51 EDT,2026-10-04,SEA,LAC,SEA@LAC,Fanatics,player_tds_over,Hayden Rucci,Over,1.5,25000,2026-10-04 20:25:00+00:00,2026-10-04 16:25:00-04:00,2026-10-04,JAX,4.0
209439,96d2373cda647873b971f268482bced0,2026-09-29 07:36:51 EDT,2026-10-04,SEA,LAC,SEA@LAC,Fanatics,player_tds_over,Sam Darnold,Over,2.5,40000,2026-10-04 20:25:00+00:00,2026-10-04 16:25:00-04:00,2026-10-04,SEA,4.0
209440,96d2373cda647873b971f268482bced0,2026-09-29 07:36:51 EDT,2026-10-04,SEA,LAC,SEA@LAC,Fanatics,player_tds_over,Eric Saubert,Over,2.5,50000,2026-10-04 20:25:00+00:00,2026-10-04 16:25:00-04:00,2026-10-04,SEA,4.0
209441,96d2373cda647873b971f268482bced0,2026-09-29 07:36:51 EDT,2026-10-04,SEA,LAC,SEA@LAC,Fanatics,player_tds_over,Cooper Kupp,Over,2.5,15000,2026-10-04 20:25:00+00:00,2026-10-04 16:25:00-04:00,2026-10-04,SEA,4.0
209442,96d2373cda647873b971f268482bced0,2026-09-29 07:36:51 EDT,2026-10-04,SEA,LAC,SEA@LAC,Fanatics,player_tds_over,Rashid Shaheed,Over,2.5,25000,2026-10-04 20:25:00+00:00,2026-10-04 16:25:00-04:00,2026-10-04,SEA,4.0
209443,96d2373cda647873b971f268482bced0,2026-09-29 07:36:51 EDT,2026-10-04,SEA,LAC,SEA@LAC,Fanatics,player_tds_over,Brady Russell,Over,2.5,50000,2026-10-04 20:25:00+00:00,2026-10-04 16:25:00-04:00,2026-10-04,SEA,4.0
209444,96d2373cda647873b971f268482bced0,2026-09-29 07:36:51 EDT,2026-10-04,SEA,LAC,SEA@LAC,Fanatics,player_tds_over,Emanuel Wilson,Over,2.5,2800,2026-10-04 20:25:00+00:00,2026-10-04 16:25:00-04:00,2026-10-04,SEA,4.0
209445,96d2373cda647873b971f268482bced0,2026-09-29 07:36:51 EDT,2026-10-04,SEA,LAC,SEA@LAC,Fanatics,player_tds_over,Jaxon Smith-Njigba,Over,2.5,2200,2026-10-04 20:25:00+00:00,2026-10-04 16:25:00-04:00,2026-10-04,SEA,4.0
209446,96d2373cda647873b971f268482bced0,2026-09-29 07:36:51 EDT,2026-10-04,SEA,LAC,SEA@LAC,Fanatics,player_tds_over,George Holani,Over,2.5,2800,2026-10-04 20:25:00+00:00,2026-10-04 16:25:00-04:00,2026-10-04,SEA,4.0
209447,96d2373cda647873b971f268482bced0,2026-09-29 07:36:51 EDT,2026-10-04,SEA,LAC,SEA@LAC,Fanatics,player_tds_over,AJ Barner,Over,2.5,10000,2026-10-04 20:25:00+00:00,2026-10-04 16:25:00-04:00,2026-10-04,SEA,4.0
209448,96d2373cda647873b971f268482bced0,2026-09-29 07:36:51 EDT,2026-10-04,SEA,LAC,SEA@LAC,Fanatics,player_tds_over,Tory Horton,Over,2.5,50000,2026-10-04 20:25:00+00:00,2026-10-04 16:25:00-04:00,2026-10-04,SEA,4.0
209449,96d2373cda647873b971f268482bced0,2026-09-29 07:36:51 EDT,2026-10-04,SEA,LAC,SEA@LAC,Fanatics,player_tds_over,Jadarian Price,Over,2.5,5000,2026-10-04 20:25:00+00:00,2026-10-04 16:25:00-04:00,2026-10-04,SEA,4.0
209450,96d2373cda647873b971f268482bced0,2026-09-29 07:36:51 EDT,2026-10-04,SEA,LAC,SEA@LAC,Fanatics,player_tds_over,Keaton Mitchell,Over,2.5,15000,2026-10-04 20:25:00+00:00,2026-10-04 16:25:00-04:00,2026-10-04,LAC,4.0
209451,96d2373cda647873b971f268482bced0,2026-09-29 07:36:51 EDT,2026-10-04,SEA,LAC,SEA@LAC,Fanatics,player_tds_over,Quentin Johnston,Over,2.5,12000,2026-10-04 20:25:00+00:00,2026-10-04 16:25:00-04:00,2026-10-04,LAC,4.0
209452,96d2373cda647873b971f268482bced0,2026-09-29 07:36:51 EDT,2026-10-04,SEA,LAC,SEA@LAC,Fanatics,player_tds_over,Ladd McConkey,Over,2.5,7000,2026-10-04 20:25:00+00:00,2026-10-04 16:25:00-04:00,2026-10-04,LAC,4.0
209453,96d2373cda647873b971f268482bced0,2026-09-29 07:36:51 EDT,2026-10-04,SEA,LAC,SEA@LAC,Fanatics,player_tds_over,Kimani Vidal,Over,2.5,50000,2026-10-04 20:25:00+00:00,2026-10-04 16:25:00-04:00,2026-10-04,LAC,4.0
209454,96d2373cda647873b971f268482bced0,2026-09-29 07:36:51 EDT,2026-10-04,SEA,LAC,SEA@LAC,Fanatics,player_tds_over,Omarion Hampton,Over,2.5,4000,2026-10-04 20:25:00+00:00,2026-10-04 16:25:00-04:00,2026-10-04,LAC,4.0
209455,96d2373cda647873b971f268482bced0,2026-09-29 07:36:51 EDT,2026-10-04,SEA,LAC,SEA@LAC,Fanatics,player_tds_over,Oronde Gadsden,Over,2.5,25000,2026-10-04 20:25:00+00:00,2026-10-04 16:25:00-04:00,2026-10-04,LAC,4.0
209456,96d2373cda647873b971f268482bced0,2026-09-29 07:36:51 EDT,2026-10-04,SEA,LAC,SEA@LAC,Fanatics,player_tds_over,Tre Harris,Over,2.5,20000,2026-10-04 20:25:00+00:00,2026-10-04 16:25:00-04:00,2026-10-04,LAC,4.0
209457,a73a76599a4f3422803e57bd8f61b626,2026-09-29 07:36:51 EDT,2026-10-04,CAR,DET,CAR@DET,DraftKings,player_pass_yds,Jared Goff,Over,263.5,-113,2026-10-05 00:20:00+00:00,2026-10-04 20:20:00-04:00,2026-10-04,DET,4.0
209458,a73a76599a4f3422803e57bd8f61b626,2026-09-29 07:36:51 EDT,2026-10-04,CAR,DET,CAR@DET,DraftKings,player_pass_yds,Jared Goff,Under,263.5,-111,2026-10-05 00:20:00+00:00,2026-10-04 20:20:00-04:00,2026-10-04,DET,4.0
209459,a73a76599a4f3422803e57bd8f61b626,2026-09-29 07:36:51 EDT,2026-10-04,CAR,DET,CAR@DET,DraftKings,player_pass_yds,Bryce Young,Over,242.5,-113,2026-10-05 00:20:00+00:00,2026-10-04 20:20:00-04:00,2026-10-04,CAR,4.0
209460,a73a76599a4f3422803e57bd8f61b626,2026-09-29 07:36:51 EDT,2026-10-04,CAR,DET,CAR@DET,DraftKings,player_pass_yds,Bryce Young,Under,242.5,-111,2026-10-05 00:20:00+00:00,2026-10-04 20:20:00-04:00,2026-10-04,CAR,4.0
209461,a73a76599a4f3422803e57bd8f61b626,2026-09-29 07:36:51 EDT,2026-10-04,CAR,DET,CAR@DET,FanDuel,player_pass_yds,Bryce Young,Over,241.5,-114,2026-10-05 00:20:00+00:00,2026-10-04 20:20:00-04:00,2026-10-04,CAR,4.0
209462,a73a76599a4f3422803e57bd8f61b626,2026-09-29 07:36:51 EDT,2026-10-04,CAR,DET,CAR@DET,FanDuel,player_pass_yds,Bryce Young,Under,241.5,-114,2026-10-05 00:20:00+00:00,2026-10-04 20:20:00-04:00,2026-10-04,CAR,4.0
209463,a73a76599a4f3422803e57bd8f61b626,2026-09-29 07:36:51 EDT,2026-10-04,CAR,DET,CAR@DET,FanDuel,player_pass_yds,Jared Goff,Over,260.5,-114,2026-10-05 00:20:00+00:00,2026-10-04 20:20:00-04:00,2026-10-04,DET,4.0
209464,a73a76599a4f3422803e57bd8f61b626,2026-09-29 07:36:51 EDT,2026-10-04,CAR,DET,CAR@DET,FanDuel,player_pass_yds,Jared Goff,Under,260.5,-114,2026-10-05 00:20:00+00:00,2026-10-04 20:20:00-04:00,2026-10-04,DET,4.0
209465,a73a76599a4f3422803e57bd8f61b626,2026-09-29 07:36:51 EDT,2026-10-04,CAR,DET,CAR@DET,Fanatics,player_pass_yds,Bryce Young,Over,240.5,-110,2026-10-05 00:20:00+00:00,2026-10-04 20:20:00-04:00,2026-10-04,CAR,4.0
209466,a73a76599a4f3422803e57bd8f61b626,2026-09-29 07:36:51 EDT,2026-10-04,CAR,DET,CAR@DET,Fanatics,player_pass_yds,Bryce Young,Under,240.5,-120,2026-10-05 00:20:00+00:00,2026-10-04 20:20:00-04:00,2026-10-04,CAR,4.0
209467,a73a76599a4f3422803e57bd8f61b626,2026-09-29 07:36:51 EDT,2026-10-04,CAR,DET,CAR@DET,DraftKings,player_pass_tds,Jared Goff,Over,1.5,-198,2026-10-05 00:20:00+00:00,2026-10-04 20:20:00-04:00,2026-10-04,DET,4.0
209468,a73a76599a4f3422803e57bd8f61b626,2026-09-29 07:36:51 EDT,2026-10-04,CAR,DET,CAR@DET,DraftKings,player_pass_tds,Jared Goff,Under,1.5,154,2026-10-05 00:20:00+00:00,2026-10-04 20:20:00-04:00,2026-10-04,DET,4.0
209469,a73a76599a4f3422803e57bd8f61b626,2026-09-29 07:36:51 EDT,2026-10-04,CAR,DET,CAR@DET,DraftKings,player_pass_tds,Bryce Young,Over,1.5,-107,2026-10-05 00:20:00+00:00,2026-10-04 20:20:00-04:00,2026-10-04,CAR,4.0
209470,a73a76599a4f3422803e57bd8f61b626,2026-09-29 07:36:51 EDT,2026-10-04,CAR,DET,CAR@DET,DraftKings,player_pass_tds,Bryce Young,Under,1.5,-119,2026-10-05 00:20:00+00:00,2026-10-04 20:20:00-04:00,2026-10-04,CAR,4.0
209471,a73a76599a4f3422803e57bd8f61b626,2026-09-29 07:36:51 EDT,2026-10-04,CAR,DET,CAR@DET,FanDuel,player_pass_tds,Jared Goff,Over,1.5,-166,2026-10-05 00:20:00+00:00,2026-10-04 20:20:00-04:00,2026-10-04,DET,4.0
209472,a73a76599a4f3422803e57bd8f61b626,2026-09-29 07:36:51 EDT,2026-10-04,CAR,DET,CAR@DET,FanDuel,player_pass_tds,Jared Goff,Under,1.5,124,2026-10-05 00:20:00+00:00,2026-10-04 20:20:00-04:00,2026-10-04,DET,4.0
209473,a73a76599a4f3422803e57bd8f61b626,2026-09-29 07:36:51 EDT,2026-10-04,CAR,DET,CAR@DET,FanDuel,player_pass_tds,Bryce Young,Over,1.5,-120,2026-10-05 00:20:00+00:00,2026-10-04 20:20:00-04:00,2026-10-04,CAR,4.0
209474,a73a76599a4f3422803e57bd8f61b626,2026-09-29 07:36:51 EDT,2026-10-04,CAR,DET,CAR@DET,FanDuel,player_pass_tds,Bryce Young,Under,1.5,-110,2026-10-05 00:20:00+00:00,2026-10-04 20:20:00-04:00,2026-10-04,CAR,4.0
209475,a73a76599a4f3422803e57bd8f61b626,2026-09-29 07:36:51 EDT,2026-10-04,CAR,DET,CAR@DET,DraftKings,player_rush_yds,Chuba Hubbard,Over,68.5,-112,2026-10-05 00:20:00+00:00,2026-10-04 20:20:00-04:00,2026-10-04,CAR,4.0
209476,a73a76599a4f3422803e57bd8f61b626,2026-09-29 07:36:51 EDT,2026-10-04,CAR,DET,CAR@DET,DraftKings,player_rush_yds,Chuba Hubbard,Under,68.5,-112,2026-10-05 00:20:00+00:00,2026-10-04 20:20:00-04:00,2026-10-04,CAR,4.0
209477,a73a76599a4f3422803e57bd8f61b626,2026-09-29 07:36:51 EDT,2026-10-04,CAR,DET,CAR@DET,FanDuel,player_rush_yds,Jahmyr Gibbs,Over,96.5,-114,2026-10-05 00:20:00+00:00,2026-10-04 20:20:00-04:00,2026-10-04,DET,4.0
209478,a73a76599a4f3422803e57bd8f61b626,2026-09-29 07:36:51 EDT,2026-10-04,CAR,DET,CAR@DET,FanDuel,player_rush_yds,Jahmyr Gibbs,Under,96.5,-114,2026-10-05 00:20:00+00:00,2026-10-04 20:20:00-04:00,2026-10-04,DET,4.0
209479,a73a76599a4f3422803e57bd8f61b626,2026-09-29 07:36:51 EDT,2026-10-04,CAR,DET,CAR@DET,FanDuel,player_rush_yds,Bryce Young,Over,12.5,-114,2026-10-05 00:20:00+00:00,2026-10-04 20:20:00-04:00,2026-10-04,CAR,4.0
209480,a73a76599a4f3422803e57bd8f61b626,2026-09-29 07:36:51 EDT,2026-10-04,CAR,DET,CAR@DET,FanDuel,player_rush_yds,Bryce Young,Under,12.5,-114,2026-10-05 00:20:00+00:00,2026-10-04 20:20:00-04:00,2026-10-04,CAR,4.0
209481,a73a76599a4f3422803e57bd8f61b626,2026-09-29 07:36:51 EDT,2026-10-04,CAR,DET,CAR@DET,FanDuel,player_rush_yds,Chuba Hubbard,Over,66.5,-114,2026-10-05 00:20:00+00:00,2026-10-04 20:20:00-04:00,2026-10-04,CAR,4.0
209482,a73a76599a4f3422803e57bd8f61b626,2026-09-29 07:36:51 EDT,2026-10-04,CAR,DET,CAR@DET,FanDuel,player_rush_yds,Chuba Hubbard,Under,66.5,-114,2026-10-05 00:20:00+00:00,2026-10-04 20:20:00-04:00,2026-10-04,CAR,4.0
209483,a73a76599a4f3422803e57bd8f61b626,2026-09-29 07:36:51 EDT,2026-10-04,CAR,DET,CAR@DET,Fanatics,player_rush_yds,Chuba Hubbard,Over,65.5,-135,2026-10-05 00:20:00+00:00,2026-10-04 20:20:00-04:00,2026-10-04,CAR,4.0
209484,a73a76599a4f3422803e57bd8f61b626,2026-09-29 07:36:51 EDT,2026-10-04,CAR,DET,CAR@DET,Fanatics,player_rush_yds,Chuba Hubbard,Under,65.5,100,2026-10-05 00:20:00+00:00,2026-10-04 20:20:00-04:00,2026-10-04,CAR,4.0
209485,a73a76599a4f3422803e57bd8f61b626,2026-09-29 07:36:51 EDT,2026-10-04,CAR,DET,CAR@DET,FanDuel,player_receptions,Jameson Williams,Over,3.5,-102,2026-10-05 00:20:00+00:00,2026-10-04 20:20:00-04:00,2026-10-04,DET,4.0
209486,a73a76599a4f3422803e57bd8f61b626,2026-09-29 07:36:51 EDT,2026-10-04,CAR,DET,CAR@DET,FanDuel,player_receptions,Jameson Williams,Under,3.5,-130,2026-10-05 00:20:00+00:00,2026-10-04 20:20:00-04:00,2026-10-04,DET,4.0
209487,a73a76599a4f3422803e57bd8f61b626,2026-09-29 07:36:51 EDT,2026-10-04,CAR,DET,CAR@DET,FanDuel,player_receptions,Sam LaPorta,Over,4.5,-108,2026-10-05 00:20:00+00:00,2026-10-04 20:20:00-04:00,2026-10-04,DET,4.0
209488,a73a76599a4f3422803e57bd8f61b626,2026-09-29 07:36:51 EDT,2026-10-04,CAR,DET,CAR@DET,FanDuel,player_receptions,Sam LaPorta,Under,4.5,-122,2026-10-05 00:20:00+00:00,2026-10-04 20:20:00-04:00,2026-10-04,DET,4.0
209489,a73a76599a4f3422803e57bd8f61b626,2026-09-29 07:36:51 EDT,2026-10-04,CAR,DET,CAR@DET,FanDuel,player_receptions,Amon-Ra St. Brown,Over,6.5,-148,2026-10-05 00:20:00+00:00,2026-10-04 20:20:00-04:00,2026-10-04,DET,4.0
209490,a73a76599a4f3422803e57bd8f61b626,2026-09-29 07:36:51 EDT,2026-10-04,CAR,DET,CAR@DET,FanDuel,player_receptions,Amon-Ra St. Brown,Under,6.5,112,2026-10-05 00:20:00+00:00,2026-10-04 20:20:00-04:00,2026-10-04,DET,4.0
209491,a73a76599a4f3422803e57bd8f61b626,2026-09-29 07:36:51 EDT,2026-10-04,CAR,DET,CAR@DET,FanDuel,player_receptions,Isaac TeSlaa,Over,1.5,-108,2026-10-05 00:20:00+00:00,2026-10-04 20:20:00-04:00,2026-10-04,DET,4.0
209492,a73a76599a4f3422803e57bd8f61b626,2026-09-29 07:36:51 EDT,2026-10-04,CAR,DET,CAR@DET,FanDuel,player_receptions,Isaac TeSlaa,Under,1.5,-122,2026-10-05 00:20:00+00:00,2026-10-04 20:20:00-04:00,2026-10-04,DET,4.0
209493,a73a76599a4f3422803e57bd8f61b626,2026-09-29 07:36:51 EDT,2026-10-04,CAR,DET,CAR@DET,FanDuel,player_receptions,Tetairoa McMillan,Over,4.5,102,2026-10-05 00:20:00+00:00,2026-10-04 20:20:00-04:00,2026-10-04,CAR,4.0
209494,a73a76599a4f3422803e57bd8f61b626,2026-09-29 07:36:51 EDT,2026-10-04,CAR,DET,CAR@DET,FanDuel,player_receptions,Tetairoa McMillan,Under,4.5,-136,2026-10-05 00:20:00+00:00,2026-10-04 20:20:00-04:00,2026-10-04,CAR,4.0
209495,a73a76599a4f3422803e57bd8f61b626,2026-09-29 07:36:51 EDT,2026-10-04,CAR,DET,CAR@DET,FanDuel,player_receptions,Chuba Hubbard,Over,2.5,-158,2026-10-05 00:20:00+00:00,2026-10-04 20:20:00-04:00,2026-10-04,CAR,4.0
209496,a73a76599a4f3422803e57bd8f61b626,2026-09-29 07:36:51 EDT,2026-10-04,CAR,DET,CAR@DET,FanDuel,player_receptions,Chuba Hubbard,Under,2.5,118,2026-10-05 00:20:00+00:00,2026-10-04 20:20:00-04:00,2026-10-04,CAR,4.0
209497,a73a76599a4f3422803e57bd8f61b626,2026-09-29 07:36:51 EDT,2026-10-04,CAR,DET,CAR@DET,FanDuel,player_receptions,Jahmyr Gibbs,Over,4.5,-130,2026-10-05 00:20:00+00:00,2026-10-04 20:20:00-04:00,2026-10-04,DET,4.0
209498,a73a76599a4f3422803e57bd8f61b626,2026-09-29 07:36:51 EDT,2026-10-04,CAR,DET,CAR@DET,FanDuel,player_receptions,Jahmyr Gibbs,Under,4.5,-102,2026-10-05 00:20:00+00:00,2026-10-04 20:20:00-04:00,2026-10-04,DET,4.0
209499,a73a76599a4f3422803e57bd8f61b626,2026-09-29 07:36:51 EDT,2026-10-04,CAR,DET,CAR@DET,FanDuel,player_reception_yds,Jahmyr Gibbs,Over,35.5,-114,2026-10-05 00:20:00+00:00,2026-10-04 20:20:00-04:00,2026-10-04,DET,4.0
209500,a73a76599a4f3422803e57bd8f61b626,2026-09-29 07:36:51 EDT,2026-10-04,CAR,DET,CAR@DET,FanDuel,player_reception_yds,Jahmyr Gibbs,Under,35.5,-114,2026-10-05 00:20:00+00:00,2026-10-04 20:20:00-04:00,2026-10-04,DET,4.0
209501,a73a76599a4f3422803e57bd8f61b626,2026-09-29 07:36:51 EDT,2026-10-04,CAR,DET,CAR@DET,FanDuel,player_reception_yds,Isaac TeSlaa,Over,17.5,-114,2026-10-05 00:20:00+00:00,2026-10-04 20:20:00-04:00,2026-10-04,DET,4.0
209502,a73a76599a4f3422803e57bd8f61b626,2026-09-29 07:36:51 EDT,2026-10-04,CAR,DET,CAR@DET,FanDuel,player_reception_yds,Isaac TeSlaa,Under,17.5,-114,2026-10-05 00:20:00+00:00,2026-10-04 20:20:00-04:00,2026-10-04,DET,4.0
209503,a73a76599a4f3422803e57bd8f61b626,2026-09-29 07:36:51 EDT,2026-10-04,CAR,DET,CAR@DET,FanDuel,player_reception_yds,Amon-Ra St. Brown,Over,75.5,-114,2026-10-05 00:20:00+00:00,2026-10-04 20:20:00-04:00,2026-10-04,DET,4.0
209504,a73a76599a4f3422803e57bd8f61b626,2026-09-29 07:36:51 EDT,2026-10-04,CAR,DET,CAR@DET,FanDuel,player_reception_yds,Amon-Ra St. Brown,Under,75.5,-114,2026-10-05 00:20:00+00:00,2026-10-04 20:20:00-04:00,2026-10-04,DET,4.0
209505,a73a76599a4f3422803e57bd8f61b626,2026-09-29 07:36:51 EDT,2026-10-04,CAR,DET,CAR@DET,FanDuel,player_reception_yds,Tetairoa McMillan,Over,65.5,-114,2026-10-05 00:20:00+00:00,2026-10-04 20:20:00-04:00,2026-10-04,CAR,4.0
209506,a73a76599a4f3422803e57bd8f61b626,2026-09-29 07:36:51 EDT,2026-10-04,CAR,DET,CAR@DET,FanDuel,player_reception_yds,Tetairoa McMillan,Under,65.5,-114,2026-10-05 00:20:00+00:00,2026-10-04 20:20:00-04:00,2026-10-04,CAR,4.0
209507,a73a76599a4f3422803e57bd8f61b626,2026-09-29 07:36:51 EDT,2026-10-04,CAR,DET,CAR@DET,FanDuel,player_reception_yds,Sam LaPorta,Over,48.5,-114,2026-10-05 00:20:00+00:00,2026-10-04 20:20:00-04:00,2026-10-04,DET,4.0
209508,a73a76599a4f3422803e57bd8f61b626,2026-09-29 07:36:51 EDT,2026-10-04,CAR,DET,CAR@DET,FanDuel,player_reception_yds,Sam LaPorta,Under,48.5,-114,2026-10-05 00:20:00+00:00,2026-10-04 20:20:00-04:00,2026-10-04,DET,4.0
209509,a73a76599a4f3422803e57bd8f61b626,2026-09-29 07:36:51 EDT,2026-10-04,CAR,DET,CAR@DET,FanDuel,player_reception_yds,Jameson Williams,Over,48.5,-114,2026-10-05 00:20:00+00:00,2026-10-04 20:20:00-04:00,2026-10-04,DET,4.0
209510,a73a76599a4f3422803e57bd8f61b626,2026-09-29 07:36:51 EDT,2026-10-04,CAR,DET,CAR@DET,FanDuel,player_reception_yds,Jameson Williams,Under,48.5,-114,2026-10-05 00:20:00+00:00,2026-10-04 20:20:00-04:00,2026-10-04,DET,4.0
209511,a73a76599a4f3422803e57bd8f61b626,2026-09-29 07:36:51 EDT,2026-10-04,CAR,DET,CAR@DET,FanDuel,player_reception_yds,Chuba Hubbard,Over,18.5,-114,2026-10-05 00:20:00+00:00,2026-10-04 20:20:00-04:00,2026-10-04,CAR,4.0
209512,a73a76599a4f3422803e57bd8f61b626,2026-09-29 07:36:51 EDT,2026-10-04,CAR,DET,CAR@DET,FanDuel,player_reception_yds,Chuba Hubbard,Under,18.5,-114,2026-10-05 00:20:00+00:00,2026-10-04 20:20:00-04:00,2026-10-04,CAR,4.0
209513,a73a76599a4f3422803e57bd8f61b626,2026-09-29 07:36:51 EDT,2026-10-04,CAR,DET,CAR@DET,Fanatics,player_reception_yds,Jahmyr Gibbs,Over,35.5,-120,2026-10-05 00:20:00+00:00,2026-10-04 20:20:00-04:00,2026-10-04,DET,4.0
209514,a73a76599a4f3422803e57bd8f61b626,2026-09-29 07:36:51 EDT,2026-10-04,CAR,DET,CAR@DET,Fanatics,player_reception_yds,Jahmyr Gibbs,Under,35.5,-110,2026-10-05 00:20:00+00:00,2026-10-04 20:20:00-04:00,2026-10-04,DET,4.0
209515,a73a76599a4f3422803e57bd8f61b626,2026-09-29 07:36:51 EDT,2026-10-04,CAR,DET,CAR@DET,DraftKings,player_tds_over,Jahmyr Gibbs,Over,1.5,165,2026-10-05 00:20:00+00:00,2026-10-04 20:20:00-04:00,2026-10-04,DET,4.0
209516,a73a76599a4f3422803e57bd8f61b626,2026-09-29 07:36:51 EDT,2026-10-04,CAR,DET,CAR@DET,DraftKings,player_tds_over,Chuba Hubbard,Over,1.5,450,2026-10-05 00:20:00+00:00,2026-10-04 20:20:00-04:00,2026-10-04,CAR,4.0
209517,a73a76599a4f3422803e57bd8f61b626,2026-09-29 07:36:51 EDT,2026-10-04,CAR,DET,CAR@DET,DraftKings,player_tds_over,Amon-Ra St. Brown,Over,1.5,500,2026-10-05 00:20:00+00:00,2026-10-04 20:20:00-04:00,2026-10-04,DET,4.0
209518,a73a76599a4f3422803e57bd8f61b626,2026-09-29 07:36:51 EDT,2026-10-04,CAR,DET,CAR@DET,DraftKings,player_tds_over,Tetairoa McMillan,Over,1.5,850,2026-10-05 00:20:00+00:00,2026-10-04 20:20:00-04:00,2026-10-04,CAR,4.0
209519,a73a76599a4f3422803e57bd8f61b626,2026-09-29 07:36:51 EDT,2026-10-04,CAR,DET,CAR@DET,DraftKings,player_tds_over,Sam LaPorta,Over,1.5,1600,2026-10-05 00:20:00+00:00,2026-10-04 20:20:00-04:00,2026-10-04,DET,4.0
209520,a73a76599a4f3422803e57bd8f61b626,2026-09-29 07:36:51 EDT,2026-10-04,CAR,DET,CAR@DET,DraftKings,player_tds_over,Jalen Coker,Over,1.5,1700,2026-10-05 00:20:00+00:00,2026-10-04 20:20:00-04:00,2026-10-04,CAR,4.0
209521,a73a76599a4f3422803e57bd8f61b626,2026-09-29 07:36:51 EDT,2026-10-04,CAR,DET,CAR@DET,DraftKings,player_tds_over,Jameson Williams,Over,1.5,2000,2026-10-05 00:20:00+00:00,2026-10-04 20:20:00-04:00,2026-10-04,DET,4.0
209522,a73a76599a4f3422803e57bd8f61b626,2026-09-29 07:36:51 EDT,2026-10-04,CAR,DET,CAR@DET,DraftKings,player_tds_over,Darren Waller,Over,1.5,2500,2026-10-05 00:20:00+00:00,2026-10-04 20:20:00-04:00,2026-10-04,CAR,4.0
209523,a73a76599a4f3422803e57bd8f61b626,2026-09-29 07:36:51 EDT,2026-10-04,CAR,DET,CAR@DET,DraftKings,player_tds_over,Tommy Tremble,Over,1.5,5000,2026-10-05 00:20:00+00:00,2026-10-04 20:20:00-04:00,2026-10-04,CAR,4.0
209524,a73a76599a4f3422803e57bd8f61b626,2026-09-29 07:36:51 EDT,2026-10-04,CAR,DET,CAR@DET,DraftKings,player_tds_over,Isaac TeSlaa,Over,1.5,6000,2026-10-05 00:20:00+00:00,2026-10-04 20:20:00-04:00,2026-10-04,DET,4.0
209525,a73a76599a4f3422803e57bd8f61b626,2026-09-29 07:36:51 EDT,2026-10-04,CAR,DET,CAR@DET,DraftKings,player_tds_over,Bryce Young,Over,1.5,6500,2026-10-05 00:20:00+00:00,2026-10-04 20:20:00-04:00,2026-10-04,CAR,4.0
209526,a73a76599a4f3422803e57bd8f61b626,2026-09-29 07:36:51 EDT,2026-10-04,CAR,DET,CAR@DET,DraftKings,player_tds_over,Sione Vaki,Over,1.5,8000,2026-10-05 00:20:00+00:00,2026-10-04 20:20:00-04:00,2026-10-04,DET,4.0
209527,a73a76599a4f3422803e57bd8f61b626,2026-09-29 07:36:51 EDT,2026-10-04,CAR,DET,CAR@DET,DraftKings,player_tds_over,Brock Wright,Over,1.5,8000,2026-10-05 00:20:00+00:00,2026-10-04 20:20:00-04:00,2026-10-04,DET,4.0
209528,a73a76599a4f3422803e57bd8f61b626,2026-09-29 07:36:51 EDT,2026-10-04,CAR,DET,CAR@DET,DraftKings,player_tds_over,AJ Dillon,Over,1.5,10000,2026-10-05 00:20:00+00:00,2026-10-04 20:20:00-04:00,2026-10-04,CAR,4.0
209529,a73a76599a4f3422803e57bd8f61b626,2026-09-29 07:36:51 EDT,2026-10-04,CAR,DET,CAR@DET,DraftKings,player_tds_over,Jared Goff,Over,1.5,13000,2026-10-05 00:20:00+00:00,2026-10-04 20:20:00-04:00,2026-10-04,DET,4.0
209530,a73a76599a4f3422803e57bd8f61b626,2026-09-29 07:36:51 EDT,2026-10-04,CAR,DET,CAR@DET,DraftKings,player_tds_over,Tom Kennedy,Over,1.5,18000,2026-10-05 00:20:00+00:00,2026-10-04 20:20:00-04:00,2026-10-04,DET,4.0
209531,a73a76599a4f3422803e57bd8f61b626,2026-09-29 07:36:51 EDT,2026-10-04,CAR,DET,CAR@DET,DraftKings,player_tds_over,Tay Martin,Over,1.5,25000,2026-10-05 00:20:00+00:00,2026-10-04 20:20:00-04:00,2026-10-04,DET,4.0
209532,a73a76599a4f3422803e57bd8f61b626,2026-09-29 07:36:51 EDT,2026-10-04,CAR,DET,CAR@DET,Caesars,player_tds_over,Jahmyr Gibbs,Over,1.5,172,2026-10-05 00:20:00+00:00,2026-10-04 20:20:00-04:00,2026-10-04,DET,4.0
209533,a73a76599a4f3422803e57bd8f61b626,2026-09-29 07:36:51 EDT,2026-10-04,CAR,DET,CAR@DET,Caesars,player_tds_over,Chuba Hubbard,Over,1.5,400,2026-10-05 00:20:00+00:00,2026-10-04 20:20:00-04:00,2026-10-04,CAR,4.0
209534,a73a76599a4f3422803e57bd8f61b626,2026-09-29 07:36:51 EDT,2026-10-04,CAR,DET,CAR@DET,Caesars,player_tds_over,Amon-Ra St. Brown,Over,1.5,450,2026-10-05 00:20:00+00:00,2026-10-04 20:20:00-04:00,2026-10-04,DET,4.0
209535,a73a76599a4f3422803e57bd8f61b626,2026-09-29 07:36:51 EDT,2026-10-04,CAR,DET,CAR@DET,Caesars,player_tds_over,Tetairoa McMillan,Over,1.5,700,2026-10-05 00:20:00+00:00,2026-10-04 20:20:00-04:00,2026-10-04,CAR,4.0
209536,a73a76599a4f3422803e57bd8f61b626,2026-09-29 07:36:51 EDT,2026-10-04,CAR,DET,CAR@DET,Caesars,player_tds_over,Sam LaPorta,Over,1.5,1300,2026-10-05 00:20:00+00:00,2026-10-04 20:20:00-04:00,2026-10-04,DET,4.0
209537,a73a76599a4f3422803e57bd8f61b626,2026-09-29 07:36:51 EDT,2026-10-04,CAR,DET,CAR@DET,Caesars,player_tds_over,Jalen Coker,Over,1.5,1300,2026-10-05 00:20:00+00:00,2026-10-04 20:20:00-04:00,2026-10-04,CAR,4.0
209538,a73a76599a4f3422803e57bd8f61b626,2026-09-29 07:36:51 EDT,2026-10-04,CAR,DET,CAR@DET,Caesars,player_tds_over,Jameson Williams,Over,1.5,1500,2026-10-05 00:20:00+00:00,2026-10-04 20:20:00-04:00,2026-10-04,DET,4.0
209539,a73a76599a4f3422803e57bd8f61b626,2026-09-29 07:36:51 EDT,2026-10-04,CAR,DET,CAR@DET,Caesars,player_tds_over,Darren Waller,Over,1.5,2200,2026-10-05 00:20:00+00:00,2026-10-04 20:20:00-04:00,2026-10-04,CAR,4.0
209540,a73a76599a4f3422803e57bd8f61b626,2026-09-29 07:36:51 EDT,2026-10-04,CAR,DET,CAR@DET,Caesars,player_tds_over,Tommy Tremble,Over,1.5,3500,2026-10-05 00:20:00+00:00,2026-10-04 20:20:00-04:00,2026-10-04,CAR,4.0
209541,a73a76599a4f3422803e57bd8f61b626,2026-09-29 07:36:51 EDT,2026-10-04,CAR,DET,CAR@DET,Caesars,player_tds_over,Isaac TeSlaa,Over,1.5,4000,2026-10-05 00:20:00+00:00,2026-10-04 20:20:00-04:00,2026-10-04,DET,4.0
209542,a73a76599a4f3422803e57bd8f61b626,2026-09-29 07:36:51 EDT,2026-10-04,CAR,DET,CAR@DET,Caesars,player_tds_over,Bryce Young,Over,1.5,5000,2026-10-05 00:20:00+00:00,2026-10-04 20:20:00-04:00,2026-10-04,CAR,4.0
209543,a73a76599a4f3422803e57bd8f61b626,2026-09-29 07:36:51 EDT,2026-10-04,CAR,DET,CAR@DET,Caesars,player_tds_over,Sione Vaki,Over,1.5,6600,2026-10-05 00:20:00+00:00,2026-10-04 20:20:00-04:00,2026-10-04,DET,4.0
209544,a73a76599a4f3422803e57bd8f61b626,2026-09-29 07:36:51 EDT,2026-10-04,CAR,DET,CAR@DET,Caesars,player_tds_over,AJ Dillon,Over,1.5,8500,2026-10-05 00:20:00+00:00,2026-10-04 20:20:00-04:00,2026-10-04,CAR,4.0
209545,a73a76599a4f3422803e57bd8f61b626,2026-09-29 07:36:51 EDT,2026-10-04,CAR,DET,CAR@DET,Caesars,player_tds_over,Brock Wright,Over,1.5,8500,2026-10-05 00:20:00+00:00,2026-10-04 20:20:00-04:00,2026-10-04,DET,4.0
209546,a73a76599a4f3422803e57bd8f61b626,2026-09-29 07:36:51 EDT,2026-10-04,CAR,DET,CAR@DET,Caesars,player_tds_over,Jared Goff,Over,1.5,15000,2026-10-05 00:20:00+00:00,2026-10-04 20:20:00-04:00,2026-10-04,DET,4.0
209547,a73a76599a4f3422803e57bd8f61b626,2026-09-29 07:36:51 EDT,2026-10-04,CAR,DET,CAR@DET,Caesars,player_tds_over,Jahmyr Gibbs,Over,2.5,550,2026-10-05 00:20:00+00:00,2026-10-04 20:20:00-04:00,2026-10-04,DET,4.0
209548,a73a76599a4f3422803e57bd8f61b626,2026-09-29 07:36:51 EDT,2026-10-04,CAR,DET,CAR@DET,Caesars,player_tds_over,Chuba Hubbard,Over,2.5,1900,2026-10-05 00:20:00+00:00,2026-10-04 20:20:00-04:00,2026-10-04,CAR,4.0
209549,a73a76599a4f3422803e57bd8f61b626,2026-09-29 07:36:51 EDT,2026-10-04,CAR,DET,CAR@DET,Caesars,player_tds_over,Amon-Ra St. Brown,Over,2.5,2300,2026-10-05 00:20:00+00:00,2026-10-04 20:20:00-04:00,2026-10-04,DET,4.0
209550,a73a76599a4f3422803e57bd8f61b626,2026-09-29 07:36:51 EDT,2026-10-04,CAR,DET,CAR@DET,Caesars,player_tds_over,Tetairoa McMillan,Over,2.5,4000,2026-10-05 00:20:00+00:00,2026-10-04 20:20:00-04:00,2026-10-04,CAR,4.0
209551,a73a76599a4f3422803e57bd8f61b626,2026-09-29 07:36:51 EDT,2026-10-04,CAR,DET,CAR@DET,Caesars,player_tds_over,Jalen Coker,Over,2.5,12500,2026-10-05 00:20:00+00:00,2026-10-04 20:20:00-04:00,2026-10-04,CAR,4.0
209552,a73a76599a4f3422803e57bd8f61b626,2026-09-29 07:36:51 EDT,2026-10-04,CAR,DET,CAR@DET,Caesars,player_tds_over,Sam LaPorta,Over,2.5,12500,2026-10-05 00:20:00+00:00,2026-10-04 20:20:00-04:00,2026-10-04,DET,4.0
209553,a73a76599a4f3422803e57bd8f61b626,2026-09-29 07:36:51 EDT,2026-10-04,CAR,DET,CAR@DET,Caesars,player_tds_over,Jameson Williams,Over,2.5,15000,2026-10-05 00:20:00+00:00,2026-10-04 20:20:00-04:00,2026-10-04,DET,4.0
209554,a73a76599a4f3422803e57bd8f61b626,2026-09-29 07:36:51 EDT,2026-10-04,CAR,DET,CAR@DET,Caesars,player_tds_over,Amon-Ra St. Brown,Over,3.5,15000,2026-10-05 00:20:00+00:00,2026-10-04 20:20:00-04:00,2026-10-04,DET,4.0
209555,a73a76599a4f3422803e57bd8f61b626,2026-09-29 07:36:51 EDT,2026-10-04,CAR,DET,CAR@DET,Caesars,player_tds_over,Jahmyr Gibbs,Over,3.5,2000,2026-10-05 00:20:00+00:00,2026-10-04 20:20:00-04:00,2026-10-04,DET,4.0
209556,a73a76599a4f3422803e57bd8f61b626,2026-09-29 07:36:51 EDT,2026-10-04,CAR,DET,CAR@DET,Caesars,player_tds_over,Chuba Hubbard,Over,3.5,10000,2026-10-05 00:20:00+00:00,2026-10-04 20:20:00-04:00,2026-10-04,CAR,4.0
209557,a73a76599a4f3422803e57bd8f61b626,2026-09-29 07:36:51 EDT,2026-10-04,CAR,DET,CAR@DET,FanDuel,player_tds_over,Jahmyr Gibbs,Over,1.5,170,2026-10-05 00:20:00+00:00,2026-10-04 20:20:00-04:00,2026-10-04,DET,4.0
209558,a73a76599a4f3422803e57bd8f61b626,2026-09-29 07:36:51 EDT,2026-10-04,CAR,DET,CAR@DET,FanDuel,player_tds_over,Chuba Hubbard,Over,1.5,460,2026-10-05 00:20:00+00:00,2026-10-04 20:20:00-04:00,2026-10-04,CAR,4.0
209559,a73a76599a4f3422803e57bd8f61b626,2026-09-29 07:36:51 EDT,2026-10-04,CAR,DET,CAR@DET,FanDuel,player_tds_over,Amon-Ra St. Brown,Over,1.5,550,2026-10-05 00:20:00+00:00,2026-10-04 20:20:00-04:00,2026-10-04,DET,4.0
209560,a73a76599a4f3422803e57bd8f61b626,2026-09-29 07:36:51 EDT,2026-10-04,CAR,DET,CAR@DET,FanDuel,player_tds_over,Tetairoa McMillan,Over,1.5,850,2026-10-05 00:20:00+00:00,2026-10-04 20:20:00-04:00,2026-10-04,CAR,4.0
209561,a73a76599a4f3422803e57bd8f61b626,2026-09-29 07:36:51 EDT,2026-10-04,CAR,DET,CAR@DET,FanDuel,player_tds_over,Sam LaPorta,Over,1.5,1600,2026-10-05 00:20:00+00:00,2026-10-04 20:20:00-04:00,2026-10-04,DET,4.0
209562,a73a76599a4f3422803e57bd8f61b626,2026-09-29 07:36:51 EDT,2026-10-04,CAR,DET,CAR@DET,FanDuel,player_tds_over,Jalen Coker,Over,1.5,1700,2026-10-05 00:20:00+00:00,2026-10-04 20:20:00-04:00,2026-10-04,CAR,4.0
209563,a73a76599a4f3422803e57bd8f61b626,2026-09-29 07:36:51 EDT,2026-10-04,CAR,DET,CAR@DET,FanDuel,player_tds_over,Jameson Williams,Over,1.5,1800,2026-10-05 00:20:00+00:00,2026-10-04 20:20:00-04:00,2026-10-04,DET,4.0
209564,a73a76599a4f3422803e57bd8f61b626,2026-09-29 07:36:51 EDT,2026-10-04,CAR,DET,CAR@DET,FanDuel,player_tds_over,Darren Waller,Over,1.5,2700,2026-10-05 00:20:00+00:00,2026-10-04 20:20:00-04:00,2026-10-04,CAR,4.0
209565,a73a76599a4f3422803e57bd8f61b626,2026-09-29 07:36:51 EDT,2026-10-04,CAR,DET,CAR@DET,FanDuel,player_tds_over,Tommy Tremble,Over,1.5,4000,2026-10-05 00:20:00+00:00,2026-10-04 20:20:00-04:00,2026-10-04,CAR,4.0
209566,a73a76599a4f3422803e57bd8f61b626,2026-09-29 07:36:51 EDT,2026-10-04,CAR,DET,CAR@DET,FanDuel,player_tds_over,Bryce Young,Over,1.5,5500,2026-10-05 00:20:00+00:00,2026-10-04 20:20:00-04:00,2026-10-04,CAR,4.0
209567,a73a76599a4f3422803e57bd8f61b626,2026-09-29 07:36:51 EDT,2026-10-04,CAR,DET,CAR@DET,FanDuel,player_tds_over,Isaac TeSlaa,Over,1.5,6500,2026-10-05 00:20:00+00:00,2026-10-04 20:20:00-04:00,2026-10-04,DET,4.0
209568,a73a76599a4f3422803e57bd8f61b626,2026-09-29 07:36:51 EDT,2026-10-04,CAR,DET,CAR@DET,FanDuel,player_tds_over,Sione Vaki,Over,1.5,8000,2026-10-05 00:20:00+00:00,2026-10-04 20:20:00-04:00,2026-10-04,DET,4.0
209569,a73a76599a4f3422803e57bd8f61b626,2026-09-29 07:36:51 EDT,2026-10-04,CAR,DET,CAR@DET,FanDuel,player_tds_over,AJ Dillon,Over,1.5,10000,2026-10-05 00:20:00+00:00,2026-10-04 20:20:00-04:00,2026-10-04,CAR,4.0
209571,a73a76599a4f3422803e57bd8f61b626,2026-09-29 07:36:51 EDT,2026-10-04,CAR,DET,CAR@DET,FanDuel,player_tds_over,Brock Wright,Over,1.5,10000,2026-10-05 00:20:00+00:00,2026-10-04 20:20:00-04:00,2026-10-04,DET,4.0
209573,a73a76599a4f3422803e57bd8f61b626,2026-09-29 07:36:51 EDT,2026-10-04,CAR,DET,CAR@DET,FanDuel,player_tds_over,Jared Goff,Over,1.5,17500,2026-10-05 00:20:00+00:00,2026-10-04 20:20:00-04:00,2026-10-04,DET,4.0
209574,a73a76599a4f3422803e57bd8f61b626,2026-09-29 07:36:51 EDT,2026-10-04,CAR,DET,CAR@DET,FanDuel,player_tds_over,Jahmyr Gibbs,Over,2.5,700,2026-10-05 00:20:00+00:00,2026-10-04 20:20:00-04:00,2026-10-04,DET,4.0
209575,a73a76599a4f3422803e57bd8f61b626,2026-09-29 07:36:51 EDT,2026-10-04,CAR,DET,CAR@DET,FanDuel,player_tds_over,Chuba Hubbard,Over,2.5,2200,2026-10-05 00:20:00+00:00,2026-10-04 20:20:00-04:00,2026-10-04,CAR,4.0
209576,a73a76599a4f3422803e57bd8f61b626,2026-09-29 07:36:51 EDT,2026-10-04,CAR,DET,CAR@DET,FanDuel,player_tds_over,Amon-Ra St. Brown,Over,2.5,3500,2026-10-05 00:20:00+00:00,2026-10-04 20:20:00-04:00,2026-10-04,DET,4.0
209577,a73a76599a4f3422803e57bd8f61b626,2026-09-29 07:36:51 EDT,2026-10-04,CAR,DET,CAR@DET,FanDuel,player_tds_over,Tetairoa McMillan,Over,2.5,5500,2026-10-05 00:20:00+00:00,2026-10-04 20:20:00-04:00,2026-10-04,CAR,4.0
209578,a73a76599a4f3422803e57bd8f61b626,2026-09-29 07:36:51 EDT,2026-10-04,CAR,DET,CAR@DET,FanDuel,player_tds_over,Sam LaPorta,Over,2.5,10000,2026-10-05 00:20:00+00:00,2026-10-04 20:20:00-04:00,2026-10-04,DET,4.0
209579,a73a76599a4f3422803e57bd8f61b626,2026-09-29 07:36:51 EDT,2026-10-04,CAR,DET,CAR@DET,FanDuel,player_tds_over,Jameson Williams,Over,2.5,12500,2026-10-05 00:20:00+00:00,2026-10-04 20:20:00-04:00,2026-10-04,DET,4.0
209580,a73a76599a4f3422803e57bd8f61b626,2026-09-29 07:36:51 EDT,2026-10-04,CAR,DET,CAR@DET,FanDuel,player_tds_over,Jalen Coker,Over,2.5,12500,2026-10-05 00:20:00+00:00,2026-10-04 20:20:00-04:00,2026-10-04,CAR,4.0
209581,a73a76599a4f3422803e57bd8f61b626,2026-09-29 07:36:51 EDT,2026-10-04,CAR,DET,CAR@DET,FanDuel,player_tds_over,Jahmyr Gibbs,Over,3.5,3300,2026-10-05 00:20:00+00:00,2026-10-04 20:20:00-04:00,2026-10-04,DET,4.0
209582,a73a76599a4f3422803e57bd8f61b626,2026-09-29 07:36:51 EDT,2026-10-04,CAR,DET,CAR@DET,BetOnline.ag,player_tds_over,Jahmyr Gibbs,Over,0.5,-333,2026-10-05 00:20:00+00:00,2026-10-04 20:20:00-04:00,2026-10-04,DET,4.0
209583,a73a76599a4f3422803e57bd8f61b626,2026-09-29 07:36:51 EDT,2026-10-04,CAR,DET,CAR@DET,BetOnline.ag,player_tds_over,Jahmyr Gibbs,Over,2.5,900,2026-10-05 00:20:00+00:00,2026-10-04 20:20:00-04:00,2026-10-04,DET,4.0
209584,a73a76599a4f3422803e57bd8f61b626,2026-09-29 07:36:51 EDT,2026-10-04,CAR,DET,CAR@DET,BetOnline.ag,player_tds_over,Jahmyr Gibbs,Over,1.5,150,2026-10-05 00:20:00+00:00,2026-10-04 20:20:00-04:00,2026-10-04,DET,4.0
209585,a73a76599a4f3422803e57bd8f61b626,2026-09-29 07:36:51 EDT,2026-10-04,CAR,DET,CAR@DET,BetOnline.ag,player_tds_over,Chuba Hubbard,Over,1.5,350,2026-10-05 00:20:00+00:00,2026-10-04 20:20:00-04:00,2026-10-04,CAR,4.0
209586,a73a76599a4f3422803e57bd8f61b626,2026-09-29 07:36:51 EDT,2026-10-04,CAR,DET,CAR@DET,BetOnline.ag,player_tds_over,Chuba Hubbard,Over,0.5,-143,2026-10-05 00:20:00+00:00,2026-10-04 20:20:00-04:00,2026-10-04,CAR,4.0
209587,a73a76599a4f3422803e57bd8f61b626,2026-09-29 07:36:51 EDT,2026-10-04,CAR,DET,CAR@DET,BetOnline.ag,player_tds_over,Chuba Hubbard,Over,2.5,1900,2026-10-05 00:20:00+00:00,2026-10-04 20:20:00-04:00,2026-10-04,CAR,4.0
209588,a73a76599a4f3422803e57bd8f61b626,2026-09-29 07:36:51 EDT,2026-10-04,CAR,DET,CAR@DET,BetOnline.ag,player_tds_over,Amon-Ra St. Brown,Over,2.5,2100,2026-10-05 00:20:00+00:00,2026-10-04 20:20:00-04:00,2026-10-04,DET,4.0
209589,a73a76599a4f3422803e57bd8f61b626,2026-09-29 07:36:51 EDT,2026-10-04,CAR,DET,CAR@DET,BetOnline.ag,player_tds_over,Amon-Ra St. Brown,Over,1.5,400,2026-10-05 00:20:00+00:00,2026-10-04 20:20:00-04:00,2026-10-04,DET,4.0
209590,a73a76599a4f3422803e57bd8f61b626,2026-09-29 07:36:51 EDT,2026-10-04,CAR,DET,CAR@DET,BetOnline.ag,player_tds_over,Amon-Ra St. Brown,Over,0.5,-125,2026-10-05 00:20:00+00:00,2026-10-04 20:20:00-04:00,2026-10-04,DET,4.0
209591,a73a76599a4f3422803e57bd8f61b626,2026-09-29 07:36:51 EDT,2026-10-04,CAR,DET,CAR@DET,Fanatics,player_tds_over,Darren Waller,Over,1.5,1100,2026-10-05 00:20:00+00:00,2026-10-04 20:20:00-04:00,2026-10-04,CAR,4.0
209592,a73a76599a4f3422803e57bd8f61b626,2026-09-29 07:36:51 EDT,2026-10-04,CAR,DET,CAR@DET,Fanatics,player_tds_over,AJ Dillon,Over,1.5,2200,2026-10-05 00:20:00+00:00,2026-10-04 20:20:00-04:00,2026-10-04,CAR,4.0
209593,a73a76599a4f3422803e57bd8f61b626,2026-09-29 07:36:51 EDT,2026-10-04,CAR,DET,CAR@DET,Fanatics,player_tds_over,Tommy Tremble,Over,1.5,1500,2026-10-05 00:20:00+00:00,2026-10-04 20:20:00-04:00,2026-10-04,CAR,4.0
209594,a73a76599a4f3422803e57bd8f61b626,2026-09-29 07:36:51 EDT,2026-10-04,CAR,DET,CAR@DET,Fanatics,player_tds_over,Chuba Hubbard,Over,1.5,360,2026-10-05 00:20:00+00:00,2026-10-04 20:20:00-04:00,2026-10-04,CAR,4.0
209595,a73a76599a4f3422803e57bd8f61b626,2026-09-29 07:36:51 EDT,2026-10-04,CAR,DET,CAR@DET,Fanatics,player_tds_over,John Metchie,Over,1.5,2200,2026-10-05 00:20:00+00:00,2026-10-04 20:20:00-04:00,2026-10-04,CAR,4.0
209596,a73a76599a4f3422803e57bd8f61b626,2026-09-29 07:36:51 EDT,2026-10-04,CAR,DET,CAR@DET,Fanatics,player_tds_over,Brycen Tremayne,Over,1.5,4000,2026-10-05 00:20:00+00:00,2026-10-04 20:20:00-04:00,2026-10-04,CAR,4.0
209597,a73a76599a4f3422803e57bd8f61b626,2026-09-29 07:36:51 EDT,2026-10-04,CAR,DET,CAR@DET,Fanatics,player_tds_over,Bryce Young,Over,1.5,4500,2026-10-05 00:20:00+00:00,2026-10-04 20:20:00-04:00,2026-10-04,CAR,4.0
209598,a73a76599a4f3422803e57bd8f61b626,2026-09-29 07:36:51 EDT,2026-10-04,CAR,DET,CAR@DET,Fanatics,player_tds_over,Xavier Legette,Over,1.5,4500,2026-10-05 00:20:00+00:00,2026-10-04 20:20:00-04:00,2026-10-04,CAR,4.0
209599,a73a76599a4f3422803e57bd8f61b626,2026-09-29 07:36:51 EDT,2026-10-04,CAR,DET,CAR@DET,Fanatics,player_tds_over,Jalen Coker,Over,1.5,1500,2026-10-05 00:20:00+00:00,2026-10-04 20:20:00-04:00,2026-10-04,CAR,4.0
209600,a73a76599a4f3422803e57bd8f61b626,2026-09-29 07:36:51 EDT,2026-10-04,CAR,DET,CAR@DET,Fanatics,player_tds_over,Tetairoa McMillan,Over,1.5,650,2026-10-05 00:20:00+00:00,2026-10-04 20:20:00-04:00,2026-10-04,CAR,4.0
209601,a73a76599a4f3422803e57bd8f61b626,2026-09-29 07:36:51 EDT,2026-10-04,CAR,DET,CAR@DET,Fanatics,player_tds_over,Mitchell Evans,Over,1.5,3000,2026-10-05 00:20:00+00:00,2026-10-04 20:20:00-04:00,2026-10-04,CAR,4.0
209602,a73a76599a4f3422803e57bd8f61b626,2026-09-29 07:36:51 EDT,2026-10-04,CAR,DET,CAR@DET,Fanatics,player_tds_over,Tyler Conklin,Over,1.5,30000,2026-10-05 00:20:00+00:00,2026-10-04 20:20:00-04:00,2026-10-04,DET,4.0
209603,a73a76599a4f3422803e57bd8f61b626,2026-09-29 07:36:51 EDT,2026-10-04,CAR,DET,CAR@DET,Fanatics,player_tds_over,Jared Goff,Over,1.5,12000,2026-10-05 00:20:00+00:00,2026-10-04 20:20:00-04:00,2026-10-04,DET,4.0
209604,a73a76599a4f3422803e57bd8f61b626,2026-09-29 07:36:51 EDT,2026-10-04,CAR,DET,CAR@DET,Fanatics,player_tds_over,Tom Kennedy,Over,1.5,12000,2026-10-05 00:20:00+00:00,2026-10-04 20:20:00-04:00,2026-10-04,DET,4.0
209605,a73a76599a4f3422803e57bd8f61b626,2026-09-29 07:36:51 EDT,2026-10-04,CAR,DET,CAR@DET,Fanatics,player_tds_over,Amon-Ra St. Brown,Over,1.5,550,2026-10-05 00:20:00+00:00,2026-10-04 20:20:00-04:00,2026-10-04,DET,4.0
209606,a73a76599a4f3422803e57bd8f61b626,2026-09-29 07:36:51 EDT,2026-10-04,CAR,DET,CAR@DET,Fanatics,player_tds_over,Brock Wright,Over,1.5,6000,2026-10-05 00:20:00+00:00,2026-10-04 20:20:00-04:00,2026-10-04,DET,4.0
209607,a73a76599a4f3422803e57bd8f61b626,2026-09-29 07:36:51 EDT,2026-10-04,CAR,DET,CAR@DET,Fanatics,player_tds_over,Tay Martin,Over,1.5,30000,2026-10-05 00:20:00+00:00,2026-10-04 20:20:00-04:00,2026-10-04,DET,4.0
209608,a73a76599a4f3422803e57bd8f61b626,2026-09-29 07:36:51 EDT,2026-10-04,CAR,DET,CAR@DET,Fanatics,player_tds_over,Jameson Williams,Over,1.5,1500,2026-10-05 00:20:00+00:00,2026-10-04 20:20:00-04:00,2026-10-04,DET,4.0
209609,a73a76599a4f3422803e57bd8f61b626,2026-09-29 07:36:51 EDT,2026-10-04,CAR,DET,CAR@DET,Fanatics,player_tds_over,Jacob Saylors,Over,1.5,15000,2026-10-05 00:20:00+00:00,2026-10-04 20:20:00-04:00,2026-10-04,DET,4.0
209610,a73a76599a4f3422803e57bd8f61b626,2026-09-29 07:36:51 EDT,2026-10-04,CAR,DET,CAR@DET,Fanatics,player_tds_over,Jahmyr Gibbs,Over,1.5,200,2026-10-05 00:20:00+00:00,2026-10-04 20:20:00-04:00,2026-10-04,DET,4.0
209611,a73a76599a4f3422803e57bd8f61b626,2026-09-29 07:36:51 EDT,2026-10-04,CAR,DET,CAR@DET,Fanatics,player_tds_over,Sam LaPorta,Over,1.5,1300,2026-10-05 00:20:00+00:00,2026-10-04 20:20:00-04:00,2026-10-04,DET,4.0
209612,a73a76599a4f3422803e57bd8f61b626,2026-09-29 07:36:51 EDT,2026-10-04,CAR,DET,CAR@DET,Fanatics,player_tds_over,Sione Vaki,Over,1.5,4000,2026-10-05 00:20:00+00:00,2026-10-04 20:20:00-04:00,2026-10-04,DET,4.0
209613,a73a76599a4f3422803e57bd8f61b626,2026-09-29 07:36:51 EDT,2026-10-04,CAR,DET,CAR@DET,Fanatics,player_tds_over,Isaac TeSlaa,Over,1.5,3000,2026-10-05 00:20:00+00:00,2026-10-04 20:20:00-04:00,2026-10-04,DET,4.0
209614,a73a76599a4f3422803e57bd8f61b626,2026-09-29 07:36:51 EDT,2026-10-04,CAR,DET,CAR@DET,Fanatics,player_tds_over,Jackson Meeks,Over,1.5,20000,2026-10-05 00:20:00+00:00,2026-10-04 20:20:00-04:00,2026-10-04,DET,4.0
209615,a73a76599a4f3422803e57bd8f61b626,2026-09-29 07:36:51 EDT,2026-10-04,CAR,DET,CAR@DET,Fanatics,player_tds_over,Darren Waller,Over,2.5,6000,2026-10-05 00:20:00+00:00,2026-10-04 20:20:00-04:00,2026-10-04,CAR,4.0
209616,a73a76599a4f3422803e57bd8f61b626,2026-09-29 07:36:51 EDT,2026-10-04,CAR,DET,CAR@DET,Fanatics,player_tds_over,AJ Dillon,Over,2.5,12000,2026-10-05 00:20:00+00:00,2026-10-04 20:20:00-04:00,2026-10-04,CAR,4.0
209617,a73a76599a4f3422803e57bd8f61b626,2026-09-29 07:36:51 EDT,2026-10-04,CAR,DET,CAR@DET,Fanatics,player_tds_over,Tommy Tremble,Over,2.5,10000,2026-10-05 00:20:00+00:00,2026-10-04 20:20:00-04:00,2026-10-04,CAR,4.0
209618,a73a76599a4f3422803e57bd8f61b626,2026-09-29 07:36:51 EDT,2026-10-04,CAR,DET,CAR@DET,Fanatics,player_tds_over,Chuba Hubbard,Over,2.5,1500,2026-10-05 00:20:00+00:00,2026-10-04 20:20:00-04:00,2026-10-04,CAR,4.0
209619,a73a76599a4f3422803e57bd8f61b626,2026-09-29 07:36:51 EDT,2026-10-04,CAR,DET,CAR@DET,Fanatics,player_tds_over,John Metchie,Over,2.5,15000,2026-10-05 00:20:00+00:00,2026-10-04 20:20:00-04:00,2026-10-04,CAR,4.0
209620,a73a76599a4f3422803e57bd8f61b626,2026-09-29 07:36:51 EDT,2026-10-04,CAR,DET,CAR@DET,Fanatics,player_tds_over,Brycen Tremayne,Over,2.5,40000,2026-10-05 00:20:00+00:00,2026-10-04 20:20:00-04:00,2026-10-04,CAR,4.0
209621,a73a76599a4f3422803e57bd8f61b626,2026-09-29 07:36:51 EDT,2026-10-04,CAR,DET,CAR@DET,Fanatics,player_tds_over,Bryce Young,Over,2.5,50000,2026-10-05 00:20:00+00:00,2026-10-04 20:20:00-04:00,2026-10-04,CAR,4.0
209622,a73a76599a4f3422803e57bd8f61b626,2026-09-29 07:36:51 EDT,2026-10-04,CAR,DET,CAR@DET,Fanatics,player_tds_over,Xavier Legette,Over,2.5,40000,2026-10-05 00:20:00+00:00,2026-10-04 20:20:00-04:00,2026-10-04,CAR,4.0
209623,a73a76599a4f3422803e57bd8f61b626,2026-09-29 07:36:51 EDT,2026-10-04,CAR,DET,CAR@DET,Fanatics,player_tds_over,Jalen Coker,Over,2.5,10000,2026-10-05 00:20:00+00:00,2026-10-04 20:20:00-04:00,2026-10-04,CAR,4.0
209624,a73a76599a4f3422803e57bd8f61b626,2026-09-29 07:36:51 EDT,2026-10-04,CAR,DET,CAR@DET,Fanatics,player_tds_over,Tetairoa McMillan,Over,2.5,3500,2026-10-05 00:20:00+00:00,2026-10-04 20:20:00-04:00,2026-10-04,CAR,4.0
209625,a73a76599a4f3422803e57bd8f61b626,2026-09-29 07:36:51 EDT,2026-10-04,CAR,DET,CAR@DET,Fanatics,player_tds_over,Mitchell Evans,Over,2.5,20000,2026-10-05 00:20:00+00:00,2026-10-04 20:20:00-04:00,2026-10-04,CAR,4.0
209626,a73a76599a4f3422803e57bd8f61b626,2026-09-29 07:36:51 EDT,2026-10-04,CAR,DET,CAR@DET,Fanatics,player_tds_over,Amon-Ra St. Brown,Over,2.5,3000,2026-10-05 00:20:00+00:00,2026-10-04 20:20:00-04:00,2026-10-04,DET,4.0
209627,a73a76599a4f3422803e57bd8f61b626,2026-09-29 07:36:51 EDT,2026-10-04,CAR,DET,CAR@DET,Fanatics,player_tds_over,Jameson Williams,Over,2.5,10000,2026-10-05 00:20:00+00:00,2026-10-04 20:20:00-04:00,2026-10-04,DET,4.0
209628,a73a76599a4f3422803e57bd8f61b626,2026-09-29 07:36:51 EDT,2026-10-04,CAR,DET,CAR@DET,Fanatics,player_tds_over,Jahmyr Gibbs,Over,2.5,800,2026-10-05 00:20:00+00:00,2026-10-04 20:20:00-04:00,2026-10-04,DET,4.0
209629,a73a76599a4f3422803e57bd8f61b626,2026-09-29 07:36:51 EDT,2026-10-04,CAR,DET,CAR@DET,Fanatics,player_tds_over,Sam LaPorta,Over,2.5,10000,2026-10-05 00:20:00+00:00,2026-10-04 20:20:00-04:00,2026-10-04,DET,4.0
209630,a73a76599a4f3422803e57bd8f61b626,2026-09-29 07:36:51 EDT,2026-10-04,CAR,DET,CAR@DET,Fanatics,player_tds_over,Sione Vaki,Over,2.5,40000,2026-10-05 00:20:00+00:00,2026-10-04 20:20:00-04:00,2026-10-04,DET,4.0
209631,a73a76599a4f3422803e57bd8f61b626,2026-09-29 07:36:51 EDT,2026-10-04,CAR,DET,CAR@DET,Fanatics,player_tds_over,Isaac TeSlaa,Over,2.5,30000,2026-10-05 00:20:00+00:00,2026-10-04 20:20:00-04:00,2026-10-04,DET,4.0
