,game_id,scrape_time,game_date,home_team,away_team,game_key,book,market,player,over_under,line,price,commence_time,commence_time_et,Date,team,Week
31,8c94552d022acec4a0458d70c19d3da9,2026-09-08 10:24:40 EDT,2026-09-09,SEA,NWE,SEA@NWE,DraftKings,player_reception_yds,A.J. Brown,Over,61.5,-111,2026-09-10 00:20:00+00:00,2026-09-09 20:20:00-04:00,2026-09-09,NE,1.0
35,8c94552d022acec4a0458d70c19d3da9,2026-09-08 10:24:40 EDT,2026-09-09,SEA,NWE,SEA@NWE,DraftKings,player_reception_yds,Cooper Kupp,Over,30.5,-109,2026-09-10 00:20:00+00:00,2026-09-09 20:20:00-04:00,2026-09-09,SEA,1.0
36,8c94552d022acec4a0458d70c19d3da9,2026-09-08 10:24:40 EDT,2026-09-09,SEA,NWE,SEA@NWE,DraftKings,player_reception_yds,AJ Barner,Over,25.5,-112,2026-09-10 00:20:00+00:00,2026-09-09 20:20:00-04:00,2026-09-09,SEA,1.0
37,8c94552d022acec4a0458d70c19d3da9,2026-09-08 10:24:40 EDT,2026-09-09,SEA,NWE,SEA@NWE,DraftKings,player_reception_yds,Rhamondre Stevenson,Over,23.5,-113,2026-09-10 00:20:00+00:00,2026-09-09 20:20:00-04:00,2026-09-09,NE,1.0
93,acc580d74344ea3b31bbcdd057fe6a9c,2026-09-08 10:24:40 EDT,2026-09-10,LAR,SFO,LAR@SFO,DraftKings,player_pass_yds,Matthew Stafford,Over,269.5,-111,2026-09-11 00:35:00+00:00,2026-09-10 20:35:00-04:00,2026-09-10,LAR,1.0
94,acc580d74344ea3b31bbcdd057fe6a9c,2026-09-08 10:24:40 EDT,2026-09-10,LAR,SFO,LAR@SFO,DraftKings,player_pass_yds,Brock Purdy,Over,243.5,-111,2026-09-11 00:35:00+00:00,2026-09-10 20:35:00-04:00,2026-09-10,SF,1.0
103,acc580d74344ea3b31bbcdd057fe6a9c,2026-09-08 10:24:40 EDT,2026-09-10,LAR,SFO,LAR@SFO,DraftKings,player_rush_yds,Christian McCaffrey,Over,60.5,-109,2026-09-11 00:35:00+00:00,2026-09-10 20:35:00-04:00,2026-09-10,SF,1.0
121,acc580d74344ea3b31bbcdd057fe6a9c,2026-09-08 10:24:40 EDT,2026-09-10,LAR,SFO,LAR@SFO,DraftKings,player_reception_yds,Puka Nacua,Over,92.5,-112,2026-09-11 00:35:00+00:00,2026-09-10 20:35:00-04:00,2026-09-10,LAR,1.0
174,acc580d74344ea3b31bbcdd057fe6a9c,2026-09-08 10:24:40 EDT,2026-09-10,LAR,SFO,LAR@SFO,DraftKings,player_tds_over,James Jordan,Over,2.5,25000,2026-09-11 00:35:00+00:00,2026-09-10 20:35:00-04:00,2026-09-10,,1.0
175,acc580d74344ea3b31bbcdd057fe6a9c,2026-09-08 10:24:40 EDT,2026-09-10,LAR,SFO,LAR@SFO,DraftKings,player_tds_over,Konata Mumpfield,Over,2.5,25000,2026-09-11 00:35:00+00:00,2026-09-10 20:35:00-04:00,2026-09-10,LAR,1.0
183,95c01d1bb797d6df14824b106c5a9130,2026-09-08 10:24:40 EDT,2026-09-13,PIT,ATL,PIT@ATL,DraftKings,player_pass_yds,Tua Tagovailoa,Over,204.5,-113,2026-09-13 17:00:00+00:00,2026-09-13 13:00:00-04:00,2026-09-13,ATL,1.0
190,95c01d1bb797d6df14824b106c5a9130,2026-09-08 10:24:40 EDT,2026-09-13,PIT,ATL,PIT@ATL,DraftKings,player_rush_attempts,Jaylen Warren,Over,9.5,-110,2026-09-13 17:00:00+00:00,2026-09-13 13:00:00-04:00,2026-09-13,PIT,1.0
192,95c01d1bb797d6df14824b106c5a9130,2026-09-08 10:24:40 EDT,2026-09-13,PIT,ATL,PIT@ATL,DraftKings,player_rush_yds,Rico Dowdle,Over,49.5,-112,2026-09-13 17:00:00+00:00,2026-09-13 13:00:00-04:00,2026-09-13,PIT,1.0
193,95c01d1bb797d6df14824b106c5a9130,2026-09-08 10:24:40 EDT,2026-09-13,PIT,ATL,PIT@ATL,DraftKings,player_rush_yds,Jaylen Warren,Over,41.5,-115,2026-09-13 17:00:00+00:00,2026-09-13 13:00:00-04:00,2026-09-13,PIT,1.0
262,b6cfdcbafa61ce220ba87dc2d9b80c77,2026-09-08 10:24:40 EDT,2026-09-13,IND,BAL,IND@BAL,DraftKings,player_pass_yds,Lamar Jackson,Over,222.5,-112,2026-09-13 17:00:00+00:00,2026-09-13 13:00:00-04:00,2026-09-13,BAL,1.0
272,b6cfdcbafa61ce220ba87dc2d9b80c77,2026-09-08 10:24:40 EDT,2026-09-13,IND,BAL,IND@BAL,DraftKings,player_rush_yds,Jonathan Taylor,Over,77.5,-113,2026-09-13 17:00:00+00:00,2026-09-13 13:00:00-04:00,2026-09-13,IND,1.0
335,b6cfdcbafa61ce220ba87dc2d9b80c77,2026-09-08 10:24:40 EDT,2026-09-13,IND,BAL,IND@BAL,DraftKings,player_tds_over,Ashton Dulin,Over,2.5,25000,2026-09-13 17:00:00+00:00,2026-09-13 13:00:00-04:00,2026-09-13,IND,1.0
425,fc362aff0d889ec52d358307a70c32ed,2026-09-08 10:24:40 EDT,2026-09-13,CAR,CHI,CAR@CHI,DraftKings,player_pass_yds,Caleb Williams,Over,231.5,-111,2026-09-13 17:00:00+00:00,2026-09-13 13:00:00-04:00,2026-09-13,CHI,1.0
589,e55c6fe19fce094ce214c8b0e5b504e9,2026-09-08 10:24:40 EDT,2026-09-13,JAX,CLE,JAX@CLE,DraftKings,player_pass_yds,Deshaun Watson,Over,174.5,-111,2026-09-13 17:00:00+00:00,2026-09-13 13:00:00-04:00,2026-09-13,CLE,1.0
596,e55c6fe19fce094ce214c8b0e5b504e9,2026-09-08 10:24:40 EDT,2026-09-13,JAX,CLE,JAX@CLE,DraftKings,player_rush_attempts,Chris Rodriguez,Over,7.5,-137,2026-09-13 17:00:00+00:00,2026-09-13 13:00:00-04:00,2026-09-13,JAX,1.0
613,e55c6fe19fce094ce214c8b0e5b504e9,2026-09-08 10:24:40 EDT,2026-09-13,JAX,CLE,JAX@CLE,DraftKings,player_reception_yds,Parker Washington,Over,54.5,-111,2026-09-13 17:00:00+00:00,2026-09-13 13:00:00-04:00,2026-09-13,JAX,1.0
663,e55c6fe19fce094ce214c8b0e5b504e9,2026-09-08 10:24:40 EDT,2026-09-13,JAX,CLE,JAX@CLE,DraftKings,player_tds_over,LeQuint Allen,Over,2.5,20000,2026-09-13 17:00:00+00:00,2026-09-13 13:00:00-04:00,2026-09-13,JAX,1.0
667,e55c6fe19fce094ce214c8b0e5b504e9,2026-09-08 10:24:40 EDT,2026-09-13,JAX,CLE,JAX@CLE,DraftKings,player_tds_over,CJ Williams,Over,2.5,25000,2026-09-13 17:00:00+00:00,2026-09-13 13:00:00-04:00,2026-09-13,JAX,1.0
827,1edfa5ceaa1ad2cb57df1c1b908731f6,2026-09-08 10:24:40 EDT,2026-09-13,LAC,ARI,LAC@ARI,DraftKings,player_pass_completions,Justin Herbert,Over,21.5,105,2026-09-13 20:25:00+00:00,2026-09-13 16:25:00-04:00,2026-09-13,LAC,1.0
830,1edfa5ceaa1ad2cb57df1c1b908731f6,2026-09-08 10:24:40 EDT,2026-09-13,LAC,ARI,LAC@ARI,DraftKings,player_pass_yds,Justin Herbert,Over,240.5,-113,2026-09-13 20:25:00+00:00,2026-09-13 16:25:00-04:00,2026-09-13,LAC,1.0
831,1edfa5ceaa1ad2cb57df1c1b908731f6,2026-09-08 10:24:40 EDT,2026-09-13,LAC,ARI,LAC@ARI,DraftKings,player_pass_yds,Jacoby Brissett,Over,226.5,-112,2026-09-13 20:25:00+00:00,2026-09-13 16:25:00-04:00,2026-09-13,ARZ,1.0
937,cb77efed7e711d25a72c1a2a0a1af119,2026-09-08 10:24:40 EDT,2026-09-13,MIN,GNB,MIN@GNB,DraftKings,player_reception_yds,Matthew Golden,Over,41.5,-110,2026-09-13 20:25:00+00:00,2026-09-13 16:25:00-04:00,2026-09-13,GB,1.0
1002,c5d95f48a16849ab6bebc68fbbfcb74a,2026-09-08 10:24:40 EDT,2026-09-13,LVR,MIA,LVR@MIA,DraftKings,player_rush_yds,Malik Willis,Over,37.5,-112,2026-09-13 20:25:00+00:00,2026-09-13 16:25:00-04:00,2026-09-13,MIA,1.0
1017,c5d95f48a16849ab6bebc68fbbfcb74a,2026-09-08 10:24:40 EDT,2026-09-13,LVR,MIA,LVR@MIA,DraftKings,player_reception_yds,Jalen Nailor,Over,20.5,-110,2026-09-13 20:25:00+00:00,2026-09-13 16:25:00-04:00,2026-09-13,LV,1.0
1078,17885cb8dcade8f6c3bce14b2de805e8,2026-09-08 10:24:40 EDT,2026-09-13,PHI,WAS,PHI@WAS,DraftKings,player_rush_yds,Jayden Daniels,Over,38.5,-112,2026-09-13 20:25:00+00:00,2026-09-13 16:25:00-04:00,2026-09-13,WAS,1.0
1092,17885cb8dcade8f6c3bce14b2de805e8,2026-09-08 10:24:40 EDT,2026-09-13,PHI,WAS,PHI@WAS,DraftKings,player_reception_yds,Dallas Goedert,Over,33.5,-111,2026-09-13 20:25:00+00:00,2026-09-13 16:25:00-04:00,2026-09-13,PHI,1.0
1170,3e646c7479c57f5d9752d8c7dfe7059b,2026-09-08 10:24:40 EDT,2026-09-13,NYG,DAL,NYG@DAL,DraftKings,player_reception_yds,Odell Beckham Jr.,Over,12.5,-110,2026-09-14 00:20:00+00:00,2026-09-13 20:20:00-04:00,2026-09-13,NYG,1.0
1171,3e646c7479c57f5d9752d8c7dfe7059b,2026-09-08 10:24:40 EDT,2026-09-13,NYG,DAL,NYG@DAL,DraftKings,player_reception_yds,Javonte Williams,Over,8.5,-121,2026-09-14 00:20:00+00:00,2026-09-13 20:20:00-04:00,2026-09-13,DAL,1.0
1220,3e646c7479c57f5d9752d8c7dfe7059b,2026-09-08 10:24:40 EDT,2026-09-13,NYG,DAL,NYG@DAL,DraftKings,player_tds_over,Chris Manhertz,Over,2.5,25000,2026-09-14 00:20:00+00:00,2026-09-13 20:20:00-04:00,2026-09-13,NYG,1.0
1225,5ad8135dc2b5f27de0b777acd317855a,2026-09-08 10:24:40 EDT,2026-09-14,KAN,DEN,KAN@DEN,DraftKings,player_pass_attempts,Bo Nix,Over,33.5,-123,2026-09-15 00:15:00+00:00,2026-09-14 20:15:00-04:00,2026-09-14,DEN,1.0
1297,8c94552d022acec4a0458d70c19d3da9,2026-09-08 13:26:12 EDT,2026-09-09,SEA,NWE,SEA@NWE,DraftKings,player_pass_yds,Drake Maye,Over,230.5,-111,2026-09-10 00:20:00+00:00,2026-09-09 20:20:00-04:00,2026-09-09,NE,1.0
1304,8c94552d022acec4a0458d70c19d3da9,2026-09-08 13:26:12 EDT,2026-09-09,SEA,NWE,SEA@NWE,DraftKings,player_rush_attempts,Jadarian Price,Over,13.5,-103,2026-09-10 00:20:00+00:00,2026-09-09 20:20:00-04:00,2026-09-09,SEA,1.0
1306,8c94552d022acec4a0458d70c19d3da9,2026-09-08 13:26:12 EDT,2026-09-09,SEA,NWE,SEA@NWE,DraftKings,player_rush_yds,Rhamondre Stevenson,Over,58.5,-114,2026-09-10 00:20:00+00:00,2026-09-09 20:20:00-04:00,2026-09-09,NE,1.0
1308,8c94552d022acec4a0458d70c19d3da9,2026-09-08 13:26:12 EDT,2026-09-09,SEA,NWE,SEA@NWE,DraftKings,player_rush_yds,Drake Maye,Over,24.5,-108,2026-09-10 00:20:00+00:00,2026-09-09 20:20:00-04:00,2026-09-09,NE,1.0
1325,8c94552d022acec4a0458d70c19d3da9,2026-09-08 13:26:12 EDT,2026-09-09,SEA,NWE,SEA@NWE,DraftKings,player_reception_yds,Romeo Doubs,Over,35.5,-110,2026-09-10 00:20:00+00:00,2026-09-09 20:20:00-04:00,2026-09-09,NE,1.0
1326,8c94552d022acec4a0458d70c19d3da9,2026-09-08 13:26:12 EDT,2026-09-09,SEA,NWE,SEA@NWE,DraftKings,player_reception_yds,Hunter Henry,Over,34.5,-110,2026-09-10 00:20:00+00:00,2026-09-09 20:20:00-04:00,2026-09-09,NE,1.0
1329,8c94552d022acec4a0458d70c19d3da9,2026-09-08 13:26:12 EDT,2026-09-09,SEA,NWE,SEA@NWE,DraftKings,player_reception_yds,AJ Barner,Over,24.5,-115,2026-09-10 00:20:00+00:00,2026-09-09 20:20:00-04:00,2026-09-09,SEA,1.0
1332,8c94552d022acec4a0458d70c19d3da9,2026-09-08 13:26:12 EDT,2026-09-09,SEA,NWE,SEA@NWE,DraftKings,player_reception_yds,George Holani,Over,10.5,-115,2026-09-10 00:20:00+00:00,2026-09-09 20:20:00-04:00,2026-09-09,SEA,1.0
1333,8c94552d022acec4a0458d70c19d3da9,2026-09-08 13:26:12 EDT,2026-09-09,SEA,NWE,SEA@NWE,DraftKings,player_reception_yds,Jadarian Price,Over,8.5,-107,2026-09-10 00:20:00+00:00,2026-09-09 20:20:00-04:00,2026-09-09,SEA,1.0
1376,8c94552d022acec4a0458d70c19d3da9,2026-09-08 13:26:12 EDT,2026-09-09,SEA,NWE,SEA@NWE,DraftKings,player_tds_over,Kyle Williams,Over,2.5,25000,2026-09-10 00:20:00+00:00,2026-09-09 20:20:00-04:00,2026-09-09,NE,1.0
1386,acc580d74344ea3b31bbcdd057fe6a9c,2026-09-08 13:26:12 EDT,2026-09-10,LAR,SFO,LAR@SFO,DraftKings,player_pass_yds,Matthew Stafford,Over,270.5,-111,2026-09-11 00:35:00+00:00,2026-09-10 20:35:00-04:00,2026-09-10,LAR,1.0
1394,acc580d74344ea3b31bbcdd057fe6a9c,2026-09-08 13:26:12 EDT,2026-09-10,LAR,SFO,LAR@SFO,DraftKings,player_rush_attempts,Blake Corum,Over,9.5,-117,2026-09-11 00:35:00+00:00,2026-09-10 20:35:00-04:00,2026-09-10,LAR,1.0
1397,acc580d74344ea3b31bbcdd057fe6a9c,2026-09-08 13:26:12 EDT,2026-09-10,LAR,SFO,LAR@SFO,DraftKings,player_rush_yds,Kyren Williams,Over,56.5,-113,2026-09-11 00:35:00+00:00,2026-09-10 20:35:00-04:00,2026-09-10,LAR,1.0
1398,acc580d74344ea3b31bbcdd057fe6a9c,2026-09-08 13:26:12 EDT,2026-09-10,LAR,SFO,LAR@SFO,DraftKings,player_rush_yds,Blake Corum,Over,38.5,-109,2026-09-11 00:35:00+00:00,2026-09-10 20:35:00-04:00,2026-09-10,LAR,1.0
1416,acc580d74344ea3b31bbcdd057fe6a9c,2026-09-08 13:26:12 EDT,2026-09-10,LAR,SFO,LAR@SFO,DraftKings,player_reception_yds,Mike Evans,Over,47.5,-113,2026-09-11 00:35:00+00:00,2026-09-10 20:35:00-04:00,2026-09-10,SF,1.0
1418,acc580d74344ea3b31bbcdd057fe6a9c,2026-09-08 13:26:12 EDT,2026-09-10,LAR,SFO,LAR@SFO,DraftKings,player_reception_yds,George Kittle,Over,37.5,-113,2026-09-11 00:35:00+00:00,2026-09-10 20:35:00-04:00,2026-09-10,SF,1.0
1421,acc580d74344ea3b31bbcdd057fe6a9c,2026-09-08 13:26:12 EDT,2026-09-10,LAR,SFO,LAR@SFO,DraftKings,player_reception_yds,Colby Parkinson,Over,20.5,-109,2026-09-11 00:35:00+00:00,2026-09-10 20:35:00-04:00,2026-09-10,LAR,1.0
1422,acc580d74344ea3b31bbcdd057fe6a9c,2026-09-08 13:26:12 EDT,2026-09-10,LAR,SFO,LAR@SFO,DraftKings,player_reception_yds,Tyler Higbee,Over,13.5,-114,2026-09-11 00:35:00+00:00,2026-09-10 20:35:00-04:00,2026-09-10,LAR,1.0
1465,acc580d74344ea3b31bbcdd057fe6a9c,2026-09-08 13:26:12 EDT,2026-09-10,LAR,SFO,LAR@SFO,DraftKings,player_tds_over,Xavier Smith,Over,2.5,25000,2026-09-11 00:35:00+00:00,2026-09-10 20:35:00-04:00,2026-09-10,LAR,1.0
1490,95c01d1bb797d6df14824b106c5a9130,2026-09-08 13:26:12 EDT,2026-09-13,PIT,ATL,PIT@ATL,DraftKings,player_receptions,Michael Pittman Jr.,Over,3.5,-156,2026-09-13 17:00:00+00:00,2026-09-13 13:00:00-04:00,2026-09-13,PIT,1.0
1497,95c01d1bb797d6df14824b106c5a9130,2026-09-08 13:26:12 EDT,2026-09-13,PIT,ATL,PIT@ATL,DraftKings,player_reception_yds,Drake London,Over,62.5,-113,2026-09-13 17:00:00+00:00,2026-09-13 13:00:00-04:00,2026-09-13,ATL,1.0
1499,95c01d1bb797d6df14824b106c5a9130,2026-09-08 13:26:12 EDT,2026-09-13,PIT,ATL,PIT@ATL,DraftKings,player_reception_yds,Kyle Pitts,Over,42.5,-110,2026-09-13 17:00:00+00:00,2026-09-13 13:00:00-04:00,2026-09-13,ATL,1.0
1504,95c01d1bb797d6df14824b106c5a9130,2026-09-08 13:26:12 EDT,2026-09-13,PIT,ATL,PIT@ATL,DraftKings,player_reception_yds,Darnell Washington,Over,18.5,-108,2026-09-13 17:00:00+00:00,2026-09-13 13:00:00-04:00,2026-09-13,PIT,1.0
1578,b6cfdcbafa61ce220ba87dc2d9b80c77,2026-09-08 13:26:12 EDT,2026-09-13,IND,BAL,IND@BAL,DraftKings,player_reception_yds,Josh Downs,Over,46.5,-110,2026-09-13 17:00:00+00:00,2026-09-13 13:00:00-04:00,2026-09-13,IND,1.0
1579,b6cfdcbafa61ce220ba87dc2d9b80c77,2026-09-08 13:26:12 EDT,2026-09-13,IND,BAL,IND@BAL,DraftKings,player_reception_yds,Tyler Warren,Over,43.5,-115,2026-09-13 17:00:00+00:00,2026-09-13 13:00:00-04:00,2026-09-13,IND,1.0
1626,b6cfdcbafa61ce220ba87dc2d9b80c77,2026-09-08 13:26:12 EDT,2026-09-13,IND,BAL,IND@BAL,DraftKings,player_tds_over,Drew Ogletree,Over,2.5,25000,2026-09-13 17:00:00+00:00,2026-09-13 13:00:00-04:00,2026-09-13,IND,1.0
1633,7e09efed7e12c659b82740b67ce2f9a1,2026-09-08 13:26:12 EDT,2026-09-13,HOU,BUF,HOU@BUF,DraftKings,player_pass_yds,Josh Allen,Over,221.5,-113,2026-09-13 17:00:00+00:00,2026-09-13 13:00:00-04:00,2026-09-13,BUF,1.0
1634,7e09efed7e12c659b82740b67ce2f9a1,2026-09-08 13:26:12 EDT,2026-09-13,HOU,BUF,HOU@BUF,DraftKings,player_pass_yds,C.J. Stroud,Over,220.5,-113,2026-09-13 17:00:00+00:00,2026-09-13 13:00:00-04:00,2026-09-13,HOU,1.0
1643,7e09efed7e12c659b82740b67ce2f9a1,2026-09-08 13:26:12 EDT,2026-09-13,HOU,BUF,HOU@BUF,DraftKings,player_rush_yds,James Cook,Over,73.5,-113,2026-09-13 17:00:00+00:00,2026-09-13 13:00:00-04:00,2026-09-13,BUF,1.0
1666,7e09efed7e12c659b82740b67ce2f9a1,2026-09-08 13:26:12 EDT,2026-09-13,HOU,BUF,HOU@BUF,DraftKings,player_reception_yds,James Cook,Over,13.5,-115,2026-09-13 17:00:00+00:00,2026-09-13 13:00:00-04:00,2026-09-13,BUF,1.0
1713,fc362aff0d889ec52d358307a70c32ed,2026-09-08 13:26:12 EDT,2026-09-13,CAR,CHI,CAR@CHI,DraftKings,player_pass_attempts,Caleb Williams,Over,31.5,-123,2026-09-13 17:00:00+00:00,2026-09-13 13:00:00-04:00,2026-09-13,CHI,1.0
1716,fc362aff0d889ec52d358307a70c32ed,2026-09-08 13:26:12 EDT,2026-09-13,CAR,CHI,CAR@CHI,DraftKings,player_pass_yds,Bryce Young,Over,210.5,-112,2026-09-13 17:00:00+00:00,2026-09-13 13:00:00-04:00,2026-09-13,CAR,1.0
1735,fc362aff0d889ec52d358307a70c32ed,2026-09-08 13:26:12 EDT,2026-09-13,CAR,CHI,CAR@CHI,DraftKings,player_reception_yds,Colston Loveland,Over,52.5,-113,2026-09-13 17:00:00+00:00,2026-09-13 13:00:00-04:00,2026-09-13,CHI,1.0
1737,fc362aff0d889ec52d358307a70c32ed,2026-09-08 13:26:12 EDT,2026-09-13,CAR,CHI,CAR@CHI,DraftKings,player_reception_yds,Jalen Coker,Over,38.5,-115,2026-09-13 17:00:00+00:00,2026-09-13 13:00:00-04:00,2026-09-13,CAR,1.0
1792,ed6d24ff979f9c71979fead577b0b3f7,2026-09-08 13:26:12 EDT,2026-09-13,CIN,TAM,CIN@TAM,DraftKings,player_pass_yds,Joe Burrow,Over,265.5,-111,2026-09-13 17:00:00+00:00,2026-09-13 13:00:00-04:00,2026-09-13,CIN,1.0
1793,ed6d24ff979f9c71979fead577b0b3f7,2026-09-08 13:26:12 EDT,2026-09-13,CIN,TAM,CIN@TAM,DraftKings,player_pass_yds,Baker Mayfield,Over,229.5,-111,2026-09-13 17:00:00+00:00,2026-09-13 13:00:00-04:00,2026-09-13,TB,1.0
1796,ed6d24ff979f9c71979fead577b0b3f7,2026-09-08 13:26:12 EDT,2026-09-13,CIN,TAM,CIN@TAM,DraftKings,player_pass_tds,Joe Burrow,Over,2.5,171,2026-09-13 17:00:00+00:00,2026-09-13 13:00:00-04:00,2026-09-13,CIN,1.0
1802,ed6d24ff979f9c71979fead577b0b3f7,2026-09-08 13:26:12 EDT,2026-09-13,CIN,TAM,CIN@TAM,DraftKings,player_rush_yds,Bucky Irving,Over,57.5,-110,2026-09-13 17:00:00+00:00,2026-09-13 13:00:00-04:00,2026-09-13,TB,1.0
1828,ed6d24ff979f9c71979fead577b0b3f7,2026-09-08 13:26:12 EDT,2026-09-13,CIN,TAM,CIN@TAM,DraftKings,player_reception_yds,Samaje Perine,Over,7.5,-104,2026-09-13 17:00:00+00:00,2026-09-13 13:00:00-04:00,2026-09-13,CIN,1.0
1875,e55c6fe19fce094ce214c8b0e5b504e9,2026-09-08 13:26:12 EDT,2026-09-13,JAX,CLE,JAX@CLE,DraftKings,player_pass_completions,Deshaun Watson,Over,17.5,-107,2026-09-13 17:00:00+00:00,2026-09-13 13:00:00-04:00,2026-09-13,CLE,1.0
1879,e55c6fe19fce094ce214c8b0e5b504e9,2026-09-08 13:26:12 EDT,2026-09-13,JAX,CLE,JAX@CLE,DraftKings,player_pass_yds,Deshaun Watson,Over,176.5,-113,2026-09-13 17:00:00+00:00,2026-09-13 13:00:00-04:00,2026-09-13,CLE,1.0
1885,e55c6fe19fce094ce214c8b0e5b504e9,2026-09-08 13:26:12 EDT,2026-09-13,JAX,CLE,JAX@CLE,DraftKings,player_rush_attempts,Bhayshul Tuten,Over,12.5,-125,2026-09-13 17:00:00+00:00,2026-09-13 13:00:00-04:00,2026-09-13,JAX,1.0
1889,e55c6fe19fce094ce214c8b0e5b504e9,2026-09-08 13:26:12 EDT,2026-09-13,JAX,CLE,JAX@CLE,DraftKings,player_rush_yds,Bhayshul Tuten,Over,51.5,-109,2026-09-13 17:00:00+00:00,2026-09-13 13:00:00-04:00,2026-09-13,JAX,1.0
1890,e55c6fe19fce094ce214c8b0e5b504e9,2026-09-08 13:26:12 EDT,2026-09-13,JAX,CLE,JAX@CLE,DraftKings,player_rush_yds,Chris Rodriguez,Over,34.5,-110,2026-09-13 17:00:00+00:00,2026-09-13 13:00:00-04:00,2026-09-13,JAX,1.0
1891,e55c6fe19fce094ce214c8b0e5b504e9,2026-09-08 13:26:12 EDT,2026-09-13,JAX,CLE,JAX@CLE,DraftKings,player_rush_yds,Deshaun Watson,Over,20.5,-107,2026-09-13 17:00:00+00:00,2026-09-13 13:00:00-04:00,2026-09-13,CLE,1.0
1892,e55c6fe19fce094ce214c8b0e5b504e9,2026-09-08 13:26:12 EDT,2026-09-13,JAX,CLE,JAX@CLE,DraftKings,player_rush_yds,Trevor Lawrence,Over,18.5,-107,2026-09-13 17:00:00+00:00,2026-09-13 13:00:00-04:00,2026-09-13,JAX,1.0
1907,e55c6fe19fce094ce214c8b0e5b504e9,2026-09-08 13:26:12 EDT,2026-09-13,JAX,CLE,JAX@CLE,DraftKings,player_reception_yds,KC Concepcion,Over,34.5,-112,2026-09-13 17:00:00+00:00,2026-09-13 13:00:00-04:00,2026-09-13,CLE,1.0
1953,e55c6fe19fce094ce214c8b0e5b504e9,2026-09-08 13:26:12 EDT,2026-09-13,JAX,CLE,JAX@CLE,DraftKings,player_tds_over,Isaiah Bond,Over,2.5,25000,2026-09-13 17:00:00+00:00,2026-09-13 13:00:00-04:00,2026-09-13,CLE,1.0
1954,e55c6fe19fce094ce214c8b0e5b504e9,2026-09-08 13:26:12 EDT,2026-09-13,JAX,CLE,JAX@CLE,DraftKings,player_tds_over,Quintin Morris,Over,2.5,25000,2026-09-13 17:00:00+00:00,2026-09-13 13:00:00-04:00,2026-09-13,JAX,1.0
1978,c1d3fcec25aaeb06ebd2244d33d338e0,2026-09-08 13:26:12 EDT,2026-09-13,DET,NOR,DET@NOR,DraftKings,player_receptions,Jahmyr Gibbs,Over,3.5,-163,2026-09-13 17:00:00+00:00,2026-09-13 13:00:00-04:00,2026-09-13,DET,1.0
1986,c1d3fcec25aaeb06ebd2244d33d338e0,2026-09-08 13:26:12 EDT,2026-09-13,DET,NOR,DET@NOR,DraftKings,player_reception_yds,Jameson Williams,Over,56.5,-112,2026-09-13 17:00:00+00:00,2026-09-13 13:00:00-04:00,2026-09-13,DET,1.0
1989,c1d3fcec25aaeb06ebd2244d33d338e0,2026-09-08 13:26:12 EDT,2026-09-13,DET,NOR,DET@NOR,DraftKings,player_reception_yds,Devaughn Vele,Over,37.5,-114,2026-09-13 17:00:00+00:00,2026-09-13 13:00:00-04:00,2026-09-13,NO,1.0
1992,c1d3fcec25aaeb06ebd2244d33d338e0,2026-09-08 13:26:12 EDT,2026-09-13,DET,NOR,DET@NOR,DraftKings,player_reception_yds,Isaac TeSlaa,Over,18.5,-108,2026-09-13 17:00:00+00:00,2026-09-13 13:00:00-04:00,2026-09-13,DET,1.0
2036,7dddb296a42e7a41a774b24bd1709ce1,2026-09-08 13:26:12 EDT,2026-09-13,TEN,NYJ,TEN@NYJ,DraftKings,player_pass_yds,Cam Ward,Over,208.5,-112,2026-09-13 17:00:00+00:00,2026-09-13 13:00:00-04:00,2026-09-13,TEN,1.0
2044,7dddb296a42e7a41a774b24bd1709ce1,2026-09-08 13:26:12 EDT,2026-09-13,TEN,NYJ,TEN@NYJ,DraftKings,player_rush_yds,Breece Hall,Over,64.5,-115,2026-09-13 17:00:00+00:00,2026-09-13 13:00:00-04:00,2026-09-13,NYJ,1.0
2064,7dddb296a42e7a41a774b24bd1709ce1,2026-09-08 13:26:12 EDT,2026-09-13,TEN,NYJ,TEN@NYJ,DraftKings,player_reception_yds,Calvin Ridley,Over,28.5,-109,2026-09-13 17:00:00+00:00,2026-09-13 13:00:00-04:00,2026-09-13,TEN,1.0
2068,7dddb296a42e7a41a774b24bd1709ce1,2026-09-08 13:26:12 EDT,2026-09-13,TEN,NYJ,TEN@NYJ,DraftKings,player_reception_yds,Mason Taylor,Over,18.5,-108,2026-09-13 17:00:00+00:00,2026-09-13 13:00:00-04:00,2026-09-13,NYJ,1.0
2118,1edfa5ceaa1ad2cb57df1c1b908731f6,2026-09-08 13:26:12 EDT,2026-09-13,LAC,ARI,LAC@ARI,DraftKings,player_pass_yds,Justin Herbert,Over,237.5,-113,2026-09-13 20:25:00+00:00,2026-09-13 16:25:00-04:00,2026-09-13,LAC,1.0
2119,1edfa5ceaa1ad2cb57df1c1b908731f6,2026-09-08 13:26:12 EDT,2026-09-13,LAC,ARI,LAC@ARI,DraftKings,player_pass_yds,Jacoby Brissett,Over,224.5,-111,2026-09-13 20:25:00+00:00,2026-09-13 16:25:00-04:00,2026-09-13,ARZ,1.0
2124,1edfa5ceaa1ad2cb57df1c1b908731f6,2026-09-08 13:26:12 EDT,2026-09-13,LAC,ARI,LAC@ARI,DraftKings,player_rush_attempts,Omarion Hampton,Over,14.5,-133,2026-09-13 20:25:00+00:00,2026-09-13 16:25:00-04:00,2026-09-13,LAC,1.0
2126,1edfa5ceaa1ad2cb57df1c1b908731f6,2026-09-08 13:26:12 EDT,2026-09-13,LAC,ARI,LAC@ARI,DraftKings,player_rush_yds,Omarion Hampton,Over,66.5,-115,2026-09-13 20:25:00+00:00,2026-09-13 16:25:00-04:00,2026-09-13,LAC,1.0
2138,1edfa5ceaa1ad2cb57df1c1b908731f6,2026-09-08 13:26:12 EDT,2026-09-13,LAC,ARI,LAC@ARI,DraftKings,player_reception_yds,Trey McBride,Over,58.5,-113,2026-09-13 20:25:00+00:00,2026-09-13 16:25:00-04:00,2026-09-13,ARZ,1.0
2144,1edfa5ceaa1ad2cb57df1c1b908731f6,2026-09-08 13:26:12 EDT,2026-09-13,LAC,ARI,LAC@ARI,DraftKings,player_reception_yds,Kendrick Bourne,Over,17.5,-112,2026-09-13 20:25:00+00:00,2026-09-13 16:25:00-04:00,2026-09-13,ARZ,1.0
2192,cb77efed7e711d25a72c1a2a0a1af119,2026-09-08 13:26:12 EDT,2026-09-13,MIN,GNB,MIN@GNB,DraftKings,player_pass_attempts,Kyler Murray,Over,30.5,-125,2026-09-13 20:25:00+00:00,2026-09-13 16:25:00-04:00,2026-09-13,MIN,1.0
2199,cb77efed7e711d25a72c1a2a0a1af119,2026-09-08 13:26:12 EDT,2026-09-13,MIN,GNB,MIN@GNB,DraftKings,player_rush_attempts,MarShawn Lloyd,Over,13.5,-102,2026-09-13 20:25:00+00:00,2026-09-13 16:25:00-04:00,2026-09-13,GB,1.0
2204,cb77efed7e711d25a72c1a2a0a1af119,2026-09-08 13:26:12 EDT,2026-09-13,MIN,GNB,MIN@GNB,DraftKings,player_rush_yds,MarShawn Lloyd,Over,51.5,-113,2026-09-13 20:25:00+00:00,2026-09-13 16:25:00-04:00,2026-09-13,GB,1.0
2207,cb77efed7e711d25a72c1a2a0a1af119,2026-09-08 13:26:12 EDT,2026-09-13,MIN,GNB,MIN@GNB,DraftKings,player_rush_yds,Kyler Murray,Over,21.5,-116,2026-09-13 20:25:00+00:00,2026-09-13 16:25:00-04:00,2026-09-13,MIN,1.0
2223,cb77efed7e711d25a72c1a2a0a1af119,2026-09-08 13:26:12 EDT,2026-09-13,MIN,GNB,MIN@GNB,DraftKings,player_reception_yds,Matthew Golden,Over,40.5,-114,2026-09-13 20:25:00+00:00,2026-09-13 16:25:00-04:00,2026-09-13,GB,1.0
2226,cb77efed7e711d25a72c1a2a0a1af119,2026-09-08 13:26:12 EDT,2026-09-13,MIN,GNB,MIN@GNB,DraftKings,player_reception_yds,Jauan Jennings,Over,23.5,-109,2026-09-13 20:25:00+00:00,2026-09-13 16:25:00-04:00,2026-09-13,MIN,1.0
2228,cb77efed7e711d25a72c1a2a0a1af119,2026-09-08 13:26:12 EDT,2026-09-13,MIN,GNB,MIN@GNB,DraftKings,player_reception_yds,MarShawn Lloyd,Over,11.5,-114,2026-09-13 20:25:00+00:00,2026-09-13 16:25:00-04:00,2026-09-13,GB,1.0
2273,cb77efed7e711d25a72c1a2a0a1af119,2026-09-08 13:26:12 EDT,2026-09-13,MIN,GNB,MIN@GNB,DraftKings,player_tds_over,Skyy Moore,Over,2.5,25000,2026-09-13 20:25:00+00:00,2026-09-13 16:25:00-04:00,2026-09-13,GB,1.0
2279,c5d95f48a16849ab6bebc68fbbfcb74a,2026-09-08 13:26:12 EDT,2026-09-13,LVR,MIA,LVR@MIA,DraftKings,player_pass_yds,Kirk Cousins,Over,216.5,-113,2026-09-13 20:25:00+00:00,2026-09-13 16:25:00-04:00,2026-09-13,LV,1.0
2287,c5d95f48a16849ab6bebc68fbbfcb74a,2026-09-08 13:26:12 EDT,2026-09-13,LVR,MIA,LVR@MIA,DraftKings,player_rush_yds,De'Von Achane,Over,67.5,-114,2026-09-13 20:25:00+00:00,2026-09-13 16:25:00-04:00,2026-09-13,MIA,1.0
2297,c5d95f48a16849ab6bebc68fbbfcb74a,2026-09-08 13:26:12 EDT,2026-09-13,LVR,MIA,LVR@MIA,DraftKings,player_reception_yds,Brock Bowers,Over,64.5,-114,2026-09-13 20:25:00+00:00,2026-09-13 16:25:00-04:00,2026-09-13,LV,1.0
2299,c5d95f48a16849ab6bebc68fbbfcb74a,2026-09-08 13:26:12 EDT,2026-09-13,LVR,MIA,LVR@MIA,DraftKings,player_reception_yds,De'Von Achane,Over,29.5,-110,2026-09-13 20:25:00+00:00,2026-09-13 16:25:00-04:00,2026-09-13,MIA,1.0
2303,c5d95f48a16849ab6bebc68fbbfcb74a,2026-09-08 13:26:12 EDT,2026-09-13,LVR,MIA,LVR@MIA,DraftKings,player_reception_yds,Jalen Nailor,Over,22.5,-112,2026-09-13 20:25:00+00:00,2026-09-13 16:25:00-04:00,2026-09-13,LV,1.0
2329,c5d95f48a16849ab6bebc68fbbfcb74a,2026-09-08 13:26:12 EDT,2026-09-13,LVR,MIA,LVR@MIA,DraftKings,player_tds_over,Dareke Young,Over,1.5,25000,2026-09-13 20:25:00+00:00,2026-09-13 16:25:00-04:00,2026-09-13,LV,1.0
2351,17885cb8dcade8f6c3bce14b2de805e8,2026-09-08 13:26:12 EDT,2026-09-13,PHI,WAS,PHI@WAS,DraftKings,player_pass_yds,Jalen Hurts,Over,210.5,-112,2026-09-13 20:25:00+00:00,2026-09-13 16:25:00-04:00,2026-09-13,PHI,1.0
2372,17885cb8dcade8f6c3bce14b2de805e8,2026-09-08 13:26:12 EDT,2026-09-13,PHI,WAS,PHI@WAS,DraftKings,player_reception_yds,Stefon Diggs,Over,39.5,-112,2026-09-13 20:25:00+00:00,2026-09-13 16:25:00-04:00,2026-09-13,WAS,1.0
2373,17885cb8dcade8f6c3bce14b2de805e8,2026-09-08 13:26:12 EDT,2026-09-13,PHI,WAS,PHI@WAS,DraftKings,player_reception_yds,Chig Okonkwo,Over,24.5,-114,2026-09-13 20:25:00+00:00,2026-09-13 16:25:00-04:00,2026-09-13,WAS,1.0
2374,17885cb8dcade8f6c3bce14b2de805e8,2026-09-08 13:26:12 EDT,2026-09-13,PHI,WAS,PHI@WAS,DraftKings,player_reception_yds,Rachaad White,Over,13.5,-113,2026-09-13 20:25:00+00:00,2026-09-13 16:25:00-04:00,2026-09-13,WAS,1.0
2414,17885cb8dcade8f6c3bce14b2de805e8,2026-09-08 13:26:12 EDT,2026-09-13,PHI,WAS,PHI@WAS,DraftKings,player_tds_over,Dyami Brown,Over,2.5,25000,2026-09-13 20:25:00+00:00,2026-09-13 16:25:00-04:00,2026-09-13,WAS,1.0
2418,17885cb8dcade8f6c3bce14b2de805e8,2026-09-08 13:26:12 EDT,2026-09-13,PHI,WAS,PHI@WAS,DraftKings,player_tds_over,Jaylin Lane,Over,2.5,25000,2026-09-13 20:25:00+00:00,2026-09-13 16:25:00-04:00,2026-09-13,WAS,1.0
2419,3e646c7479c57f5d9752d8c7dfe7059b,2026-09-08 13:26:12 EDT,2026-09-13,NYG,DAL,NYG@DAL,DraftKings,player_pass_completions,Dak Prescott,Over,22.5,-102,2026-09-14 00:20:00+00:00,2026-09-13 20:20:00-04:00,2026-09-13,DAL,1.0
2442,3e646c7479c57f5d9752d8c7dfe7059b,2026-09-08 13:26:12 EDT,2026-09-13,NYG,DAL,NYG@DAL,DraftKings,player_receptions,Malachi Fields,Over,1.5,-192,2026-09-14 00:20:00+00:00,2026-09-13 20:20:00-04:00,2026-09-13,NYG,1.0
2507,5ad8135dc2b5f27de0b777acd317855a,2026-09-08 13:26:12 EDT,2026-09-14,KAN,DEN,KAN@DEN,DraftKings,player_pass_yds,Patrick Mahomes,Over,230.5,-111,2026-09-15 00:15:00+00:00,2026-09-14 20:15:00-04:00,2026-09-14,KC,1.0
2516,5ad8135dc2b5f27de0b777acd317855a,2026-09-08 13:26:12 EDT,2026-09-14,KAN,DEN,KAN@DEN,DraftKings,player_rush_yds,Kenneth Walker,Over,63.5,-111,2026-09-15 00:15:00+00:00,2026-09-14 20:15:00-04:00,2026-09-14,KC,1.0
2533,5ad8135dc2b5f27de0b777acd317855a,2026-09-08 13:26:12 EDT,2026-09-14,KAN,DEN,KAN@DEN,DraftKings,player_reception_yds,Rashee Rice,Over,62.5,-110,2026-09-15 00:15:00+00:00,2026-09-14 20:15:00-04:00,2026-09-14,KC,1.0
2540,5ad8135dc2b5f27de0b777acd317855a,2026-09-08 13:26:12 EDT,2026-09-14,KAN,DEN,KAN@DEN,DraftKings,player_reception_yds,Tyquan Thornton,Over,18.5,-109,2026-09-15 00:15:00+00:00,2026-09-14 20:15:00-04:00,2026-09-14,KC,1.0
2542,5ad8135dc2b5f27de0b777acd317855a,2026-09-08 13:26:12 EDT,2026-09-14,KAN,DEN,KAN@DEN,DraftKings,player_reception_yds,Kenneth Walker,Over,15.5,-115,2026-09-15 00:15:00+00:00,2026-09-14 20:15:00-04:00,2026-09-14,KC,1.0
2545,5ad8135dc2b5f27de0b777acd317855a,2026-09-08 13:26:12 EDT,2026-09-14,KAN,DEN,KAN@DEN,DraftKings,player_reception_yds,JK Dobbins,Over,3.5,-117,2026-09-15 00:15:00+00:00,2026-09-14 20:15:00-04:00,2026-09-14,DEN,1.0
2573,8c94552d022acec4a0458d70c19d3da9,2026-09-09 10:44:42 EDT,2026-09-09,SEA,NWE,SEA@NWE,DraftKings,player_pass_completions,Drake Maye,Over,20.5,-102,2026-09-10 00:20:00+00:00,2026-09-09 20:20:00-04:00,2026-09-09,NE,1.0
2574,8c94552d022acec4a0458d70c19d3da9,2026-09-09 10:44:42 EDT,2026-09-09,SEA,NWE,SEA@NWE,DraftKings,player_pass_completions,Sam Darnold,Over,20.5,-101,2026-09-10 00:20:00+00:00,2026-09-09 20:20:00-04:00,2026-09-09,SEA,1.0
2575,8c94552d022acec4a0458d70c19d3da9,2026-09-09 10:44:42 EDT,2026-09-09,SEA,NWE,SEA@NWE,DraftKings,player_pass_attempts,Drake Maye,Over,32.5,-107,2026-09-10 00:20:00+00:00,2026-09-09 20:20:00-04:00,2026-09-09,NE,1.0
2576,8c94552d022acec4a0458d70c19d3da9,2026-09-09 10:44:42 EDT,2026-09-09,SEA,NWE,SEA@NWE,DraftKings,player_pass_attempts,Sam Darnold,Over,30.5,-101,2026-09-10 00:20:00+00:00,2026-09-09 20:20:00-04:00,2026-09-09,SEA,1.0
2577,8c94552d022acec4a0458d70c19d3da9,2026-09-09 10:44:42 EDT,2026-09-09,SEA,NWE,SEA@NWE,DraftKings,player_pass_yds,Drake Maye,Over,232.5,-112,2026-09-10 00:20:00+00:00,2026-09-09 20:20:00-04:00,2026-09-09,NE,1.0
2578,8c94552d022acec4a0458d70c19d3da9,2026-09-09 10:44:42 EDT,2026-09-09,SEA,NWE,SEA@NWE,DraftKings,player_pass_yds,Sam Darnold,Over,228.5,-111,2026-09-10 00:20:00+00:00,2026-09-09 20:20:00-04:00,2026-09-09,SEA,1.0
2579,8c94552d022acec4a0458d70c19d3da9,2026-09-09 10:44:42 EDT,2026-09-09,SEA,NWE,SEA@NWE,DraftKings,player_pass_interceptions,Sam Darnold,Over,0.5,-101,2026-09-10 00:20:00+00:00,2026-09-09 20:20:00-04:00,2026-09-09,SEA,1.0
2580,8c94552d022acec4a0458d70c19d3da9,2026-09-09 10:44:42 EDT,2026-09-09,SEA,NWE,SEA@NWE,DraftKings,player_pass_interceptions,Drake Maye,Over,0.5,-114,2026-09-10 00:20:00+00:00,2026-09-09 20:20:00-04:00,2026-09-09,NE,1.0
2581,8c94552d022acec4a0458d70c19d3da9,2026-09-09 10:44:42 EDT,2026-09-09,SEA,NWE,SEA@NWE,DraftKings,player_pass_tds,Sam Darnold,Over,1.5,107,2026-09-10 00:20:00+00:00,2026-09-09 20:20:00-04:00,2026-09-09,SEA,1.0
2582,8c94552d022acec4a0458d70c19d3da9,2026-09-09 10:44:42 EDT,2026-09-09,SEA,NWE,SEA@NWE,DraftKings,player_pass_tds,Drake Maye,Over,1.5,127,2026-09-10 00:20:00+00:00,2026-09-09 20:20:00-04:00,2026-09-09,NE,1.0
2583,8c94552d022acec4a0458d70c19d3da9,2026-09-09 10:44:42 EDT,2026-09-09,SEA,NWE,SEA@NWE,DraftKings,player_rush_attempts,Rhamondre Stevenson,Over,15.5,-119,2026-09-10 00:20:00+00:00,2026-09-09 20:20:00-04:00,2026-09-09,NE,1.0
2584,8c94552d022acec4a0458d70c19d3da9,2026-09-09 10:44:42 EDT,2026-09-09,SEA,NWE,SEA@NWE,DraftKings,player_rush_attempts,Jadarian Price,Over,12.5,-132,2026-09-10 00:20:00+00:00,2026-09-09 20:20:00-04:00,2026-09-09,SEA,1.0
2585,8c94552d022acec4a0458d70c19d3da9,2026-09-09 10:44:42 EDT,2026-09-09,SEA,NWE,SEA@NWE,DraftKings,player_rush_attempts,Drake Maye,Over,5.5,110,2026-09-10 00:20:00+00:00,2026-09-09 20:20:00-04:00,2026-09-09,NE,1.0
2586,8c94552d022acec4a0458d70c19d3da9,2026-09-09 10:44:42 EDT,2026-09-09,SEA,NWE,SEA@NWE,DraftKings,player_rush_attempts,Sam Darnold,Over,2.5,116,2026-09-10 00:20:00+00:00,2026-09-09 20:20:00-04:00,2026-09-09,SEA,1.0
2587,8c94552d022acec4a0458d70c19d3da9,2026-09-09 10:44:42 EDT,2026-09-09,SEA,NWE,SEA@NWE,DraftKings,player_rush_yds,Rhamondre Stevenson,Over,57.5,-110,2026-09-10 00:20:00+00:00,2026-09-09 20:20:00-04:00,2026-09-09,NE,1.0
2588,8c94552d022acec4a0458d70c19d3da9,2026-09-09 10:44:42 EDT,2026-09-09,SEA,NWE,SEA@NWE,DraftKings,player_rush_yds,Jadarian Price,Over,53.5,-112,2026-09-10 00:20:00+00:00,2026-09-09 20:20:00-04:00,2026-09-09,SEA,1.0
2589,8c94552d022acec4a0458d70c19d3da9,2026-09-09 10:44:42 EDT,2026-09-09,SEA,NWE,SEA@NWE,DraftKings,player_rush_yds,Drake Maye,Over,25.5,-114,2026-09-10 00:20:00+00:00,2026-09-09 20:20:00-04:00,2026-09-09,NE,1.0
2590,8c94552d022acec4a0458d70c19d3da9,2026-09-09 10:44:42 EDT,2026-09-09,SEA,NWE,SEA@NWE,DraftKings,player_rush_yds,George Holani,Over,19.5,-115,2026-09-10 00:20:00+00:00,2026-09-09 20:20:00-04:00,2026-09-09,SEA,1.0
2591,8c94552d022acec4a0458d70c19d3da9,2026-09-09 10:44:42 EDT,2026-09-09,SEA,NWE,SEA@NWE,DraftKings,player_rush_yds,Corey Kiner,Over,7.5,-114,2026-09-10 00:20:00+00:00,2026-09-09 20:20:00-04:00,2026-09-09,NE,1.0
2592,8c94552d022acec4a0458d70c19d3da9,2026-09-09 10:44:42 EDT,2026-09-09,SEA,NWE,SEA@NWE,DraftKings,player_rush_yds,Sam Darnold,Over,5.5,-112,2026-09-10 00:20:00+00:00,2026-09-09 20:20:00-04:00,2026-09-09,SEA,1.0
2593,8c94552d022acec4a0458d70c19d3da9,2026-09-09 10:44:42 EDT,2026-09-09,SEA,NWE,SEA@NWE,DraftKings,player_rush_yds,Rashid Shaheed,Over,2.5,-119,2026-09-10 00:20:00+00:00,2026-09-09 20:20:00-04:00,2026-09-09,SEA,1.0
2594,8c94552d022acec4a0458d70c19d3da9,2026-09-09 10:44:42 EDT,2026-09-09,SEA,NWE,SEA@NWE,DraftKings,player_receptions,Jaxon Smith-Njigba,Over,6.5,-106,2026-09-10 00:20:00+00:00,2026-09-09 20:20:00-04:00,2026-09-09,SEA,1.0
2595,8c94552d022acec4a0458d70c19d3da9,2026-09-09 10:44:42 EDT,2026-09-09,SEA,NWE,SEA@NWE,DraftKings,player_receptions,A.J. Brown,Over,5.5,106,2026-09-10 00:20:00+00:00,2026-09-09 20:20:00-04:00,2026-09-09,NE,1.0
2596,8c94552d022acec4a0458d70c19d3da9,2026-09-09 10:44:42 EDT,2026-09-09,SEA,NWE,SEA@NWE,DraftKings,player_receptions,Rhamondre Stevenson,Over,3.5,109,2026-09-10 00:20:00+00:00,2026-09-09 20:20:00-04:00,2026-09-09,NE,1.0
2597,8c94552d022acec4a0458d70c19d3da9,2026-09-09 10:44:42 EDT,2026-09-09,SEA,NWE,SEA@NWE,DraftKings,player_receptions,Romeo Doubs,Over,3.5,111,2026-09-10 00:20:00+00:00,2026-09-09 20:20:00-04:00,2026-09-09,NE,1.0
2598,8c94552d022acec4a0458d70c19d3da9,2026-09-09 10:44:42 EDT,2026-09-09,SEA,NWE,SEA@NWE,DraftKings,player_receptions,Hunter Henry,Over,3.5,135,2026-09-10 00:20:00+00:00,2026-09-09 20:20:00-04:00,2026-09-09,NE,1.0
2599,8c94552d022acec4a0458d70c19d3da9,2026-09-09 10:44:42 EDT,2026-09-09,SEA,NWE,SEA@NWE,DraftKings,player_receptions,AJ Barner,Over,2.5,-149,2026-09-10 00:20:00+00:00,2026-09-09 20:20:00-04:00,2026-09-09,SEA,1.0
2600,8c94552d022acec4a0458d70c19d3da9,2026-09-09 10:44:42 EDT,2026-09-09,SEA,NWE,SEA@NWE,DraftKings,player_receptions,Cooper Kupp,Over,2.5,-130,2026-09-10 00:20:00+00:00,2026-09-09 20:20:00-04:00,2026-09-09,SEA,1.0
2601,8c94552d022acec4a0458d70c19d3da9,2026-09-09 10:44:42 EDT,2026-09-09,SEA,NWE,SEA@NWE,DraftKings,player_receptions,Rashid Shaheed,Over,2.5,-108,2026-09-10 00:20:00+00:00,2026-09-09 20:20:00-04:00,2026-09-09,SEA,1.0
2602,8c94552d022acec4a0458d70c19d3da9,2026-09-09 10:44:42 EDT,2026-09-09,SEA,NWE,SEA@NWE,DraftKings,player_receptions,DeMario Douglas,Over,1.5,-182,2026-09-10 00:20:00+00:00,2026-09-09 20:20:00-04:00,2026-09-09,NE,1.0
2603,8c94552d022acec4a0458d70c19d3da9,2026-09-09 10:44:42 EDT,2026-09-09,SEA,NWE,SEA@NWE,DraftKings,player_receptions,George Holani,Over,1.5,-178,2026-09-10 00:20:00+00:00,2026-09-09 20:20:00-04:00,2026-09-09,SEA,1.0
2604,8c94552d022acec4a0458d70c19d3da9,2026-09-09 10:44:42 EDT,2026-09-09,SEA,NWE,SEA@NWE,DraftKings,player_receptions,Jadarian Price,Over,1.5,125,2026-09-10 00:20:00+00:00,2026-09-09 20:20:00-04:00,2026-09-09,SEA,1.0
2605,8c94552d022acec4a0458d70c19d3da9,2026-09-09 10:44:42 EDT,2026-09-09,SEA,NWE,SEA@NWE,DraftKings,player_reception_yds,Jaxon Smith-Njigba,Over,82.5,-112,2026-09-10 00:20:00+00:00,2026-09-09 20:20:00-04:00,2026-09-09,SEA,1.0
2606,8c94552d022acec4a0458d70c19d3da9,2026-09-09 10:44:42 EDT,2026-09-09,SEA,NWE,SEA@NWE,DraftKings,player_reception_yds,A.J. Brown,Over,62.5,-114,2026-09-10 00:20:00+00:00,2026-09-09 20:20:00-04:00,2026-09-09,NE,1.0
2607,8c94552d022acec4a0458d70c19d3da9,2026-09-09 10:44:42 EDT,2026-09-09,SEA,NWE,SEA@NWE,DraftKings,player_reception_yds,Romeo Doubs,Over,36.5,-113,2026-09-10 00:20:00+00:00,2026-09-09 20:20:00-04:00,2026-09-09,NE,1.0
2608,8c94552d022acec4a0458d70c19d3da9,2026-09-09 10:44:42 EDT,2026-09-09,SEA,NWE,SEA@NWE,DraftKings,player_reception_yds,Hunter Henry,Over,33.5,-112,2026-09-10 00:20:00+00:00,2026-09-09 20:20:00-04:00,2026-09-09,NE,1.0
2609,8c94552d022acec4a0458d70c19d3da9,2026-09-09 10:44:42 EDT,2026-09-09,SEA,NWE,SEA@NWE,DraftKings,player_reception_yds,Rashid Shaheed,Over,31.5,-115,2026-09-10 00:20:00+00:00,2026-09-09 20:20:00-04:00,2026-09-09,SEA,1.0
2610,8c94552d022acec4a0458d70c19d3da9,2026-09-09 10:44:42 EDT,2026-09-09,SEA,NWE,SEA@NWE,DraftKings,player_reception_yds,Cooper Kupp,Over,29.5,-109,2026-09-10 00:20:00+00:00,2026-09-09 20:20:00-04:00,2026-09-09,SEA,1.0
2611,8c94552d022acec4a0458d70c19d3da9,2026-09-09 10:44:42 EDT,2026-09-09,SEA,NWE,SEA@NWE,DraftKings,player_reception_yds,Rhamondre Stevenson,Over,24.5,-113,2026-09-10 00:20:00+00:00,2026-09-09 20:20:00-04:00,2026-09-09,NE,1.0
2612,8c94552d022acec4a0458d70c19d3da9,2026-09-09 10:44:42 EDT,2026-09-09,SEA,NWE,SEA@NWE,DraftKings,player_reception_yds,AJ Barner,Over,23.5,-112,2026-09-10 00:20:00+00:00,2026-09-09 20:20:00-04:00,2026-09-09,SEA,1.0
2613,8c94552d022acec4a0458d70c19d3da9,2026-09-09 10:44:42 EDT,2026-09-09,SEA,NWE,SEA@NWE,DraftKings,player_reception_yds,DeMario Douglas,Over,19.5,-115,2026-09-10 00:20:00+00:00,2026-09-09 20:20:00-04:00,2026-09-09,NE,1.0
2614,8c94552d022acec4a0458d70c19d3da9,2026-09-09 10:44:42 EDT,2026-09-09,SEA,NWE,SEA@NWE,DraftKings,player_reception_yds,George Holani,Over,11.5,-114,2026-09-10 00:20:00+00:00,2026-09-09 20:20:00-04:00,2026-09-09,SEA,1.0
2615,8c94552d022acec4a0458d70c19d3da9,2026-09-09 10:44:42 EDT,2026-09-09,SEA,NWE,SEA@NWE,DraftKings,player_reception_yds,Jadarian Price,Over,7.5,-114,2026-09-10 00:20:00+00:00,2026-09-09 20:20:00-04:00,2026-09-09,SEA,1.0
2616,8c94552d022acec4a0458d70c19d3da9,2026-09-09 10:44:42 EDT,2026-09-09,SEA,NWE,SEA@NWE,DraftKings,player_tds_over,Rhamondre Stevenson,Over,1.5,700,2026-09-10 00:20:00+00:00,2026-09-09 20:20:00-04:00,2026-09-09,NE,1.0
2617,8c94552d022acec4a0458d70c19d3da9,2026-09-09 10:44:42 EDT,2026-09-09,SEA,NWE,SEA@NWE,DraftKings,player_tds_over,Jadarian Price,Over,1.5,850,2026-09-10 00:20:00+00:00,2026-09-09 20:20:00-04:00,2026-09-09,SEA,1.0
2618,8c94552d022acec4a0458d70c19d3da9,2026-09-09 10:44:42 EDT,2026-09-09,SEA,NWE,SEA@NWE,DraftKings,player_tds_over,Jaxon Smith-Njigba,Over,1.5,1000,2026-09-10 00:20:00+00:00,2026-09-09 20:20:00-04:00,2026-09-09,SEA,1.0
2619,8c94552d022acec4a0458d70c19d3da9,2026-09-09 10:44:42 EDT,2026-09-09,SEA,NWE,SEA@NWE,DraftKings,player_tds_over,A.J. Brown,Over,1.5,1300,2026-09-10 00:20:00+00:00,2026-09-09 20:20:00-04:00,2026-09-09,NE,1.0
2620,8c94552d022acec4a0458d70c19d3da9,2026-09-09 10:44:42 EDT,2026-09-09,SEA,NWE,SEA@NWE,DraftKings,player_tds_over,George Holani,Over,1.5,1400,2026-09-10 00:20:00+00:00,2026-09-09 20:20:00-04:00,2026-09-09,SEA,1.0
2621,8c94552d022acec4a0458d70c19d3da9,2026-09-09 10:44:42 EDT,2026-09-09,SEA,NWE,SEA@NWE,DraftKings,player_tds_over,Cooper Kupp,Over,1.5,2200,2026-09-10 00:20:00+00:00,2026-09-09 20:20:00-04:00,2026-09-09,SEA,1.0
2622,8c94552d022acec4a0458d70c19d3da9,2026-09-09 10:44:42 EDT,2026-09-09,SEA,NWE,SEA@NWE,DraftKings,player_tds_over,AJ Barner,Over,1.5,2200,2026-09-10 00:20:00+00:00,2026-09-09 20:20:00-04:00,2026-09-09,SEA,1.0
2623,8c94552d022acec4a0458d70c19d3da9,2026-09-09 10:44:42 EDT,2026-09-09,SEA,NWE,SEA@NWE,DraftKings,player_tds_over,Hunter Henry,Over,1.5,2800,2026-09-10 00:20:00+00:00,2026-09-09 20:20:00-04:00,2026-09-09,NE,1.0
2624,8c94552d022acec4a0458d70c19d3da9,2026-09-09 10:44:42 EDT,2026-09-09,SEA,NWE,SEA@NWE,DraftKings,player_tds_over,Romeo Doubs,Over,1.5,2800,2026-09-10 00:20:00+00:00,2026-09-09 20:20:00-04:00,2026-09-09,NE,1.0
2625,8c94552d022acec4a0458d70c19d3da9,2026-09-09 10:44:42 EDT,2026-09-09,SEA,NWE,SEA@NWE,DraftKings,player_tds_over,Rashid Shaheed,Over,1.5,3500,2026-09-10 00:20:00+00:00,2026-09-09 20:20:00-04:00,2026-09-09,SEA,1.0
2626,8c94552d022acec4a0458d70c19d3da9,2026-09-09 10:44:42 EDT,2026-09-09,SEA,NWE,SEA@NWE,DraftKings,player_tds_over,Drake Maye,Over,1.5,5000,2026-09-10 00:20:00+00:00,2026-09-09 20:20:00-04:00,2026-09-09,NE,1.0
2627,8c94552d022acec4a0458d70c19d3da9,2026-09-09 10:44:42 EDT,2026-09-09,SEA,NWE,SEA@NWE,DraftKings,player_tds_over,Emanuel Wilson,Over,1.5,5000,2026-09-10 00:20:00+00:00,2026-09-09 20:20:00-04:00,2026-09-09,SEA,1.0
2628,8c94552d022acec4a0458d70c19d3da9,2026-09-09 10:44:42 EDT,2026-09-09,SEA,NWE,SEA@NWE,DraftKings,player_tds_over,Corey Kiner,Over,1.5,8000,2026-09-10 00:20:00+00:00,2026-09-09 20:20:00-04:00,2026-09-09,NE,1.0
2629,8c94552d022acec4a0458d70c19d3da9,2026-09-09 10:44:42 EDT,2026-09-09,SEA,NWE,SEA@NWE,DraftKings,player_tds_over,DeMario Douglas,Over,1.5,8000,2026-09-10 00:20:00+00:00,2026-09-09 20:20:00-04:00,2026-09-09,NE,1.0
2630,8c94552d022acec4a0458d70c19d3da9,2026-09-09 10:44:42 EDT,2026-09-09,SEA,NWE,SEA@NWE,DraftKings,player_tds_over,Elijah Arroyo,Over,1.5,9000,2026-09-10 00:20:00+00:00,2026-09-09 20:20:00-04:00,2026-09-09,SEA,1.0
2631,8c94552d022acec4a0458d70c19d3da9,2026-09-09 10:44:42 EDT,2026-09-09,SEA,NWE,SEA@NWE,DraftKings,player_tds_over,Tory Horton,Over,1.5,9000,2026-09-10 00:20:00+00:00,2026-09-09 20:20:00-04:00,2026-09-09,SEA,1.0
2632,8c94552d022acec4a0458d70c19d3da9,2026-09-09 10:44:42 EDT,2026-09-09,SEA,NWE,SEA@NWE,DraftKings,player_tds_over,Kyle Williams,Over,1.5,13000,2026-09-10 00:20:00+00:00,2026-09-09 20:20:00-04:00,2026-09-09,NE,1.0
2633,8c94552d022acec4a0458d70c19d3da9,2026-09-09 10:44:42 EDT,2026-09-09,SEA,NWE,SEA@NWE,DraftKings,player_tds_over,Sam Darnold,Over,1.5,13000,2026-09-10 00:20:00+00:00,2026-09-09 20:20:00-04:00,2026-09-09,SEA,1.0
2634,8c94552d022acec4a0458d70c19d3da9,2026-09-09 10:44:42 EDT,2026-09-09,SEA,NWE,SEA@NWE,DraftKings,player_tds_over,Mack Hollins,Over,1.5,15000,2026-09-10 00:20:00+00:00,2026-09-09 20:20:00-04:00,2026-09-09,NE,1.0
2635,8c94552d022acec4a0458d70c19d3da9,2026-09-09 10:44:42 EDT,2026-09-09,SEA,NWE,SEA@NWE,DraftKings,player_tds_over,Eli Raridon,Over,1.5,16000,2026-09-10 00:20:00+00:00,2026-09-09 20:20:00-04:00,2026-09-09,NE,1.0
2636,8c94552d022acec4a0458d70c19d3da9,2026-09-09 10:44:42 EDT,2026-09-09,SEA,NWE,SEA@NWE,DraftKings,player_tds_over,Reggie Gilliam,Over,1.5,19000,2026-09-10 00:20:00+00:00,2026-09-09 20:20:00-04:00,2026-09-09,NE,1.0
2637,8c94552d022acec4a0458d70c19d3da9,2026-09-09 10:44:42 EDT,2026-09-09,SEA,NWE,SEA@NWE,DraftKings,player_tds_over,Montorie Foster Jr.,Over,1.5,20000,2026-09-10 00:20:00+00:00,2026-09-09 20:20:00-04:00,2026-09-09,SEA,1.0
2638,8c94552d022acec4a0458d70c19d3da9,2026-09-09 10:44:42 EDT,2026-09-09,SEA,NWE,SEA@NWE,DraftKings,player_tds_over,Efton Chism III,Over,1.5,20000,2026-09-10 00:20:00+00:00,2026-09-09 20:20:00-04:00,2026-09-09,NE,1.0
2639,8c94552d022acec4a0458d70c19d3da9,2026-09-09 10:44:42 EDT,2026-09-09,SEA,NWE,SEA@NWE,DraftKings,player_tds_over,Cameron Latu,Over,1.5,20000,2026-09-10 00:20:00+00:00,2026-09-09 20:20:00-04:00,2026-09-09,NE,1.0
2640,8c94552d022acec4a0458d70c19d3da9,2026-09-09 10:44:42 EDT,2026-09-09,SEA,NWE,SEA@NWE,DraftKings,player_tds_over,Nick Kallerup,Over,1.5,20000,2026-09-10 00:20:00+00:00,2026-09-09 20:20:00-04:00,2026-09-09,SEA,1.0
2641,8c94552d022acec4a0458d70c19d3da9,2026-09-09 10:44:42 EDT,2026-09-09,SEA,NWE,SEA@NWE,DraftKings,player_tds_over,Eric Saubert,Over,1.5,20000,2026-09-10 00:20:00+00:00,2026-09-09 20:20:00-04:00,2026-09-09,SEA,1.0
2642,8c94552d022acec4a0458d70c19d3da9,2026-09-09 10:44:42 EDT,2026-09-09,SEA,NWE,SEA@NWE,DraftKings,player_tds_over,Brady Russell,Over,1.5,25000,2026-09-10 00:20:00+00:00,2026-09-09 20:20:00-04:00,2026-09-09,SEA,1.0
2643,8c94552d022acec4a0458d70c19d3da9,2026-09-09 10:44:42 EDT,2026-09-09,SEA,NWE,SEA@NWE,DraftKings,player_tds_over,Tanner Arkin,Over,1.5,25000,2026-09-10 00:20:00+00:00,2026-09-09 20:20:00-04:00,2026-09-09,NE,1.0
2644,8c94552d022acec4a0458d70c19d3da9,2026-09-09 10:44:42 EDT,2026-09-09,SEA,NWE,SEA@NWE,DraftKings,player_tds_over,Rhamondre Stevenson,Over,2.5,3500,2026-09-10 00:20:00+00:00,2026-09-09 20:20:00-04:00,2026-09-09,NE,1.0
2645,8c94552d022acec4a0458d70c19d3da9,2026-09-09 10:44:42 EDT,2026-09-09,SEA,NWE,SEA@NWE,DraftKings,player_tds_over,Jadarian Price,Over,2.5,4000,2026-09-10 00:20:00+00:00,2026-09-09 20:20:00-04:00,2026-09-09,SEA,1.0
2646,8c94552d022acec4a0458d70c19d3da9,2026-09-09 10:44:42 EDT,2026-09-09,SEA,NWE,SEA@NWE,DraftKings,player_tds_over,Jaxon Smith-Njigba,Over,2.5,5000,2026-09-10 00:20:00+00:00,2026-09-09 20:20:00-04:00,2026-09-09,SEA,1.0
2647,8c94552d022acec4a0458d70c19d3da9,2026-09-09 10:44:42 EDT,2026-09-09,SEA,NWE,SEA@NWE,DraftKings,player_tds_over,A.J. Brown,Over,2.5,6500,2026-09-10 00:20:00+00:00,2026-09-09 20:20:00-04:00,2026-09-09,NE,1.0
2648,8c94552d022acec4a0458d70c19d3da9,2026-09-09 10:44:42 EDT,2026-09-09,SEA,NWE,SEA@NWE,DraftKings,player_tds_over,George Holani,Over,2.5,7000,2026-09-10 00:20:00+00:00,2026-09-09 20:20:00-04:00,2026-09-09,SEA,1.0
2649,8c94552d022acec4a0458d70c19d3da9,2026-09-09 10:44:42 EDT,2026-09-09,SEA,NWE,SEA@NWE,DraftKings,player_tds_over,Cooper Kupp,Over,2.5,11000,2026-09-10 00:20:00+00:00,2026-09-09 20:20:00-04:00,2026-09-09,SEA,1.0
2650,8c94552d022acec4a0458d70c19d3da9,2026-09-09 10:44:42 EDT,2026-09-09,SEA,NWE,SEA@NWE,DraftKings,player_tds_over,Hunter Henry,Over,2.5,13000,2026-09-10 00:20:00+00:00,2026-09-09 20:20:00-04:00,2026-09-09,NE,1.0
2651,8c94552d022acec4a0458d70c19d3da9,2026-09-09 10:44:42 EDT,2026-09-09,SEA,NWE,SEA@NWE,DraftKings,player_tds_over,AJ Barner,Over,2.5,13000,2026-09-10 00:20:00+00:00,2026-09-09 20:20:00-04:00,2026-09-09,SEA,1.0
2652,8c94552d022acec4a0458d70c19d3da9,2026-09-09 10:44:42 EDT,2026-09-09,SEA,NWE,SEA@NWE,DraftKings,player_tds_over,Romeo Doubs,Over,2.5,14000,2026-09-10 00:20:00+00:00,2026-09-09 20:20:00-04:00,2026-09-09,NE,1.0
2653,8c94552d022acec4a0458d70c19d3da9,2026-09-09 10:44:42 EDT,2026-09-09,SEA,NWE,SEA@NWE,DraftKings,player_tds_over,Rashid Shaheed,Over,2.5,14000,2026-09-10 00:20:00+00:00,2026-09-09 20:20:00-04:00,2026-09-09,SEA,1.0
2654,8c94552d022acec4a0458d70c19d3da9,2026-09-09 10:44:42 EDT,2026-09-09,SEA,NWE,SEA@NWE,DraftKings,player_tds_over,Drake Maye,Over,2.5,19000,2026-09-10 00:20:00+00:00,2026-09-09 20:20:00-04:00,2026-09-09,NE,1.0
2655,8c94552d022acec4a0458d70c19d3da9,2026-09-09 10:44:42 EDT,2026-09-09,SEA,NWE,SEA@NWE,DraftKings,player_tds_over,Emanuel Wilson,Over,2.5,20000,2026-09-10 00:20:00+00:00,2026-09-09 20:20:00-04:00,2026-09-09,SEA,1.0
2656,8c94552d022acec4a0458d70c19d3da9,2026-09-09 10:44:42 EDT,2026-09-09,SEA,NWE,SEA@NWE,DraftKings,player_tds_over,Mack Hollins,Over,2.5,25000,2026-09-10 00:20:00+00:00,2026-09-09 20:20:00-04:00,2026-09-09,NE,1.0
2657,8c94552d022acec4a0458d70c19d3da9,2026-09-09 10:44:42 EDT,2026-09-09,SEA,NWE,SEA@NWE,DraftKings,player_tds_over,Corey Kiner,Over,2.5,25000,2026-09-10 00:20:00+00:00,2026-09-09 20:20:00-04:00,2026-09-09,NE,1.0
2658,8c94552d022acec4a0458d70c19d3da9,2026-09-09 10:44:42 EDT,2026-09-09,SEA,NWE,SEA@NWE,DraftKings,player_tds_over,Eli Raridon,Over,2.5,25000,2026-09-10 00:20:00+00:00,2026-09-09 20:20:00-04:00,2026-09-09,NE,1.0
2659,8c94552d022acec4a0458d70c19d3da9,2026-09-09 10:44:42 EDT,2026-09-09,SEA,NWE,SEA@NWE,DraftKings,player_tds_over,DeMario Douglas,Over,2.5,25000,2026-09-10 00:20:00+00:00,2026-09-09 20:20:00-04:00,2026-09-09,NE,1.0
2660,8c94552d022acec4a0458d70c19d3da9,2026-09-09 10:44:42 EDT,2026-09-09,SEA,NWE,SEA@NWE,DraftKings,player_tds_over,Tory Horton,Over,2.5,25000,2026-09-10 00:20:00+00:00,2026-09-09 20:20:00-04:00,2026-09-09,SEA,1.0
2661,8c94552d022acec4a0458d70c19d3da9,2026-09-09 10:44:42 EDT,2026-09-09,SEA,NWE,SEA@NWE,DraftKings,player_tds_over,Sam Darnold,Over,2.5,25000,2026-09-10 00:20:00+00:00,2026-09-09 20:20:00-04:00,2026-09-09,SEA,1.0
2662,8c94552d022acec4a0458d70c19d3da9,2026-09-09 10:44:42 EDT,2026-09-09,SEA,NWE,SEA@NWE,DraftKings,player_tds_over,Elijah Arroyo,Over,2.5,25000,2026-09-10 00:20:00+00:00,2026-09-09 20:20:00-04:00,2026-09-09,SEA,1.0
2667,acc580d74344ea3b31bbcdd057fe6a9c,2026-09-09 10:44:42 EDT,2026-09-10,LAR,SFO,LAR@SFO,DraftKings,player_pass_yds,Matthew Stafford,Over,265.5,-113,2026-09-11 00:35:00+00:00,2026-09-10 20:35:00-04:00,2026-09-10,LAR,1.0
2668,acc580d74344ea3b31bbcdd057fe6a9c,2026-09-09 10:44:42 EDT,2026-09-10,LAR,SFO,LAR@SFO,DraftKings,player_pass_yds,Brock Purdy,Over,244.5,-112,2026-09-11 00:35:00+00:00,2026-09-10 20:35:00-04:00,2026-09-10,SF,1.0
2674,acc580d74344ea3b31bbcdd057fe6a9c,2026-09-09 10:44:42 EDT,2026-09-10,LAR,SFO,LAR@SFO,DraftKings,player_rush_attempts,Kyren Williams,Over,12.5,-131,2026-09-11 00:35:00+00:00,2026-09-10 20:35:00-04:00,2026-09-10,LAR,1.0
2677,acc580d74344ea3b31bbcdd057fe6a9c,2026-09-09 10:44:42 EDT,2026-09-10,LAR,SFO,LAR@SFO,DraftKings,player_rush_yds,Christian McCaffrey,Over,59.5,-111,2026-09-11 00:35:00+00:00,2026-09-10 20:35:00-04:00,2026-09-10,SF,1.0
2688,acc580d74344ea3b31bbcdd057fe6a9c,2026-09-09 10:44:42 EDT,2026-09-10,LAR,SFO,LAR@SFO,DraftKings,player_receptions,De'Zhaun Stribling,Over,3.5,131,2026-09-11 00:35:00+00:00,2026-09-10 20:35:00-04:00,2026-09-10,SF,1.0
2697,acc580d74344ea3b31bbcdd057fe6a9c,2026-09-09 10:44:42 EDT,2026-09-10,LAR,SFO,LAR@SFO,DraftKings,player_reception_yds,Davante Adams,Over,52.5,-110,2026-09-11 00:35:00+00:00,2026-09-10 20:35:00-04:00,2026-09-10,LAR,1.0
2699,acc580d74344ea3b31bbcdd057fe6a9c,2026-09-09 10:44:42 EDT,2026-09-10,LAR,SFO,LAR@SFO,DraftKings,player_reception_yds,Christian McCaffrey,Over,41.5,-113,2026-09-11 00:35:00+00:00,2026-09-10 20:35:00-04:00,2026-09-10,SF,1.0
2700,acc580d74344ea3b31bbcdd057fe6a9c,2026-09-09 10:44:42 EDT,2026-09-10,LAR,SFO,LAR@SFO,DraftKings,player_reception_yds,George Kittle,Over,36.5,-112,2026-09-11 00:35:00+00:00,2026-09-10 20:35:00-04:00,2026-09-10,SF,1.0
2701,acc580d74344ea3b31bbcdd057fe6a9c,2026-09-09 10:44:42 EDT,2026-09-10,LAR,SFO,LAR@SFO,DraftKings,player_reception_yds,De'Zhaun Stribling,Over,36.5,-110,2026-09-11 00:35:00+00:00,2026-09-10 20:35:00-04:00,2026-09-10,SF,1.0
2747,acc580d74344ea3b31bbcdd057fe6a9c,2026-09-09 10:44:42 EDT,2026-09-10,LAR,SFO,LAR@SFO,DraftKings,player_tds_over,Jordan Whittington,Over,2.5,25000,2026-09-11 00:35:00+00:00,2026-09-10 20:35:00-04:00,2026-09-10,LAR,1.0
2748,acc580d74344ea3b31bbcdd057fe6a9c,2026-09-09 10:44:42 EDT,2026-09-10,LAR,SFO,LAR@SFO,DraftKings,player_tds_over,Kaelon Black,Over,2.5,25000,2026-09-11 00:35:00+00:00,2026-09-10 20:35:00-04:00,2026-09-10,SF,1.0
2750,acc580d74344ea3b31bbcdd057fe6a9c,2026-09-09 10:44:42 EDT,2026-09-10,LAR,SFO,LAR@SFO,DraftKings,player_tds_over,CJ Daniels,Over,2.5,25000,2026-09-11 00:35:00+00:00,2026-09-10 20:35:00-04:00,2026-09-10,LAR,1.0
2752,acc580d74344ea3b31bbcdd057fe6a9c,2026-09-09 10:44:42 EDT,2026-09-10,LAR,SFO,LAR@SFO,DraftKings,player_tds_over,Demarcus Robinson,Over,2.5,25000,2026-09-11 00:35:00+00:00,2026-09-10 20:35:00-04:00,2026-09-10,SF,1.0
2753,acc580d74344ea3b31bbcdd057fe6a9c,2026-09-09 10:44:42 EDT,2026-09-10,LAR,SFO,LAR@SFO,DraftKings,player_tds_over,Max Klare,Over,2.5,25000,2026-09-11 00:35:00+00:00,2026-09-10 20:35:00-04:00,2026-09-10,LAR,1.0
2754,acc580d74344ea3b31bbcdd057fe6a9c,2026-09-09 10:44:42 EDT,2026-09-10,LAR,SFO,LAR@SFO,DraftKings,player_tds_over,Kyle Juszczyk,Over,2.5,25000,2026-09-11 00:35:00+00:00,2026-09-10 20:35:00-04:00,2026-09-10,SF,1.0
2768,95c01d1bb797d6df14824b106c5a9130,2026-09-09 10:44:42 EDT,2026-09-13,PIT,ATL,PIT@ATL,DraftKings,player_rush_yds,Bijan Robinson,Over,75.5,-111,2026-09-13 17:00:00+00:00,2026-09-13 13:00:00-04:00,2026-09-13,ATL,1.0
2836,b6cfdcbafa61ce220ba87dc2d9b80c77,2026-09-09 10:44:42 EDT,2026-09-13,IND,BAL,IND@BAL,DraftKings,player_pass_yds,Daniel Jones,Over,233.5,-112,2026-09-13 17:00:00+00:00,2026-09-13 13:00:00-04:00,2026-09-13,IND,1.0
2845,b6cfdcbafa61ce220ba87dc2d9b80c77,2026-09-09 10:44:42 EDT,2026-09-13,IND,BAL,IND@BAL,DraftKings,player_rush_attempts,Daniel Jones,Over,2.5,-167,2026-09-13 17:00:00+00:00,2026-09-13 13:00:00-04:00,2026-09-13,IND,1.0
2849,b6cfdcbafa61ce220ba87dc2d9b80c77,2026-09-09 10:44:42 EDT,2026-09-13,IND,BAL,IND@BAL,DraftKings,player_rush_yds,Daniel Jones,Over,10.5,-116,2026-09-13 17:00:00+00:00,2026-09-13 13:00:00-04:00,2026-09-13,IND,1.0
2860,b6cfdcbafa61ce220ba87dc2d9b80c77,2026-09-09 10:44:42 EDT,2026-09-13,IND,BAL,IND@BAL,DraftKings,player_reception_yds,Zay Flowers,Over,64.5,-113,2026-09-13 17:00:00+00:00,2026-09-13 13:00:00-04:00,2026-09-13,BAL,1.0
2861,b6cfdcbafa61ce220ba87dc2d9b80c77,2026-09-09 10:44:42 EDT,2026-09-13,IND,BAL,IND@BAL,DraftKings,player_reception_yds,Tyler Warren,Over,48.5,-113,2026-09-13 17:00:00+00:00,2026-09-13 13:00:00-04:00,2026-09-13,IND,1.0
2908,b6cfdcbafa61ce220ba87dc2d9b80c77,2026-09-09 10:44:42 EDT,2026-09-13,IND,BAL,IND@BAL,DraftKings,player_tds_over,Laquon Treadwell,Over,2.5,25000,2026-09-13 17:00:00+00:00,2026-09-13 13:00:00-04:00,2026-09-13,IND,1.0
2929,7e09efed7e12c659b82740b67ce2f9a1,2026-09-09 10:44:42 EDT,2026-09-13,HOU,BUF,HOU@BUF,DraftKings,player_rush_yds,Woody Marks,Over,31.5,-110,2026-09-13 17:00:00+00:00,2026-09-13 13:00:00-04:00,2026-09-13,HOU,1.0
2945,7e09efed7e12c659b82740b67ce2f9a1,2026-09-09 10:44:42 EDT,2026-09-13,HOU,BUF,HOU@BUF,DraftKings,player_reception_yds,Dalton Schultz,Over,33.5,-115,2026-09-13 17:00:00+00:00,2026-09-13 13:00:00-04:00,2026-09-13,HOU,1.0
2946,7e09efed7e12c659b82740b67ce2f9a1,2026-09-09 10:44:42 EDT,2026-09-13,HOU,BUF,HOU@BUF,DraftKings,player_reception_yds,Kayshon Boutte,Over,23.5,-115,2026-09-13 17:00:00+00:00,2026-09-13 13:00:00-04:00,2026-09-13,HOU,1.0
2947,7e09efed7e12c659b82740b67ce2f9a1,2026-09-09 10:44:42 EDT,2026-09-13,HOU,BUF,HOU@BUF,DraftKings,player_reception_yds,Xavier Hutchinson,Over,18.5,-108,2026-09-13 17:00:00+00:00,2026-09-13 13:00:00-04:00,2026-09-13,HOU,1.0
2998,fc362aff0d889ec52d358307a70c32ed,2026-09-09 10:44:42 EDT,2026-09-13,CAR,CHI,CAR@CHI,DraftKings,player_pass_yds,Caleb Williams,Over,225.5,-111,2026-09-13 17:00:00+00:00,2026-09-13 13:00:00-04:00,2026-09-13,CHI,1.0
3017,fc362aff0d889ec52d358307a70c32ed,2026-09-09 10:44:42 EDT,2026-09-13,CAR,CHI,CAR@CHI,DraftKings,player_reception_yds,Tetairoa McMillan,Over,58.5,-109,2026-09-13 17:00:00+00:00,2026-09-13 13:00:00-04:00,2026-09-13,CAR,1.0
3019,fc362aff0d889ec52d358307a70c32ed,2026-09-09 10:44:42 EDT,2026-09-13,CAR,CHI,CAR@CHI,DraftKings,player_reception_yds,Colston Loveland,Over,51.5,-114,2026-09-13 17:00:00+00:00,2026-09-13 13:00:00-04:00,2026-09-13,CHI,1.0
3020,fc362aff0d889ec52d358307a70c32ed,2026-09-09 10:44:42 EDT,2026-09-13,CAR,CHI,CAR@CHI,DraftKings,player_reception_yds,Rome Odunze,Over,43.5,-112,2026-09-13 17:00:00+00:00,2026-09-13 13:00:00-04:00,2026-09-13,CHI,1.0
3025,fc362aff0d889ec52d358307a70c32ed,2026-09-09 10:44:42 EDT,2026-09-13,CAR,CHI,CAR@CHI,DraftKings,player_reception_yds,Tommy Tremble,Over,14.5,-116,2026-09-13 17:00:00+00:00,2026-09-13 13:00:00-04:00,2026-09-13,CAR,1.0
3085,ed6d24ff979f9c71979fead577b0b3f7,2026-09-09 10:44:42 EDT,2026-09-13,CIN,TAM,CIN@TAM,DraftKings,player_rush_yds,Baker Mayfield,Over,14.5,-119,2026-09-13 17:00:00+00:00,2026-09-13 13:00:00-04:00,2026-09-13,TB,1.0
3094,ed6d24ff979f9c71979fead577b0b3f7,2026-09-09 10:44:42 EDT,2026-09-13,CIN,TAM,CIN@TAM,DraftKings,player_receptions,Jalen McMillan,Over,3.5,136,2026-09-13 17:00:00+00:00,2026-09-13 13:00:00-04:00,2026-09-13,TB,1.0
3099,ed6d24ff979f9c71979fead577b0b3f7,2026-09-09 10:44:42 EDT,2026-09-13,CIN,TAM,CIN@TAM,DraftKings,player_reception_yds,Tee Higgins,Over,64.5,-110,2026-09-13 17:00:00+00:00,2026-09-13 13:00:00-04:00,2026-09-13,CIN,1.0
3100,ed6d24ff979f9c71979fead577b0b3f7,2026-09-09 10:44:42 EDT,2026-09-13,CIN,TAM,CIN@TAM,DraftKings,player_reception_yds,Emeka Egbuka,Over,54.5,-111,2026-09-13 17:00:00+00:00,2026-09-13 13:00:00-04:00,2026-09-13,TB,1.0
3102,ed6d24ff979f9c71979fead577b0b3f7,2026-09-09 10:44:42 EDT,2026-09-13,CIN,TAM,CIN@TAM,DraftKings,player_reception_yds,Jalen McMillan,Over,35.5,-111,2026-09-13 17:00:00+00:00,2026-09-13 13:00:00-04:00,2026-09-13,TB,1.0
3103,ed6d24ff979f9c71979fead577b0b3f7,2026-09-09 10:44:42 EDT,2026-09-13,CIN,TAM,CIN@TAM,DraftKings,player_reception_yds,Cade Otton,Over,28.5,-110,2026-09-13 17:00:00+00:00,2026-09-13 13:00:00-04:00,2026-09-13,TB,1.0
3105,ed6d24ff979f9c71979fead577b0b3f7,2026-09-09 10:44:42 EDT,2026-09-13,CIN,TAM,CIN@TAM,DraftKings,player_reception_yds,Kenny Gainwell,Over,20.5,-116,2026-09-13 17:00:00+00:00,2026-09-13 13:00:00-04:00,2026-09-13,TB,1.0
3170,e55c6fe19fce094ce214c8b0e5b504e9,2026-09-09 10:44:42 EDT,2026-09-13,JAX,CLE,JAX@CLE,DraftKings,player_rush_yds,Quinshon Judkins,Over,60.5,-112,2026-09-13 17:00:00+00:00,2026-09-13 13:00:00-04:00,2026-09-13,CLE,1.0
3187,e55c6fe19fce094ce214c8b0e5b504e9,2026-09-09 10:44:42 EDT,2026-09-13,JAX,CLE,JAX@CLE,DraftKings,player_reception_yds,Brian Thomas,Over,36.5,-109,2026-09-13 17:00:00+00:00,2026-09-13 13:00:00-04:00,2026-09-13,JAX,1.0
3194,e55c6fe19fce094ce214c8b0e5b504e9,2026-09-09 10:44:42 EDT,2026-09-13,JAX,CLE,JAX@CLE,DraftKings,player_reception_yds,Quinshon Judkins,Over,10.5,-108,2026-09-13 17:00:00+00:00,2026-09-13 13:00:00-04:00,2026-09-13,CLE,1.0
3249,c1d3fcec25aaeb06ebd2244d33d338e0,2026-09-09 10:44:42 EDT,2026-09-13,DET,NOR,DET@NOR,DraftKings,player_rush_attempts,Jahmyr Gibbs,Over,17.5,-123,2026-09-13 17:00:00+00:00,2026-09-13 13:00:00-04:00,2026-09-13,DET,1.0
3252,c1d3fcec25aaeb06ebd2244d33d338e0,2026-09-09 10:44:42 EDT,2026-09-13,DET,NOR,DET@NOR,DraftKings,player_rush_yds,Jahmyr Gibbs,Over,83.5,-114,2026-09-13 17:00:00+00:00,2026-09-13 13:00:00-04:00,2026-09-13,DET,1.0
3262,c1d3fcec25aaeb06ebd2244d33d338e0,2026-09-09 10:44:42 EDT,2026-09-13,DET,NOR,DET@NOR,DraftKings,player_receptions,Travis Etienne,Over,3.5,122,2026-09-13 17:00:00+00:00,2026-09-13 13:00:00-04:00,2026-09-13,NO,1.0
3267,c1d3fcec25aaeb06ebd2244d33d338e0,2026-09-09 10:44:42 EDT,2026-09-13,DET,NOR,DET@NOR,DraftKings,player_reception_yds,Juwan Johnson,Over,42.5,-111,2026-09-13 17:00:00+00:00,2026-09-13 13:00:00-04:00,2026-09-13,NO,1.0
3268,c1d3fcec25aaeb06ebd2244d33d338e0,2026-09-09 10:44:42 EDT,2026-09-13,DET,NOR,DET@NOR,DraftKings,player_reception_yds,Sam LaPorta,Over,41.5,-110,2026-09-13 17:00:00+00:00,2026-09-13 13:00:00-04:00,2026-09-13,DET,1.0
3271,c1d3fcec25aaeb06ebd2244d33d338e0,2026-09-09 10:44:42 EDT,2026-09-13,DET,NOR,DET@NOR,DraftKings,player_reception_yds,Travis Etienne,Over,18.5,-114,2026-09-13 17:00:00+00:00,2026-09-13 13:00:00-04:00,2026-09-13,NO,1.0
3311,7dddb296a42e7a41a774b24bd1709ce1,2026-09-09 10:44:42 EDT,2026-09-13,TEN,NYJ,TEN@NYJ,DraftKings,player_pass_completions,Geno Smith,Over,20.5,-108,2026-09-13 17:00:00+00:00,2026-09-13 13:00:00-04:00,2026-09-13,NYJ,1.0
3316,7dddb296a42e7a41a774b24bd1709ce1,2026-09-09 10:44:42 EDT,2026-09-13,TEN,NYJ,TEN@NYJ,DraftKings,player_pass_yds,Cam Ward,Over,206.5,-112,2026-09-13 17:00:00+00:00,2026-09-13 13:00:00-04:00,2026-09-13,TEN,1.0
3320,7dddb296a42e7a41a774b24bd1709ce1,2026-09-09 10:44:42 EDT,2026-09-13,TEN,NYJ,TEN@NYJ,DraftKings,player_pass_tds,Geno Smith,Over,1.5,194,2026-09-13 17:00:00+00:00,2026-09-13 13:00:00-04:00,2026-09-13,NYJ,1.0
3324,7dddb296a42e7a41a774b24bd1709ce1,2026-09-09 10:44:42 EDT,2026-09-13,TEN,NYJ,TEN@NYJ,DraftKings,player_rush_yds,Tony Pollard,Over,53.5,-111,2026-09-13 17:00:00+00:00,2026-09-13 13:00:00-04:00,2026-09-13,TEN,1.0
3325,7dddb296a42e7a41a774b24bd1709ce1,2026-09-09 10:44:42 EDT,2026-09-13,TEN,NYJ,TEN@NYJ,DraftKings,player_rush_yds,Tyjae Spears,Over,22.5,-111,2026-09-13 17:00:00+00:00,2026-09-13 13:00:00-04:00,2026-09-13,TEN,1.0
3341,7dddb296a42e7a41a774b24bd1709ce1,2026-09-09 10:44:42 EDT,2026-09-13,TEN,NYJ,TEN@NYJ,DraftKings,player_reception_yds,Carnell Tate,Over,39.5,-110,2026-09-13 17:00:00+00:00,2026-09-13 13:00:00-04:00,2026-09-13,TEN,1.0
3342,7dddb296a42e7a41a774b24bd1709ce1,2026-09-09 10:44:42 EDT,2026-09-13,TEN,NYJ,TEN@NYJ,DraftKings,player_reception_yds,Adonai Mitchell,Over,32.5,-115,2026-09-13 17:00:00+00:00,2026-09-13 13:00:00-04:00,2026-09-13,NYJ,1.0
3346,7dddb296a42e7a41a774b24bd1709ce1,2026-09-09 10:44:42 EDT,2026-09-13,TEN,NYJ,TEN@NYJ,DraftKings,player_reception_yds,Tyjae Spears,Over,18.5,-116,2026-09-13 17:00:00+00:00,2026-09-13 13:00:00-04:00,2026-09-13,TEN,1.0
3347,7dddb296a42e7a41a774b24bd1709ce1,2026-09-09 10:44:42 EDT,2026-09-13,TEN,NYJ,TEN@NYJ,DraftKings,player_reception_yds,Breece Hall,Over,18.5,-115,2026-09-13 17:00:00+00:00,2026-09-13 13:00:00-04:00,2026-09-13,NYJ,1.0
3406,1edfa5ceaa1ad2cb57df1c1b908731f6,2026-09-09 10:44:42 EDT,2026-09-13,LAC,ARI,LAC@ARI,DraftKings,player_rush_attempts,Justin Herbert,Over,5.5,120,2026-09-13 20:25:00+00:00,2026-09-13 16:25:00-04:00,2026-09-13,LAC,1.0
3420,1edfa5ceaa1ad2cb57df1c1b908731f6,2026-09-09 10:44:42 EDT,2026-09-13,LAC,ARI,LAC@ARI,DraftKings,player_reception_yds,Ladd McConkey,Over,53.5,-111,2026-09-13 20:25:00+00:00,2026-09-13 16:25:00-04:00,2026-09-13,LAC,1.0
3421,1edfa5ceaa1ad2cb57df1c1b908731f6,2026-09-09 10:44:42 EDT,2026-09-13,LAC,ARI,LAC@ARI,DraftKings,player_reception_yds,Marvin Harrison Jr.,Over,45.5,-115,2026-09-13 20:25:00+00:00,2026-09-13 16:25:00-04:00,2026-09-13,ARZ,1.0
3423,1edfa5ceaa1ad2cb57df1c1b908731f6,2026-09-09 10:44:42 EDT,2026-09-13,LAC,ARI,LAC@ARI,DraftKings,player_reception_yds,Michael Wilson,Over,39.5,-111,2026-09-13 20:25:00+00:00,2026-09-13 16:25:00-04:00,2026-09-13,ARZ,1.0
3486,cb77efed7e711d25a72c1a2a0a1af119,2026-09-09 10:44:42 EDT,2026-09-13,MIN,GNB,MIN@GNB,DraftKings,player_rush_yds,MarShawn Lloyd,Over,43.5,-114,2026-09-13 20:25:00+00:00,2026-09-13 16:25:00-04:00,2026-09-13,GB,1.0
3501,cb77efed7e711d25a72c1a2a0a1af119,2026-09-09 10:44:42 EDT,2026-09-13,MIN,GNB,MIN@GNB,DraftKings,player_reception_yds,Christian Watson,Over,57.5,-110,2026-09-13 20:25:00+00:00,2026-09-13 16:25:00-04:00,2026-09-13,GB,1.0
3504,cb77efed7e711d25a72c1a2a0a1af119,2026-09-09 10:44:42 EDT,2026-09-13,MIN,GNB,MIN@GNB,DraftKings,player_reception_yds,Matthew Golden,Over,39.5,-114,2026-09-13 20:25:00+00:00,2026-09-13 16:25:00-04:00,2026-09-13,GB,1.0
3508,cb77efed7e711d25a72c1a2a0a1af119,2026-09-09 10:44:42 EDT,2026-09-13,MIN,GNB,MIN@GNB,DraftKings,player_reception_yds,Aaron Jones,Over,13.5,-118,2026-09-13 20:25:00+00:00,2026-09-13 16:25:00-04:00,2026-09-13,MIN,1.0
3553,cb77efed7e711d25a72c1a2a0a1af119,2026-09-09 10:44:42 EDT,2026-09-13,MIN,GNB,MIN@GNB,DraftKings,player_tds_over,Myles Price,Over,2.5,25000,2026-09-13 20:25:00+00:00,2026-09-13 16:25:00-04:00,2026-09-13,MIN,1.0
3556,c5d95f48a16849ab6bebc68fbbfcb74a,2026-09-09 10:44:42 EDT,2026-09-13,LVR,MIA,LVR@MIA,DraftKings,player_pass_completions,Kirk Cousins,Over,20.5,-101,2026-09-13 20:25:00+00:00,2026-09-13 16:25:00-04:00,2026-09-13,LV,1.0
3560,c5d95f48a16849ab6bebc68fbbfcb74a,2026-09-09 10:44:42 EDT,2026-09-13,LVR,MIA,LVR@MIA,DraftKings,player_pass_yds,Kirk Cousins,Over,217.5,-111,2026-09-13 20:25:00+00:00,2026-09-13 16:25:00-04:00,2026-09-13,LV,1.0
3561,c5d95f48a16849ab6bebc68fbbfcb74a,2026-09-09 10:44:42 EDT,2026-09-13,LVR,MIA,LVR@MIA,DraftKings,player_pass_yds,Malik Willis,Over,181.5,-113,2026-09-13 20:25:00+00:00,2026-09-13 16:25:00-04:00,2026-09-13,MIA,1.0
3566,c5d95f48a16849ab6bebc68fbbfcb74a,2026-09-09 10:44:42 EDT,2026-09-13,LVR,MIA,LVR@MIA,DraftKings,player_rush_attempts,De'Von Achane,Over,14.5,-101,2026-09-13 20:25:00+00:00,2026-09-13 16:25:00-04:00,2026-09-13,MIA,1.0
3569,c5d95f48a16849ab6bebc68fbbfcb74a,2026-09-09 10:44:42 EDT,2026-09-13,LVR,MIA,LVR@MIA,DraftKings,player_rush_yds,Malik Willis,Over,38.5,-109,2026-09-13 20:25:00+00:00,2026-09-13 16:25:00-04:00,2026-09-13,MIA,1.0
3570,c5d95f48a16849ab6bebc68fbbfcb74a,2026-09-09 10:44:42 EDT,2026-09-13,LVR,MIA,LVR@MIA,DraftKings,player_receptions,Brock Bowers,Over,5.5,-145,2026-09-13 20:25:00+00:00,2026-09-13 16:25:00-04:00,2026-09-13,LV,1.0
3572,c5d95f48a16849ab6bebc68fbbfcb74a,2026-09-09 10:44:42 EDT,2026-09-13,LVR,MIA,LVR@MIA,DraftKings,player_receptions,Tre Tucker,Over,3.5,-111,2026-09-13 20:25:00+00:00,2026-09-13 16:25:00-04:00,2026-09-13,LV,1.0
3576,c5d95f48a16849ab6bebc68fbbfcb74a,2026-09-09 10:44:42 EDT,2026-09-13,LVR,MIA,LVR@MIA,DraftKings,player_receptions,Michael Mayer,Over,2.5,133,2026-09-13 20:25:00+00:00,2026-09-13 16:25:00-04:00,2026-09-13,LV,1.0
3577,c5d95f48a16849ab6bebc68fbbfcb74a,2026-09-09 10:44:42 EDT,2026-09-13,LVR,MIA,LVR@MIA,DraftKings,player_receptions,Jalen Nailor,Over,2.5,135,2026-09-13 20:25:00+00:00,2026-09-13 16:25:00-04:00,2026-09-13,LV,1.0
3579,c5d95f48a16849ab6bebc68fbbfcb74a,2026-09-09 10:44:42 EDT,2026-09-13,LVR,MIA,LVR@MIA,DraftKings,player_reception_yds,Brock Bowers,Over,65.5,-110,2026-09-13 20:25:00+00:00,2026-09-13 16:25:00-04:00,2026-09-13,LV,1.0
3580,c5d95f48a16849ab6bebc68fbbfcb74a,2026-09-09 10:44:42 EDT,2026-09-13,LVR,MIA,LVR@MIA,DraftKings,player_reception_yds,Tre Tucker,Over,40.5,-109,2026-09-13 20:25:00+00:00,2026-09-13 16:25:00-04:00,2026-09-13,LV,1.0
3585,c5d95f48a16849ab6bebc68fbbfcb74a,2026-09-09 10:44:42 EDT,2026-09-13,LVR,MIA,LVR@MIA,DraftKings,player_reception_yds,Jalen Nailor,Over,23.5,-113,2026-09-13 20:25:00+00:00,2026-09-13 16:25:00-04:00,2026-09-13,LV,1.0
3586,c5d95f48a16849ab6bebc68fbbfcb74a,2026-09-09 10:44:42 EDT,2026-09-13,LVR,MIA,LVR@MIA,DraftKings,player_reception_yds,Michael Mayer,Over,17.5,-117,2026-09-13 20:25:00+00:00,2026-09-13 16:25:00-04:00,2026-09-13,LV,1.0
3587,c5d95f48a16849ab6bebc68fbbfcb74a,2026-09-09 10:44:42 EDT,2026-09-13,LVR,MIA,LVR@MIA,DraftKings,player_reception_yds,Jack Bech,Over,15.5,-111,2026-09-13 20:25:00+00:00,2026-09-13 16:25:00-04:00,2026-09-13,LV,1.0
3590,c5d95f48a16849ab6bebc68fbbfcb74a,2026-09-09 10:44:42 EDT,2026-09-13,LVR,MIA,LVR@MIA,DraftKings,player_tds_over,Brock Bowers,Over,1.5,1000,2026-09-13 20:25:00+00:00,2026-09-13 16:25:00-04:00,2026-09-13,LV,1.0
3614,c5d95f48a16849ab6bebc68fbbfcb74a,2026-09-09 10:44:42 EDT,2026-09-13,LVR,MIA,LVR@MIA,DraftKings,player_tds_over,Brock Bowers,Over,2.5,5500,2026-09-13 20:25:00+00:00,2026-09-13 16:25:00-04:00,2026-09-13,LV,1.0
3622,c5d95f48a16849ab6bebc68fbbfcb74a,2026-09-09 10:44:42 EDT,2026-09-13,LVR,MIA,LVR@MIA,DraftKings,player_tds_over,Dylan Laube,Over,2.5,20000,2026-09-13 20:25:00+00:00,2026-09-13 16:25:00-04:00,2026-09-13,LV,1.0
3661,17885cb8dcade8f6c3bce14b2de805e8,2026-09-09 10:44:42 EDT,2026-09-13,PHI,WAS,PHI@WAS,DraftKings,player_reception_yds,Dontayvion Wicks,Over,28.5,-115,2026-09-13 20:25:00+00:00,2026-09-13 16:25:00-04:00,2026-09-13,PHI,1.0
3714,3e646c7479c57f5d9752d8c7dfe7059b,2026-09-09 10:44:42 EDT,2026-09-13,NYG,DAL,NYG@DAL,DraftKings,player_pass_yds,Jaxson Dart,Over,213.5,-113,2026-09-14 00:20:00+00:00,2026-09-13 20:20:00-04:00,2026-09-13,NYG,1.0
3722,3e646c7479c57f5d9752d8c7dfe7059b,2026-09-09 10:44:42 EDT,2026-09-13,NYG,DAL,NYG@DAL,DraftKings,player_rush_yds,Javonte Williams,Over,73.5,-114,2026-09-14 00:20:00+00:00,2026-09-13 20:20:00-04:00,2026-09-13,DAL,1.0
3725,3e646c7479c57f5d9752d8c7dfe7059b,2026-09-09 10:44:42 EDT,2026-09-13,NYG,DAL,NYG@DAL,DraftKings,player_rush_yds,Dak Prescott,Over,7.5,-114,2026-09-14 00:20:00+00:00,2026-09-13 20:20:00-04:00,2026-09-13,DAL,1.0
3737,3e646c7479c57f5d9752d8c7dfe7059b,2026-09-09 10:44:42 EDT,2026-09-13,NYG,DAL,NYG@DAL,DraftKings,player_reception_yds,Malik Nabers,Over,60.5,-113,2026-09-14 00:20:00+00:00,2026-09-13 20:20:00-04:00,2026-09-13,NYG,1.0
3741,3e646c7479c57f5d9752d8c7dfe7059b,2026-09-09 10:44:42 EDT,2026-09-13,NYG,DAL,NYG@DAL,DraftKings,player_reception_yds,Cam Skattebo,Over,16.5,-109,2026-09-14 00:20:00+00:00,2026-09-13 20:20:00-04:00,2026-09-13,NYG,1.0
3787,3e646c7479c57f5d9752d8c7dfe7059b,2026-09-09 10:44:42 EDT,2026-09-13,NYG,DAL,NYG@DAL,DraftKings,player_tds_over,Jonathan Mingo,Over,2.5,25000,2026-09-14 00:20:00+00:00,2026-09-13 20:20:00-04:00,2026-09-13,DAL,1.0
3793,5ad8135dc2b5f27de0b777acd317855a,2026-09-09 10:44:42 EDT,2026-09-14,KAN,DEN,KAN@DEN,DraftKings,player_pass_completions,Patrick Mahomes,Over,22.5,103,2026-09-15 00:15:00+00:00,2026-09-14 20:15:00-04:00,2026-09-14,KC,1.0
3797,5ad8135dc2b5f27de0b777acd317855a,2026-09-09 10:44:42 EDT,2026-09-14,KAN,DEN,KAN@DEN,DraftKings,player_pass_yds,Patrick Mahomes,Over,232.5,-113,2026-09-15 00:15:00+00:00,2026-09-14 20:15:00-04:00,2026-09-14,KC,1.0
3810,5ad8135dc2b5f27de0b777acd317855a,2026-09-09 10:44:42 EDT,2026-09-14,KAN,DEN,KAN@DEN,DraftKings,player_rush_yds,Bo Nix,Over,15.5,-117,2026-09-15 00:15:00+00:00,2026-09-14 20:15:00-04:00,2026-09-14,DEN,1.0
3828,5ad8135dc2b5f27de0b777acd317855a,2026-09-09 10:44:42 EDT,2026-09-14,KAN,DEN,KAN@DEN,DraftKings,player_reception_yds,Xavier Worthy,Over,35.5,-113,2026-09-15 00:15:00+00:00,2026-09-14 20:15:00-04:00,2026-09-14,KC,1.0
3834,5ad8135dc2b5f27de0b777acd317855a,2026-09-09 10:44:42 EDT,2026-09-14,KAN,DEN,KAN@DEN,DraftKings,player_reception_yds,Noah Gray,Over,9.5,-115,2026-09-15 00:15:00+00:00,2026-09-14 20:15:00-04:00,2026-09-14,KC,1.0
3865,acc580d74344ea3b31bbcdd057fe6a9c,2026-09-10 09:42:39 EDT,2026-09-10,LAR,SFO,LAR@SFO,DraftKings,player_pass_completions,Matthew Stafford,Over,23.5,-108,2026-09-11 00:35:00+00:00,2026-09-10 20:35:00-04:00,2026-09-10,LAR,1.0
3866,acc580d74344ea3b31bbcdd057fe6a9c,2026-09-10 09:42:39 EDT,2026-09-10,LAR,SFO,LAR@SFO,DraftKings,player_pass_completions,Brock Purdy,Over,21.5,-113,2026-09-11 00:35:00+00:00,2026-09-10 20:35:00-04:00,2026-09-10,SF,1.0
3867,acc580d74344ea3b31bbcdd057fe6a9c,2026-09-10 09:42:39 EDT,2026-09-10,LAR,SFO,LAR@SFO,DraftKings,player_pass_attempts,Matthew Stafford,Over,34.5,-108,2026-09-11 00:35:00+00:00,2026-09-10 20:35:00-04:00,2026-09-10,LAR,1.0
3868,acc580d74344ea3b31bbcdd057fe6a9c,2026-09-10 09:42:39 EDT,2026-09-10,LAR,SFO,LAR@SFO,DraftKings,player_pass_attempts,Brock Purdy,Over,33.5,-120,2026-09-11 00:35:00+00:00,2026-09-10 20:35:00-04:00,2026-09-10,SF,1.0
3869,acc580d74344ea3b31bbcdd057fe6a9c,2026-09-10 09:42:39 EDT,2026-09-10,LAR,SFO,LAR@SFO,DraftKings,player_pass_yds,Matthew Stafford,Over,263.5,-112,2026-09-11 00:35:00+00:00,2026-09-10 20:35:00-04:00,2026-09-10,LAR,1.0
3870,acc580d74344ea3b31bbcdd057fe6a9c,2026-09-10 09:42:39 EDT,2026-09-10,LAR,SFO,LAR@SFO,DraftKings,player_pass_yds,Brock Purdy,Over,242.5,-112,2026-09-11 00:35:00+00:00,2026-09-10 20:35:00-04:00,2026-09-10,SF,1.0
3871,acc580d74344ea3b31bbcdd057fe6a9c,2026-09-10 09:42:39 EDT,2026-09-10,LAR,SFO,LAR@SFO,DraftKings,player_pass_interceptions,Matthew Stafford,Over,0.5,113,2026-09-11 00:35:00+00:00,2026-09-10 20:35:00-04:00,2026-09-10,LAR,1.0
3872,acc580d74344ea3b31bbcdd057fe6a9c,2026-09-10 09:42:39 EDT,2026-09-10,LAR,SFO,LAR@SFO,DraftKings,player_pass_interceptions,Brock Purdy,Over,0.5,-154,2026-09-11 00:35:00+00:00,2026-09-10 20:35:00-04:00,2026-09-10,SF,1.0
3873,acc580d74344ea3b31bbcdd057fe6a9c,2026-09-10 09:42:39 EDT,2026-09-10,LAR,SFO,LAR@SFO,DraftKings,player_pass_tds,Matthew Stafford,Over,1.5,-155,2026-09-11 00:35:00+00:00,2026-09-10 20:35:00-04:00,2026-09-10,LAR,1.0
3874,acc580d74344ea3b31bbcdd057fe6a9c,2026-09-10 09:42:39 EDT,2026-09-10,LAR,SFO,LAR@SFO,DraftKings,player_pass_tds,Brock Purdy,Over,1.5,101,2026-09-11 00:35:00+00:00,2026-09-10 20:35:00-04:00,2026-09-10,SF,1.0
3875,acc580d74344ea3b31bbcdd057fe6a9c,2026-09-10 09:42:39 EDT,2026-09-10,LAR,SFO,LAR@SFO,DraftKings,player_rush_attempts,Christian McCaffrey,Over,15.5,-109,2026-09-11 00:35:00+00:00,2026-09-10 20:35:00-04:00,2026-09-10,SF,1.0
3876,acc580d74344ea3b31bbcdd057fe6a9c,2026-09-10 09:42:39 EDT,2026-09-10,LAR,SFO,LAR@SFO,DraftKings,player_rush_attempts,Kyren Williams,Over,13.5,106,2026-09-11 00:35:00+00:00,2026-09-10 20:35:00-04:00,2026-09-10,LAR,1.0
3877,acc580d74344ea3b31bbcdd057fe6a9c,2026-09-10 09:42:39 EDT,2026-09-10,LAR,SFO,LAR@SFO,DraftKings,player_rush_attempts,Blake Corum,Over,10.5,-107,2026-09-11 00:35:00+00:00,2026-09-10 20:35:00-04:00,2026-09-10,LAR,1.0
3878,acc580d74344ea3b31bbcdd057fe6a9c,2026-09-10 09:42:39 EDT,2026-09-10,LAR,SFO,LAR@SFO,DraftKings,player_rush_attempts,Brock Purdy,Over,3.5,-124,2026-09-11 00:35:00+00:00,2026-09-10 20:35:00-04:00,2026-09-10,SF,1.0
3879,acc580d74344ea3b31bbcdd057fe6a9c,2026-09-10 09:42:39 EDT,2026-09-10,LAR,SFO,LAR@SFO,DraftKings,player_rush_yds,Christian McCaffrey,Over,58.5,-111,2026-09-11 00:35:00+00:00,2026-09-10 20:35:00-04:00,2026-09-10,SF,1.0
3880,acc580d74344ea3b31bbcdd057fe6a9c,2026-09-10 09:42:39 EDT,2026-09-10,LAR,SFO,LAR@SFO,DraftKings,player_rush_yds,Kyren Williams,Over,55.5,-108,2026-09-11 00:35:00+00:00,2026-09-10 20:35:00-04:00,2026-09-10,LAR,1.0
3881,acc580d74344ea3b31bbcdd057fe6a9c,2026-09-10 09:42:39 EDT,2026-09-10,LAR,SFO,LAR@SFO,DraftKings,player_rush_yds,Blake Corum,Over,45.5,-110,2026-09-11 00:35:00+00:00,2026-09-10 20:35:00-04:00,2026-09-10,LAR,1.0
3882,acc580d74344ea3b31bbcdd057fe6a9c,2026-09-10 09:42:39 EDT,2026-09-10,LAR,SFO,LAR@SFO,DraftKings,player_rush_yds,Brock Purdy,Over,18.5,-110,2026-09-11 00:35:00+00:00,2026-09-10 20:35:00-04:00,2026-09-10,SF,1.0
3883,acc580d74344ea3b31bbcdd057fe6a9c,2026-09-10 09:42:39 EDT,2026-09-10,LAR,SFO,LAR@SFO,DraftKings,player_rush_yds,Puka Nacua,Over,2.5,-104,2026-09-11 00:35:00+00:00,2026-09-10 20:35:00-04:00,2026-09-10,LAR,1.0
3884,acc580d74344ea3b31bbcdd057fe6a9c,2026-09-10 09:42:39 EDT,2026-09-10,LAR,SFO,LAR@SFO,DraftKings,player_rush_yds,Matthew Stafford,Over,0.5,128,2026-09-11 00:35:00+00:00,2026-09-10 20:35:00-04:00,2026-09-10,LAR,1.0
3885,acc580d74344ea3b31bbcdd057fe6a9c,2026-09-10 09:42:39 EDT,2026-09-10,LAR,SFO,LAR@SFO,DraftKings,player_receptions,Puka Nacua,Over,7.5,108,2026-09-11 00:35:00+00:00,2026-09-10 20:35:00-04:00,2026-09-10,LAR,1.0
3886,acc580d74344ea3b31bbcdd057fe6a9c,2026-09-10 09:42:39 EDT,2026-09-10,LAR,SFO,LAR@SFO,DraftKings,player_receptions,Christian McCaffrey,Over,4.5,-113,2026-09-11 00:35:00+00:00,2026-09-10 20:35:00-04:00,2026-09-10,SF,1.0
3887,acc580d74344ea3b31bbcdd057fe6a9c,2026-09-10 09:42:39 EDT,2026-09-10,LAR,SFO,LAR@SFO,DraftKings,player_receptions,Davante Adams,Over,4.5,-111,2026-09-11 00:35:00+00:00,2026-09-10 20:35:00-04:00,2026-09-10,LAR,1.0
3888,acc580d74344ea3b31bbcdd057fe6a9c,2026-09-10 09:42:39 EDT,2026-09-10,LAR,SFO,LAR@SFO,DraftKings,player_receptions,Mike Evans,Over,3.5,-142,2026-09-11 00:35:00+00:00,2026-09-10 20:35:00-04:00,2026-09-10,SF,1.0
3889,acc580d74344ea3b31bbcdd057fe6a9c,2026-09-10 09:42:39 EDT,2026-09-10,LAR,SFO,LAR@SFO,DraftKings,player_receptions,George Kittle,Over,3.5,-102,2026-09-11 00:35:00+00:00,2026-09-10 20:35:00-04:00,2026-09-10,SF,1.0
3890,acc580d74344ea3b31bbcdd057fe6a9c,2026-09-10 09:42:39 EDT,2026-09-10,LAR,SFO,LAR@SFO,DraftKings,player_receptions,De'Zhaun Stribling,Over,2.5,-158,2026-09-11 00:35:00+00:00,2026-09-10 20:35:00-04:00,2026-09-10,SF,1.0
3891,acc580d74344ea3b31bbcdd057fe6a9c,2026-09-10 09:42:39 EDT,2026-09-10,LAR,SFO,LAR@SFO,DraftKings,player_receptions,Deebo Samuel,Over,2.5,-141,2026-09-11 00:35:00+00:00,2026-09-10 20:35:00-04:00,2026-09-10,SF,1.0
3892,acc580d74344ea3b31bbcdd057fe6a9c,2026-09-10 09:42:39 EDT,2026-09-10,LAR,SFO,LAR@SFO,DraftKings,player_receptions,Colby Parkinson,Over,2.5,122,2026-09-11 00:35:00+00:00,2026-09-10 20:35:00-04:00,2026-09-10,LAR,1.0
3893,acc580d74344ea3b31bbcdd057fe6a9c,2026-09-10 09:42:39 EDT,2026-09-10,LAR,SFO,LAR@SFO,DraftKings,player_receptions,Terrance Ferguson,Over,1.5,-164,2026-09-11 00:35:00+00:00,2026-09-10 20:35:00-04:00,2026-09-10,LAR,1.0
3894,acc580d74344ea3b31bbcdd057fe6a9c,2026-09-10 09:42:39 EDT,2026-09-10,LAR,SFO,LAR@SFO,DraftKings,player_receptions,Kyren Williams,Over,1.5,-155,2026-09-11 00:35:00+00:00,2026-09-10 20:35:00-04:00,2026-09-10,LAR,1.0
3895,acc580d74344ea3b31bbcdd057fe6a9c,2026-09-10 09:42:39 EDT,2026-09-10,LAR,SFO,LAR@SFO,DraftKings,player_receptions,Tyler Higbee,Over,1.5,-116,2026-09-11 00:35:00+00:00,2026-09-10 20:35:00-04:00,2026-09-10,LAR,1.0
3896,acc580d74344ea3b31bbcdd057fe6a9c,2026-09-10 09:42:39 EDT,2026-09-10,LAR,SFO,LAR@SFO,DraftKings,player_receptions,Demarcus Robinson,Over,1.5,161,2026-09-11 00:35:00+00:00,2026-09-10 20:35:00-04:00,2026-09-10,SF,1.0
3897,acc580d74344ea3b31bbcdd057fe6a9c,2026-09-10 09:42:39 EDT,2026-09-10,LAR,SFO,LAR@SFO,DraftKings,player_receptions,Kyle Juszczyk,Over,1.5,166,2026-09-11 00:35:00+00:00,2026-09-10 20:35:00-04:00,2026-09-10,SF,1.0
3898,acc580d74344ea3b31bbcdd057fe6a9c,2026-09-10 09:42:39 EDT,2026-09-10,LAR,SFO,LAR@SFO,DraftKings,player_reception_yds,Puka Nacua,Over,91.5,-114,2026-09-11 00:35:00+00:00,2026-09-10 20:35:00-04:00,2026-09-10,LAR,1.0
3899,acc580d74344ea3b31bbcdd057fe6a9c,2026-09-10 09:42:39 EDT,2026-09-10,LAR,SFO,LAR@SFO,DraftKings,player_reception_yds,Davante Adams,Over,51.5,-113,2026-09-11 00:35:00+00:00,2026-09-10 20:35:00-04:00,2026-09-10,LAR,1.0
3900,acc580d74344ea3b31bbcdd057fe6a9c,2026-09-10 09:42:39 EDT,2026-09-10,LAR,SFO,LAR@SFO,DraftKings,player_reception_yds,Mike Evans,Over,49.5,-111,2026-09-11 00:35:00+00:00,2026-09-10 20:35:00-04:00,2026-09-10,SF,1.0
3901,acc580d74344ea3b31bbcdd057fe6a9c,2026-09-10 09:42:39 EDT,2026-09-10,LAR,SFO,LAR@SFO,DraftKings,player_reception_yds,Christian McCaffrey,Over,40.5,-110,2026-09-11 00:35:00+00:00,2026-09-10 20:35:00-04:00,2026-09-10,SF,1.0
3902,acc580d74344ea3b31bbcdd057fe6a9c,2026-09-10 09:42:39 EDT,2026-09-10,LAR,SFO,LAR@SFO,DraftKings,player_reception_yds,De'Zhaun Stribling,Over,35.5,-109,2026-09-11 00:35:00+00:00,2026-09-10 20:35:00-04:00,2026-09-10,SF,1.0
3903,acc580d74344ea3b31bbcdd057fe6a9c,2026-09-10 09:42:39 EDT,2026-09-10,LAR,SFO,LAR@SFO,DraftKings,player_reception_yds,George Kittle,Over,34.5,-112,2026-09-11 00:35:00+00:00,2026-09-10 20:35:00-04:00,2026-09-10,SF,1.0
3904,acc580d74344ea3b31bbcdd057fe6a9c,2026-09-10 09:42:39 EDT,2026-09-10,LAR,SFO,LAR@SFO,DraftKings,player_reception_yds,Deebo Samuel,Over,29.5,-113,2026-09-11 00:35:00+00:00,2026-09-10 20:35:00-04:00,2026-09-10,SF,1.0
3905,acc580d74344ea3b31bbcdd057fe6a9c,2026-09-10 09:42:39 EDT,2026-09-10,LAR,SFO,LAR@SFO,DraftKings,player_reception_yds,Terrance Ferguson,Over,24.5,-112,2026-09-11 00:35:00+00:00,2026-09-10 20:35:00-04:00,2026-09-10,LAR,1.0
3906,acc580d74344ea3b31bbcdd057fe6a9c,2026-09-10 09:42:39 EDT,2026-09-10,LAR,SFO,LAR@SFO,DraftKings,player_reception_yds,Colby Parkinson,Over,19.5,-110,2026-09-11 00:35:00+00:00,2026-09-10 20:35:00-04:00,2026-09-10,LAR,1.0
3907,acc580d74344ea3b31bbcdd057fe6a9c,2026-09-10 09:42:39 EDT,2026-09-10,LAR,SFO,LAR@SFO,DraftKings,player_reception_yds,Tyler Higbee,Over,14.5,-109,2026-09-11 00:35:00+00:00,2026-09-10 20:35:00-04:00,2026-09-10,LAR,1.0
3908,acc580d74344ea3b31bbcdd057fe6a9c,2026-09-10 09:42:39 EDT,2026-09-10,LAR,SFO,LAR@SFO,DraftKings,player_reception_yds,Kyren Williams,Over,11.5,-112,2026-09-11 00:35:00+00:00,2026-09-10 20:35:00-04:00,2026-09-10,LAR,1.0
3909,acc580d74344ea3b31bbcdd057fe6a9c,2026-09-10 09:42:39 EDT,2026-09-10,LAR,SFO,LAR@SFO,DraftKings,player_reception_yds,Demarcus Robinson,Over,11.5,-108,2026-09-11 00:35:00+00:00,2026-09-10 20:35:00-04:00,2026-09-10,SF,1.0
3910,acc580d74344ea3b31bbcdd057fe6a9c,2026-09-10 09:42:39 EDT,2026-09-10,LAR,SFO,LAR@SFO,DraftKings,player_reception_yds,Kyle Juszczyk,Over,4.5,-121,2026-09-11 00:35:00+00:00,2026-09-10 20:35:00-04:00,2026-09-10,SF,1.0
3911,acc580d74344ea3b31bbcdd057fe6a9c,2026-09-10 09:42:39 EDT,2026-09-10,LAR,SFO,LAR@SFO,DraftKings,player_tds_over,Christian McCaffrey,Over,1.5,380,2026-09-11 00:35:00+00:00,2026-09-10 20:35:00-04:00,2026-09-10,SF,1.0
3912,acc580d74344ea3b31bbcdd057fe6a9c,2026-09-10 09:42:39 EDT,2026-09-10,LAR,SFO,LAR@SFO,DraftKings,player_tds_over,Kyren Williams,Over,1.5,450,2026-09-11 00:35:00+00:00,2026-09-10 20:35:00-04:00,2026-09-10,LAR,1.0
3913,acc580d74344ea3b31bbcdd057fe6a9c,2026-09-10 09:42:39 EDT,2026-09-10,LAR,SFO,LAR@SFO,DraftKings,player_tds_over,Davante Adams,Over,1.5,750,2026-09-11 00:35:00+00:00,2026-09-10 20:35:00-04:00,2026-09-10,LAR,1.0
3914,acc580d74344ea3b31bbcdd057fe6a9c,2026-09-10 09:42:39 EDT,2026-09-10,LAR,SFO,LAR@SFO,DraftKings,player_tds_over,Puka Nacua,Over,1.5,950,2026-09-11 00:35:00+00:00,2026-09-10 20:35:00-04:00,2026-09-10,LAR,1.0
3915,acc580d74344ea3b31bbcdd057fe6a9c,2026-09-10 09:42:39 EDT,2026-09-10,LAR,SFO,LAR@SFO,DraftKings,player_tds_over,Blake Corum,Over,1.5,1100,2026-09-11 00:35:00+00:00,2026-09-10 20:35:00-04:00,2026-09-10,LAR,1.0
3916,acc580d74344ea3b31bbcdd057fe6a9c,2026-09-10 09:42:39 EDT,2026-09-10,LAR,SFO,LAR@SFO,DraftKings,player_tds_over,Mike Evans,Over,1.5,1500,2026-09-11 00:35:00+00:00,2026-09-10 20:35:00-04:00,2026-09-10,SF,1.0
3917,acc580d74344ea3b31bbcdd057fe6a9c,2026-09-10 09:42:39 EDT,2026-09-10,LAR,SFO,LAR@SFO,DraftKings,player_tds_over,George Kittle,Over,1.5,2800,2026-09-11 00:35:00+00:00,2026-09-10 20:35:00-04:00,2026-09-10,SF,1.0
3918,acc580d74344ea3b31bbcdd057fe6a9c,2026-09-10 09:42:39 EDT,2026-09-10,LAR,SFO,LAR@SFO,DraftKings,player_tds_over,De'Zhaun Stribling,Over,1.5,4000,2026-09-11 00:35:00+00:00,2026-09-10 20:35:00-04:00,2026-09-10,SF,1.0
3919,acc580d74344ea3b31bbcdd057fe6a9c,2026-09-10 09:42:39 EDT,2026-09-10,LAR,SFO,LAR@SFO,DraftKings,player_tds_over,Deebo Samuel,Over,1.5,4000,2026-09-11 00:35:00+00:00,2026-09-10 20:35:00-04:00,2026-09-10,SF,1.0
3920,acc580d74344ea3b31bbcdd057fe6a9c,2026-09-10 09:42:39 EDT,2026-09-10,LAR,SFO,LAR@SFO,DraftKings,player_tds_over,Terrance Ferguson,Over,1.5,4500,2026-09-11 00:35:00+00:00,2026-09-10 20:35:00-04:00,2026-09-10,LAR,1.0
3921,acc580d74344ea3b31bbcdd057fe6a9c,2026-09-10 09:42:39 EDT,2026-09-10,LAR,SFO,LAR@SFO,DraftKings,player_tds_over,Colby Parkinson,Over,1.5,5000,2026-09-11 00:35:00+00:00,2026-09-10 20:35:00-04:00,2026-09-10,LAR,1.0
3922,acc580d74344ea3b31bbcdd057fe6a9c,2026-09-10 09:42:39 EDT,2026-09-10,LAR,SFO,LAR@SFO,DraftKings,player_tds_over,Tyler Higbee,Over,1.5,6000,2026-09-11 00:35:00+00:00,2026-09-10 20:35:00-04:00,2026-09-10,LAR,1.0
3923,acc580d74344ea3b31bbcdd057fe6a9c,2026-09-10 09:42:39 EDT,2026-09-10,LAR,SFO,LAR@SFO,DraftKings,player_tds_over,Brock Purdy,Over,1.5,9000,2026-09-11 00:35:00+00:00,2026-09-10 20:35:00-04:00,2026-09-10,SF,1.0
3924,acc580d74344ea3b31bbcdd057fe6a9c,2026-09-10 09:42:39 EDT,2026-09-10,LAR,SFO,LAR@SFO,DraftKings,player_tds_over,Kaelon Black,Over,1.5,10000,2026-09-11 00:35:00+00:00,2026-09-10 20:35:00-04:00,2026-09-10,SF,1.0
3925,acc580d74344ea3b31bbcdd057fe6a9c,2026-09-10 09:42:39 EDT,2026-09-10,LAR,SFO,LAR@SFO,DraftKings,player_tds_over,Jake Tonges,Over,1.5,10000,2026-09-11 00:35:00+00:00,2026-09-10 20:35:00-04:00,2026-09-10,SF,1.0
3926,acc580d74344ea3b31bbcdd057fe6a9c,2026-09-10 09:42:39 EDT,2026-09-10,LAR,SFO,LAR@SFO,DraftKings,player_tds_over,Kyle Juszczyk,Over,1.5,12000,2026-09-11 00:35:00+00:00,2026-09-10 20:35:00-04:00,2026-09-10,SF,1.0
3927,acc580d74344ea3b31bbcdd057fe6a9c,2026-09-10 09:42:39 EDT,2026-09-10,LAR,SFO,LAR@SFO,DraftKings,player_tds_over,Jordan Whittington,Over,1.5,13000,2026-09-11 00:35:00+00:00,2026-09-10 20:35:00-04:00,2026-09-10,LAR,1.0
3928,acc580d74344ea3b31bbcdd057fe6a9c,2026-09-10 09:42:39 EDT,2026-09-10,LAR,SFO,LAR@SFO,DraftKings,player_tds_over,Demarcus Robinson,Over,1.5,13000,2026-09-11 00:35:00+00:00,2026-09-10 20:35:00-04:00,2026-09-10,SF,1.0
3929,acc580d74344ea3b31bbcdd057fe6a9c,2026-09-10 09:42:39 EDT,2026-09-10,LAR,SFO,LAR@SFO,DraftKings,player_tds_over,Davis Allen,Over,1.5,13000,2026-09-11 00:35:00+00:00,2026-09-10 20:35:00-04:00,2026-09-10,LAR,1.0
3930,acc580d74344ea3b31bbcdd057fe6a9c,2026-09-10 09:42:39 EDT,2026-09-10,LAR,SFO,LAR@SFO,DraftKings,player_tds_over,James Jordan,Over,1.5,15000,2026-09-11 00:35:00+00:00,2026-09-10 20:35:00-04:00,2026-09-10,,1.0
3931,acc580d74344ea3b31bbcdd057fe6a9c,2026-09-10 09:42:39 EDT,2026-09-10,LAR,SFO,LAR@SFO,DraftKings,player_tds_over,Luke Farrell,Over,1.5,15000,2026-09-11 00:35:00+00:00,2026-09-10 20:35:00-04:00,2026-09-10,SF,1.0
3932,acc580d74344ea3b31bbcdd057fe6a9c,2026-09-10 09:42:39 EDT,2026-09-10,LAR,SFO,LAR@SFO,DraftKings,player_tds_over,Konata Mumpfield,Over,1.5,16000,2026-09-11 00:35:00+00:00,2026-09-10 20:35:00-04:00,2026-09-10,LAR,1.0
3933,acc580d74344ea3b31bbcdd057fe6a9c,2026-09-10 09:42:39 EDT,2026-09-10,LAR,SFO,LAR@SFO,DraftKings,player_tds_over,Xavier Smith,Over,1.5,16000,2026-09-11 00:35:00+00:00,2026-09-10 20:35:00-04:00,2026-09-10,LAR,1.0
3934,acc580d74344ea3b31bbcdd057fe6a9c,2026-09-10 09:42:39 EDT,2026-09-10,LAR,SFO,LAR@SFO,DraftKings,player_tds_over,Tutu Atwell,Over,1.5,18000,2026-09-11 00:35:00+00:00,2026-09-10 20:35:00-04:00,2026-09-10,LAR,1.0
3935,acc580d74344ea3b31bbcdd057fe6a9c,2026-09-10 09:42:39 EDT,2026-09-10,LAR,SFO,LAR@SFO,DraftKings,player_tds_over,CJ Daniels,Over,1.5,19000,2026-09-11 00:35:00+00:00,2026-09-10 20:35:00-04:00,2026-09-10,LAR,1.0
3936,acc580d74344ea3b31bbcdd057fe6a9c,2026-09-10 09:42:39 EDT,2026-09-10,LAR,SFO,LAR@SFO,DraftKings,player_tds_over,Jordan Watkins,Over,1.5,20000,2026-09-11 00:35:00+00:00,2026-09-10 20:35:00-04:00,2026-09-10,SF,1.0
3937,acc580d74344ea3b31bbcdd057fe6a9c,2026-09-10 09:42:39 EDT,2026-09-10,LAR,SFO,LAR@SFO,DraftKings,player_tds_over,Matthew Stafford,Over,1.5,20000,2026-09-11 00:35:00+00:00,2026-09-10 20:35:00-04:00,2026-09-10,LAR,1.0
3938,acc580d74344ea3b31bbcdd057fe6a9c,2026-09-10 09:42:39 EDT,2026-09-10,LAR,SFO,LAR@SFO,DraftKings,player_tds_over,Max Klare,Over,1.5,20000,2026-09-11 00:35:00+00:00,2026-09-10 20:35:00-04:00,2026-09-10,LAR,1.0
3939,acc580d74344ea3b31bbcdd057fe6a9c,2026-09-10 09:42:39 EDT,2026-09-10,LAR,SFO,LAR@SFO,DraftKings,player_tds_over,Ronnie Rivers,Over,1.5,25000,2026-09-11 00:35:00+00:00,2026-09-10 20:35:00-04:00,2026-09-10,LAR,1.0
3940,acc580d74344ea3b31bbcdd057fe6a9c,2026-09-10 09:42:39 EDT,2026-09-10,LAR,SFO,LAR@SFO,DraftKings,player_tds_over,Christian McCaffrey,Over,2.5,1700,2026-09-11 00:35:00+00:00,2026-09-10 20:35:00-04:00,2026-09-10,SF,1.0
3941,acc580d74344ea3b31bbcdd057fe6a9c,2026-09-10 09:42:39 EDT,2026-09-10,LAR,SFO,LAR@SFO,DraftKings,player_tds_over,Kyren Williams,Over,2.5,2200,2026-09-11 00:35:00+00:00,2026-09-10 20:35:00-04:00,2026-09-10,LAR,1.0
3942,acc580d74344ea3b31bbcdd057fe6a9c,2026-09-10 09:42:39 EDT,2026-09-10,LAR,SFO,LAR@SFO,DraftKings,player_tds_over,Davante Adams,Over,2.5,4000,2026-09-11 00:35:00+00:00,2026-09-10 20:35:00-04:00,2026-09-10,LAR,1.0
3943,acc580d74344ea3b31bbcdd057fe6a9c,2026-09-10 09:42:39 EDT,2026-09-10,LAR,SFO,LAR@SFO,DraftKings,player_tds_over,Puka Nacua,Over,2.5,5500,2026-09-11 00:35:00+00:00,2026-09-10 20:35:00-04:00,2026-09-10,LAR,1.0
3944,acc580d74344ea3b31bbcdd057fe6a9c,2026-09-10 09:42:39 EDT,2026-09-10,LAR,SFO,LAR@SFO,DraftKings,player_tds_over,Blake Corum,Over,2.5,5500,2026-09-11 00:35:00+00:00,2026-09-10 20:35:00-04:00,2026-09-10,LAR,1.0
3945,acc580d74344ea3b31bbcdd057fe6a9c,2026-09-10 09:42:39 EDT,2026-09-10,LAR,SFO,LAR@SFO,DraftKings,player_tds_over,Mike Evans,Over,2.5,8000,2026-09-11 00:35:00+00:00,2026-09-10 20:35:00-04:00,2026-09-10,SF,1.0
3946,acc580d74344ea3b31bbcdd057fe6a9c,2026-09-10 09:42:39 EDT,2026-09-10,LAR,SFO,LAR@SFO,DraftKings,player_tds_over,George Kittle,Over,2.5,14000,2026-09-11 00:35:00+00:00,2026-09-10 20:35:00-04:00,2026-09-10,SF,1.0
3947,acc580d74344ea3b31bbcdd057fe6a9c,2026-09-10 09:42:39 EDT,2026-09-10,LAR,SFO,LAR@SFO,DraftKings,player_tds_over,Deebo Samuel,Over,2.5,16000,2026-09-11 00:35:00+00:00,2026-09-10 20:35:00-04:00,2026-09-10,SF,1.0
3948,acc580d74344ea3b31bbcdd057fe6a9c,2026-09-10 09:42:39 EDT,2026-09-10,LAR,SFO,LAR@SFO,DraftKings,player_tds_over,Tyler Higbee,Over,2.5,17000,2026-09-11 00:35:00+00:00,2026-09-10 20:35:00-04:00,2026-09-10,LAR,1.0
3949,acc580d74344ea3b31bbcdd057fe6a9c,2026-09-10 09:42:39 EDT,2026-09-10,LAR,SFO,LAR@SFO,DraftKings,player_tds_over,Terrance Ferguson,Over,2.5,18000,2026-09-11 00:35:00+00:00,2026-09-10 20:35:00-04:00,2026-09-10,LAR,1.0
3950,acc580d74344ea3b31bbcdd057fe6a9c,2026-09-10 09:42:39 EDT,2026-09-10,LAR,SFO,LAR@SFO,DraftKings,player_tds_over,De'Zhaun Stribling,Over,2.5,18000,2026-09-11 00:35:00+00:00,2026-09-10 20:35:00-04:00,2026-09-10,SF,1.0
3951,acc580d74344ea3b31bbcdd057fe6a9c,2026-09-10 09:42:39 EDT,2026-09-10,LAR,SFO,LAR@SFO,DraftKings,player_tds_over,Colby Parkinson,Over,2.5,20000,2026-09-11 00:35:00+00:00,2026-09-10 20:35:00-04:00,2026-09-10,LAR,1.0
3952,acc580d74344ea3b31bbcdd057fe6a9c,2026-09-10 09:42:39 EDT,2026-09-10,LAR,SFO,LAR@SFO,DraftKings,player_tds_over,Jake Tonges,Over,2.5,25000,2026-09-11 00:35:00+00:00,2026-09-10 20:35:00-04:00,2026-09-10,SF,1.0
3953,acc580d74344ea3b31bbcdd057fe6a9c,2026-09-10 09:42:39 EDT,2026-09-10,LAR,SFO,LAR@SFO,DraftKings,player_tds_over,Brock Purdy,Over,2.5,25000,2026-09-11 00:35:00+00:00,2026-09-10 20:35:00-04:00,2026-09-10,SF,1.0
3954,acc580d74344ea3b31bbcdd057fe6a9c,2026-09-10 09:42:39 EDT,2026-09-10,LAR,SFO,LAR@SFO,DraftKings,player_tds_over,Davis Allen,Over,2.5,25000,2026-09-11 00:35:00+00:00,2026-09-10 20:35:00-04:00,2026-09-10,LAR,1.0
3960,95c01d1bb797d6df14824b106c5a9130,2026-09-10 09:42:39 EDT,2026-09-13,PIT,ATL,PIT@ATL,DraftKings,player_pass_yds,Tua Tagovailoa,Over,206.5,-113,2026-09-13 17:00:00+00:00,2026-09-13 13:00:00-04:00,2026-09-13,ATL,1.0
3971,95c01d1bb797d6df14824b106c5a9130,2026-09-10 09:42:39 EDT,2026-09-13,PIT,ATL,PIT@ATL,DraftKings,player_rush_yds,Brian Robinson,Over,24.5,-111,2026-09-13 17:00:00+00:00,2026-09-13 13:00:00-04:00,2026-09-13,ATL,1.0
3972,95c01d1bb797d6df14824b106c5a9130,2026-09-10 09:42:39 EDT,2026-09-13,PIT,ATL,PIT@ATL,DraftKings,player_rush_yds,Tua Tagovailoa,Over,2.5,-108,2026-09-13 17:00:00+00:00,2026-09-13 13:00:00-04:00,2026-09-13,ATL,1.0
3984,95c01d1bb797d6df14824b106c5a9130,2026-09-10 09:42:39 EDT,2026-09-13,PIT,ATL,PIT@ATL,DraftKings,player_reception_yds,Drake London,Over,63.5,-114,2026-09-13 17:00:00+00:00,2026-09-13 13:00:00-04:00,2026-09-13,ATL,1.0
3986,95c01d1bb797d6df14824b106c5a9130,2026-09-10 09:42:39 EDT,2026-09-13,PIT,ATL,PIT@ATL,DraftKings,player_reception_yds,Kyle Pitts,Over,44.5,-112,2026-09-13 17:00:00+00:00,2026-09-13 13:00:00-04:00,2026-09-13,ATL,1.0
3988,95c01d1bb797d6df14824b106c5a9130,2026-09-10 09:42:39 EDT,2026-09-13,PIT,ATL,PIT@ATL,DraftKings,player_reception_yds,Bijan Robinson,Over,36.5,-109,2026-09-13 17:00:00+00:00,2026-09-13 13:00:00-04:00,2026-09-13,ATL,1.0
3990,95c01d1bb797d6df14824b106c5a9130,2026-09-10 09:42:39 EDT,2026-09-13,PIT,ATL,PIT@ATL,DraftKings,player_reception_yds,Jahan Dotson,Over,18.5,-108,2026-09-13 17:00:00+00:00,2026-09-13 13:00:00-04:00,2026-09-13,ATL,1.0
3991,95c01d1bb797d6df14824b106c5a9130,2026-09-10 09:42:39 EDT,2026-09-13,PIT,ATL,PIT@ATL,DraftKings,player_reception_yds,Darnell Washington,Over,17.5,-112,2026-09-13 17:00:00+00:00,2026-09-13 13:00:00-04:00,2026-09-13,PIT,1.0
3993,95c01d1bb797d6df14824b106c5a9130,2026-09-10 09:42:39 EDT,2026-09-13,PIT,ATL,PIT@ATL,DraftKings,player_reception_yds,Rico Dowdle,Over,9.5,-118,2026-09-13 17:00:00+00:00,2026-09-13 13:00:00-04:00,2026-09-13,PIT,1.0
4033,95c01d1bb797d6df14824b106c5a9130,2026-09-10 09:42:39 EDT,2026-09-13,PIT,ATL,PIT@ATL,DraftKings,player_tds_over,Chris Blair,Over,2.5,25000,2026-09-13 17:00:00+00:00,2026-09-13 13:00:00-04:00,2026-09-13,ATL,1.0
4038,b6cfdcbafa61ce220ba87dc2d9b80c77,2026-09-10 09:42:39 EDT,2026-09-13,IND,BAL,IND@BAL,DraftKings,player_pass_completions,Lamar Jackson,Over,17.5,-110,2026-09-13 17:00:00+00:00,2026-09-13 13:00:00-04:00,2026-09-13,BAL,1.0
4041,b6cfdcbafa61ce220ba87dc2d9b80c77,2026-09-10 09:42:39 EDT,2026-09-13,IND,BAL,IND@BAL,DraftKings,player_pass_yds,Daniel Jones,Over,230.5,-113,2026-09-13 17:00:00+00:00,2026-09-13 13:00:00-04:00,2026-09-13,IND,1.0
4052,b6cfdcbafa61ce220ba87dc2d9b80c77,2026-09-10 09:42:39 EDT,2026-09-13,IND,BAL,IND@BAL,DraftKings,player_rush_yds,Jonathan Taylor,Over,76.5,-112,2026-09-13 17:00:00+00:00,2026-09-13 13:00:00-04:00,2026-09-13,IND,1.0
4055,b6cfdcbafa61ce220ba87dc2d9b80c77,2026-09-10 09:42:39 EDT,2026-09-13,IND,BAL,IND@BAL,DraftKings,player_rush_yds,Justice Hill,Over,9.5,-104,2026-09-13 17:00:00+00:00,2026-09-13 13:00:00-04:00,2026-09-13,BAL,1.0
4067,b6cfdcbafa61ce220ba87dc2d9b80c77,2026-09-10 09:42:39 EDT,2026-09-13,IND,BAL,IND@BAL,DraftKings,player_reception_yds,Alec Pierce,Over,46.5,-110,2026-09-13 17:00:00+00:00,2026-09-13 13:00:00-04:00,2026-09-13,IND,1.0
4069,b6cfdcbafa61ce220ba87dc2d9b80c77,2026-09-10 09:42:39 EDT,2026-09-13,IND,BAL,IND@BAL,DraftKings,player_reception_yds,Mark Andrews,Over,34.5,-112,2026-09-13 17:00:00+00:00,2026-09-13 13:00:00-04:00,2026-09-13,BAL,1.0
4071,b6cfdcbafa61ce220ba87dc2d9b80c77,2026-09-10 09:42:39 EDT,2026-09-13,IND,BAL,IND@BAL,DraftKings,player_reception_yds,Jonathan Taylor,Over,16.5,-116,2026-09-13 17:00:00+00:00,2026-09-13 13:00:00-04:00,2026-09-13,IND,1.0
4072,b6cfdcbafa61ce220ba87dc2d9b80c77,2026-09-10 09:42:39 EDT,2026-09-13,IND,BAL,IND@BAL,DraftKings,player_reception_yds,Justice Hill,Over,11.5,-106,2026-09-13 17:00:00+00:00,2026-09-13 13:00:00-04:00,2026-09-13,BAL,1.0
4073,b6cfdcbafa61ce220ba87dc2d9b80c77,2026-09-10 09:42:39 EDT,2026-09-13,IND,BAL,IND@BAL,DraftKings,player_reception_yds,Derrick Henry,Over,5.5,-121,2026-09-13 17:00:00+00:00,2026-09-13 13:00:00-04:00,2026-09-13,BAL,1.0
4113,b6cfdcbafa61ce220ba87dc2d9b80c77,2026-09-10 09:42:39 EDT,2026-09-13,IND,BAL,IND@BAL,DraftKings,player_tds_over,Rasheen Ali,Over,2.5,25000,2026-09-13 17:00:00+00:00,2026-09-13 13:00:00-04:00,2026-09-13,BAL,1.0
4147,7e09efed7e12c659b82740b67ce2f9a1,2026-09-10 09:42:39 EDT,2026-09-13,HOU,BUF,HOU@BUF,DraftKings,player_reception_yds,Nico Collins,Over,68.5,-110,2026-09-13 17:00:00+00:00,2026-09-13 13:00:00-04:00,2026-09-13,HOU,1.0
4148,7e09efed7e12c659b82740b67ce2f9a1,2026-09-10 09:42:39 EDT,2026-09-13,HOU,BUF,HOU@BUF,DraftKings,player_reception_yds,DJ Moore,Over,49.5,-110,2026-09-13 17:00:00+00:00,2026-09-13 13:00:00-04:00,2026-09-13,BUF,1.0
4150,7e09efed7e12c659b82740b67ce2f9a1,2026-09-10 09:42:39 EDT,2026-09-13,HOU,BUF,HOU@BUF,DraftKings,player_reception_yds,Khalil Shakir,Over,36.5,-109,2026-09-13 17:00:00+00:00,2026-09-13 13:00:00-04:00,2026-09-13,BUF,1.0
4151,7e09efed7e12c659b82740b67ce2f9a1,2026-09-10 09:42:39 EDT,2026-09-13,HOU,BUF,HOU@BUF,DraftKings,player_reception_yds,Dalton Schultz,Over,32.5,-114,2026-09-13 17:00:00+00:00,2026-09-13 13:00:00-04:00,2026-09-13,HOU,1.0
4154,7e09efed7e12c659b82740b67ce2f9a1,2026-09-10 09:42:39 EDT,2026-09-13,HOU,BUF,HOU@BUF,DraftKings,player_reception_yds,James Cook,Over,14.5,-109,2026-09-13 17:00:00+00:00,2026-09-13 13:00:00-04:00,2026-09-13,BUF,1.0
4155,7e09efed7e12c659b82740b67ce2f9a1,2026-09-10 09:42:39 EDT,2026-09-13,HOU,BUF,HOU@BUF,DraftKings,player_reception_yds,Dawson Knox,Over,14.5,-107,2026-09-13 17:00:00+00:00,2026-09-13 13:00:00-04:00,2026-09-13,BUF,1.0
4157,7e09efed7e12c659b82740b67ce2f9a1,2026-09-10 09:42:39 EDT,2026-09-13,HOU,BUF,HOU@BUF,DraftKings,player_reception_yds,David Montgomery,Over,8.5,-115,2026-09-13 17:00:00+00:00,2026-09-13 13:00:00-04:00,2026-09-13,HOU,1.0
4199,fc362aff0d889ec52d358307a70c32ed,2026-09-10 09:42:39 EDT,2026-09-13,CAR,CHI,CAR@CHI,DraftKings,player_pass_completions,Caleb Williams,Over,19.5,-132,2026-09-13 17:00:00+00:00,2026-09-13 13:00:00-04:00,2026-09-13,CHI,1.0
4203,fc362aff0d889ec52d358307a70c32ed,2026-09-10 09:42:39 EDT,2026-09-13,CAR,CHI,CAR@CHI,DraftKings,player_pass_yds,Caleb Williams,Over,227.5,-111,2026-09-13 17:00:00+00:00,2026-09-13 13:00:00-04:00,2026-09-13,CHI,1.0
4204,fc362aff0d889ec52d358307a70c32ed,2026-09-10 09:42:39 EDT,2026-09-13,CAR,CHI,CAR@CHI,DraftKings,player_pass_yds,Bryce Young,Over,206.5,-111,2026-09-13 17:00:00+00:00,2026-09-13 13:00:00-04:00,2026-09-13,CAR,1.0
4211,fc362aff0d889ec52d358307a70c32ed,2026-09-10 09:42:39 EDT,2026-09-13,CAR,CHI,CAR@CHI,DraftKings,player_rush_yds,Caleb Williams,Over,19.5,-109,2026-09-13 17:00:00+00:00,2026-09-13 13:00:00-04:00,2026-09-13,CHI,1.0
4222,fc362aff0d889ec52d358307a70c32ed,2026-09-10 09:42:39 EDT,2026-09-13,CAR,CHI,CAR@CHI,DraftKings,player_reception_yds,Tetairoa McMillan,Over,59.5,-110,2026-09-13 17:00:00+00:00,2026-09-13 13:00:00-04:00,2026-09-13,CAR,1.0
4224,fc362aff0d889ec52d358307a70c32ed,2026-09-10 09:42:39 EDT,2026-09-13,CAR,CHI,CAR@CHI,DraftKings,player_reception_yds,Colston Loveland,Over,53.5,-110,2026-09-13 17:00:00+00:00,2026-09-13 13:00:00-04:00,2026-09-13,CHI,1.0
4225,fc362aff0d889ec52d358307a70c32ed,2026-09-10 09:42:39 EDT,2026-09-13,CAR,CHI,CAR@CHI,DraftKings,player_reception_yds,Rome Odunze,Over,44.5,-110,2026-09-13 17:00:00+00:00,2026-09-13 13:00:00-04:00,2026-09-13,CHI,1.0
4226,fc362aff0d889ec52d358307a70c32ed,2026-09-10 09:42:39 EDT,2026-09-13,CAR,CHI,CAR@CHI,DraftKings,player_reception_yds,Jalen Coker,Over,40.5,-111,2026-09-13 17:00:00+00:00,2026-09-13 13:00:00-04:00,2026-09-13,CAR,1.0
4283,ed6d24ff979f9c71979fead577b0b3f7,2026-09-10 09:42:39 EDT,2026-09-13,CIN,TAM,CIN@TAM,DraftKings,player_pass_yds,Joe Burrow,Over,266.5,-112,2026-09-13 17:00:00+00:00,2026-09-13 13:00:00-04:00,2026-09-13,CIN,1.0
4292,ed6d24ff979f9c71979fead577b0b3f7,2026-09-10 09:42:39 EDT,2026-09-13,CIN,TAM,CIN@TAM,DraftKings,player_rush_yds,Chase Brown,Over,59.5,-111,2026-09-13 17:00:00+00:00,2026-09-13 13:00:00-04:00,2026-09-13,CIN,1.0
4293,ed6d24ff979f9c71979fead577b0b3f7,2026-09-10 09:42:39 EDT,2026-09-13,CIN,TAM,CIN@TAM,DraftKings,player_rush_yds,Bucky Irving,Over,56.5,-115,2026-09-13 17:00:00+00:00,2026-09-13 13:00:00-04:00,2026-09-13,TB,1.0
4294,ed6d24ff979f9c71979fead577b0b3f7,2026-09-10 09:42:39 EDT,2026-09-13,CIN,TAM,CIN@TAM,DraftKings,player_rush_yds,Kenny Gainwell,Over,22.5,-115,2026-09-13 17:00:00+00:00,2026-09-13 13:00:00-04:00,2026-09-13,TB,1.0
4295,ed6d24ff979f9c71979fead577b0b3f7,2026-09-10 09:42:39 EDT,2026-09-13,CIN,TAM,CIN@TAM,DraftKings,player_rush_yds,Samaje Perine,Over,20.5,-109,2026-09-13 17:00:00+00:00,2026-09-13 13:00:00-04:00,2026-09-13,CIN,1.0
4296,ed6d24ff979f9c71979fead577b0b3f7,2026-09-10 09:42:39 EDT,2026-09-13,CIN,TAM,CIN@TAM,DraftKings,player_rush_yds,Baker Mayfield,Over,15.5,-106,2026-09-13 17:00:00+00:00,2026-09-13 13:00:00-04:00,2026-09-13,TB,1.0
4297,ed6d24ff979f9c71979fead577b0b3f7,2026-09-10 09:42:39 EDT,2026-09-13,CIN,TAM,CIN@TAM,DraftKings,player_rush_yds,Joe Burrow,Over,6.5,-120,2026-09-13 17:00:00+00:00,2026-09-13 13:00:00-04:00,2026-09-13,CIN,1.0
4307,ed6d24ff979f9c71979fead577b0b3f7,2026-09-10 09:42:39 EDT,2026-09-13,CIN,TAM,CIN@TAM,DraftKings,player_receptions,Bucky Irving,Over,1.5,-191,2026-09-13 17:00:00+00:00,2026-09-13 13:00:00-04:00,2026-09-13,TB,1.0
4311,ed6d24ff979f9c71979fead577b0b3f7,2026-09-10 09:42:39 EDT,2026-09-13,CIN,TAM,CIN@TAM,DraftKings,player_reception_yds,Emeka Egbuka,Over,53.5,-114,2026-09-13 17:00:00+00:00,2026-09-13 13:00:00-04:00,2026-09-13,TB,1.0
4318,ed6d24ff979f9c71979fead577b0b3f7,2026-09-10 09:42:39 EDT,2026-09-13,CIN,TAM,CIN@TAM,DraftKings,player_reception_yds,Bucky Irving,Over,14.5,-107,2026-09-13 17:00:00+00:00,2026-09-13 13:00:00-04:00,2026-09-13,TB,1.0
4362,ed6d24ff979f9c71979fead577b0b3f7,2026-09-10 09:42:39 EDT,2026-09-13,CIN,TAM,CIN@TAM,DraftKings,player_tds_over,Tahj Brooks,Over,2.5,25000,2026-09-13 17:00:00+00:00,2026-09-13 13:00:00-04:00,2026-09-13,CIN,1.0
4371,e55c6fe19fce094ce214c8b0e5b504e9,2026-09-10 09:42:39 EDT,2026-09-13,JAX,CLE,JAX@CLE,DraftKings,player_pass_yds,Trevor Lawrence,Over,235.5,-112,2026-09-13 17:00:00+00:00,2026-09-13 13:00:00-04:00,2026-09-13,JAX,1.0
4379,e55c6fe19fce094ce214c8b0e5b504e9,2026-09-10 09:42:39 EDT,2026-09-13,JAX,CLE,JAX@CLE,DraftKings,player_rush_attempts,Chris Rodriguez,Over,8.5,-111,2026-09-13 17:00:00+00:00,2026-09-13 13:00:00-04:00,2026-09-13,JAX,1.0
4382,e55c6fe19fce094ce214c8b0e5b504e9,2026-09-10 09:42:39 EDT,2026-09-13,JAX,CLE,JAX@CLE,DraftKings,player_rush_yds,Bhayshul Tuten,Over,49.5,-114,2026-09-13 17:00:00+00:00,2026-09-13 13:00:00-04:00,2026-09-13,JAX,1.0
4383,e55c6fe19fce094ce214c8b0e5b504e9,2026-09-10 09:42:39 EDT,2026-09-13,JAX,CLE,JAX@CLE,DraftKings,player_rush_yds,Chris Rodriguez,Over,35.5,-109,2026-09-13 17:00:00+00:00,2026-09-13 13:00:00-04:00,2026-09-13,JAX,1.0
4387,e55c6fe19fce094ce214c8b0e5b504e9,2026-09-10 09:42:39 EDT,2026-09-13,JAX,CLE,JAX@CLE,DraftKings,player_receptions,Harold Fannin,Over,3.5,-164,2026-09-13 17:00:00+00:00,2026-09-13 13:00:00-04:00,2026-09-13,CLE,1.0
4398,e55c6fe19fce094ce214c8b0e5b504e9,2026-09-10 09:42:39 EDT,2026-09-13,JAX,CLE,JAX@CLE,DraftKings,player_reception_yds,Jakobi Meyers,Over,36.5,-114,2026-09-13 17:00:00+00:00,2026-09-13 13:00:00-04:00,2026-09-13,JAX,1.0
4399,e55c6fe19fce094ce214c8b0e5b504e9,2026-09-10 09:42:39 EDT,2026-09-13,JAX,CLE,JAX@CLE,DraftKings,player_reception_yds,Brenton Strange,Over,35.5,-110,2026-09-13 17:00:00+00:00,2026-09-13 13:00:00-04:00,2026-09-13,JAX,1.0
4401,e55c6fe19fce094ce214c8b0e5b504e9,2026-09-10 09:42:39 EDT,2026-09-13,JAX,CLE,JAX@CLE,DraftKings,player_reception_yds,Harold Fannin,Over,33.5,-112,2026-09-13 17:00:00+00:00,2026-09-13 13:00:00-04:00,2026-09-13,CLE,1.0
4402,e55c6fe19fce094ce214c8b0e5b504e9,2026-09-10 09:42:39 EDT,2026-09-13,JAX,CLE,JAX@CLE,DraftKings,player_reception_yds,Jerry Jeudy,Over,30.5,-109,2026-09-13 17:00:00+00:00,2026-09-13 13:00:00-04:00,2026-09-13,CLE,1.0
4403,e55c6fe19fce094ce214c8b0e5b504e9,2026-09-10 09:42:39 EDT,2026-09-13,JAX,CLE,JAX@CLE,DraftKings,player_reception_yds,Denzel Boston,Over,23.5,-114,2026-09-13 17:00:00+00:00,2026-09-13 13:00:00-04:00,2026-09-13,CLE,1.0
4447,e55c6fe19fce094ce214c8b0e5b504e9,2026-09-10 09:42:39 EDT,2026-09-13,JAX,CLE,JAX@CLE,DraftKings,player_tds_over,Nate Boerkircher,Over,2.5,25000,2026-09-13 17:00:00+00:00,2026-09-13 13:00:00-04:00,2026-09-13,JAX,1.0
4461,c1d3fcec25aaeb06ebd2244d33d338e0,2026-09-10 09:42:39 EDT,2026-09-13,DET,NOR,DET@NOR,DraftKings,player_rush_attempts,Travis Etienne,Over,15.5,-106,2026-09-13 17:00:00+00:00,2026-09-13 13:00:00-04:00,2026-09-13,NO,1.0
4477,c1d3fcec25aaeb06ebd2244d33d338e0,2026-09-10 09:42:39 EDT,2026-09-13,DET,NOR,DET@NOR,DraftKings,player_reception_yds,Jameson Williams,Over,59.5,-111,2026-09-13 17:00:00+00:00,2026-09-13 13:00:00-04:00,2026-09-13,DET,1.0
4479,c1d3fcec25aaeb06ebd2244d33d338e0,2026-09-10 09:42:39 EDT,2026-09-13,DET,NOR,DET@NOR,DraftKings,player_reception_yds,Sam LaPorta,Over,40.5,-115,2026-09-13 17:00:00+00:00,2026-09-13 13:00:00-04:00,2026-09-13,DET,1.0
4483,c1d3fcec25aaeb06ebd2244d33d338e0,2026-09-10 09:42:39 EDT,2026-09-13,DET,NOR,DET@NOR,DraftKings,player_reception_yds,Travis Etienne,Over,17.5,-107,2026-09-13 17:00:00+00:00,2026-09-13 13:00:00-04:00,2026-09-13,NO,1.0
4541,7dddb296a42e7a41a774b24bd1709ce1,2026-09-10 09:42:39 EDT,2026-09-13,TEN,NYJ,TEN@NYJ,DraftKings,player_rush_yds,Tyjae Spears,Over,21.5,-115,2026-09-13 17:00:00+00:00,2026-09-13 13:00:00-04:00,2026-09-13,TEN,1.0
4542,7dddb296a42e7a41a774b24bd1709ce1,2026-09-10 09:42:39 EDT,2026-09-13,TEN,NYJ,TEN@NYJ,DraftKings,player_rush_yds,Braelon Allen,Over,18.5,-115,2026-09-13 17:00:00+00:00,2026-09-13 13:00:00-04:00,2026-09-13,NYJ,1.0
4555,7dddb296a42e7a41a774b24bd1709ce1,2026-09-10 09:42:39 EDT,2026-09-13,TEN,NYJ,TEN@NYJ,DraftKings,player_reception_yds,Garrett Wilson,Over,59.5,-114,2026-09-13 17:00:00+00:00,2026-09-13 13:00:00-04:00,2026-09-13,NYJ,1.0
4562,7dddb296a42e7a41a774b24bd1709ce1,2026-09-10 09:42:39 EDT,2026-09-13,TEN,NYJ,TEN@NYJ,DraftKings,player_reception_yds,Breece Hall,Over,17.5,-114,2026-09-13 17:00:00+00:00,2026-09-13 13:00:00-04:00,2026-09-13,NYJ,1.0
4638,1edfa5ceaa1ad2cb57df1c1b908731f6,2026-09-10 09:42:39 EDT,2026-09-13,LAC,ARI,LAC@ARI,DraftKings,player_reception_yds,Trey McBride,Over,55.5,-113,2026-09-13 20:25:00+00:00,2026-09-13 16:25:00-04:00,2026-09-13,ARZ,1.0
4639,1edfa5ceaa1ad2cb57df1c1b908731f6,2026-09-10 09:42:39 EDT,2026-09-13,LAC,ARI,LAC@ARI,DraftKings,player_reception_yds,Ladd McConkey,Over,54.5,-111,2026-09-13 20:25:00+00:00,2026-09-13 16:25:00-04:00,2026-09-13,LAC,1.0
4687,1edfa5ceaa1ad2cb57df1c1b908731f6,2026-09-10 09:42:39 EDT,2026-09-13,LAC,ARI,LAC@ARI,DraftKings,player_tds_over,Hunter Long,Over,2.5,25000,2026-09-13 20:25:00+00:00,2026-09-13 16:25:00-04:00,2026-09-13,ARZ,1.0
4692,1edfa5ceaa1ad2cb57df1c1b908731f6,2026-09-10 09:42:39 EDT,2026-09-13,LAC,ARI,LAC@ARI,DraftKings,player_tds_over,Devin Duvernay,Over,2.5,25000,2026-09-13 20:25:00+00:00,2026-09-13 16:25:00-04:00,2026-09-13,ARZ,1.0
4705,cb77efed7e711d25a72c1a2a0a1af119,2026-09-10 09:42:39 EDT,2026-09-13,MIN,GNB,MIN@GNB,DraftKings,player_rush_attempts,MarShawn Lloyd,Over,12.5,104,2026-09-13 20:25:00+00:00,2026-09-13 16:25:00-04:00,2026-09-13,GB,1.0
4706,cb77efed7e711d25a72c1a2a0a1af119,2026-09-10 09:42:39 EDT,2026-09-13,MIN,GNB,MIN@GNB,DraftKings,player_rush_attempts,Jordan Mason,Over,10.5,-138,2026-09-13 20:25:00+00:00,2026-09-13 16:25:00-04:00,2026-09-13,MIN,1.0
4713,cb77efed7e711d25a72c1a2a0a1af119,2026-09-10 09:42:39 EDT,2026-09-13,MIN,GNB,MIN@GNB,DraftKings,player_rush_yds,Kyler Murray,Over,22.5,-111,2026-09-13 20:25:00+00:00,2026-09-13 16:25:00-04:00,2026-09-13,MIN,1.0
4717,cb77efed7e711d25a72c1a2a0a1af119,2026-09-10 09:42:39 EDT,2026-09-13,MIN,GNB,MIN@GNB,DraftKings,player_receptions,Christian Watson,Over,4.5,130,2026-09-13 20:25:00+00:00,2026-09-13 16:25:00-04:00,2026-09-13,GB,1.0
4725,cb77efed7e711d25a72c1a2a0a1af119,2026-09-10 09:42:39 EDT,2026-09-13,MIN,GNB,MIN@GNB,DraftKings,player_reception_yds,Justin Jefferson,Over,74.5,-114,2026-09-13 20:25:00+00:00,2026-09-13 16:25:00-04:00,2026-09-13,MIN,1.0
4728,cb77efed7e711d25a72c1a2a0a1af119,2026-09-10 09:42:39 EDT,2026-09-13,MIN,GNB,MIN@GNB,DraftKings,player_reception_yds,Jordan Addison,Over,44.5,-110,2026-09-13 20:25:00+00:00,2026-09-13 16:25:00-04:00,2026-09-13,MIN,1.0
4731,cb77efed7e711d25a72c1a2a0a1af119,2026-09-10 09:42:39 EDT,2026-09-13,MIN,GNB,MIN@GNB,DraftKings,player_reception_yds,TJ Hockenson,Over,27.5,-111,2026-09-13 20:25:00+00:00,2026-09-13 16:25:00-04:00,2026-09-13,MIN,1.0
4785,c5d95f48a16849ab6bebc68fbbfcb74a,2026-09-10 09:42:39 EDT,2026-09-13,LVR,MIA,LVR@MIA,DraftKings,player_pass_yds,Kirk Cousins,Over,209.5,-111,2026-09-13 20:25:00+00:00,2026-09-13 16:25:00-04:00,2026-09-13,LV,1.0
4786,c5d95f48a16849ab6bebc68fbbfcb74a,2026-09-10 09:42:39 EDT,2026-09-13,LVR,MIA,LVR@MIA,DraftKings,player_pass_yds,Malik Willis,Over,183.5,-113,2026-09-13 20:25:00+00:00,2026-09-13 16:25:00-04:00,2026-09-13,MIA,1.0
4794,c5d95f48a16849ab6bebc68fbbfcb74a,2026-09-10 09:42:39 EDT,2026-09-13,LVR,MIA,LVR@MIA,DraftKings,player_rush_yds,De'Von Achane,Over,70.5,-110,2026-09-13 20:25:00+00:00,2026-09-13 16:25:00-04:00,2026-09-13,MIA,1.0
4807,c5d95f48a16849ab6bebc68fbbfcb74a,2026-09-10 09:42:39 EDT,2026-09-13,LVR,MIA,LVR@MIA,DraftKings,player_reception_yds,Tre Tucker,Over,48.5,-112,2026-09-13 20:25:00+00:00,2026-09-13 16:25:00-04:00,2026-09-13,LV,1.0
4810,c5d95f48a16849ab6bebc68fbbfcb74a,2026-09-10 09:42:39 EDT,2026-09-13,LVR,MIA,LVR@MIA,DraftKings,player_reception_yds,Caleb Douglas,Over,28.5,-113,2026-09-13 20:25:00+00:00,2026-09-13 16:25:00-04:00,2026-09-13,MIA,1.0
4811,c5d95f48a16849ab6bebc68fbbfcb74a,2026-09-10 09:42:39 EDT,2026-09-13,LVR,MIA,LVR@MIA,DraftKings,player_reception_yds,De'Von Achane,Over,28.5,-112,2026-09-13 20:25:00+00:00,2026-09-13 16:25:00-04:00,2026-09-13,MIA,1.0
4812,c5d95f48a16849ab6bebc68fbbfcb74a,2026-09-10 09:42:39 EDT,2026-09-13,LVR,MIA,LVR@MIA,DraftKings,player_reception_yds,Malik Washington,Over,27.5,-113,2026-09-13 20:25:00+00:00,2026-09-13 16:25:00-04:00,2026-09-13,MIA,1.0
4854,c5d95f48a16849ab6bebc68fbbfcb74a,2026-09-10 09:42:39 EDT,2026-09-13,LVR,MIA,LVR@MIA,DraftKings,player_tds_over,Justin Joly,Over,2.5,25000,2026-09-13 20:25:00+00:00,2026-09-13 16:25:00-04:00,2026-09-13,MIA,1.0
4862,17885cb8dcade8f6c3bce14b2de805e8,2026-09-10 09:42:39 EDT,2026-09-13,PHI,WAS,PHI@WAS,DraftKings,player_pass_yds,Jalen Hurts,Over,209.5,-113,2026-09-13 20:25:00+00:00,2026-09-13 16:25:00-04:00,2026-09-13,PHI,1.0
4863,17885cb8dcade8f6c3bce14b2de805e8,2026-09-10 09:42:39 EDT,2026-09-13,PHI,WAS,PHI@WAS,DraftKings,player_pass_yds,Jayden Daniels,Over,200.5,-113,2026-09-13 20:25:00+00:00,2026-09-13 16:25:00-04:00,2026-09-13,WAS,1.0
4876,17885cb8dcade8f6c3bce14b2de805e8,2026-09-10 09:42:39 EDT,2026-09-13,PHI,WAS,PHI@WAS,DraftKings,player_rush_yds,Jalen Hurts,Over,28.5,-108,2026-09-13 20:25:00+00:00,2026-09-13 16:25:00-04:00,2026-09-13,PHI,1.0
4877,17885cb8dcade8f6c3bce14b2de805e8,2026-09-10 09:42:39 EDT,2026-09-13,PHI,WAS,PHI@WAS,DraftKings,player_rush_yds,Rachaad White,Over,24.5,-109,2026-09-13 20:25:00+00:00,2026-09-13 16:25:00-04:00,2026-09-13,WAS,1.0
4887,17885cb8dcade8f6c3bce14b2de805e8,2026-09-10 09:42:39 EDT,2026-09-13,PHI,WAS,PHI@WAS,DraftKings,player_reception_yds,DeVonta Smith,Over,66.5,-111,2026-09-13 20:25:00+00:00,2026-09-13 16:25:00-04:00,2026-09-13,CAR,1.0
4944,3e646c7479c57f5d9752d8c7dfe7059b,2026-09-10 09:42:39 EDT,2026-09-13,NYG,DAL,NYG@DAL,DraftKings,player_pass_yds,Dak Prescott,Over,262.5,-110,2026-09-14 00:20:00+00:00,2026-09-13 20:20:00-04:00,2026-09-13,DAL,1.0
4945,3e646c7479c57f5d9752d8c7dfe7059b,2026-09-10 09:42:39 EDT,2026-09-13,NYG,DAL,NYG@DAL,DraftKings,player_pass_yds,Jaxson Dart,Over,214.5,-111,2026-09-14 00:20:00+00:00,2026-09-13 20:20:00-04:00,2026-09-13,NYG,1.0
4956,3e646c7479c57f5d9752d8c7dfe7059b,2026-09-10 09:42:39 EDT,2026-09-13,NYG,DAL,NYG@DAL,DraftKings,player_rush_yds,Malik Davis,Over,12.5,-116,2026-09-14 00:20:00+00:00,2026-09-13 20:20:00-04:00,2026-09-13,DAL,1.0
4969,3e646c7479c57f5d9752d8c7dfe7059b,2026-09-10 09:42:39 EDT,2026-09-13,NYG,DAL,NYG@DAL,DraftKings,player_reception_yds,Malik Nabers,Over,58.5,-110,2026-09-14 00:20:00+00:00,2026-09-13 20:20:00-04:00,2026-09-13,NYG,1.0
4970,3e646c7479c57f5d9752d8c7dfe7059b,2026-09-10 09:42:39 EDT,2026-09-13,NYG,DAL,NYG@DAL,DraftKings,player_reception_yds,Isaiah Likely,Over,36.5,-109,2026-09-14 00:20:00+00:00,2026-09-13 20:20:00-04:00,2026-09-13,NYG,1.0
4974,3e646c7479c57f5d9752d8c7dfe7059b,2026-09-10 09:42:39 EDT,2026-09-13,NYG,DAL,NYG@DAL,DraftKings,player_reception_yds,Odell Beckham Jr.,Over,11.5,-112,2026-09-14 00:20:00+00:00,2026-09-13 20:20:00-04:00,2026-09-13,NYG,1.0
5027,5ad8135dc2b5f27de0b777acd317855a,2026-09-10 09:42:39 EDT,2026-09-14,KAN,DEN,KAN@DEN,DraftKings,player_pass_yds,Patrick Mahomes,Over,233.5,-111,2026-09-15 00:15:00+00:00,2026-09-14 20:15:00-04:00,2026-09-14,KC,1.0
5028,5ad8135dc2b5f27de0b777acd317855a,2026-09-10 09:42:39 EDT,2026-09-14,KAN,DEN,KAN@DEN,DraftKings,player_pass_yds,Bo Nix,Over,231.5,-111,2026-09-15 00:15:00+00:00,2026-09-14 20:15:00-04:00,2026-09-14,DEN,1.0
5038,5ad8135dc2b5f27de0b777acd317855a,2026-09-10 09:42:39 EDT,2026-09-14,KAN,DEN,KAN@DEN,DraftKings,player_rush_yds,JK Dobbins,Over,50.5,-115,2026-09-15 00:15:00+00:00,2026-09-14 20:15:00-04:00,2026-09-14,DEN,1.0
5047,5ad8135dc2b5f27de0b777acd317855a,2026-09-10 09:42:39 EDT,2026-09-14,KAN,DEN,KAN@DEN,DraftKings,player_receptions,Kenneth Walker,Over,2.5,-145,2026-09-15 00:15:00+00:00,2026-09-14 20:15:00-04:00,2026-09-14,KC,1.0
5055,5ad8135dc2b5f27de0b777acd317855a,2026-09-10 09:42:39 EDT,2026-09-14,KAN,DEN,KAN@DEN,DraftKings,player_reception_yds,Jaylen Waddle,Over,55.5,-114,2026-09-15 00:15:00+00:00,2026-09-14 20:15:00-04:00,2026-09-14,DEN,1.0
5057,5ad8135dc2b5f27de0b777acd317855a,2026-09-10 09:42:39 EDT,2026-09-14,KAN,DEN,KAN@DEN,DraftKings,player_reception_yds,Travis Kelce,Over,42.5,-110,2026-09-15 00:15:00+00:00,2026-09-14 20:15:00-04:00,2026-09-14,KC,1.0
5060,5ad8135dc2b5f27de0b777acd317855a,2026-09-10 09:42:39 EDT,2026-09-14,KAN,DEN,KAN@DEN,DraftKings,player_reception_yds,Evan Engram,Over,23.5,-108,2026-09-15 00:15:00+00:00,2026-09-14 20:15:00-04:00,2026-09-14,DEN,1.0
5110,5ad8135dc2b5f27de0b777acd317855a,2026-09-10 09:42:39 EDT,2026-09-14,KAN,DEN,KAN@DEN,DraftKings,player_tds_over,Lil'Jordan Humphrey,Over,2.5,25000,2026-09-15 00:15:00+00:00,2026-09-14 20:15:00-04:00,2026-09-14,DEN,1.0
5116,5ad8135dc2b5f27de0b777acd317855a,2026-09-10 09:42:39 EDT,2026-09-14,KAN,DEN,KAN@DEN,DraftKings,player_tds_over,Jared Wiley,Over,2.5,25000,2026-09-15 00:15:00+00:00,2026-09-14 20:15:00-04:00,2026-09-14,KC,1.0
5118,95c01d1bb797d6df14824b106c5a9130,2026-09-11 09:23:19 EDT,2026-09-13,PIT,ATL,PIT@ATL,DraftKings,player_pass_completions,Tua Tagovailoa,Over,19.5,-134,2026-09-13 17:00:00+00:00,2026-09-13 13:00:00-04:00,2026-09-13,ATL,1.0
5119,95c01d1bb797d6df14824b106c5a9130,2026-09-11 09:23:19 EDT,2026-09-13,PIT,ATL,PIT@ATL,DraftKings,player_pass_attempts,Tua Tagovailoa,Over,32.5,-104,2026-09-13 17:00:00+00:00,2026-09-13 13:00:00-04:00,2026-09-13,ATL,1.0
5122,95c01d1bb797d6df14824b106c5a9130,2026-09-11 09:23:19 EDT,2026-09-13,PIT,ATL,PIT@ATL,DraftKings,player_pass_yds,Tua Tagovailoa,Over,197.5,-111,2026-09-13 17:00:00+00:00,2026-09-13 13:00:00-04:00,2026-09-13,ATL,1.0
5124,95c01d1bb797d6df14824b106c5a9130,2026-09-11 09:23:19 EDT,2026-09-13,PIT,ATL,PIT@ATL,DraftKings,player_pass_interceptions,Tua Tagovailoa,Over,0.5,-173,2026-09-13 17:00:00+00:00,2026-09-13 13:00:00-04:00,2026-09-13,ATL,1.0
5126,95c01d1bb797d6df14824b106c5a9130,2026-09-11 09:23:19 EDT,2026-09-13,PIT,ATL,PIT@ATL,DraftKings,player_pass_tds,Tua Tagovailoa,Over,0.5,-224,2026-09-13 17:00:00+00:00,2026-09-13 13:00:00-04:00,2026-09-13,ATL,1.0
5127,95c01d1bb797d6df14824b106c5a9130,2026-09-11 09:23:19 EDT,2026-09-13,PIT,ATL,PIT@ATL,DraftKings,player_rush_attempts,Bijan Robinson,Over,17.5,-104,2026-09-13 17:00:00+00:00,2026-09-13 13:00:00-04:00,2026-09-13,ATL,1.0
5130,95c01d1bb797d6df14824b106c5a9130,2026-09-11 09:23:19 EDT,2026-09-13,PIT,ATL,PIT@ATL,DraftKings,player_rush_yds,Bijan Robinson,Over,76.5,-111,2026-09-13 17:00:00+00:00,2026-09-13 13:00:00-04:00,2026-09-13,ATL,1.0
5132,95c01d1bb797d6df14824b106c5a9130,2026-09-11 09:23:19 EDT,2026-09-13,PIT,ATL,PIT@ATL,DraftKings,player_rush_yds,Rico Dowdle,Over,42.5,-115,2026-09-13 17:00:00+00:00,2026-09-13 13:00:00-04:00,2026-09-13,PIT,1.0
5133,95c01d1bb797d6df14824b106c5a9130,2026-09-11 09:23:19 EDT,2026-09-13,PIT,ATL,PIT@ATL,DraftKings,player_rush_yds,Brian Robinson,Over,21.5,-118,2026-09-13 17:00:00+00:00,2026-09-13 13:00:00-04:00,2026-09-13,ATL,1.0
5134,95c01d1bb797d6df14824b106c5a9130,2026-09-11 09:23:19 EDT,2026-09-13,PIT,ATL,PIT@ATL,DraftKings,player_rush_yds,Tua Tagovailoa,Over,1.5,-116,2026-09-13 17:00:00+00:00,2026-09-13 13:00:00-04:00,2026-09-13,ATL,1.0
5146,95c01d1bb797d6df14824b106c5a9130,2026-09-11 09:23:19 EDT,2026-09-13,PIT,ATL,PIT@ATL,DraftKings,player_reception_yds,Drake London,Over,61.5,-113,2026-09-13 17:00:00+00:00,2026-09-13 13:00:00-04:00,2026-09-13,ATL,1.0
5147,95c01d1bb797d6df14824b106c5a9130,2026-09-11 09:23:19 EDT,2026-09-13,PIT,ATL,PIT@ATL,DraftKings,player_reception_yds,DK Metcalf,Over,50.5,-112,2026-09-13 17:00:00+00:00,2026-09-13 13:00:00-04:00,2026-09-13,PIT,1.0
5148,95c01d1bb797d6df14824b106c5a9130,2026-09-11 09:23:19 EDT,2026-09-13,PIT,ATL,PIT@ATL,DraftKings,player_reception_yds,Kyle Pitts,Over,41.5,-113,2026-09-13 17:00:00+00:00,2026-09-13 13:00:00-04:00,2026-09-13,ATL,1.0
5150,95c01d1bb797d6df14824b106c5a9130,2026-09-11 09:23:19 EDT,2026-09-13,PIT,ATL,PIT@ATL,DraftKings,player_reception_yds,Bijan Robinson,Over,34.5,-113,2026-09-13 17:00:00+00:00,2026-09-13 13:00:00-04:00,2026-09-13,ATL,1.0
5152,95c01d1bb797d6df14824b106c5a9130,2026-09-11 09:23:19 EDT,2026-09-13,PIT,ATL,PIT@ATL,DraftKings,player_reception_yds,Jahan Dotson,Over,17.5,-113,2026-09-13 17:00:00+00:00,2026-09-13 13:00:00-04:00,2026-09-13,ATL,1.0
5153,95c01d1bb797d6df14824b106c5a9130,2026-09-11 09:23:19 EDT,2026-09-13,PIT,ATL,PIT@ATL,DraftKings,player_reception_yds,Jaylen Warren,Over,16.5,-116,2026-09-13 17:00:00+00:00,2026-09-13 13:00:00-04:00,2026-09-13,PIT,1.0
5154,95c01d1bb797d6df14824b106c5a9130,2026-09-11 09:23:19 EDT,2026-09-13,PIT,ATL,PIT@ATL,DraftKings,player_reception_yds,Darnell Washington,Over,16.5,-109,2026-09-13 17:00:00+00:00,2026-09-13 13:00:00-04:00,2026-09-13,PIT,1.0
5179,95c01d1bb797d6df14824b106c5a9130,2026-09-11 09:23:19 EDT,2026-09-13,PIT,ATL,PIT@ATL,DraftKings,player_tds_over,Tua Tagovailoa,Over,1.5,20000,2026-09-13 17:00:00+00:00,2026-09-13 13:00:00-04:00,2026-09-13,ATL,1.0
5196,95c01d1bb797d6df14824b106c5a9130,2026-09-11 09:23:19 EDT,2026-09-13,PIT,ATL,PIT@ATL,DraftKings,player_tds_over,Eli Heidenreich,Over,2.5,25000,2026-09-13 17:00:00+00:00,2026-09-13 13:00:00-04:00,2026-09-13,PIT,1.0
5202,b6cfdcbafa61ce220ba87dc2d9b80c77,2026-09-11 09:23:19 EDT,2026-09-13,IND,BAL,IND@BAL,DraftKings,player_pass_attempts,Lamar Jackson,Over,26.5,-125,2026-09-13 17:00:00+00:00,2026-09-13 13:00:00-04:00,2026-09-13,BAL,1.0
5215,b6cfdcbafa61ce220ba87dc2d9b80c77,2026-09-11 09:23:19 EDT,2026-09-13,IND,BAL,IND@BAL,DraftKings,player_rush_yds,Lamar Jackson,Over,36.5,-113,2026-09-13 17:00:00+00:00,2026-09-13 13:00:00-04:00,2026-09-13,BAL,1.0
5285,7e09efed7e12c659b82740b67ce2f9a1,2026-09-11 09:23:19 EDT,2026-09-13,HOU,BUF,HOU@BUF,DraftKings,player_pass_yds,C.J. Stroud,Over,219.5,-111,2026-09-13 17:00:00+00:00,2026-09-13 13:00:00-04:00,2026-09-13,HOU,1.0
5294,7e09efed7e12c659b82740b67ce2f9a1,2026-09-11 09:23:19 EDT,2026-09-13,HOU,BUF,HOU@BUF,DraftKings,player_rush_yds,James Cook,Over,74.5,-114,2026-09-13 17:00:00+00:00,2026-09-13 13:00:00-04:00,2026-09-13,BUF,1.0
5312,7e09efed7e12c659b82740b67ce2f9a1,2026-09-11 09:23:19 EDT,2026-09-13,HOU,BUF,HOU@BUF,DraftKings,player_reception_yds,DJ Moore,Over,46.5,-115,2026-09-13 17:00:00+00:00,2026-09-13 13:00:00-04:00,2026-09-13,BUF,1.0
5316,7e09efed7e12c659b82740b67ce2f9a1,2026-09-11 09:23:19 EDT,2026-09-13,HOU,BUF,HOU@BUF,DraftKings,player_reception_yds,Kayshon Boutte,Over,25.5,-115,2026-09-13 17:00:00+00:00,2026-09-13 13:00:00-04:00,2026-09-13,HOU,1.0
5380,fc362aff0d889ec52d358307a70c32ed,2026-09-11 09:23:19 EDT,2026-09-13,CAR,CHI,CAR@CHI,DraftKings,player_rush_yds,D'Andre Swift,Over,63.5,-113,2026-09-13 17:00:00+00:00,2026-09-13 13:00:00-04:00,2026-09-13,CHI,1.0
5396,fc362aff0d889ec52d358307a70c32ed,2026-09-11 09:23:19 EDT,2026-09-13,CAR,CHI,CAR@CHI,DraftKings,player_reception_yds,Luther Burden,Over,55.5,-112,2026-09-13 17:00:00+00:00,2026-09-13 13:00:00-04:00,2026-09-13,CHI,1.0
5397,fc362aff0d889ec52d358307a70c32ed,2026-09-11 09:23:19 EDT,2026-09-13,CAR,CHI,CAR@CHI,DraftKings,player_reception_yds,Colston Loveland,Over,54.5,-111,2026-09-13 17:00:00+00:00,2026-09-13 13:00:00-04:00,2026-09-13,CHI,1.0
5398,fc362aff0d889ec52d358307a70c32ed,2026-09-11 09:23:19 EDT,2026-09-13,CAR,CHI,CAR@CHI,DraftKings,player_reception_yds,Rome Odunze,Over,45.5,-110,2026-09-13 17:00:00+00:00,2026-09-13 13:00:00-04:00,2026-09-13,CHI,1.0
5401,fc362aff0d889ec52d358307a70c32ed,2026-09-11 09:23:19 EDT,2026-09-13,CAR,CHI,CAR@CHI,DraftKings,player_reception_yds,Kalif Raymond,Over,16.5,-115,2026-09-13 17:00:00+00:00,2026-09-13 13:00:00-04:00,2026-09-13,CHI,1.0
5402,fc362aff0d889ec52d358307a70c32ed,2026-09-11 09:23:19 EDT,2026-09-13,CAR,CHI,CAR@CHI,DraftKings,player_reception_yds,Cole Kmet,Over,15.5,-109,2026-09-13 17:00:00+00:00,2026-09-13 13:00:00-04:00,2026-09-13,CHI,1.0
5405,fc362aff0d889ec52d358307a70c32ed,2026-09-11 09:23:19 EDT,2026-09-13,CAR,CHI,CAR@CHI,DraftKings,player_reception_yds,Kyle Monangai,Over,5.5,-120,2026-09-13 17:00:00+00:00,2026-09-13 13:00:00-04:00,2026-09-13,CHI,1.0
5459,ed6d24ff979f9c71979fead577b0b3f7,2026-09-11 09:23:19 EDT,2026-09-13,CIN,TAM,CIN@TAM,DraftKings,player_pass_yds,Joe Burrow,Over,267.5,-113,2026-09-13 17:00:00+00:00,2026-09-13 13:00:00-04:00,2026-09-13,CIN,1.0
5468,ed6d24ff979f9c71979fead577b0b3f7,2026-09-11 09:23:19 EDT,2026-09-13,CIN,TAM,CIN@TAM,DraftKings,player_rush_yds,Chase Brown,Over,60.5,-112,2026-09-13 17:00:00+00:00,2026-09-13 13:00:00-04:00,2026-09-13,CIN,1.0
5471,ed6d24ff979f9c71979fead577b0b3f7,2026-09-11 09:23:19 EDT,2026-09-13,CIN,TAM,CIN@TAM,DraftKings,player_rush_yds,Samaje Perine,Over,22.5,-109,2026-09-13 17:00:00+00:00,2026-09-13 13:00:00-04:00,2026-09-13,CIN,1.0
5476,ed6d24ff979f9c71979fead577b0b3f7,2026-09-11 09:23:19 EDT,2026-09-13,CIN,TAM,CIN@TAM,DraftKings,player_receptions,Emeka Egbuka,Over,3.5,-165,2026-09-13 17:00:00+00:00,2026-09-13 13:00:00-04:00,2026-09-13,TB,1.0
5477,ed6d24ff979f9c71979fead577b0b3f7,2026-09-11 09:23:19 EDT,2026-09-13,CIN,TAM,CIN@TAM,DraftKings,player_receptions,Chris Godwin,Over,3.5,-152,2026-09-13 17:00:00+00:00,2026-09-13 13:00:00-04:00,2026-09-13,TB,1.0
5481,ed6d24ff979f9c71979fead577b0b3f7,2026-09-11 09:23:19 EDT,2026-09-13,CIN,TAM,CIN@TAM,DraftKings,player_receptions,Jalen McMillan,Over,2.5,-146,2026-09-13 17:00:00+00:00,2026-09-13 13:00:00-04:00,2026-09-13,TB,1.0
5486,ed6d24ff979f9c71979fead577b0b3f7,2026-09-11 09:23:19 EDT,2026-09-13,CIN,TAM,CIN@TAM,DraftKings,player_reception_yds,Tee Higgins,Over,65.5,-110,2026-09-13 17:00:00+00:00,2026-09-13 13:00:00-04:00,2026-09-13,CIN,1.0
5487,ed6d24ff979f9c71979fead577b0b3f7,2026-09-11 09:23:19 EDT,2026-09-13,CIN,TAM,CIN@TAM,DraftKings,player_reception_yds,Emeka Egbuka,Over,52.5,-114,2026-09-13 17:00:00+00:00,2026-09-13 13:00:00-04:00,2026-09-13,TB,1.0
5488,ed6d24ff979f9c71979fead577b0b3f7,2026-09-11 09:23:19 EDT,2026-09-13,CIN,TAM,CIN@TAM,DraftKings,player_reception_yds,Chris Godwin,Over,41.5,-113,2026-09-13 17:00:00+00:00,2026-09-13 13:00:00-04:00,2026-09-13,TB,1.0
5489,ed6d24ff979f9c71979fead577b0b3f7,2026-09-11 09:23:19 EDT,2026-09-13,CIN,TAM,CIN@TAM,DraftKings,player_reception_yds,Jalen McMillan,Over,34.5,-111,2026-09-13 17:00:00+00:00,2026-09-13 13:00:00-04:00,2026-09-13,TB,1.0
5490,ed6d24ff979f9c71979fead577b0b3f7,2026-09-11 09:23:19 EDT,2026-09-13,CIN,TAM,CIN@TAM,DraftKings,player_reception_yds,Cade Otton,Over,27.5,-112,2026-09-13 17:00:00+00:00,2026-09-13 13:00:00-04:00,2026-09-13,TB,1.0
5492,ed6d24ff979f9c71979fead577b0b3f7,2026-09-11 09:23:19 EDT,2026-09-13,CIN,TAM,CIN@TAM,DraftKings,player_reception_yds,Kenny Gainwell,Over,21.5,-110,2026-09-13 17:00:00+00:00,2026-09-13 13:00:00-04:00,2026-09-13,TB,1.0
5494,ed6d24ff979f9c71979fead577b0b3f7,2026-09-11 09:23:19 EDT,2026-09-13,CIN,TAM,CIN@TAM,DraftKings,player_reception_yds,Bucky Irving,Over,15.5,-107,2026-09-13 17:00:00+00:00,2026-09-13 13:00:00-04:00,2026-09-13,TB,1.0
5503,ed6d24ff979f9c71979fead577b0b3f7,2026-09-11 09:23:19 EDT,2026-09-13,CIN,TAM,CIN@TAM,DraftKings,player_tds_over,Jalen McMillan,Over,1.5,2200,2026-09-13 17:00:00+00:00,2026-09-13 13:00:00-04:00,2026-09-13,TB,1.0
5509,ed6d24ff979f9c71979fead577b0b3f7,2026-09-11 09:23:19 EDT,2026-09-13,CIN,TAM,CIN@TAM,DraftKings,player_tds_over,Sean Tucker,Over,1.5,4000,2026-09-13 17:00:00+00:00,2026-09-13 13:00:00-04:00,2026-09-13,TB,1.0
5532,ed6d24ff979f9c71979fead577b0b3f7,2026-09-11 09:23:19 EDT,2026-09-13,CIN,TAM,CIN@TAM,DraftKings,player_tds_over,Jalen McMillan,Over,2.5,13000,2026-09-13 17:00:00+00:00,2026-09-13 13:00:00-04:00,2026-09-13,TB,1.0
5533,ed6d24ff979f9c71979fead577b0b3f7,2026-09-11 09:23:19 EDT,2026-09-13,CIN,TAM,CIN@TAM,DraftKings,player_tds_over,Sean Tucker,Over,2.5,15000,2026-09-13 17:00:00+00:00,2026-09-13 13:00:00-04:00,2026-09-13,TB,1.0
5544,ed6d24ff979f9c71979fead577b0b3f7,2026-09-11 09:23:19 EDT,2026-09-13,CIN,TAM,CIN@TAM,DraftKings,player_tds_over,Ke'Shawn Williams,Over,2.5,25000,2026-09-13 17:00:00+00:00,2026-09-13 13:00:00-04:00,2026-09-13,CIN,1.0
5555,e55c6fe19fce094ce214c8b0e5b504e9,2026-09-11 09:23:19 EDT,2026-09-13,JAX,CLE,JAX@CLE,DraftKings,player_rush_attempts,Quinshon Judkins,Over,16.5,101,2026-09-13 17:00:00+00:00,2026-09-13 13:00:00-04:00,2026-09-13,CLE,1.0
5559,e55c6fe19fce094ce214c8b0e5b504e9,2026-09-11 09:23:19 EDT,2026-09-13,JAX,CLE,JAX@CLE,DraftKings,player_rush_yds,Quinshon Judkins,Over,58.5,-113,2026-09-13 17:00:00+00:00,2026-09-13 13:00:00-04:00,2026-09-13,CLE,1.0
5631,c1d3fcec25aaeb06ebd2244d33d338e0,2026-09-11 09:23:19 EDT,2026-09-13,DET,NOR,DET@NOR,DraftKings,player_pass_attempts,Tyler Shough,Over,32.5,-119,2026-09-13 17:00:00+00:00,2026-09-13 13:00:00-04:00,2026-09-13,NO,1.0
5632,c1d3fcec25aaeb06ebd2244d33d338e0,2026-09-11 09:23:19 EDT,2026-09-13,DET,NOR,DET@NOR,DraftKings,player_pass_yds,Jared Goff,Over,261.5,-113,2026-09-13 17:00:00+00:00,2026-09-13 13:00:00-04:00,2026-09-13,DET,1.0
5641,c1d3fcec25aaeb06ebd2244d33d338e0,2026-09-11 09:23:19 EDT,2026-09-13,DET,NOR,DET@NOR,DraftKings,player_rush_yds,Jahmyr Gibbs,Over,84.5,-114,2026-09-13 17:00:00+00:00,2026-09-13 13:00:00-04:00,2026-09-13,DET,1.0
5642,c1d3fcec25aaeb06ebd2244d33d338e0,2026-09-11 09:23:19 EDT,2026-09-13,DET,NOR,DET@NOR,DraftKings,player_rush_yds,Travis Etienne,Over,55.5,-111,2026-09-13 17:00:00+00:00,2026-09-13 13:00:00-04:00,2026-09-13,NO,1.0
5654,c1d3fcec25aaeb06ebd2244d33d338e0,2026-09-11 09:23:19 EDT,2026-09-13,DET,NOR,DET@NOR,DraftKings,player_reception_yds,Chris Olave,Over,77.5,-111,2026-09-13 17:00:00+00:00,2026-09-13 13:00:00-04:00,2026-09-13,NO,1.0
5655,c1d3fcec25aaeb06ebd2244d33d338e0,2026-09-11 09:23:19 EDT,2026-09-13,DET,NOR,DET@NOR,DraftKings,player_reception_yds,Amon-Ra St. Brown,Over,76.5,-114,2026-09-13 17:00:00+00:00,2026-09-13 13:00:00-04:00,2026-09-13,DET,1.0
5676,c1d3fcec25aaeb06ebd2244d33d338e0,2026-09-11 09:23:19 EDT,2026-09-13,DET,NOR,DET@NOR,DraftKings,player_tds_over,Audric Estime,Over,1.5,7000,2026-09-13 17:00:00+00:00,2026-09-13 13:00:00-04:00,2026-09-13,,1.0
5681,c1d3fcec25aaeb06ebd2244d33d338e0,2026-09-11 09:23:19 EDT,2026-09-13,DET,NOR,DET@NOR,DraftKings,player_tds_over,Oscar Delp,Over,1.5,12000,2026-09-13 17:00:00+00:00,2026-09-13 13:00:00-04:00,2026-09-13,NO,1.0
5698,c1d3fcec25aaeb06ebd2244d33d338e0,2026-09-11 09:23:19 EDT,2026-09-13,DET,NOR,DET@NOR,DraftKings,player_tds_over,Audric Estime,Over,2.5,20000,2026-09-13 17:00:00+00:00,2026-09-13 13:00:00-04:00,2026-09-13,,1.0
5733,7dddb296a42e7a41a774b24bd1709ce1,2026-09-11 09:23:19 EDT,2026-09-13,TEN,NYJ,TEN@NYJ,DraftKings,player_reception_yds,Garrett Wilson,Over,60.5,-111,2026-09-13 17:00:00+00:00,2026-09-13 13:00:00-04:00,2026-09-13,NYJ,1.0
5736,7dddb296a42e7a41a774b24bd1709ce1,2026-09-11 09:23:19 EDT,2026-09-13,TEN,NYJ,TEN@NYJ,DraftKings,player_reception_yds,Adonai Mitchell,Over,30.5,-110,2026-09-13 17:00:00+00:00,2026-09-13 13:00:00-04:00,2026-09-13,NYJ,1.0
5738,7dddb296a42e7a41a774b24bd1709ce1,2026-09-11 09:23:19 EDT,2026-09-13,TEN,NYJ,TEN@NYJ,DraftKings,player_reception_yds,Gunnar Helm,Over,21.5,-116,2026-09-13 17:00:00+00:00,2026-09-13 13:00:00-04:00,2026-09-13,TEN,1.0
5786,7dddb296a42e7a41a774b24bd1709ce1,2026-09-11 09:23:19 EDT,2026-09-13,TEN,NYJ,TEN@NYJ,DraftKings,player_tds_over,Julius Chestnut,Over,2.5,25000,2026-09-13 17:00:00+00:00,2026-09-13 13:00:00-04:00,2026-09-13,TEN,1.0
5817,1edfa5ceaa1ad2cb57df1c1b908731f6,2026-09-11 09:23:19 EDT,2026-09-13,LAC,ARI,LAC@ARI,DraftKings,player_reception_yds,Quentin Johnston,Over,41.5,-110,2026-09-13 20:25:00+00:00,2026-09-13 16:25:00-04:00,2026-09-13,LAC,1.0
5875,cb77efed7e711d25a72c1a2a0a1af119,2026-09-11 09:23:19 EDT,2026-09-13,MIN,GNB,MIN@GNB,DraftKings,player_pass_yds,Kyler Murray,Over,222.5,-112,2026-09-13 20:25:00+00:00,2026-09-13 16:25:00-04:00,2026-09-13,MIN,1.0
5902,cb77efed7e711d25a72c1a2a0a1af119,2026-09-11 09:23:19 EDT,2026-09-13,MIN,GNB,MIN@GNB,DraftKings,player_reception_yds,Tucker Kraft,Over,44.5,-111,2026-09-13 20:25:00+00:00,2026-09-13 16:25:00-04:00,2026-09-13,GB,1.0
5903,cb77efed7e711d25a72c1a2a0a1af119,2026-09-11 09:23:19 EDT,2026-09-13,MIN,GNB,MIN@GNB,DraftKings,player_reception_yds,Jordan Addison,Over,43.5,-113,2026-09-13 20:25:00+00:00,2026-09-13 16:25:00-04:00,2026-09-13,MIN,1.0
5904,cb77efed7e711d25a72c1a2a0a1af119,2026-09-11 09:23:19 EDT,2026-09-13,MIN,GNB,MIN@GNB,DraftKings,player_reception_yds,Jayden Reed,Over,39.5,-115,2026-09-13 20:25:00+00:00,2026-09-13 16:25:00-04:00,2026-09-13,GB,1.0
5909,cb77efed7e711d25a72c1a2a0a1af119,2026-09-11 09:23:19 EDT,2026-09-13,MIN,GNB,MIN@GNB,DraftKings,player_reception_yds,MarShawn Lloyd,Over,9.5,-116,2026-09-13 20:25:00+00:00,2026-09-13 16:25:00-04:00,2026-09-13,GB,1.0
5970,c5d95f48a16849ab6bebc68fbbfcb74a,2026-09-11 09:23:19 EDT,2026-09-13,LVR,MIA,LVR@MIA,DraftKings,player_rush_yds,Ashton Jeanty,Over,57.5,-114,2026-09-13 20:25:00+00:00,2026-09-13 16:25:00-04:00,2026-09-13,LV,1.0
5971,c5d95f48a16849ab6bebc68fbbfcb74a,2026-09-11 09:23:19 EDT,2026-09-13,LVR,MIA,LVR@MIA,DraftKings,player_rush_yds,Malik Willis,Over,39.5,-115,2026-09-13 20:25:00+00:00,2026-09-13 16:25:00-04:00,2026-09-13,MIA,1.0
5985,c5d95f48a16849ab6bebc68fbbfcb74a,2026-09-11 09:23:19 EDT,2026-09-13,LVR,MIA,LVR@MIA,DraftKings,player_reception_yds,Greg Dulcich,Over,27.5,-115,2026-09-13 20:25:00+00:00,2026-09-13 16:25:00-04:00,2026-09-13,MIA,1.0
6046,17885cb8dcade8f6c3bce14b2de805e8,2026-09-11 09:23:19 EDT,2026-09-13,PHI,WAS,PHI@WAS,DraftKings,player_rush_yds,Saquon Barkley,Over,77.5,-113,2026-09-13 20:25:00+00:00,2026-09-13 16:25:00-04:00,2026-09-13,PHI,1.0
6047,17885cb8dcade8f6c3bce14b2de805e8,2026-09-11 09:23:19 EDT,2026-09-13,PHI,WAS,PHI@WAS,DraftKings,player_rush_yds,Jacory Croskey-Merritt,Over,41.5,-113,2026-09-13 20:25:00+00:00,2026-09-13 16:25:00-04:00,2026-09-13,WAS,1.0
6066,17885cb8dcade8f6c3bce14b2de805e8,2026-09-11 09:23:19 EDT,2026-09-13,PHI,WAS,PHI@WAS,DraftKings,player_reception_yds,Makai Lemon,Over,23.5,-112,2026-09-13 20:25:00+00:00,2026-09-13 16:25:00-04:00,2026-09-13,PHI,1.0
6117,17885cb8dcade8f6c3bce14b2de805e8,2026-09-11 09:23:19 EDT,2026-09-13,PHI,WAS,PHI@WAS,DraftKings,player_tds_over,Elijah Moore,Over,2.5,25000,2026-09-13 20:25:00+00:00,2026-09-13 16:25:00-04:00,2026-09-13,PHI,1.0
6129,3e646c7479c57f5d9752d8c7dfe7059b,2026-09-11 09:23:19 EDT,2026-09-13,NYG,DAL,NYG@DAL,DraftKings,player_rush_attempts,Cam Skattebo,Over,12.5,-101,2026-09-14 00:20:00+00:00,2026-09-13 20:20:00-04:00,2026-09-13,NYG,1.0
6144,3e646c7479c57f5d9752d8c7dfe7059b,2026-09-11 09:23:19 EDT,2026-09-13,NYG,DAL,NYG@DAL,DraftKings,player_receptions,Javonte Williams,Over,1.5,-190,2026-09-14 00:20:00+00:00,2026-09-13 20:20:00-04:00,2026-09-13,DAL,1.0
6146,3e646c7479c57f5d9752d8c7dfe7059b,2026-09-11 09:23:19 EDT,2026-09-13,NYG,DAL,NYG@DAL,DraftKings,player_reception_yds,CeeDee Lamb,Over,77.5,-111,2026-09-14 00:20:00+00:00,2026-09-13 20:20:00-04:00,2026-09-13,DAL,1.0
6150,3e646c7479c57f5d9752d8c7dfe7059b,2026-09-11 09:23:19 EDT,2026-09-13,NYG,DAL,NYG@DAL,DraftKings,player_reception_yds,Jake Ferguson,Over,30.5,-115,2026-09-14 00:20:00+00:00,2026-09-13 20:20:00-04:00,2026-09-13,DAL,1.0
6155,3e646c7479c57f5d9752d8c7dfe7059b,2026-09-11 09:23:19 EDT,2026-09-13,NYG,DAL,NYG@DAL,DraftKings,player_reception_yds,Javonte Williams,Over,9.5,-118,2026-09-14 00:20:00+00:00,2026-09-13 20:20:00-04:00,2026-09-13,DAL,1.0
6209,5ad8135dc2b5f27de0b777acd317855a,2026-09-11 09:23:19 EDT,2026-09-14,KAN,DEN,KAN@DEN,DraftKings,player_pass_yds,Bo Nix,Over,230.5,-111,2026-09-15 00:15:00+00:00,2026-09-14 20:15:00-04:00,2026-09-14,DEN,1.0
6235,5ad8135dc2b5f27de0b777acd317855a,2026-09-11 09:23:19 EDT,2026-09-14,KAN,DEN,KAN@DEN,DraftKings,player_reception_yds,Rashee Rice,Over,61.5,-114,2026-09-15 00:15:00+00:00,2026-09-14 20:15:00-04:00,2026-09-14,KC,1.0
6295,95c01d1bb797d6df14824b106c5a9130,2026-09-11 14:44:20 EDT,2026-09-13,PIT,ATL,PIT@ATL,DraftKings,player_pass_completions,Aaron Rodgers,Over,21.5,105,2026-09-13 17:00:00+00:00,2026-09-13 13:00:00-04:00,2026-09-13,PIT,1.0
6297,95c01d1bb797d6df14824b106c5a9130,2026-09-11 14:44:20 EDT,2026-09-13,PIT,ATL,PIT@ATL,DraftKings,player_pass_yds,Aaron Rodgers,Over,216.5,-111,2026-09-13 17:00:00+00:00,2026-09-13 13:00:00-04:00,2026-09-13,PIT,1.0
6301,95c01d1bb797d6df14824b106c5a9130,2026-09-11 14:44:20 EDT,2026-09-13,PIT,ATL,PIT@ATL,DraftKings,player_rush_attempts,Rico Dowdle,Over,11.5,-131,2026-09-13 17:00:00+00:00,2026-09-13 13:00:00-04:00,2026-09-13,PIT,1.0
6303,95c01d1bb797d6df14824b106c5a9130,2026-09-11 14:44:20 EDT,2026-09-13,PIT,ATL,PIT@ATL,DraftKings,player_rush_yds,Bijan Robinson,Over,80.5,-111,2026-09-13 17:00:00+00:00,2026-09-13 13:00:00-04:00,2026-09-13,ATL,1.0
6304,95c01d1bb797d6df14824b106c5a9130,2026-09-11 14:44:20 EDT,2026-09-13,PIT,ATL,PIT@ATL,DraftKings,player_rush_yds,Rico Dowdle,Over,44.5,-109,2026-09-13 17:00:00+00:00,2026-09-13 13:00:00-04:00,2026-09-13,PIT,1.0
6305,95c01d1bb797d6df14824b106c5a9130,2026-09-11 14:44:20 EDT,2026-09-13,PIT,ATL,PIT@ATL,DraftKings,player_rush_yds,Jaylen Warren,Over,43.5,-113,2026-09-13 17:00:00+00:00,2026-09-13 13:00:00-04:00,2026-09-13,PIT,1.0
6306,95c01d1bb797d6df14824b106c5a9130,2026-09-11 14:44:20 EDT,2026-09-13,PIT,ATL,PIT@ATL,DraftKings,player_rush_yds,Aaron Rodgers,Over,0.5,101,2026-09-13 17:00:00+00:00,2026-09-13 13:00:00-04:00,2026-09-13,PIT,1.0
6307,95c01d1bb797d6df14824b106c5a9130,2026-09-11 14:44:20 EDT,2026-09-13,PIT,ATL,PIT@ATL,DraftKings,player_receptions,Drake London,Over,5.5,104,2026-09-13 17:00:00+00:00,2026-09-13 13:00:00-04:00,2026-09-13,ATL,1.0
6316,95c01d1bb797d6df14824b106c5a9130,2026-09-11 14:44:20 EDT,2026-09-13,PIT,ATL,PIT@ATL,DraftKings,player_reception_yds,Drake London,Over,58.5,-110,2026-09-13 17:00:00+00:00,2026-09-13 13:00:00-04:00,2026-09-13,ATL,1.0
6317,95c01d1bb797d6df14824b106c5a9130,2026-09-11 14:44:20 EDT,2026-09-13,PIT,ATL,PIT@ATL,DraftKings,player_reception_yds,DK Metcalf,Over,51.5,-113,2026-09-13 17:00:00+00:00,2026-09-13 13:00:00-04:00,2026-09-13,PIT,1.0
6318,95c01d1bb797d6df14824b106c5a9130,2026-09-11 14:44:20 EDT,2026-09-13,PIT,ATL,PIT@ATL,DraftKings,player_reception_yds,Michael Pittman Jr.,Over,39.5,-114,2026-09-13 17:00:00+00:00,2026-09-13 13:00:00-04:00,2026-09-13,PIT,1.0
6319,95c01d1bb797d6df14824b106c5a9130,2026-09-11 14:44:20 EDT,2026-09-13,PIT,ATL,PIT@ATL,DraftKings,player_reception_yds,Kyle Pitts,Over,38.5,-110,2026-09-13 17:00:00+00:00,2026-09-13 13:00:00-04:00,2026-09-13,ATL,1.0
6320,95c01d1bb797d6df14824b106c5a9130,2026-09-11 14:44:20 EDT,2026-09-13,PIT,ATL,PIT@ATL,DraftKings,player_reception_yds,Bijan Robinson,Over,33.5,-114,2026-09-13 17:00:00+00:00,2026-09-13 13:00:00-04:00,2026-09-13,ATL,1.0
6321,95c01d1bb797d6df14824b106c5a9130,2026-09-11 14:44:20 EDT,2026-09-13,PIT,ATL,PIT@ATL,DraftKings,player_reception_yds,Pat Freiermuth,Over,26.5,-109,2026-09-13 17:00:00+00:00,2026-09-13 13:00:00-04:00,2026-09-13,PIT,1.0
6322,95c01d1bb797d6df14824b106c5a9130,2026-09-11 14:44:20 EDT,2026-09-13,PIT,ATL,PIT@ATL,DraftKings,player_reception_yds,Jaylen Warren,Over,17.5,-109,2026-09-13 17:00:00+00:00,2026-09-13 13:00:00-04:00,2026-09-13,PIT,1.0
6324,95c01d1bb797d6df14824b106c5a9130,2026-09-11 14:44:20 EDT,2026-09-13,PIT,ATL,PIT@ATL,DraftKings,player_reception_yds,Rico Dowdle,Over,10.5,-113,2026-09-13 17:00:00+00:00,2026-09-13 13:00:00-04:00,2026-09-13,PIT,1.0
6365,95c01d1bb797d6df14824b106c5a9130,2026-09-11 14:44:20 EDT,2026-09-13,PIT,ATL,PIT@ATL,DraftKings,player_tds_over,Kaden Wetjen,Over,2.5,25000,2026-09-13 17:00:00+00:00,2026-09-13 13:00:00-04:00,2026-09-13,PIT,1.0
6366,95c01d1bb797d6df14824b106c5a9130,2026-09-11 14:44:20 EDT,2026-09-13,PIT,ATL,PIT@ATL,DraftKings,player_tds_over,Robert Tonyan,Over,2.5,25000,2026-09-13 17:00:00+00:00,2026-09-13 13:00:00-04:00,2026-09-13,PIT,1.0
6367,b6cfdcbafa61ce220ba87dc2d9b80c77,2026-09-11 14:44:20 EDT,2026-09-13,IND,BAL,IND@BAL,DraftKings,player_pass_completions,Daniel Jones,Over,21.5,-118,2026-09-13 17:00:00+00:00,2026-09-13 13:00:00-04:00,2026-09-13,IND,1.0
6371,b6cfdcbafa61ce220ba87dc2d9b80c77,2026-09-11 14:44:20 EDT,2026-09-13,IND,BAL,IND@BAL,DraftKings,player_pass_yds,Daniel Jones,Over,234.5,-111,2026-09-13 17:00:00+00:00,2026-09-13 13:00:00-04:00,2026-09-13,IND,1.0
6372,b6cfdcbafa61ce220ba87dc2d9b80c77,2026-09-11 14:44:20 EDT,2026-09-13,IND,BAL,IND@BAL,DraftKings,player_pass_yds,Lamar Jackson,Over,219.5,-111,2026-09-13 17:00:00+00:00,2026-09-13 13:00:00-04:00,2026-09-13,BAL,1.0
6377,b6cfdcbafa61ce220ba87dc2d9b80c77,2026-09-11 14:44:20 EDT,2026-09-13,IND,BAL,IND@BAL,DraftKings,player_rush_attempts,Jonathan Taylor,Over,18.5,-112,2026-09-13 17:00:00+00:00,2026-09-13 13:00:00-04:00,2026-09-13,IND,1.0
6378,b6cfdcbafa61ce220ba87dc2d9b80c77,2026-09-11 14:44:20 EDT,2026-09-13,IND,BAL,IND@BAL,DraftKings,player_rush_attempts,Derrick Henry,Over,17.5,-121,2026-09-13 17:00:00+00:00,2026-09-13 13:00:00-04:00,2026-09-13,BAL,1.0
6381,b6cfdcbafa61ce220ba87dc2d9b80c77,2026-09-11 14:44:20 EDT,2026-09-13,IND,BAL,IND@BAL,DraftKings,player_rush_yds,Derrick Henry,Over,78.5,-112,2026-09-13 17:00:00+00:00,2026-09-13 13:00:00-04:00,2026-09-13,BAL,1.0
6383,b6cfdcbafa61ce220ba87dc2d9b80c77,2026-09-11 14:44:20 EDT,2026-09-13,IND,BAL,IND@BAL,DraftKings,player_rush_yds,Lamar Jackson,Over,37.5,-111,2026-09-13 17:00:00+00:00,2026-09-13 13:00:00-04:00,2026-09-13,BAL,1.0
6395,b6cfdcbafa61ce220ba87dc2d9b80c77,2026-09-11 14:44:20 EDT,2026-09-13,IND,BAL,IND@BAL,DraftKings,player_receptions,Derrick Henry,Over,1.5,185,2026-09-13 17:00:00+00:00,2026-09-13 13:00:00-04:00,2026-09-13,BAL,1.0
6396,b6cfdcbafa61ce220ba87dc2d9b80c77,2026-09-11 14:44:20 EDT,2026-09-13,IND,BAL,IND@BAL,DraftKings,player_reception_yds,Zay Flowers,Over,65.5,-111,2026-09-13 17:00:00+00:00,2026-09-13 13:00:00-04:00,2026-09-13,BAL,1.0
6397,b6cfdcbafa61ce220ba87dc2d9b80c77,2026-09-11 14:44:20 EDT,2026-09-13,IND,BAL,IND@BAL,DraftKings,player_reception_yds,Tyler Warren,Over,47.5,-114,2026-09-13 17:00:00+00:00,2026-09-13 13:00:00-04:00,2026-09-13,IND,1.0
6398,b6cfdcbafa61ce220ba87dc2d9b80c77,2026-09-11 14:44:20 EDT,2026-09-13,IND,BAL,IND@BAL,DraftKings,player_reception_yds,Alec Pierce,Over,45.5,-114,2026-09-13 17:00:00+00:00,2026-09-13 13:00:00-04:00,2026-09-13,IND,1.0
6399,b6cfdcbafa61ce220ba87dc2d9b80c77,2026-09-11 14:44:20 EDT,2026-09-13,IND,BAL,IND@BAL,DraftKings,player_reception_yds,Josh Downs,Over,44.5,-111,2026-09-13 17:00:00+00:00,2026-09-13 13:00:00-04:00,2026-09-13,IND,1.0
6400,b6cfdcbafa61ce220ba87dc2d9b80c77,2026-09-11 14:44:20 EDT,2026-09-13,IND,BAL,IND@BAL,DraftKings,player_reception_yds,Mark Andrews,Over,35.5,-110,2026-09-13 17:00:00+00:00,2026-09-13 13:00:00-04:00,2026-09-13,BAL,1.0
6402,b6cfdcbafa61ce220ba87dc2d9b80c77,2026-09-11 14:44:20 EDT,2026-09-13,IND,BAL,IND@BAL,DraftKings,player_reception_yds,Rashod Bateman,Over,26.5,-111,2026-09-13 17:00:00+00:00,2026-09-13 13:00:00-04:00,2026-09-13,BAL,1.0
6446,b6cfdcbafa61ce220ba87dc2d9b80c77,2026-09-11 14:44:20 EDT,2026-09-13,IND,BAL,IND@BAL,DraftKings,player_tds_over,Mo Alie-Cox,Over,2.5,25000,2026-09-13 17:00:00+00:00,2026-09-13 13:00:00-04:00,2026-09-13,IND,1.0
6447,b6cfdcbafa61ce220ba87dc2d9b80c77,2026-09-11 14:44:20 EDT,2026-09-13,IND,BAL,IND@BAL,DraftKings,player_tds_over,Deion Burks,Over,2.5,25000,2026-09-13 17:00:00+00:00,2026-09-13 13:00:00-04:00,2026-09-13,IND,1.0
6452,7e09efed7e12c659b82740b67ce2f9a1,2026-09-11 14:44:20 EDT,2026-09-13,HOU,BUF,HOU@BUF,DraftKings,player_pass_yds,Josh Allen,Over,224.5,-113,2026-09-13 17:00:00+00:00,2026-09-13 13:00:00-04:00,2026-09-13,BUF,1.0
6460,7e09efed7e12c659b82740b67ce2f9a1,2026-09-11 14:44:20 EDT,2026-09-13,HOU,BUF,HOU@BUF,DraftKings,player_rush_attempts,Woody Marks,Over,7.5,-115,2026-09-13 17:00:00+00:00,2026-09-13 13:00:00-04:00,2026-09-13,HOU,1.0
6462,7e09efed7e12c659b82740b67ce2f9a1,2026-09-11 14:44:20 EDT,2026-09-13,HOU,BUF,HOU@BUF,DraftKings,player_rush_yds,James Cook,Over,77.5,-111,2026-09-13 17:00:00+00:00,2026-09-13 13:00:00-04:00,2026-09-13,BUF,1.0
6463,7e09efed7e12c659b82740b67ce2f9a1,2026-09-11 14:44:20 EDT,2026-09-13,HOU,BUF,HOU@BUF,DraftKings,player_rush_yds,David Montgomery,Over,54.5,-109,2026-09-13 17:00:00+00:00,2026-09-13 13:00:00-04:00,2026-09-13,HOU,1.0
6464,7e09efed7e12c659b82740b67ce2f9a1,2026-09-11 14:44:20 EDT,2026-09-13,HOU,BUF,HOU@BUF,DraftKings,player_rush_yds,Josh Allen,Over,32.5,-111,2026-09-13 17:00:00+00:00,2026-09-13 13:00:00-04:00,2026-09-13,BUF,1.0
6465,7e09efed7e12c659b82740b67ce2f9a1,2026-09-11 14:44:20 EDT,2026-09-13,HOU,BUF,HOU@BUF,DraftKings,player_rush_yds,Woody Marks,Over,30.5,-112,2026-09-13 17:00:00+00:00,2026-09-13 13:00:00-04:00,2026-09-13,HOU,1.0
6467,7e09efed7e12c659b82740b67ce2f9a1,2026-09-11 14:44:20 EDT,2026-09-13,HOU,BUF,HOU@BUF,DraftKings,player_receptions,Nico Collins,Over,5.5,121,2026-09-13 17:00:00+00:00,2026-09-13 13:00:00-04:00,2026-09-13,HOU,1.0
6473,7e09efed7e12c659b82740b67ce2f9a1,2026-09-11 14:44:20 EDT,2026-09-13,HOU,BUF,HOU@BUF,DraftKings,player_receptions,Xavier Hutchinson,Over,2.5,150,2026-09-13 17:00:00+00:00,2026-09-13 13:00:00-04:00,2026-09-13,HOU,1.0
6474,7e09efed7e12c659b82740b67ce2f9a1,2026-09-11 14:44:20 EDT,2026-09-13,HOU,BUF,HOU@BUF,DraftKings,player_receptions,Kayshon Boutte,Over,1.5,-183,2026-09-13 17:00:00+00:00,2026-09-13 13:00:00-04:00,2026-09-13,HOU,1.0
6479,7e09efed7e12c659b82740b67ce2f9a1,2026-09-11 14:44:20 EDT,2026-09-13,HOU,BUF,HOU@BUF,DraftKings,player_reception_yds,Nico Collins,Over,66.5,-113,2026-09-13 17:00:00+00:00,2026-09-13 13:00:00-04:00,2026-09-13,HOU,1.0
6481,7e09efed7e12c659b82740b67ce2f9a1,2026-09-11 14:44:20 EDT,2026-09-13,HOU,BUF,HOU@BUF,DraftKings,player_reception_yds,Dalton Kincaid,Over,37.5,-111,2026-09-13 17:00:00+00:00,2026-09-13 13:00:00-04:00,2026-09-13,BUF,1.0
6482,7e09efed7e12c659b82740b67ce2f9a1,2026-09-11 14:44:20 EDT,2026-09-13,HOU,BUF,HOU@BUF,DraftKings,player_reception_yds,Khalil Shakir,Over,34.5,-115,2026-09-13 17:00:00+00:00,2026-09-13 13:00:00-04:00,2026-09-13,BUF,1.0
6483,7e09efed7e12c659b82740b67ce2f9a1,2026-09-11 14:44:20 EDT,2026-09-13,HOU,BUF,HOU@BUF,DraftKings,player_reception_yds,Dalton Schultz,Over,31.5,-109,2026-09-13 17:00:00+00:00,2026-09-13 13:00:00-04:00,2026-09-13,HOU,1.0
6484,7e09efed7e12c659b82740b67ce2f9a1,2026-09-11 14:44:20 EDT,2026-09-13,HOU,BUF,HOU@BUF,DraftKings,player_reception_yds,Kayshon Boutte,Over,26.5,-111,2026-09-13 17:00:00+00:00,2026-09-13 13:00:00-04:00,2026-09-13,HOU,1.0
6485,7e09efed7e12c659b82740b67ce2f9a1,2026-09-11 14:44:20 EDT,2026-09-13,HOU,BUF,HOU@BUF,DraftKings,player_reception_yds,James Cook,Over,21.5,-111,2026-09-13 17:00:00+00:00,2026-09-13 13:00:00-04:00,2026-09-13,BUF,1.0
6487,7e09efed7e12c659b82740b67ce2f9a1,2026-09-11 14:44:20 EDT,2026-09-13,HOU,BUF,HOU@BUF,DraftKings,player_reception_yds,Jaylin Noel,Over,14.5,-108,2026-09-13 17:00:00+00:00,2026-09-13 13:00:00-04:00,2026-09-13,HOU,1.0
6489,7e09efed7e12c659b82740b67ce2f9a1,2026-09-11 14:44:20 EDT,2026-09-13,HOU,BUF,HOU@BUF,DraftKings,player_reception_yds,David Montgomery,Over,10.5,-114,2026-09-13 17:00:00+00:00,2026-09-13 13:00:00-04:00,2026-09-13,HOU,1.0
6490,7e09efed7e12c659b82740b67ce2f9a1,2026-09-11 14:44:20 EDT,2026-09-13,HOU,BUF,HOU@BUF,DraftKings,player_reception_yds,Woody Marks,Over,8.5,-119,2026-09-13 17:00:00+00:00,2026-09-13 13:00:00-04:00,2026-09-13,HOU,1.0
6530,7e09efed7e12c659b82740b67ce2f9a1,2026-09-11 14:44:20 EDT,2026-09-13,HOU,BUF,HOU@BUF,DraftKings,player_tds_over,Foster Moreau,Over,2.5,25000,2026-09-13 17:00:00+00:00,2026-09-13 13:00:00-04:00,2026-09-13,HOU,1.0
6532,7e09efed7e12c659b82740b67ce2f9a1,2026-09-11 14:44:20 EDT,2026-09-13,HOU,BUF,HOU@BUF,DraftKings,player_tds_over,Joshua Palmer,Over,2.5,25000,2026-09-13 17:00:00+00:00,2026-09-13 13:00:00-04:00,2026-09-13,BUF,1.0
6533,7e09efed7e12c659b82740b67ce2f9a1,2026-09-11 14:44:20 EDT,2026-09-13,HOU,BUF,HOU@BUF,DraftKings,player_tds_over,C.J. Stroud,Over,2.5,25000,2026-09-13 17:00:00+00:00,2026-09-13 13:00:00-04:00,2026-09-13,HOU,1.0
6537,fc362aff0d889ec52d358307a70c32ed,2026-09-11 14:44:20 EDT,2026-09-13,CAR,CHI,CAR@CHI,DraftKings,player_pass_completions,Bryce Young,Over,20.5,103,2026-09-13 17:00:00+00:00,2026-09-13 13:00:00-04:00,2026-09-13,CAR,1.0
6541,fc362aff0d889ec52d358307a70c32ed,2026-09-11 14:44:20 EDT,2026-09-13,CAR,CHI,CAR@CHI,DraftKings,player_pass_yds,Caleb Williams,Over,228.5,-113,2026-09-13 17:00:00+00:00,2026-09-13 13:00:00-04:00,2026-09-13,CHI,1.0
6549,fc362aff0d889ec52d358307a70c32ed,2026-09-11 14:44:20 EDT,2026-09-13,CAR,CHI,CAR@CHI,DraftKings,player_rush_yds,D'Andre Swift,Over,62.5,-110,2026-09-13 17:00:00+00:00,2026-09-13 13:00:00-04:00,2026-09-13,CHI,1.0
6557,fc362aff0d889ec52d358307a70c32ed,2026-09-11 14:44:20 EDT,2026-09-13,CAR,CHI,CAR@CHI,DraftKings,player_receptions,Rome Odunze,Over,3.5,117,2026-09-13 17:00:00+00:00,2026-09-13 13:00:00-04:00,2026-09-13,CHI,1.0
6566,fc362aff0d889ec52d358307a70c32ed,2026-09-11 14:44:20 EDT,2026-09-13,CAR,CHI,CAR@CHI,DraftKings,player_reception_yds,Luther Burden,Over,56.5,-110,2026-09-13 17:00:00+00:00,2026-09-13 13:00:00-04:00,2026-09-13,CHI,1.0
6568,fc362aff0d889ec52d358307a70c32ed,2026-09-11 14:44:20 EDT,2026-09-13,CAR,CHI,CAR@CHI,DraftKings,player_reception_yds,Rome Odunze,Over,42.5,-110,2026-09-13 17:00:00+00:00,2026-09-13 13:00:00-04:00,2026-09-13,CHI,1.0
6570,fc362aff0d889ec52d358307a70c32ed,2026-09-11 14:44:20 EDT,2026-09-13,CAR,CHI,CAR@CHI,DraftKings,player_reception_yds,Xavier Legette,Over,18.5,-113,2026-09-13 17:00:00+00:00,2026-09-13 13:00:00-04:00,2026-09-13,CAR,1.0
6572,fc362aff0d889ec52d358307a70c32ed,2026-09-11 14:44:20 EDT,2026-09-13,CAR,CHI,CAR@CHI,DraftKings,player_reception_yds,Kalif Raymond,Over,15.5,-113,2026-09-13 17:00:00+00:00,2026-09-13 13:00:00-04:00,2026-09-13,CHI,1.0
6574,fc362aff0d889ec52d358307a70c32ed,2026-09-11 14:44:20 EDT,2026-09-13,CAR,CHI,CAR@CHI,DraftKings,player_reception_yds,D'Andre Swift,Over,14.5,-108,2026-09-13 17:00:00+00:00,2026-09-13 13:00:00-04:00,2026-09-13,CHI,1.0
6575,fc362aff0d889ec52d358307a70c32ed,2026-09-11 14:44:20 EDT,2026-09-13,CAR,CHI,CAR@CHI,DraftKings,player_reception_yds,Tommy Tremble,Over,12.5,-108,2026-09-13 17:00:00+00:00,2026-09-13 13:00:00-04:00,2026-09-13,CAR,1.0
6616,fc362aff0d889ec52d358307a70c32ed,2026-09-11 14:44:20 EDT,2026-09-13,CAR,CHI,CAR@CHI,DraftKings,player_tds_over,Mitchell Evans,Over,2.5,20000,2026-09-13 17:00:00+00:00,2026-09-13 13:00:00-04:00,2026-09-13,CAR,1.0
6617,fc362aff0d889ec52d358307a70c32ed,2026-09-11 14:44:20 EDT,2026-09-13,CAR,CHI,CAR@CHI,DraftKings,player_tds_over,John Metchie,Over,2.5,25000,2026-09-13 17:00:00+00:00,2026-09-13 13:00:00-04:00,2026-09-13,CAR,1.0
6619,fc362aff0d889ec52d358307a70c32ed,2026-09-11 14:44:20 EDT,2026-09-13,CAR,CHI,CAR@CHI,DraftKings,player_tds_over,Roschon Johnson,Over,2.5,25000,2026-09-13 17:00:00+00:00,2026-09-13 13:00:00-04:00,2026-09-13,CHI,1.0
6624,fc362aff0d889ec52d358307a70c32ed,2026-09-11 14:44:20 EDT,2026-09-13,CAR,CHI,CAR@CHI,DraftKings,player_tds_over,Sam Roush,Over,2.5,25000,2026-09-13 17:00:00+00:00,2026-09-13 13:00:00-04:00,2026-09-13,CHI,1.0
6625,fc362aff0d889ec52d358307a70c32ed,2026-09-11 14:44:20 EDT,2026-09-13,CAR,CHI,CAR@CHI,DraftKings,player_tds_over,Brycen Tremayne,Over,2.5,25000,2026-09-13 17:00:00+00:00,2026-09-13 13:00:00-04:00,2026-09-13,CAR,1.0
6627,ed6d24ff979f9c71979fead577b0b3f7,2026-09-11 14:44:20 EDT,2026-09-13,CIN,TAM,CIN@TAM,DraftKings,player_pass_completions,Baker Mayfield,Over,20.5,-129,2026-09-13 17:00:00+00:00,2026-09-13 13:00:00-04:00,2026-09-13,TB,1.0
6630,ed6d24ff979f9c71979fead577b0b3f7,2026-09-11 14:44:20 EDT,2026-09-13,CIN,TAM,CIN@TAM,DraftKings,player_pass_yds,Joe Burrow,Over,269.5,-113,2026-09-13 17:00:00+00:00,2026-09-13 13:00:00-04:00,2026-09-13,CIN,1.0
6631,ed6d24ff979f9c71979fead577b0b3f7,2026-09-11 14:44:20 EDT,2026-09-13,CIN,TAM,CIN@TAM,DraftKings,player_pass_yds,Baker Mayfield,Over,230.5,-113,2026-09-13 17:00:00+00:00,2026-09-13 13:00:00-04:00,2026-09-13,TB,1.0
6639,ed6d24ff979f9c71979fead577b0b3f7,2026-09-11 14:44:20 EDT,2026-09-13,CIN,TAM,CIN@TAM,DraftKings,player_rush_yds,Chase Brown,Over,61.5,-111,2026-09-13 17:00:00+00:00,2026-09-13 13:00:00-04:00,2026-09-13,CIN,1.0
6641,ed6d24ff979f9c71979fead577b0b3f7,2026-09-11 14:44:20 EDT,2026-09-13,CIN,TAM,CIN@TAM,DraftKings,player_rush_yds,Kenny Gainwell,Over,23.5,-107,2026-09-13 17:00:00+00:00,2026-09-13 13:00:00-04:00,2026-09-13,TB,1.0
6642,ed6d24ff979f9c71979fead577b0b3f7,2026-09-11 14:44:20 EDT,2026-09-13,CIN,TAM,CIN@TAM,DraftKings,player_rush_yds,Samaje Perine,Over,18.5,-113,2026-09-13 17:00:00+00:00,2026-09-13 13:00:00-04:00,2026-09-13,CIN,1.0
6643,ed6d24ff979f9c71979fead577b0b3f7,2026-09-11 14:44:20 EDT,2026-09-13,CIN,TAM,CIN@TAM,DraftKings,player_rush_yds,Baker Mayfield,Over,16.5,-114,2026-09-13 17:00:00+00:00,2026-09-13 13:00:00-04:00,2026-09-13,TB,1.0
6646,ed6d24ff979f9c71979fead577b0b3f7,2026-09-11 14:44:20 EDT,2026-09-13,CIN,TAM,CIN@TAM,DraftKings,player_receptions,Tee Higgins,Over,4.5,-141,2026-09-13 17:00:00+00:00,2026-09-13 13:00:00-04:00,2026-09-13,CIN,1.0
6656,ed6d24ff979f9c71979fead577b0b3f7,2026-09-11 14:44:20 EDT,2026-09-13,CIN,TAM,CIN@TAM,DraftKings,player_reception_yds,Ja'Marr Chase,Over,85.5,-112,2026-09-13 17:00:00+00:00,2026-09-13 13:00:00-04:00,2026-09-13,CIN,1.0
6657,ed6d24ff979f9c71979fead577b0b3f7,2026-09-11 14:44:20 EDT,2026-09-13,CIN,TAM,CIN@TAM,DraftKings,player_reception_yds,Tee Higgins,Over,63.5,-114,2026-09-13 17:00:00+00:00,2026-09-13 13:00:00-04:00,2026-09-13,CIN,1.0
6658,ed6d24ff979f9c71979fead577b0b3f7,2026-09-11 14:44:20 EDT,2026-09-13,CIN,TAM,CIN@TAM,DraftKings,player_reception_yds,Emeka Egbuka,Over,57.5,-111,2026-09-13 17:00:00+00:00,2026-09-13 13:00:00-04:00,2026-09-13,TB,1.0
6660,ed6d24ff979f9c71979fead577b0b3f7,2026-09-11 14:44:20 EDT,2026-09-13,CIN,TAM,CIN@TAM,DraftKings,player_reception_yds,Cade Otton,Over,31.5,-110,2026-09-13 17:00:00+00:00,2026-09-13 13:00:00-04:00,2026-09-13,TB,1.0
6662,ed6d24ff979f9c71979fead577b0b3f7,2026-09-11 14:44:20 EDT,2026-09-13,CIN,TAM,CIN@TAM,DraftKings,player_reception_yds,Chase Brown,Over,23.5,-111,2026-09-13 17:00:00+00:00,2026-09-13 13:00:00-04:00,2026-09-13,CIN,1.0
6664,ed6d24ff979f9c71979fead577b0b3f7,2026-09-11 14:44:20 EDT,2026-09-13,CIN,TAM,CIN@TAM,DraftKings,player_reception_yds,Andrei Iosivas,Over,14.5,-113,2026-09-13 17:00:00+00:00,2026-09-13 13:00:00-04:00,2026-09-13,CIN,1.0
6705,ed6d24ff979f9c71979fead577b0b3f7,2026-09-11 14:44:20 EDT,2026-09-13,CIN,TAM,CIN@TAM,DraftKings,player_tds_over,Payne Durham,Over,2.5,25000,2026-09-13 17:00:00+00:00,2026-09-13 13:00:00-04:00,2026-09-13,TB,1.0
6707,ed6d24ff979f9c71979fead577b0b3f7,2026-09-11 14:44:20 EDT,2026-09-13,CIN,TAM,CIN@TAM,DraftKings,player_tds_over,Ko Kieft,Over,2.5,25000,2026-09-13 17:00:00+00:00,2026-09-13 13:00:00-04:00,2026-09-13,TB,1.0
6715,e55c6fe19fce094ce214c8b0e5b504e9,2026-09-11 14:44:20 EDT,2026-09-13,JAX,CLE,JAX@CLE,DraftKings,player_pass_attempts,Trevor Lawrence,Over,32.5,-102,2026-09-13 17:00:00+00:00,2026-09-13 13:00:00-04:00,2026-09-13,JAX,1.0
6727,e55c6fe19fce094ce214c8b0e5b504e9,2026-09-11 14:44:20 EDT,2026-09-13,JAX,CLE,JAX@CLE,DraftKings,player_rush_yds,Quinshon Judkins,Over,57.5,-113,2026-09-13 17:00:00+00:00,2026-09-13 13:00:00-04:00,2026-09-13,CLE,1.0
6728,e55c6fe19fce094ce214c8b0e5b504e9,2026-09-11 14:44:20 EDT,2026-09-13,JAX,CLE,JAX@CLE,DraftKings,player_rush_yds,Bhayshul Tuten,Over,47.5,-113,2026-09-13 17:00:00+00:00,2026-09-13 13:00:00-04:00,2026-09-13,JAX,1.0
6730,e55c6fe19fce094ce214c8b0e5b504e9,2026-09-11 14:44:20 EDT,2026-09-13,JAX,CLE,JAX@CLE,DraftKings,player_rush_yds,Deshaun Watson,Over,19.5,-111,2026-09-13 17:00:00+00:00,2026-09-13 13:00:00-04:00,2026-09-13,CLE,1.0
6744,e55c6fe19fce094ce214c8b0e5b504e9,2026-09-11 14:44:20 EDT,2026-09-13,JAX,CLE,JAX@CLE,DraftKings,player_reception_yds,Jakobi Meyers,Over,35.5,-113,2026-09-13 17:00:00+00:00,2026-09-13 13:00:00-04:00,2026-09-13,JAX,1.0
6745,e55c6fe19fce094ce214c8b0e5b504e9,2026-09-11 14:44:20 EDT,2026-09-13,JAX,CLE,JAX@CLE,DraftKings,player_reception_yds,Harold Fannin,Over,34.5,-114,2026-09-13 17:00:00+00:00,2026-09-13 13:00:00-04:00,2026-09-13,CLE,1.0
6748,e55c6fe19fce094ce214c8b0e5b504e9,2026-09-11 14:44:20 EDT,2026-09-13,JAX,CLE,JAX@CLE,DraftKings,player_reception_yds,Jerry Jeudy,Over,32.5,-109,2026-09-13 17:00:00+00:00,2026-09-13 13:00:00-04:00,2026-09-13,CLE,1.0
6795,e55c6fe19fce094ce214c8b0e5b504e9,2026-09-11 14:44:20 EDT,2026-09-13,JAX,CLE,JAX@CLE,DraftKings,player_tds_over,Travis Hunter,Over,2.5,25000,2026-09-13 17:00:00+00:00,2026-09-13 13:00:00-04:00,2026-09-13,JAX,1.0
6798,c1d3fcec25aaeb06ebd2244d33d338e0,2026-09-11 14:44:20 EDT,2026-09-13,DET,NOR,DET@NOR,DraftKings,player_pass_completions,Jared Goff,Over,23.5,-110,2026-09-13 17:00:00+00:00,2026-09-13 13:00:00-04:00,2026-09-13,DET,1.0
6802,c1d3fcec25aaeb06ebd2244d33d338e0,2026-09-11 14:44:20 EDT,2026-09-13,DET,NOR,DET@NOR,DraftKings,player_pass_yds,Jared Goff,Over,262.5,-113,2026-09-13 17:00:00+00:00,2026-09-13 13:00:00-04:00,2026-09-13,DET,1.0
6803,c1d3fcec25aaeb06ebd2244d33d338e0,2026-09-11 14:44:20 EDT,2026-09-13,DET,NOR,DET@NOR,DraftKings,player_pass_yds,Tyler Shough,Over,246.5,-112,2026-09-13 17:00:00+00:00,2026-09-13 13:00:00-04:00,2026-09-13,NO,1.0
6808,c1d3fcec25aaeb06ebd2244d33d338e0,2026-09-11 14:44:20 EDT,2026-09-13,DET,NOR,DET@NOR,DraftKings,player_rush_attempts,Jahmyr Gibbs,Over,18.5,-125,2026-09-13 17:00:00+00:00,2026-09-13 13:00:00-04:00,2026-09-13,DET,1.0
6810,c1d3fcec25aaeb06ebd2244d33d338e0,2026-09-11 14:44:20 EDT,2026-09-13,DET,NOR,DET@NOR,DraftKings,player_rush_attempts,Tyler Shough,Over,3.5,-159,2026-09-13 17:00:00+00:00,2026-09-13 13:00:00-04:00,2026-09-13,NO,1.0
6811,c1d3fcec25aaeb06ebd2244d33d338e0,2026-09-11 14:44:20 EDT,2026-09-13,DET,NOR,DET@NOR,DraftKings,player_rush_yds,Jahmyr Gibbs,Over,86.5,-112,2026-09-13 17:00:00+00:00,2026-09-13 13:00:00-04:00,2026-09-13,DET,1.0
6813,c1d3fcec25aaeb06ebd2244d33d338e0,2026-09-11 14:44:20 EDT,2026-09-13,DET,NOR,DET@NOR,DraftKings,player_rush_yds,Tyler Shough,Over,16.5,-115,2026-09-13 17:00:00+00:00,2026-09-13 13:00:00-04:00,2026-09-13,NO,1.0
6820,c1d3fcec25aaeb06ebd2244d33d338e0,2026-09-11 14:44:20 EDT,2026-09-13,DET,NOR,DET@NOR,DraftKings,player_receptions,Sam LaPorta,Over,3.5,-148,2026-09-13 17:00:00+00:00,2026-09-13 13:00:00-04:00,2026-09-13,DET,1.0
6825,c1d3fcec25aaeb06ebd2244d33d338e0,2026-09-11 14:44:20 EDT,2026-09-13,DET,NOR,DET@NOR,DraftKings,player_reception_yds,Chris Olave,Over,76.5,-113,2026-09-13 17:00:00+00:00,2026-09-13 13:00:00-04:00,2026-09-13,NO,1.0
6826,c1d3fcec25aaeb06ebd2244d33d338e0,2026-09-11 14:44:20 EDT,2026-09-13,DET,NOR,DET@NOR,DraftKings,player_reception_yds,Jameson Williams,Over,58.5,-113,2026-09-13 17:00:00+00:00,2026-09-13 13:00:00-04:00,2026-09-13,DET,1.0
6827,c1d3fcec25aaeb06ebd2244d33d338e0,2026-09-11 14:44:20 EDT,2026-09-13,DET,NOR,DET@NOR,DraftKings,player_reception_yds,Sam LaPorta,Over,42.5,-115,2026-09-13 17:00:00+00:00,2026-09-13 13:00:00-04:00,2026-09-13,DET,1.0
6829,c1d3fcec25aaeb06ebd2244d33d338e0,2026-09-11 14:44:20 EDT,2026-09-13,DET,NOR,DET@NOR,DraftKings,player_reception_yds,Devaughn Vele,Over,39.5,-113,2026-09-13 17:00:00+00:00,2026-09-13 13:00:00-04:00,2026-09-13,NO,1.0
6830,c1d3fcec25aaeb06ebd2244d33d338e0,2026-09-11 14:44:20 EDT,2026-09-13,DET,NOR,DET@NOR,DraftKings,player_reception_yds,Jahmyr Gibbs,Over,30.5,-111,2026-09-13 17:00:00+00:00,2026-09-13 13:00:00-04:00,2026-09-13,DET,1.0
6831,c1d3fcec25aaeb06ebd2244d33d338e0,2026-09-11 14:44:20 EDT,2026-09-13,DET,NOR,DET@NOR,DraftKings,player_reception_yds,Isaac TeSlaa,Over,16.5,-115,2026-09-13 17:00:00+00:00,2026-09-13 13:00:00-04:00,2026-09-13,DET,1.0
6832,c1d3fcec25aaeb06ebd2244d33d338e0,2026-09-11 14:44:20 EDT,2026-09-13,DET,NOR,DET@NOR,DraftKings,player_reception_yds,Travis Etienne,Over,15.5,-114,2026-09-13 17:00:00+00:00,2026-09-13 13:00:00-04:00,2026-09-13,NO,1.0
6864,c1d3fcec25aaeb06ebd2244d33d338e0,2026-09-11 14:44:20 EDT,2026-09-13,DET,NOR,DET@NOR,DraftKings,player_tds_over,Kendre Miller,Over,2.5,16000,2026-09-13 17:00:00+00:00,2026-09-13 13:00:00-04:00,2026-09-13,NO,1.0
6870,c1d3fcec25aaeb06ebd2244d33d338e0,2026-09-11 14:44:20 EDT,2026-09-13,DET,NOR,DET@NOR,DraftKings,player_tds_over,Jackson Meeks,Over,2.5,25000,2026-09-13 17:00:00+00:00,2026-09-13 13:00:00-04:00,2026-09-13,DET,1.0
6877,7dddb296a42e7a41a774b24bd1709ce1,2026-09-11 14:44:20 EDT,2026-09-13,TEN,NYJ,TEN@NYJ,DraftKings,player_pass_yds,Geno Smith,Over,203.5,-112,2026-09-13 17:00:00+00:00,2026-09-13 13:00:00-04:00,2026-09-13,NYJ,1.0
6883,7dddb296a42e7a41a774b24bd1709ce1,2026-09-11 14:44:20 EDT,2026-09-13,TEN,NYJ,TEN@NYJ,DraftKings,player_rush_attempts,Breece Hall,Over,16.5,-105,2026-09-13 17:00:00+00:00,2026-09-13 13:00:00-04:00,2026-09-13,NYJ,1.0
6884,7dddb296a42e7a41a774b24bd1709ce1,2026-09-11 14:44:20 EDT,2026-09-13,TEN,NYJ,TEN@NYJ,DraftKings,player_rush_attempts,Tony Pollard,Over,14.5,-101,2026-09-13 17:00:00+00:00,2026-09-13 13:00:00-04:00,2026-09-13,TEN,1.0
6885,7dddb296a42e7a41a774b24bd1709ce1,2026-09-11 14:44:20 EDT,2026-09-13,TEN,NYJ,TEN@NYJ,DraftKings,player_rush_attempts,Tyjae Spears,Over,6.5,-115,2026-09-13 17:00:00+00:00,2026-09-13 13:00:00-04:00,2026-09-13,TEN,1.0
6886,7dddb296a42e7a41a774b24bd1709ce1,2026-09-11 14:44:20 EDT,2026-09-13,TEN,NYJ,TEN@NYJ,DraftKings,player_rush_yds,Breece Hall,Over,65.5,-113,2026-09-13 17:00:00+00:00,2026-09-13 13:00:00-04:00,2026-09-13,NYJ,1.0
6887,7dddb296a42e7a41a774b24bd1709ce1,2026-09-11 14:44:20 EDT,2026-09-13,TEN,NYJ,TEN@NYJ,DraftKings,player_rush_yds,Tony Pollard,Over,52.5,-110,2026-09-13 17:00:00+00:00,2026-09-13 13:00:00-04:00,2026-09-13,TEN,1.0
6888,7dddb296a42e7a41a774b24bd1709ce1,2026-09-11 14:44:20 EDT,2026-09-13,TEN,NYJ,TEN@NYJ,DraftKings,player_rush_yds,Tyjae Spears,Over,24.5,-109,2026-09-13 17:00:00+00:00,2026-09-13 13:00:00-04:00,2026-09-13,TEN,1.0
6889,7dddb296a42e7a41a774b24bd1709ce1,2026-09-11 14:44:20 EDT,2026-09-13,TEN,NYJ,TEN@NYJ,DraftKings,player_rush_yds,Braelon Allen,Over,16.5,-107,2026-09-13 17:00:00+00:00,2026-09-13 13:00:00-04:00,2026-09-13,NYJ,1.0
6903,7dddb296a42e7a41a774b24bd1709ce1,2026-09-11 14:44:20 EDT,2026-09-13,TEN,NYJ,TEN@NYJ,DraftKings,player_reception_yds,Garrett Wilson,Over,62.5,-110,2026-09-13 17:00:00+00:00,2026-09-13 13:00:00-04:00,2026-09-13,NYJ,1.0
6904,7dddb296a42e7a41a774b24bd1709ce1,2026-09-11 14:44:20 EDT,2026-09-13,TEN,NYJ,TEN@NYJ,DraftKings,player_reception_yds,Wan'Dale Robinson,Over,42.5,-112,2026-09-13 17:00:00+00:00,2026-09-13 13:00:00-04:00,2026-09-13,TEN,1.0
6910,7dddb296a42e7a41a774b24bd1709ce1,2026-09-11 14:44:20 EDT,2026-09-13,TEN,NYJ,TEN@NYJ,DraftKings,player_reception_yds,Mason Taylor,Over,19.5,-115,2026-09-13 17:00:00+00:00,2026-09-13 13:00:00-04:00,2026-09-13,NYJ,1.0
6911,7dddb296a42e7a41a774b24bd1709ce1,2026-09-11 14:44:20 EDT,2026-09-13,TEN,NYJ,TEN@NYJ,DraftKings,player_reception_yds,Tyjae Spears,Over,17.5,-112,2026-09-13 17:00:00+00:00,2026-09-13 13:00:00-04:00,2026-09-13,TEN,1.0
6912,7dddb296a42e7a41a774b24bd1709ce1,2026-09-11 14:44:20 EDT,2026-09-13,TEN,NYJ,TEN@NYJ,DraftKings,player_reception_yds,Kenyon Sadiq,Over,13.5,-115,2026-09-13 17:00:00+00:00,2026-09-13 13:00:00-04:00,2026-09-13,NYJ,1.0
6935,7dddb296a42e7a41a774b24bd1709ce1,2026-09-11 14:44:20 EDT,2026-09-13,TEN,NYJ,TEN@NYJ,DraftKings,player_tds_over,Tim Patrick,Over,1.5,18000,2026-09-13 17:00:00+00:00,2026-09-13 13:00:00-04:00,2026-09-13,NYJ,1.0
6941,7dddb296a42e7a41a774b24bd1709ce1,2026-09-11 14:44:20 EDT,2026-09-13,TEN,NYJ,TEN@NYJ,DraftKings,player_tds_over,Kene Nwangwu,Over,1.5,25000,2026-09-13 17:00:00+00:00,2026-09-13 13:00:00-04:00,2026-09-13,NYJ,1.0
6961,1edfa5ceaa1ad2cb57df1c1b908731f6,2026-09-11 14:44:20 EDT,2026-09-13,LAC,ARI,LAC@ARI,DraftKings,player_pass_yds,Justin Herbert,Over,239.5,-112,2026-09-13 20:25:00+00:00,2026-09-13 16:25:00-04:00,2026-09-13,LAC,1.0
6965,1edfa5ceaa1ad2cb57df1c1b908731f6,2026-09-11 14:44:20 EDT,2026-09-13,LAC,ARI,LAC@ARI,DraftKings,player_pass_tds,Justin Herbert,Over,2.5,171,2026-09-13 20:25:00+00:00,2026-09-13 16:25:00-04:00,2026-09-13,LAC,1.0
6969,1edfa5ceaa1ad2cb57df1c1b908731f6,2026-09-11 14:44:20 EDT,2026-09-13,LAC,ARI,LAC@ARI,DraftKings,player_rush_yds,Omarion Hampton,Over,67.5,-113,2026-09-13 20:25:00+00:00,2026-09-13 16:25:00-04:00,2026-09-13,LAC,1.0
6970,1edfa5ceaa1ad2cb57df1c1b908731f6,2026-09-11 14:44:20 EDT,2026-09-13,LAC,ARI,LAC@ARI,DraftKings,player_rush_yds,Jeremiyah Love,Over,38.5,-109,2026-09-13 20:25:00+00:00,2026-09-13 16:25:00-04:00,2026-09-13,ARZ,1.0
6971,1edfa5ceaa1ad2cb57df1c1b908731f6,2026-09-11 14:44:20 EDT,2026-09-13,LAC,ARI,LAC@ARI,DraftKings,player_rush_yds,Tyler Allgeier,Over,29.5,-110,2026-09-13 20:25:00+00:00,2026-09-13 16:25:00-04:00,2026-09-13,ARZ,1.0
6972,1edfa5ceaa1ad2cb57df1c1b908731f6,2026-09-11 14:44:20 EDT,2026-09-13,LAC,ARI,LAC@ARI,DraftKings,player_rush_yds,Justin Herbert,Over,21.5,-113,2026-09-13 20:25:00+00:00,2026-09-13 16:25:00-04:00,2026-09-13,LAC,1.0
6976,1edfa5ceaa1ad2cb57df1c1b908731f6,2026-09-11 14:44:20 EDT,2026-09-13,LAC,ARI,LAC@ARI,DraftKings,player_receptions,Marvin Harrison Jr.,Over,4.5,128,2026-09-13 20:25:00+00:00,2026-09-13 16:25:00-04:00,2026-09-13,ARZ,1.0
6986,1edfa5ceaa1ad2cb57df1c1b908731f6,2026-09-11 14:44:20 EDT,2026-09-13,LAC,ARI,LAC@ARI,DraftKings,player_reception_yds,Marvin Harrison Jr.,Over,47.5,-110,2026-09-13 20:25:00+00:00,2026-09-13 16:25:00-04:00,2026-09-13,ARZ,1.0
6988,1edfa5ceaa1ad2cb57df1c1b908731f6,2026-09-11 14:44:20 EDT,2026-09-13,LAC,ARI,LAC@ARI,DraftKings,player_reception_yds,Michael Wilson,Over,40.5,-113,2026-09-13 20:25:00+00:00,2026-09-13 16:25:00-04:00,2026-09-13,ARZ,1.0
6991,1edfa5ceaa1ad2cb57df1c1b908731f6,2026-09-11 14:44:20 EDT,2026-09-13,LAC,ARI,LAC@ARI,DraftKings,player_reception_yds,Charlie Kolar,Over,16.5,-111,2026-09-13 20:25:00+00:00,2026-09-13 16:25:00-04:00,2026-09-13,LAC,1.0
6993,1edfa5ceaa1ad2cb57df1c1b908731f6,2026-09-11 14:44:20 EDT,2026-09-13,LAC,ARI,LAC@ARI,DraftKings,player_reception_yds,Omarion Hampton,Over,13.5,-110,2026-09-13 20:25:00+00:00,2026-09-13 16:25:00-04:00,2026-09-13,LAC,1.0
7036,1edfa5ceaa1ad2cb57df1c1b908731f6,2026-09-11 14:44:20 EDT,2026-09-13,LAC,ARI,LAC@ARI,DraftKings,player_tds_over,Reggie Virgil,Over,2.5,25000,2026-09-13 20:25:00+00:00,2026-09-13 16:25:00-04:00,2026-09-13,ARZ,1.0
7037,1edfa5ceaa1ad2cb57df1c1b908731f6,2026-09-11 14:44:20 EDT,2026-09-13,LAC,ARI,LAC@ARI,DraftKings,player_tds_over,Jacoby Brissett,Over,2.5,25000,2026-09-13 20:25:00+00:00,2026-09-13 16:25:00-04:00,2026-09-13,ARZ,1.0
7044,cb77efed7e711d25a72c1a2a0a1af119,2026-09-11 14:44:20 EDT,2026-09-13,MIN,GNB,MIN@GNB,DraftKings,player_pass_yds,Jordan Love,Over,238.5,-113,2026-09-13 20:25:00+00:00,2026-09-13 16:25:00-04:00,2026-09-13,GB,1.0
7045,cb77efed7e711d25a72c1a2a0a1af119,2026-09-11 14:44:20 EDT,2026-09-13,MIN,GNB,MIN@GNB,DraftKings,player_pass_yds,Kyler Murray,Over,219.5,-111,2026-09-13 20:25:00+00:00,2026-09-13 16:25:00-04:00,2026-09-13,MIN,1.0
7055,cb77efed7e711d25a72c1a2a0a1af119,2026-09-11 14:44:20 EDT,2026-09-13,MIN,GNB,MIN@GNB,DraftKings,player_rush_yds,Jordan Mason,Over,44.5,-114,2026-09-13 20:25:00+00:00,2026-09-13 16:25:00-04:00,2026-09-13,MIN,1.0
7056,cb77efed7e711d25a72c1a2a0a1af119,2026-09-11 14:44:20 EDT,2026-09-13,MIN,GNB,MIN@GNB,DraftKings,player_rush_yds,MarShawn Lloyd,Over,42.5,-110,2026-09-13 20:25:00+00:00,2026-09-13 16:25:00-04:00,2026-09-13,GB,1.0
7057,cb77efed7e711d25a72c1a2a0a1af119,2026-09-11 14:44:20 EDT,2026-09-13,MIN,GNB,MIN@GNB,DraftKings,player_rush_yds,Aaron Jones,Over,29.5,-108,2026-09-13 20:25:00+00:00,2026-09-13 16:25:00-04:00,2026-09-13,MIN,1.0
7059,cb77efed7e711d25a72c1a2a0a1af119,2026-09-11 14:44:20 EDT,2026-09-13,MIN,GNB,MIN@GNB,DraftKings,player_rush_yds,Jordan Love,Over,10.5,-106,2026-09-13 20:25:00+00:00,2026-09-13 16:25:00-04:00,2026-09-13,GB,1.0
7060,cb77efed7e711d25a72c1a2a0a1af119,2026-09-11 14:44:20 EDT,2026-09-13,MIN,GNB,MIN@GNB,DraftKings,player_receptions,Justin Jefferson,Over,5.5,-141,2026-09-13 20:25:00+00:00,2026-09-13 16:25:00-04:00,2026-09-13,MIN,1.0
7070,cb77efed7e711d25a72c1a2a0a1af119,2026-09-11 14:44:20 EDT,2026-09-13,MIN,GNB,MIN@GNB,DraftKings,player_reception_yds,Justin Jefferson,Over,73.5,-114,2026-09-13 20:25:00+00:00,2026-09-13 16:25:00-04:00,2026-09-13,MIN,1.0
7071,cb77efed7e711d25a72c1a2a0a1af119,2026-09-11 14:44:20 EDT,2026-09-13,MIN,GNB,MIN@GNB,DraftKings,player_reception_yds,Christian Watson,Over,54.5,-111,2026-09-13 20:25:00+00:00,2026-09-13 16:25:00-04:00,2026-09-13,GB,1.0
7072,cb77efed7e711d25a72c1a2a0a1af119,2026-09-11 14:44:20 EDT,2026-09-13,MIN,GNB,MIN@GNB,DraftKings,player_reception_yds,Tucker Kraft,Over,43.5,-115,2026-09-13 20:25:00+00:00,2026-09-13 16:25:00-04:00,2026-09-13,GB,1.0
7073,cb77efed7e711d25a72c1a2a0a1af119,2026-09-11 14:44:20 EDT,2026-09-13,MIN,GNB,MIN@GNB,DraftKings,player_reception_yds,Jayden Reed,Over,42.5,-114,2026-09-13 20:25:00+00:00,2026-09-13 16:25:00-04:00,2026-09-13,GB,1.0
7076,cb77efed7e711d25a72c1a2a0a1af119,2026-09-11 14:44:20 EDT,2026-09-13,MIN,GNB,MIN@GNB,DraftKings,player_reception_yds,TJ Hockenson,Over,26.5,-111,2026-09-13 20:25:00+00:00,2026-09-13 16:25:00-04:00,2026-09-13,MIN,1.0
7101,cb77efed7e711d25a72c1a2a0a1af119,2026-09-11 14:44:20 EDT,2026-09-13,MIN,GNB,MIN@GNB,DraftKings,player_tds_over,Bo Melton,Over,1.5,19000,2026-09-13 20:25:00+00:00,2026-09-13 16:25:00-04:00,2026-09-13,GB,1.0
7129,c5d95f48a16849ab6bebc68fbbfcb74a,2026-09-11 14:44:20 EDT,2026-09-13,LVR,MIA,LVR@MIA,DraftKings,player_pass_attempts,Kirk Cousins,Over,28.5,-126,2026-09-13 20:25:00+00:00,2026-09-13 16:25:00-04:00,2026-09-13,LV,1.0
7130,c5d95f48a16849ab6bebc68fbbfcb74a,2026-09-11 14:44:20 EDT,2026-09-13,LVR,MIA,LVR@MIA,DraftKings,player_pass_attempts,Malik Willis,Over,27.5,-103,2026-09-13 20:25:00+00:00,2026-09-13 16:25:00-04:00,2026-09-13,MIA,1.0
7132,c5d95f48a16849ab6bebc68fbbfcb74a,2026-09-11 14:44:20 EDT,2026-09-13,LVR,MIA,LVR@MIA,DraftKings,player_pass_yds,Malik Willis,Over,180.5,-114,2026-09-13 20:25:00+00:00,2026-09-13 16:25:00-04:00,2026-09-13,MIA,1.0
7140,c5d95f48a16849ab6bebc68fbbfcb74a,2026-09-11 14:44:20 EDT,2026-09-13,LVR,MIA,LVR@MIA,DraftKings,player_rush_yds,De'Von Achane,Over,71.5,-110,2026-09-13 20:25:00+00:00,2026-09-13 16:25:00-04:00,2026-09-13,MIA,1.0
7141,c5d95f48a16849ab6bebc68fbbfcb74a,2026-09-11 14:44:20 EDT,2026-09-13,LVR,MIA,LVR@MIA,DraftKings,player_rush_yds,Ashton Jeanty,Over,58.5,-110,2026-09-13 20:25:00+00:00,2026-09-13 16:25:00-04:00,2026-09-13,LV,1.0
7143,c5d95f48a16849ab6bebc68fbbfcb74a,2026-09-11 14:44:20 EDT,2026-09-13,LVR,MIA,LVR@MIA,DraftKings,player_rush_yds,Kirk Cousins,Over,0.5,123,2026-09-13 20:25:00+00:00,2026-09-13 16:25:00-04:00,2026-09-13,LV,1.0
7157,c5d95f48a16849ab6bebc68fbbfcb74a,2026-09-11 14:44:20 EDT,2026-09-13,LVR,MIA,LVR@MIA,DraftKings,player_reception_yds,Caleb Douglas,Over,27.5,-109,2026-09-13 20:25:00+00:00,2026-09-13 16:25:00-04:00,2026-09-13,MIA,1.0
7159,c5d95f48a16849ab6bebc68fbbfcb74a,2026-09-11 14:44:20 EDT,2026-09-13,LVR,MIA,LVR@MIA,DraftKings,player_reception_yds,Greg Dulcich,Over,26.5,-109,2026-09-13 20:25:00+00:00,2026-09-13 16:25:00-04:00,2026-09-13,MIA,1.0
7161,c5d95f48a16849ab6bebc68fbbfcb74a,2026-09-11 14:44:20 EDT,2026-09-13,LVR,MIA,LVR@MIA,DraftKings,player_reception_yds,Ashton Jeanty,Over,16.5,-118,2026-09-13 20:25:00+00:00,2026-09-13 16:25:00-04:00,2026-09-13,LV,1.0
7197,c5d95f48a16849ab6bebc68fbbfcb74a,2026-09-11 14:44:20 EDT,2026-09-13,LVR,MIA,LVR@MIA,DraftKings,player_tds_over,Jalen Tolbert,Over,2.5,20000,2026-09-13 20:25:00+00:00,2026-09-13 16:25:00-04:00,2026-09-13,MIA,1.0
7199,c5d95f48a16849ab6bebc68fbbfcb74a,2026-09-11 14:44:20 EDT,2026-09-13,LVR,MIA,LVR@MIA,DraftKings,player_tds_over,Connor Heyward,Over,2.5,25000,2026-09-13 20:25:00+00:00,2026-09-13 16:25:00-04:00,2026-09-13,LV,1.0
7202,17885cb8dcade8f6c3bce14b2de805e8,2026-09-11 14:44:20 EDT,2026-09-13,PHI,WAS,PHI@WAS,DraftKings,player_pass_completions,Jayden Daniels,Over,17.5,-114,2026-09-13 20:25:00+00:00,2026-09-13 16:25:00-04:00,2026-09-13,WAS,1.0
7205,17885cb8dcade8f6c3bce14b2de805e8,2026-09-11 14:44:20 EDT,2026-09-13,PHI,WAS,PHI@WAS,DraftKings,player_pass_yds,Jalen Hurts,Over,211.5,-112,2026-09-13 20:25:00+00:00,2026-09-13 16:25:00-04:00,2026-09-13,PHI,1.0
7211,17885cb8dcade8f6c3bce14b2de805e8,2026-09-11 14:44:20 EDT,2026-09-13,PHI,WAS,PHI@WAS,DraftKings,player_rush_attempts,Saquon Barkley,Over,18.5,101,2026-09-13 20:25:00+00:00,2026-09-13 16:25:00-04:00,2026-09-13,PHI,1.0
7212,17885cb8dcade8f6c3bce14b2de805e8,2026-09-11 14:44:20 EDT,2026-09-13,PHI,WAS,PHI@WAS,DraftKings,player_rush_attempts,Jacory Croskey-Merritt,Over,10.5,-119,2026-09-13 20:25:00+00:00,2026-09-13 16:25:00-04:00,2026-09-13,WAS,1.0
7216,17885cb8dcade8f6c3bce14b2de805e8,2026-09-11 14:44:20 EDT,2026-09-13,PHI,WAS,PHI@WAS,DraftKings,player_rush_yds,Saquon Barkley,Over,78.5,-111,2026-09-13 20:25:00+00:00,2026-09-13 16:25:00-04:00,2026-09-13,PHI,1.0
7230,17885cb8dcade8f6c3bce14b2de805e8,2026-09-11 14:44:20 EDT,2026-09-13,PHI,WAS,PHI@WAS,DraftKings,player_reception_yds,DeVonta Smith,Over,67.5,-114,2026-09-13 20:25:00+00:00,2026-09-13 16:25:00-04:00,2026-09-13,CAR,1.0
7233,17885cb8dcade8f6c3bce14b2de805e8,2026-09-11 14:44:20 EDT,2026-09-13,PHI,WAS,PHI@WAS,DraftKings,player_reception_yds,Dallas Goedert,Over,35.5,-110,2026-09-13 20:25:00+00:00,2026-09-13 16:25:00-04:00,2026-09-13,PHI,1.0
7234,17885cb8dcade8f6c3bce14b2de805e8,2026-09-11 14:44:20 EDT,2026-09-13,PHI,WAS,PHI@WAS,DraftKings,player_reception_yds,Dontayvion Wicks,Over,29.5,-112,2026-09-13 20:25:00+00:00,2026-09-13 16:25:00-04:00,2026-09-13,PHI,1.0
7235,17885cb8dcade8f6c3bce14b2de805e8,2026-09-11 14:44:20 EDT,2026-09-13,PHI,WAS,PHI@WAS,DraftKings,player_reception_yds,Chig Okonkwo,Over,25.5,-113,2026-09-13 20:25:00+00:00,2026-09-13 16:25:00-04:00,2026-09-13,WAS,1.0
7236,17885cb8dcade8f6c3bce14b2de805e8,2026-09-11 14:44:20 EDT,2026-09-13,PHI,WAS,PHI@WAS,DraftKings,player_reception_yds,Makai Lemon,Over,22.5,-115,2026-09-13 20:25:00+00:00,2026-09-13 16:25:00-04:00,2026-09-13,PHI,1.0
7237,17885cb8dcade8f6c3bce14b2de805e8,2026-09-11 14:44:20 EDT,2026-09-13,PHI,WAS,PHI@WAS,DraftKings,player_reception_yds,Saquon Barkley,Over,16.5,-110,2026-09-13 20:25:00+00:00,2026-09-13 16:25:00-04:00,2026-09-13,PHI,1.0
7238,17885cb8dcade8f6c3bce14b2de805e8,2026-09-11 14:44:20 EDT,2026-09-13,PHI,WAS,PHI@WAS,DraftKings,player_reception_yds,Rachaad White,Over,14.5,-117,2026-09-13 20:25:00+00:00,2026-09-13 16:25:00-04:00,2026-09-13,WAS,1.0
7239,17885cb8dcade8f6c3bce14b2de805e8,2026-09-11 14:44:20 EDT,2026-09-13,PHI,WAS,PHI@WAS,DraftKings,player_reception_yds,Jacory Croskey-Merritt,Over,7.5,-104,2026-09-13 20:25:00+00:00,2026-09-13 16:25:00-04:00,2026-09-13,WAS,1.0
7254,17885cb8dcade8f6c3bce14b2de805e8,2026-09-11 14:44:20 EDT,2026-09-13,PHI,WAS,PHI@WAS,DraftKings,player_tds_over,Eli Stowers,Over,1.5,11000,2026-09-13 20:25:00+00:00,2026-09-13 16:25:00-04:00,2026-09-13,PHI,1.0
7281,17885cb8dcade8f6c3bce14b2de805e8,2026-09-11 14:44:20 EDT,2026-09-13,PHI,WAS,PHI@WAS,DraftKings,player_tds_over,Eli Stowers,Over,2.5,20000,2026-09-13 20:25:00+00:00,2026-09-13 16:25:00-04:00,2026-09-13,PHI,1.0
7282,17885cb8dcade8f6c3bce14b2de805e8,2026-09-11 14:44:20 EDT,2026-09-13,PHI,WAS,PHI@WAS,DraftKings,player_tds_over,Darius Cooper,Over,2.5,25000,2026-09-13 20:25:00+00:00,2026-09-13 16:25:00-04:00,2026-09-13,PHI,1.0
7283,17885cb8dcade8f6c3bce14b2de805e8,2026-09-11 14:44:20 EDT,2026-09-13,PHI,WAS,PHI@WAS,DraftKings,player_tds_over,Will Shipley,Over,2.5,25000,2026-09-13 20:25:00+00:00,2026-09-13 16:25:00-04:00,2026-09-13,PHI,1.0
7284,17885cb8dcade8f6c3bce14b2de805e8,2026-09-11 14:44:20 EDT,2026-09-13,PHI,WAS,PHI@WAS,DraftKings,player_tds_over,Antonio Williams,Over,2.5,25000,2026-09-13 20:25:00+00:00,2026-09-13 16:25:00-04:00,2026-09-13,WAS,1.0
7290,3e646c7479c57f5d9752d8c7dfe7059b,2026-09-11 14:44:20 EDT,2026-09-13,NYG,DAL,NYG@DAL,DraftKings,player_pass_attempts,Jaxson Dart,Over,28.5,-127,2026-09-14 00:20:00+00:00,2026-09-13 20:20:00-04:00,2026-09-13,NYG,1.0
7291,3e646c7479c57f5d9752d8c7dfe7059b,2026-09-11 14:44:20 EDT,2026-09-13,NYG,DAL,NYG@DAL,DraftKings,player_pass_yds,Dak Prescott,Over,260.5,-111,2026-09-14 00:20:00+00:00,2026-09-13 20:20:00-04:00,2026-09-13,DAL,1.0
7300,3e646c7479c57f5d9752d8c7dfe7059b,2026-09-11 14:44:20 EDT,2026-09-13,NYG,DAL,NYG@DAL,DraftKings,player_rush_yds,Javonte Williams,Over,72.5,-113,2026-09-14 00:20:00+00:00,2026-09-13 20:20:00-04:00,2026-09-13,DAL,1.0
7303,3e646c7479c57f5d9752d8c7dfe7059b,2026-09-11 14:44:20 EDT,2026-09-13,NYG,DAL,NYG@DAL,DraftKings,player_rush_yds,Malik Davis,Over,14.5,-109,2026-09-14 00:20:00+00:00,2026-09-13 20:20:00-04:00,2026-09-13,DAL,1.0
7305,3e646c7479c57f5d9752d8c7dfe7059b,2026-09-11 14:44:20 EDT,2026-09-13,NYG,DAL,NYG@DAL,DraftKings,player_rush_yds,KaVontae Turpin,Over,3.5,-113,2026-09-14 00:20:00+00:00,2026-09-13 20:20:00-04:00,2026-09-13,DAL,1.0
7306,3e646c7479c57f5d9752d8c7dfe7059b,2026-09-11 14:44:20 EDT,2026-09-13,NYG,DAL,NYG@DAL,DraftKings,player_receptions,CeeDee Lamb,Over,6.5,115,2026-09-14 00:20:00+00:00,2026-09-13 20:20:00-04:00,2026-09-13,DAL,1.0
7307,3e646c7479c57f5d9752d8c7dfe7059b,2026-09-11 14:44:20 EDT,2026-09-13,NYG,DAL,NYG@DAL,DraftKings,player_receptions,Malik Nabers,Over,5.5,121,2026-09-14 00:20:00+00:00,2026-09-13 20:20:00-04:00,2026-09-13,NYG,1.0
7319,3e646c7479c57f5d9752d8c7dfe7059b,2026-09-11 14:44:20 EDT,2026-09-13,NYG,DAL,NYG@DAL,DraftKings,player_reception_yds,CeeDee Lamb,Over,76.5,-113,2026-09-14 00:20:00+00:00,2026-09-13 20:20:00-04:00,2026-09-13,DAL,1.0
7320,3e646c7479c57f5d9752d8c7dfe7059b,2026-09-11 14:44:20 EDT,2026-09-13,NYG,DAL,NYG@DAL,DraftKings,player_reception_yds,George Pickens,Over,67.5,-111,2026-09-14 00:20:00+00:00,2026-09-13 20:20:00-04:00,2026-09-13,DAL,1.0
7321,3e646c7479c57f5d9752d8c7dfe7059b,2026-09-11 14:44:20 EDT,2026-09-13,NYG,DAL,NYG@DAL,DraftKings,player_reception_yds,Malik Nabers,Over,59.5,-109,2026-09-14 00:20:00+00:00,2026-09-13 20:20:00-04:00,2026-09-13,NYG,1.0
7322,3e646c7479c57f5d9752d8c7dfe7059b,2026-09-11 14:44:20 EDT,2026-09-13,NYG,DAL,NYG@DAL,DraftKings,player_reception_yds,Isaiah Likely,Over,35.5,-110,2026-09-14 00:20:00+00:00,2026-09-13 20:20:00-04:00,2026-09-13,NYG,1.0
7325,3e646c7479c57f5d9752d8c7dfe7059b,2026-09-11 14:44:20 EDT,2026-09-13,NYG,DAL,NYG@DAL,DraftKings,player_reception_yds,Malachi Fields,Over,21.5,-109,2026-09-14 00:20:00+00:00,2026-09-13 20:20:00-04:00,2026-09-13,NYG,1.0
7327,3e646c7479c57f5d9752d8c7dfe7059b,2026-09-11 14:44:20 EDT,2026-09-13,NYG,DAL,NYG@DAL,DraftKings,player_reception_yds,Cam Skattebo,Over,14.5,-115,2026-09-14 00:20:00+00:00,2026-09-13 20:20:00-04:00,2026-09-13,NYG,1.0
7348,3e646c7479c57f5d9752d8c7dfe7059b,2026-09-11 14:44:20 EDT,2026-09-13,NYG,DAL,NYG@DAL,DraftKings,player_tds_over,Malik Davis,Over,1.5,9000,2026-09-14 00:20:00+00:00,2026-09-13 20:20:00-04:00,2026-09-13,DAL,1.0
7358,3e646c7479c57f5d9752d8c7dfe7059b,2026-09-11 14:44:20 EDT,2026-09-13,NYG,DAL,NYG@DAL,DraftKings,player_tds_over,Thomas Fidone,Over,1.5,25000,2026-09-14 00:20:00+00:00,2026-09-13 20:20:00-04:00,2026-09-13,,1.0
7373,3e646c7479c57f5d9752d8c7dfe7059b,2026-09-11 14:44:20 EDT,2026-09-13,NYG,DAL,NYG@DAL,DraftKings,player_tds_over,Malik Davis,Over,2.5,25000,2026-09-14 00:20:00+00:00,2026-09-13 20:20:00-04:00,2026-09-13,DAL,1.0
7374,3e646c7479c57f5d9752d8c7dfe7059b,2026-09-11 14:44:20 EDT,2026-09-13,NYG,DAL,NYG@DAL,DraftKings,player_tds_over,Luke Schoonmaker,Over,2.5,25000,2026-09-14 00:20:00+00:00,2026-09-13 20:20:00-04:00,2026-09-13,DAL,1.0
7385,5ad8135dc2b5f27de0b777acd317855a,2026-09-11 14:44:20 EDT,2026-09-14,KAN,DEN,KAN@DEN,DraftKings,player_pass_yds,Patrick Mahomes,Over,231.5,-111,2026-09-15 00:15:00+00:00,2026-09-14 20:15:00-04:00,2026-09-14,KC,1.0
7395,5ad8135dc2b5f27de0b777acd317855a,2026-09-11 14:44:20 EDT,2026-09-14,KAN,DEN,KAN@DEN,DraftKings,player_rush_yds,Kenneth Walker,Over,60.5,-114,2026-09-15 00:15:00+00:00,2026-09-14 20:15:00-04:00,2026-09-14,KC,1.0
7399,5ad8135dc2b5f27de0b777acd317855a,2026-09-11 14:44:20 EDT,2026-09-14,KAN,DEN,KAN@DEN,DraftKings,player_rush_yds,Patrick Mahomes,Over,14.5,-118,2026-09-15 00:15:00+00:00,2026-09-14 20:15:00-04:00,2026-09-14,KC,1.0
7402,5ad8135dc2b5f27de0b777acd317855a,2026-09-11 14:44:20 EDT,2026-09-14,KAN,DEN,KAN@DEN,DraftKings,player_receptions,Travis Kelce,Over,4.5,122,2026-09-15 00:15:00+00:00,2026-09-14 20:15:00-04:00,2026-09-14,KC,1.0
7403,5ad8135dc2b5f27de0b777acd317855a,2026-09-11 14:44:20 EDT,2026-09-14,KAN,DEN,KAN@DEN,DraftKings,player_receptions,Courtland Sutton,Over,4.5,123,2026-09-15 00:15:00+00:00,2026-09-14 20:15:00-04:00,2026-09-14,DEN,1.0
7412,5ad8135dc2b5f27de0b777acd317855a,2026-09-11 14:44:20 EDT,2026-09-14,KAN,DEN,KAN@DEN,DraftKings,player_reception_yds,Rashee Rice,Over,59.5,-113,2026-09-15 00:15:00+00:00,2026-09-14 20:15:00-04:00,2026-09-14,KC,1.0
7414,5ad8135dc2b5f27de0b777acd317855a,2026-09-11 14:44:20 EDT,2026-09-14,KAN,DEN,KAN@DEN,DraftKings,player_reception_yds,Courtland Sutton,Over,44.5,-114,2026-09-15 00:15:00+00:00,2026-09-14 20:15:00-04:00,2026-09-14,DEN,1.0
7415,5ad8135dc2b5f27de0b777acd317855a,2026-09-11 14:44:20 EDT,2026-09-14,KAN,DEN,KAN@DEN,DraftKings,player_reception_yds,Travis Kelce,Over,43.5,-110,2026-09-15 00:15:00+00:00,2026-09-14 20:15:00-04:00,2026-09-14,KC,1.0
7416,5ad8135dc2b5f27de0b777acd317855a,2026-09-11 14:44:20 EDT,2026-09-14,KAN,DEN,KAN@DEN,DraftKings,player_reception_yds,Xavier Worthy,Over,37.5,-113,2026-09-15 00:15:00+00:00,2026-09-14 20:15:00-04:00,2026-09-14,KC,1.0
7417,5ad8135dc2b5f27de0b777acd317855a,2026-09-11 14:44:20 EDT,2026-09-14,KAN,DEN,KAN@DEN,DraftKings,player_reception_yds,Pat Bryant,Over,23.5,-108,2026-09-15 00:15:00+00:00,2026-09-14 20:15:00-04:00,2026-09-14,DEN,1.0
7419,5ad8135dc2b5f27de0b777acd317855a,2026-09-11 14:44:20 EDT,2026-09-14,KAN,DEN,KAN@DEN,DraftKings,player_reception_yds,Tyquan Thornton,Over,20.5,-109,2026-09-15 00:15:00+00:00,2026-09-14 20:15:00-04:00,2026-09-14,KC,1.0
7420,5ad8135dc2b5f27de0b777acd317855a,2026-09-11 14:44:20 EDT,2026-09-14,KAN,DEN,KAN@DEN,DraftKings,player_reception_yds,Kenneth Walker,Over,17.5,-116,2026-09-15 00:15:00+00:00,2026-09-14 20:15:00-04:00,2026-09-14,KC,1.0
7423,5ad8135dc2b5f27de0b777acd317855a,2026-09-11 14:44:20 EDT,2026-09-14,KAN,DEN,KAN@DEN,DraftKings,player_reception_yds,Adam Trautman,Over,8.5,-107,2026-09-15 00:15:00+00:00,2026-09-14 20:15:00-04:00,2026-09-14,DEN,1.0
7467,5ad8135dc2b5f27de0b777acd317855a,2026-09-11 14:44:20 EDT,2026-09-14,KAN,DEN,KAN@DEN,DraftKings,player_tds_over,Jonah Coleman,Over,2.5,25000,2026-09-15 00:15:00+00:00,2026-09-14 20:15:00-04:00,2026-09-14,DEN,1.0
7470,5ad8135dc2b5f27de0b777acd317855a,2026-09-11 14:44:20 EDT,2026-09-14,KAN,DEN,KAN@DEN,DraftKings,player_tds_over,Troy Franklin,Over,2.5,25000,2026-09-15 00:15:00+00:00,2026-09-14 20:15:00-04:00,2026-09-14,DEN,1.0
7473,95c01d1bb797d6df14824b106c5a9130,2026-09-12 20:36:23 EDT,2026-09-13,PIT,ATL,PIT@ATL,DraftKings,player_pass_completions,Aaron Rodgers,Over,20.5,-134,2026-09-13 17:00:00+00:00,2026-09-13 13:00:00-04:00,2026-09-13,PIT,1.0
7474,95c01d1bb797d6df14824b106c5a9130,2026-09-12 20:36:23 EDT,2026-09-13,PIT,ATL,PIT@ATL,DraftKings,player_pass_attempts,Aaron Rodgers,Over,31.5,-105,2026-09-13 17:00:00+00:00,2026-09-13 13:00:00-04:00,2026-09-13,PIT,1.0
7475,95c01d1bb797d6df14824b106c5a9130,2026-09-12 20:36:23 EDT,2026-09-13,PIT,ATL,PIT@ATL,DraftKings,player_pass_yds,Aaron Rodgers,Over,213.5,-113,2026-09-13 17:00:00+00:00,2026-09-13 13:00:00-04:00,2026-09-13,PIT,1.0
7476,95c01d1bb797d6df14824b106c5a9130,2026-09-12 20:36:23 EDT,2026-09-13,PIT,ATL,PIT@ATL,DraftKings,player_pass_interceptions,Aaron Rodgers,Over,0.5,131,2026-09-13 17:00:00+00:00,2026-09-13 13:00:00-04:00,2026-09-13,PIT,1.0
7477,95c01d1bb797d6df14824b106c5a9130,2026-09-12 20:36:23 EDT,2026-09-13,PIT,ATL,PIT@ATL,DraftKings,player_pass_tds,Aaron Rodgers,Over,1.5,117,2026-09-13 17:00:00+00:00,2026-09-13 13:00:00-04:00,2026-09-13,PIT,1.0
7478,95c01d1bb797d6df14824b106c5a9130,2026-09-12 20:36:23 EDT,2026-09-13,PIT,ATL,PIT@ATL,DraftKings,player_rush_attempts,Bijan Robinson,Over,18.5,-120,2026-09-13 17:00:00+00:00,2026-09-13 13:00:00-04:00,2026-09-13,ATL,1.0
7479,95c01d1bb797d6df14824b106c5a9130,2026-09-12 20:36:23 EDT,2026-09-13,PIT,ATL,PIT@ATL,DraftKings,player_rush_attempts,Rico Dowdle,Over,12.5,-105,2026-09-13 17:00:00+00:00,2026-09-13 13:00:00-04:00,2026-09-13,PIT,1.0
7480,95c01d1bb797d6df14824b106c5a9130,2026-09-12 20:36:23 EDT,2026-09-13,PIT,ATL,PIT@ATL,DraftKings,player_rush_attempts,Jaylen Warren,Over,10.5,-129,2026-09-13 17:00:00+00:00,2026-09-13 13:00:00-04:00,2026-09-13,PIT,1.0
7481,95c01d1bb797d6df14824b106c5a9130,2026-09-12 20:36:23 EDT,2026-09-13,PIT,ATL,PIT@ATL,DraftKings,player_rush_yds,Bijan Robinson,Over,78.5,-113,2026-09-13 17:00:00+00:00,2026-09-13 13:00:00-04:00,2026-09-13,ATL,1.0
7482,95c01d1bb797d6df14824b106c5a9130,2026-09-12 20:36:23 EDT,2026-09-13,PIT,ATL,PIT@ATL,DraftKings,player_rush_yds,Rico Dowdle,Over,46.5,-114,2026-09-13 17:00:00+00:00,2026-09-13 13:00:00-04:00,2026-09-13,PIT,1.0
7483,95c01d1bb797d6df14824b106c5a9130,2026-09-12 20:36:23 EDT,2026-09-13,PIT,ATL,PIT@ATL,DraftKings,player_rush_yds,Jaylen Warren,Over,42.5,-111,2026-09-13 17:00:00+00:00,2026-09-13 13:00:00-04:00,2026-09-13,PIT,1.0
7484,95c01d1bb797d6df14824b106c5a9130,2026-09-12 20:36:23 EDT,2026-09-13,PIT,ATL,PIT@ATL,DraftKings,player_rush_yds,Brian Robinson,Over,19.5,-113,2026-09-13 17:00:00+00:00,2026-09-13 13:00:00-04:00,2026-09-13,ATL,1.0
7485,95c01d1bb797d6df14824b106c5a9130,2026-09-12 20:36:23 EDT,2026-09-13,PIT,ATL,PIT@ATL,DraftKings,player_receptions,Drake London,Over,4.5,-152,2026-09-13 17:00:00+00:00,2026-09-13 13:00:00-04:00,2026-09-13,ATL,1.0
7486,95c01d1bb797d6df14824b106c5a9130,2026-09-12 20:36:23 EDT,2026-09-13,PIT,ATL,PIT@ATL,DraftKings,player_receptions,Kyle Pitts,Over,4.5,111,2026-09-13 17:00:00+00:00,2026-09-13 13:00:00-04:00,2026-09-13,ATL,1.0
7487,95c01d1bb797d6df14824b106c5a9130,2026-09-12 20:36:23 EDT,2026-09-13,PIT,ATL,PIT@ATL,DraftKings,player_receptions,Bijan Robinson,Over,4.5,114,2026-09-13 17:00:00+00:00,2026-09-13 13:00:00-04:00,2026-09-13,ATL,1.0
7488,95c01d1bb797d6df14824b106c5a9130,2026-09-12 20:36:23 EDT,2026-09-13,PIT,ATL,PIT@ATL,DraftKings,player_receptions,Michael Pittman Jr.,Over,4.5,117,2026-09-13 17:00:00+00:00,2026-09-13 13:00:00-04:00,2026-09-13,PIT,1.0
7489,95c01d1bb797d6df14824b106c5a9130,2026-09-12 20:36:23 EDT,2026-09-13,PIT,ATL,PIT@ATL,DraftKings,player_receptions,DK Metcalf,Over,3.5,-139,2026-09-13 17:00:00+00:00,2026-09-13 13:00:00-04:00,2026-09-13,PIT,1.0
7490,95c01d1bb797d6df14824b106c5a9130,2026-09-12 20:36:23 EDT,2026-09-13,PIT,ATL,PIT@ATL,DraftKings,player_receptions,Pat Freiermuth,Over,2.5,-134,2026-09-13 17:00:00+00:00,2026-09-13 13:00:00-04:00,2026-09-13,PIT,1.0
7491,95c01d1bb797d6df14824b106c5a9130,2026-09-12 20:36:23 EDT,2026-09-13,PIT,ATL,PIT@ATL,DraftKings,player_receptions,Jaylen Warren,Over,2.5,-127,2026-09-13 17:00:00+00:00,2026-09-13 13:00:00-04:00,2026-09-13,PIT,1.0
7492,95c01d1bb797d6df14824b106c5a9130,2026-09-12 20:36:23 EDT,2026-09-13,PIT,ATL,PIT@ATL,DraftKings,player_receptions,Rico Dowdle,Over,1.5,-158,2026-09-13 17:00:00+00:00,2026-09-13 13:00:00-04:00,2026-09-13,PIT,1.0
7493,95c01d1bb797d6df14824b106c5a9130,2026-09-12 20:36:23 EDT,2026-09-13,PIT,ATL,PIT@ATL,DraftKings,player_receptions,Darnell Washington,Over,1.5,-153,2026-09-13 17:00:00+00:00,2026-09-13 13:00:00-04:00,2026-09-13,PIT,1.0
7494,95c01d1bb797d6df14824b106c5a9130,2026-09-12 20:36:23 EDT,2026-09-13,PIT,ATL,PIT@ATL,DraftKings,player_receptions,Jahan Dotson,Over,1.5,-111,2026-09-13 17:00:00+00:00,2026-09-13 13:00:00-04:00,2026-09-13,ATL,1.0
7495,95c01d1bb797d6df14824b106c5a9130,2026-09-12 20:36:23 EDT,2026-09-13,PIT,ATL,PIT@ATL,DraftKings,player_reception_yds,Drake London,Over,55.5,-110,2026-09-13 17:00:00+00:00,2026-09-13 13:00:00-04:00,2026-09-13,ATL,1.0
7496,95c01d1bb797d6df14824b106c5a9130,2026-09-12 20:36:23 EDT,2026-09-13,PIT,ATL,PIT@ATL,DraftKings,player_reception_yds,DK Metcalf,Over,48.5,-112,2026-09-13 17:00:00+00:00,2026-09-13 13:00:00-04:00,2026-09-13,PIT,1.0
7497,95c01d1bb797d6df14824b106c5a9130,2026-09-12 20:36:23 EDT,2026-09-13,PIT,ATL,PIT@ATL,DraftKings,player_reception_yds,Michael Pittman Jr.,Over,40.5,-115,2026-09-13 17:00:00+00:00,2026-09-13 13:00:00-04:00,2026-09-13,PIT,1.0
7498,95c01d1bb797d6df14824b106c5a9130,2026-09-12 20:36:23 EDT,2026-09-13,PIT,ATL,PIT@ATL,DraftKings,player_reception_yds,Kyle Pitts,Over,37.5,-115,2026-09-13 17:00:00+00:00,2026-09-13 13:00:00-04:00,2026-09-13,ATL,1.0
7499,95c01d1bb797d6df14824b106c5a9130,2026-09-12 20:36:23 EDT,2026-09-13,PIT,ATL,PIT@ATL,DraftKings,player_reception_yds,Bijan Robinson,Over,35.5,-109,2026-09-13 17:00:00+00:00,2026-09-13 13:00:00-04:00,2026-09-13,ATL,1.0
7500,95c01d1bb797d6df14824b106c5a9130,2026-09-12 20:36:23 EDT,2026-09-13,PIT,ATL,PIT@ATL,DraftKings,player_reception_yds,Pat Freiermuth,Over,25.5,-114,2026-09-13 17:00:00+00:00,2026-09-13 13:00:00-04:00,2026-09-13,PIT,1.0
7501,95c01d1bb797d6df14824b106c5a9130,2026-09-12 20:36:23 EDT,2026-09-13,PIT,ATL,PIT@ATL,DraftKings,player_reception_yds,Jaylen Warren,Over,18.5,-115,2026-09-13 17:00:00+00:00,2026-09-13 13:00:00-04:00,2026-09-13,PIT,1.0
7502,95c01d1bb797d6df14824b106c5a9130,2026-09-12 20:36:23 EDT,2026-09-13,PIT,ATL,PIT@ATL,DraftKings,player_reception_yds,Darnell Washington,Over,15.5,-109,2026-09-13 17:00:00+00:00,2026-09-13 13:00:00-04:00,2026-09-13,PIT,1.0
7503,95c01d1bb797d6df14824b106c5a9130,2026-09-12 20:36:23 EDT,2026-09-13,PIT,ATL,PIT@ATL,DraftKings,player_reception_yds,Jahan Dotson,Over,13.5,-114,2026-09-13 17:00:00+00:00,2026-09-13 13:00:00-04:00,2026-09-13,ATL,1.0
7504,95c01d1bb797d6df14824b106c5a9130,2026-09-12 20:36:23 EDT,2026-09-13,PIT,ATL,PIT@ATL,DraftKings,player_reception_yds,Rico Dowdle,Over,11.5,-111,2026-09-13 17:00:00+00:00,2026-09-13 13:00:00-04:00,2026-09-13,PIT,1.0
7505,95c01d1bb797d6df14824b106c5a9130,2026-09-12 20:36:23 EDT,2026-09-13,PIT,ATL,PIT@ATL,DraftKings,player_tds_over,Bijan Robinson,Over,1.5,390,2026-09-13 17:00:00+00:00,2026-09-13 13:00:00-04:00,2026-09-13,ATL,1.0
7506,95c01d1bb797d6df14824b106c5a9130,2026-09-12 20:36:23 EDT,2026-09-13,PIT,ATL,PIT@ATL,DraftKings,player_tds_over,Rico Dowdle,Over,1.5,750,2026-09-13 17:00:00+00:00,2026-09-13 13:00:00-04:00,2026-09-13,PIT,1.0
7507,95c01d1bb797d6df14824b106c5a9130,2026-09-12 20:36:23 EDT,2026-09-13,PIT,ATL,PIT@ATL,DraftKings,player_tds_over,Jaylen Warren,Over,1.5,850,2026-09-13 17:00:00+00:00,2026-09-13 13:00:00-04:00,2026-09-13,PIT,1.0
7508,95c01d1bb797d6df14824b106c5a9130,2026-09-12 20:36:23 EDT,2026-09-13,PIT,ATL,PIT@ATL,DraftKings,player_tds_over,Michael Pittman Jr.,Over,1.5,1400,2026-09-13 17:00:00+00:00,2026-09-13 13:00:00-04:00,2026-09-13,PIT,1.0
7509,95c01d1bb797d6df14824b106c5a9130,2026-09-12 20:36:23 EDT,2026-09-13,PIT,ATL,PIT@ATL,DraftKings,player_tds_over,DK Metcalf,Over,1.5,1500,2026-09-13 17:00:00+00:00,2026-09-13 13:00:00-04:00,2026-09-13,PIT,1.0
7510,95c01d1bb797d6df14824b106c5a9130,2026-09-12 20:36:23 EDT,2026-09-13,PIT,ATL,PIT@ATL,DraftKings,player_tds_over,Drake London,Over,1.5,1900,2026-09-13 17:00:00+00:00,2026-09-13 13:00:00-04:00,2026-09-13,ATL,1.0
7511,95c01d1bb797d6df14824b106c5a9130,2026-09-12 20:36:23 EDT,2026-09-13,PIT,ATL,PIT@ATL,DraftKings,player_tds_over,Pat Freiermuth,Over,1.5,3000,2026-09-13 17:00:00+00:00,2026-09-13 13:00:00-04:00,2026-09-13,PIT,1.0
7512,95c01d1bb797d6df14824b106c5a9130,2026-09-12 20:36:23 EDT,2026-09-13,PIT,ATL,PIT@ATL,DraftKings,player_tds_over,Kyle Pitts,Over,1.5,3500,2026-09-13 17:00:00+00:00,2026-09-13 13:00:00-04:00,2026-09-13,ATL,1.0
7513,95c01d1bb797d6df14824b106c5a9130,2026-09-12 20:36:23 EDT,2026-09-13,PIT,ATL,PIT@ATL,DraftKings,player_tds_over,Germie Bernard,Over,1.5,5500,2026-09-13 17:00:00+00:00,2026-09-13 13:00:00-04:00,2026-09-13,PIT,1.0
7514,95c01d1bb797d6df14824b106c5a9130,2026-09-12 20:36:23 EDT,2026-09-13,PIT,ATL,PIT@ATL,DraftKings,player_tds_over,Darnell Washington,Over,1.5,6500,2026-09-13 17:00:00+00:00,2026-09-13 13:00:00-04:00,2026-09-13,PIT,1.0
7515,95c01d1bb797d6df14824b106c5a9130,2026-09-12 20:36:23 EDT,2026-09-13,PIT,ATL,PIT@ATL,DraftKings,player_tds_over,Roman Wilson,Over,1.5,6500,2026-09-13 17:00:00+00:00,2026-09-13 13:00:00-04:00,2026-09-13,PIT,1.0
7516,95c01d1bb797d6df14824b106c5a9130,2026-09-12 20:36:23 EDT,2026-09-13,PIT,ATL,PIT@ATL,DraftKings,player_tds_over,Brian Robinson,Over,1.5,6500,2026-09-13 17:00:00+00:00,2026-09-13 13:00:00-04:00,2026-09-13,ATL,1.0
7517,95c01d1bb797d6df14824b106c5a9130,2026-09-12 20:36:23 EDT,2026-09-13,PIT,ATL,PIT@ATL,DraftKings,player_tds_over,Jahan Dotson,Over,1.5,8000,2026-09-13 17:00:00+00:00,2026-09-13 13:00:00-04:00,2026-09-13,ATL,1.0
7518,95c01d1bb797d6df14824b106c5a9130,2026-09-12 20:36:23 EDT,2026-09-13,PIT,ATL,PIT@ATL,DraftKings,player_tds_over,Ben Skowronek,Over,1.5,10000,2026-09-13 17:00:00+00:00,2026-09-13 13:00:00-04:00,2026-09-13,PIT,1.0
7519,95c01d1bb797d6df14824b106c5a9130,2026-09-12 20:36:23 EDT,2026-09-13,PIT,ATL,PIT@ATL,DraftKings,player_tds_over,Olamide Zaccheaus,Over,1.5,10000,2026-09-13 17:00:00+00:00,2026-09-13 13:00:00-04:00,2026-09-13,ATL,1.0
7520,95c01d1bb797d6df14824b106c5a9130,2026-09-12 20:36:23 EDT,2026-09-13,PIT,ATL,PIT@ATL,DraftKings,player_tds_over,Zachariah Branch,Over,1.5,10000,2026-09-13 17:00:00+00:00,2026-09-13 13:00:00-04:00,2026-09-13,ATL,1.0
7521,95c01d1bb797d6df14824b106c5a9130,2026-09-12 20:36:23 EDT,2026-09-13,PIT,ATL,PIT@ATL,DraftKings,player_tds_over,Riley Nowakowski,Over,1.5,11000,2026-09-13 17:00:00+00:00,2026-09-13 13:00:00-04:00,2026-09-13,PIT,1.0
7522,95c01d1bb797d6df14824b106c5a9130,2026-09-12 20:36:23 EDT,2026-09-13,PIT,ATL,PIT@ATL,DraftKings,player_tds_over,Austin Hooper,Over,1.5,12000,2026-09-13 17:00:00+00:00,2026-09-13 13:00:00-04:00,2026-09-13,ATL,1.0
7523,95c01d1bb797d6df14824b106c5a9130,2026-09-12 20:36:23 EDT,2026-09-13,PIT,ATL,PIT@ATL,DraftKings,player_tds_over,Eli Heidenreich,Over,1.5,14000,2026-09-13 17:00:00+00:00,2026-09-13 13:00:00-04:00,2026-09-13,PIT,1.0
7524,95c01d1bb797d6df14824b106c5a9130,2026-09-12 20:36:23 EDT,2026-09-13,PIT,ATL,PIT@ATL,DraftKings,player_tds_over,Robert Tonyan,Over,1.5,15000,2026-09-13 17:00:00+00:00,2026-09-13 13:00:00-04:00,2026-09-13,PIT,1.0
7525,95c01d1bb797d6df14824b106c5a9130,2026-09-12 20:36:23 EDT,2026-09-13,PIT,ATL,PIT@ATL,DraftKings,player_tds_over,Aaron Rodgers,Over,1.5,16000,2026-09-13 17:00:00+00:00,2026-09-13 13:00:00-04:00,2026-09-13,PIT,1.0
7526,95c01d1bb797d6df14824b106c5a9130,2026-09-12 20:36:23 EDT,2026-09-13,PIT,ATL,PIT@ATL,DraftKings,player_tds_over,Kaden Wetjen,Over,1.5,18000,2026-09-13 17:00:00+00:00,2026-09-13 13:00:00-04:00,2026-09-13,PIT,1.0
7527,95c01d1bb797d6df14824b106c5a9130,2026-09-12 20:36:23 EDT,2026-09-13,PIT,ATL,PIT@ATL,DraftKings,player_tds_over,Chris Blair,Over,1.5,20000,2026-09-13 17:00:00+00:00,2026-09-13 13:00:00-04:00,2026-09-13,ATL,1.0
7528,95c01d1bb797d6df14824b106c5a9130,2026-09-12 20:36:23 EDT,2026-09-13,PIT,ATL,PIT@ATL,DraftKings,player_tds_over,Charlie Woerner,Over,1.5,25000,2026-09-13 17:00:00+00:00,2026-09-13 13:00:00-04:00,2026-09-13,ATL,1.0
7529,95c01d1bb797d6df14824b106c5a9130,2026-09-12 20:36:23 EDT,2026-09-13,PIT,ATL,PIT@ATL,DraftKings,player_tds_over,Bijan Robinson,Over,2.5,1800,2026-09-13 17:00:00+00:00,2026-09-13 13:00:00-04:00,2026-09-13,ATL,1.0
7530,95c01d1bb797d6df14824b106c5a9130,2026-09-12 20:36:23 EDT,2026-09-13,PIT,ATL,PIT@ATL,DraftKings,player_tds_over,Rico Dowdle,Over,2.5,4000,2026-09-13 17:00:00+00:00,2026-09-13 13:00:00-04:00,2026-09-13,PIT,1.0
7531,95c01d1bb797d6df14824b106c5a9130,2026-09-12 20:36:23 EDT,2026-09-13,PIT,ATL,PIT@ATL,DraftKings,player_tds_over,Jaylen Warren,Over,2.5,4500,2026-09-13 17:00:00+00:00,2026-09-13 13:00:00-04:00,2026-09-13,PIT,1.0
7532,95c01d1bb797d6df14824b106c5a9130,2026-09-12 20:36:23 EDT,2026-09-13,PIT,ATL,PIT@ATL,DraftKings,player_tds_over,Michael Pittman Jr.,Over,2.5,6500,2026-09-13 17:00:00+00:00,2026-09-13 13:00:00-04:00,2026-09-13,PIT,1.0
7533,95c01d1bb797d6df14824b106c5a9130,2026-09-12 20:36:23 EDT,2026-09-13,PIT,ATL,PIT@ATL,DraftKings,player_tds_over,DK Metcalf,Over,2.5,8000,2026-09-13 17:00:00+00:00,2026-09-13 13:00:00-04:00,2026-09-13,PIT,1.0
7534,95c01d1bb797d6df14824b106c5a9130,2026-09-12 20:36:23 EDT,2026-09-13,PIT,ATL,PIT@ATL,DraftKings,player_tds_over,Drake London,Over,2.5,9000,2026-09-13 17:00:00+00:00,2026-09-13 13:00:00-04:00,2026-09-13,ATL,1.0
7535,95c01d1bb797d6df14824b106c5a9130,2026-09-12 20:36:23 EDT,2026-09-13,PIT,ATL,PIT@ATL,DraftKings,player_tds_over,Pat Freiermuth,Over,2.5,14000,2026-09-13 17:00:00+00:00,2026-09-13 13:00:00-04:00,2026-09-13,PIT,1.0
7536,95c01d1bb797d6df14824b106c5a9130,2026-09-12 20:36:23 EDT,2026-09-13,PIT,ATL,PIT@ATL,DraftKings,player_tds_over,Kyle Pitts,Over,2.5,15000,2026-09-13 17:00:00+00:00,2026-09-13 13:00:00-04:00,2026-09-13,ATL,1.0
7537,95c01d1bb797d6df14824b106c5a9130,2026-09-12 20:36:23 EDT,2026-09-13,PIT,ATL,PIT@ATL,DraftKings,player_tds_over,Germie Bernard,Over,2.5,17000,2026-09-13 17:00:00+00:00,2026-09-13 13:00:00-04:00,2026-09-13,PIT,1.0
7538,95c01d1bb797d6df14824b106c5a9130,2026-09-12 20:36:23 EDT,2026-09-13,PIT,ATL,PIT@ATL,DraftKings,player_tds_over,Roman Wilson,Over,2.5,18000,2026-09-13 17:00:00+00:00,2026-09-13 13:00:00-04:00,2026-09-13,PIT,1.0
7539,95c01d1bb797d6df14824b106c5a9130,2026-09-12 20:36:23 EDT,2026-09-13,PIT,ATL,PIT@ATL,DraftKings,player_tds_over,Darnell Washington,Over,2.5,19000,2026-09-13 17:00:00+00:00,2026-09-13 13:00:00-04:00,2026-09-13,PIT,1.0
7540,95c01d1bb797d6df14824b106c5a9130,2026-09-12 20:36:23 EDT,2026-09-13,PIT,ATL,PIT@ATL,DraftKings,player_tds_over,Brian Robinson,Over,2.5,19000,2026-09-13 17:00:00+00:00,2026-09-13 13:00:00-04:00,2026-09-13,ATL,1.0
7541,95c01d1bb797d6df14824b106c5a9130,2026-09-12 20:36:23 EDT,2026-09-13,PIT,ATL,PIT@ATL,DraftKings,player_tds_over,Jahan Dotson,Over,2.5,19000,2026-09-13 17:00:00+00:00,2026-09-13 13:00:00-04:00,2026-09-13,ATL,1.0
7542,95c01d1bb797d6df14824b106c5a9130,2026-09-12 20:36:23 EDT,2026-09-13,PIT,ATL,PIT@ATL,DraftKings,player_tds_over,Riley Nowakowski,Over,2.5,25000,2026-09-13 17:00:00+00:00,2026-09-13 13:00:00-04:00,2026-09-13,PIT,1.0
7543,95c01d1bb797d6df14824b106c5a9130,2026-09-12 20:36:23 EDT,2026-09-13,PIT,ATL,PIT@ATL,DraftKings,player_tds_over,Zachariah Branch,Over,2.5,25000,2026-09-13 17:00:00+00:00,2026-09-13 13:00:00-04:00,2026-09-13,ATL,1.0
7544,95c01d1bb797d6df14824b106c5a9130,2026-09-12 20:36:23 EDT,2026-09-13,PIT,ATL,PIT@ATL,DraftKings,player_tds_over,Austin Hooper,Over,2.5,25000,2026-09-13 17:00:00+00:00,2026-09-13 13:00:00-04:00,2026-09-13,ATL,1.0
7545,95c01d1bb797d6df14824b106c5a9130,2026-09-12 20:36:23 EDT,2026-09-13,PIT,ATL,PIT@ATL,DraftKings,player_tds_over,Ben Skowronek,Over,2.5,25000,2026-09-13 17:00:00+00:00,2026-09-13 13:00:00-04:00,2026-09-13,PIT,1.0
7546,95c01d1bb797d6df14824b106c5a9130,2026-09-12 20:36:23 EDT,2026-09-13,PIT,ATL,PIT@ATL,DraftKings,player_tds_over,Olamide Zaccheaus,Over,2.5,25000,2026-09-13 17:00:00+00:00,2026-09-13 13:00:00-04:00,2026-09-13,ATL,1.0
7547,b6cfdcbafa61ce220ba87dc2d9b80c77,2026-09-12 20:36:23 EDT,2026-09-13,IND,BAL,IND@BAL,DraftKings,player_pass_completions,Daniel Jones,Over,22.5,-113,2026-09-13 17:00:00+00:00,2026-09-13 13:00:00-04:00,2026-09-13,IND,1.0
7548,b6cfdcbafa61ce220ba87dc2d9b80c77,2026-09-12 20:36:23 EDT,2026-09-13,IND,BAL,IND@BAL,DraftKings,player_pass_completions,Lamar Jackson,Over,18.5,100,2026-09-13 17:00:00+00:00,2026-09-13 13:00:00-04:00,2026-09-13,BAL,1.0
7549,b6cfdcbafa61ce220ba87dc2d9b80c77,2026-09-12 20:36:23 EDT,2026-09-13,IND,BAL,IND@BAL,DraftKings,player_pass_attempts,Daniel Jones,Over,32.5,-108,2026-09-13 17:00:00+00:00,2026-09-13 13:00:00-04:00,2026-09-13,IND,1.0
7550,b6cfdcbafa61ce220ba87dc2d9b80c77,2026-09-12 20:36:23 EDT,2026-09-13,IND,BAL,IND@BAL,DraftKings,player_pass_attempts,Lamar Jackson,Over,27.5,-112,2026-09-13 17:00:00+00:00,2026-09-13 13:00:00-04:00,2026-09-13,BAL,1.0
7551,b6cfdcbafa61ce220ba87dc2d9b80c77,2026-09-12 20:36:23 EDT,2026-09-13,IND,BAL,IND@BAL,DraftKings,player_pass_yds,Daniel Jones,Over,231.5,-113,2026-09-13 17:00:00+00:00,2026-09-13 13:00:00-04:00,2026-09-13,IND,1.0
7552,b6cfdcbafa61ce220ba87dc2d9b80c77,2026-09-12 20:36:23 EDT,2026-09-13,IND,BAL,IND@BAL,DraftKings,player_pass_yds,Lamar Jackson,Over,218.5,-113,2026-09-13 17:00:00+00:00,2026-09-13 13:00:00-04:00,2026-09-13,BAL,1.0
7553,b6cfdcbafa61ce220ba87dc2d9b80c77,2026-09-12 20:36:23 EDT,2026-09-13,IND,BAL,IND@BAL,DraftKings,player_pass_interceptions,Lamar Jackson,Over,0.5,124,2026-09-13 17:00:00+00:00,2026-09-13 13:00:00-04:00,2026-09-13,BAL,1.0
7554,b6cfdcbafa61ce220ba87dc2d9b80c77,2026-09-12 20:36:23 EDT,2026-09-13,IND,BAL,IND@BAL,DraftKings,player_pass_interceptions,Daniel Jones,Over,0.5,-106,2026-09-13 17:00:00+00:00,2026-09-13 13:00:00-04:00,2026-09-13,IND,1.0
7555,b6cfdcbafa61ce220ba87dc2d9b80c77,2026-09-12 20:36:23 EDT,2026-09-13,IND,BAL,IND@BAL,DraftKings,player_pass_tds,Lamar Jackson,Over,1.5,103,2026-09-13 17:00:00+00:00,2026-09-13 13:00:00-04:00,2026-09-13,BAL,1.0
7556,b6cfdcbafa61ce220ba87dc2d9b80c77,2026-09-12 20:36:23 EDT,2026-09-13,IND,BAL,IND@BAL,DraftKings,player_pass_tds,Daniel Jones,Over,1.5,132,2026-09-13 17:00:00+00:00,2026-09-13 13:00:00-04:00,2026-09-13,IND,1.0
7557,b6cfdcbafa61ce220ba87dc2d9b80c77,2026-09-12 20:36:23 EDT,2026-09-13,IND,BAL,IND@BAL,DraftKings,player_rush_attempts,Derrick Henry,Over,18.5,-101,2026-09-13 17:00:00+00:00,2026-09-13 13:00:00-04:00,2026-09-13,BAL,1.0
7558,b6cfdcbafa61ce220ba87dc2d9b80c77,2026-09-12 20:36:23 EDT,2026-09-13,IND,BAL,IND@BAL,DraftKings,player_rush_attempts,Jonathan Taylor,Over,17.5,-127,2026-09-13 17:00:00+00:00,2026-09-13 13:00:00-04:00,2026-09-13,IND,1.0
7559,b6cfdcbafa61ce220ba87dc2d9b80c77,2026-09-12 20:36:23 EDT,2026-09-13,IND,BAL,IND@BAL,DraftKings,player_rush_attempts,Lamar Jackson,Over,6.5,-118,2026-09-13 17:00:00+00:00,2026-09-13 13:00:00-04:00,2026-09-13,BAL,1.0
7560,b6cfdcbafa61ce220ba87dc2d9b80c77,2026-09-12 20:36:23 EDT,2026-09-13,IND,BAL,IND@BAL,DraftKings,player_rush_attempts,Daniel Jones,Over,3.5,100,2026-09-13 17:00:00+00:00,2026-09-13 13:00:00-04:00,2026-09-13,IND,1.0
7561,b6cfdcbafa61ce220ba87dc2d9b80c77,2026-09-12 20:36:23 EDT,2026-09-13,IND,BAL,IND@BAL,DraftKings,player_rush_yds,Derrick Henry,Over,79.5,-111,2026-09-13 17:00:00+00:00,2026-09-13 13:00:00-04:00,2026-09-13,BAL,1.0
7562,b6cfdcbafa61ce220ba87dc2d9b80c77,2026-09-12 20:36:23 EDT,2026-09-13,IND,BAL,IND@BAL,DraftKings,player_rush_yds,Jonathan Taylor,Over,75.5,-113,2026-09-13 17:00:00+00:00,2026-09-13 13:00:00-04:00,2026-09-13,IND,1.0
7563,b6cfdcbafa61ce220ba87dc2d9b80c77,2026-09-12 20:36:23 EDT,2026-09-13,IND,BAL,IND@BAL,DraftKings,player_rush_yds,Lamar Jackson,Over,40.5,-110,2026-09-13 17:00:00+00:00,2026-09-13 13:00:00-04:00,2026-09-13,BAL,1.0
7564,b6cfdcbafa61ce220ba87dc2d9b80c77,2026-09-12 20:36:23 EDT,2026-09-13,IND,BAL,IND@BAL,DraftKings,player_rush_yds,Daniel Jones,Over,12.5,-112,2026-09-13 17:00:00+00:00,2026-09-13 13:00:00-04:00,2026-09-13,IND,1.0
7565,b6cfdcbafa61ce220ba87dc2d9b80c77,2026-09-12 20:36:23 EDT,2026-09-13,IND,BAL,IND@BAL,DraftKings,player_rush_yds,Justice Hill,Over,8.5,-119,2026-09-13 17:00:00+00:00,2026-09-13 13:00:00-04:00,2026-09-13,BAL,1.0
7566,b6cfdcbafa61ce220ba87dc2d9b80c77,2026-09-12 20:36:23 EDT,2026-09-13,IND,BAL,IND@BAL,DraftKings,player_receptions,Zay Flowers,Over,4.5,-154,2026-09-13 17:00:00+00:00,2026-09-13 13:00:00-04:00,2026-09-13,BAL,1.0
7567,b6cfdcbafa61ce220ba87dc2d9b80c77,2026-09-12 20:36:23 EDT,2026-09-13,IND,BAL,IND@BAL,DraftKings,player_receptions,Tyler Warren,Over,4.5,-140,2026-09-13 17:00:00+00:00,2026-09-13 13:00:00-04:00,2026-09-13,IND,1.0
7568,b6cfdcbafa61ce220ba87dc2d9b80c77,2026-09-12 20:36:23 EDT,2026-09-13,IND,BAL,IND@BAL,DraftKings,player_receptions,Josh Downs,Over,4.5,112,2026-09-13 17:00:00+00:00,2026-09-13 13:00:00-04:00,2026-09-13,IND,1.0
7569,b6cfdcbafa61ce220ba87dc2d9b80c77,2026-09-12 20:36:23 EDT,2026-09-13,IND,BAL,IND@BAL,DraftKings,player_receptions,Mark Andrews,Over,3.5,115,2026-09-13 17:00:00+00:00,2026-09-13 13:00:00-04:00,2026-09-13,BAL,1.0
7570,b6cfdcbafa61ce220ba87dc2d9b80c77,2026-09-12 20:36:23 EDT,2026-09-13,IND,BAL,IND@BAL,DraftKings,player_receptions,Keenan Allen,Over,3.5,120,2026-09-13 17:00:00+00:00,2026-09-13 13:00:00-04:00,2026-09-13,IND,1.0
7571,b6cfdcbafa61ce220ba87dc2d9b80c77,2026-09-12 20:36:23 EDT,2026-09-13,IND,BAL,IND@BAL,DraftKings,player_receptions,Alec Pierce,Over,3.5,130,2026-09-13 17:00:00+00:00,2026-09-13 13:00:00-04:00,2026-09-13,IND,1.0
7572,b6cfdcbafa61ce220ba87dc2d9b80c77,2026-09-12 20:36:23 EDT,2026-09-13,IND,BAL,IND@BAL,DraftKings,player_receptions,Jonathan Taylor,Over,2.5,-141,2026-09-13 17:00:00+00:00,2026-09-13 13:00:00-04:00,2026-09-13,IND,1.0
7573,b6cfdcbafa61ce220ba87dc2d9b80c77,2026-09-12 20:36:23 EDT,2026-09-13,IND,BAL,IND@BAL,DraftKings,player_receptions,Rashod Bateman,Over,1.5,-195,2026-09-13 17:00:00+00:00,2026-09-13 13:00:00-04:00,2026-09-13,BAL,1.0
7574,b6cfdcbafa61ce220ba87dc2d9b80c77,2026-09-12 20:36:23 EDT,2026-09-13,IND,BAL,IND@BAL,DraftKings,player_receptions,Justice Hill,Over,1.5,-181,2026-09-13 17:00:00+00:00,2026-09-13 13:00:00-04:00,2026-09-13,BAL,1.0
7575,b6cfdcbafa61ce220ba87dc2d9b80c77,2026-09-12 20:36:23 EDT,2026-09-13,IND,BAL,IND@BAL,DraftKings,player_receptions,Ja'Kobi Lane,Over,1.5,-135,2026-09-13 17:00:00+00:00,2026-09-13 13:00:00-04:00,2026-09-13,BAL,1.0
7576,b6cfdcbafa61ce220ba87dc2d9b80c77,2026-09-12 20:36:23 EDT,2026-09-13,IND,BAL,IND@BAL,DraftKings,player_receptions,Derrick Henry,Over,0.5,-239,2026-09-13 17:00:00+00:00,2026-09-13 13:00:00-04:00,2026-09-13,BAL,1.0
7577,b6cfdcbafa61ce220ba87dc2d9b80c77,2026-09-12 20:36:23 EDT,2026-09-13,IND,BAL,IND@BAL,DraftKings,player_reception_yds,Zay Flowers,Over,66.5,-112,2026-09-13 17:00:00+00:00,2026-09-13 13:00:00-04:00,2026-09-13,BAL,1.0
7578,b6cfdcbafa61ce220ba87dc2d9b80c77,2026-09-12 20:36:23 EDT,2026-09-13,IND,BAL,IND@BAL,DraftKings,player_reception_yds,Tyler Warren,Over,46.5,-114,2026-09-13 17:00:00+00:00,2026-09-13 13:00:00-04:00,2026-09-13,IND,1.0
7579,b6cfdcbafa61ce220ba87dc2d9b80c77,2026-09-12 20:36:23 EDT,2026-09-13,IND,BAL,IND@BAL,DraftKings,player_reception_yds,Josh Downs,Over,45.5,-109,2026-09-13 17:00:00+00:00,2026-09-13 13:00:00-04:00,2026-09-13,IND,1.0
7580,b6cfdcbafa61ce220ba87dc2d9b80c77,2026-09-12 20:36:23 EDT,2026-09-13,IND,BAL,IND@BAL,DraftKings,player_reception_yds,Alec Pierce,Over,43.5,-114,2026-09-13 17:00:00+00:00,2026-09-13 13:00:00-04:00,2026-09-13,IND,1.0
7581,b6cfdcbafa61ce220ba87dc2d9b80c77,2026-09-12 20:36:23 EDT,2026-09-13,IND,BAL,IND@BAL,DraftKings,player_reception_yds,Mark Andrews,Over,33.5,-112,2026-09-13 17:00:00+00:00,2026-09-13 13:00:00-04:00,2026-09-13,BAL,1.0
7582,b6cfdcbafa61ce220ba87dc2d9b80c77,2026-09-12 20:36:23 EDT,2026-09-13,IND,BAL,IND@BAL,DraftKings,player_reception_yds,Rashod Bateman,Over,27.5,-114,2026-09-13 17:00:00+00:00,2026-09-13 13:00:00-04:00,2026-09-13,BAL,1.0
7583,b6cfdcbafa61ce220ba87dc2d9b80c77,2026-09-12 20:36:23 EDT,2026-09-13,IND,BAL,IND@BAL,DraftKings,player_reception_yds,Keenan Allen,Over,27.5,-113,2026-09-13 17:00:00+00:00,2026-09-13 13:00:00-04:00,2026-09-13,IND,1.0
7584,b6cfdcbafa61ce220ba87dc2d9b80c77,2026-09-12 20:36:23 EDT,2026-09-13,IND,BAL,IND@BAL,DraftKings,player_reception_yds,Ja'Kobi Lane,Over,20.5,-113,2026-09-13 17:00:00+00:00,2026-09-13 13:00:00-04:00,2026-09-13,BAL,1.0
7585,b6cfdcbafa61ce220ba87dc2d9b80c77,2026-09-12 20:36:23 EDT,2026-09-13,IND,BAL,IND@BAL,DraftKings,player_reception_yds,Jonathan Taylor,Over,17.5,-108,2026-09-13 17:00:00+00:00,2026-09-13 13:00:00-04:00,2026-09-13,IND,1.0
7586,b6cfdcbafa61ce220ba87dc2d9b80c77,2026-09-12 20:36:23 EDT,2026-09-13,IND,BAL,IND@BAL,DraftKings,player_reception_yds,Justice Hill,Over,10.5,-115,2026-09-13 17:00:00+00:00,2026-09-13 13:00:00-04:00,2026-09-13,BAL,1.0
7587,b6cfdcbafa61ce220ba87dc2d9b80c77,2026-09-12 20:36:23 EDT,2026-09-13,IND,BAL,IND@BAL,DraftKings,player_reception_yds,Derrick Henry,Over,6.5,-105,2026-09-13 17:00:00+00:00,2026-09-13 13:00:00-04:00,2026-09-13,BAL,1.0
7588,b6cfdcbafa61ce220ba87dc2d9b80c77,2026-09-12 20:36:23 EDT,2026-09-13,IND,BAL,IND@BAL,DraftKings,player_tds_over,Derrick Henry,Over,1.5,265,2026-09-13 17:00:00+00:00,2026-09-13 13:00:00-04:00,2026-09-13,BAL,1.0
7589,b6cfdcbafa61ce220ba87dc2d9b80c77,2026-09-12 20:36:23 EDT,2026-09-13,IND,BAL,IND@BAL,DraftKings,player_tds_over,Jonathan Taylor,Over,1.5,310,2026-09-13 17:00:00+00:00,2026-09-13 13:00:00-04:00,2026-09-13,IND,1.0
7590,b6cfdcbafa61ce220ba87dc2d9b80c77,2026-09-12 20:36:23 EDT,2026-09-13,IND,BAL,IND@BAL,DraftKings,player_tds_over,Zay Flowers,Over,1.5,1200,2026-09-13 17:00:00+00:00,2026-09-13 13:00:00-04:00,2026-09-13,BAL,1.0
7591,b6cfdcbafa61ce220ba87dc2d9b80c77,2026-09-12 20:36:23 EDT,2026-09-13,IND,BAL,IND@BAL,DraftKings,player_tds_over,Mark Andrews,Over,1.5,1500,2026-09-13 17:00:00+00:00,2026-09-13 13:00:00-04:00,2026-09-13,BAL,1.0
7592,b6cfdcbafa61ce220ba87dc2d9b80c77,2026-09-12 20:36:23 EDT,2026-09-13,IND,BAL,IND@BAL,DraftKings,player_tds_over,Tyler Warren,Over,1.5,1800,2026-09-13 17:00:00+00:00,2026-09-13 13:00:00-04:00,2026-09-13,IND,1.0
7593,b6cfdcbafa61ce220ba87dc2d9b80c77,2026-09-12 20:36:23 EDT,2026-09-13,IND,BAL,IND@BAL,DraftKings,player_tds_over,Lamar Jackson,Over,1.5,2200,2026-09-13 17:00:00+00:00,2026-09-13 13:00:00-04:00,2026-09-13,BAL,1.0
7594,b6cfdcbafa61ce220ba87dc2d9b80c77,2026-09-12 20:36:23 EDT,2026-09-13,IND,BAL,IND@BAL,DraftKings,player_tds_over,Alec Pierce,Over,1.5,2500,2026-09-13 17:00:00+00:00,2026-09-13 13:00:00-04:00,2026-09-13,IND,1.0
7595,b6cfdcbafa61ce220ba87dc2d9b80c77,2026-09-12 20:36:23 EDT,2026-09-13,IND,BAL,IND@BAL,DraftKings,player_tds_over,Rashod Bateman,Over,1.5,2500,2026-09-13 17:00:00+00:00,2026-09-13 13:00:00-04:00,2026-09-13,BAL,1.0
7596,b6cfdcbafa61ce220ba87dc2d9b80c77,2026-09-12 20:36:23 EDT,2026-09-13,IND,BAL,IND@BAL,DraftKings,player_tds_over,Josh Downs,Over,1.5,3000,2026-09-13 17:00:00+00:00,2026-09-13 13:00:00-04:00,2026-09-13,IND,1.0
7597,b6cfdcbafa61ce220ba87dc2d9b80c77,2026-09-12 20:36:23 EDT,2026-09-13,IND,BAL,IND@BAL,DraftKings,player_tds_over,Keenan Allen,Over,1.5,3000,2026-09-13 17:00:00+00:00,2026-09-13 13:00:00-04:00,2026-09-13,IND,1.0
7598,b6cfdcbafa61ce220ba87dc2d9b80c77,2026-09-12 20:36:23 EDT,2026-09-13,IND,BAL,IND@BAL,DraftKings,player_tds_over,Ja'Kobi Lane,Over,1.5,4500,2026-09-13 17:00:00+00:00,2026-09-13 13:00:00-04:00,2026-09-13,BAL,1.0
7599,b6cfdcbafa61ce220ba87dc2d9b80c77,2026-09-12 20:36:23 EDT,2026-09-13,IND,BAL,IND@BAL,DraftKings,player_tds_over,Daniel Jones,Over,1.5,5000,2026-09-13 17:00:00+00:00,2026-09-13 13:00:00-04:00,2026-09-13,IND,1.0
7600,b6cfdcbafa61ce220ba87dc2d9b80c77,2026-09-12 20:36:23 EDT,2026-09-13,IND,BAL,IND@BAL,DraftKings,player_tds_over,Justice Hill,Over,1.5,7500,2026-09-13 17:00:00+00:00,2026-09-13 13:00:00-04:00,2026-09-13,BAL,1.0
7601,b6cfdcbafa61ce220ba87dc2d9b80c77,2026-09-12 20:36:23 EDT,2026-09-13,IND,BAL,IND@BAL,DraftKings,player_tds_over,Seth McGowan,Over,1.5,8000,2026-09-13 17:00:00+00:00,2026-09-13 13:00:00-04:00,2026-09-13,IND,1.0
7602,b6cfdcbafa61ce220ba87dc2d9b80c77,2026-09-12 20:36:23 EDT,2026-09-13,IND,BAL,IND@BAL,DraftKings,player_tds_over,Mo Alie-Cox,Over,1.5,9000,2026-09-13 17:00:00+00:00,2026-09-13 13:00:00-04:00,2026-09-13,IND,1.0
7603,b6cfdcbafa61ce220ba87dc2d9b80c77,2026-09-12 20:36:23 EDT,2026-09-13,IND,BAL,IND@BAL,DraftKings,player_tds_over,Devontez Walker,Over,1.5,10000,2026-09-13 17:00:00+00:00,2026-09-13 13:00:00-04:00,2026-09-13,BAL,1.0
7604,b6cfdcbafa61ce220ba87dc2d9b80c77,2026-09-12 20:36:23 EDT,2026-09-13,IND,BAL,IND@BAL,DraftKings,player_tds_over,DJ Giddens,Over,1.5,11000,2026-09-13 17:00:00+00:00,2026-09-13 13:00:00-04:00,2026-09-13,IND,1.0
7605,b6cfdcbafa61ce220ba87dc2d9b80c77,2026-09-12 20:36:23 EDT,2026-09-13,IND,BAL,IND@BAL,DraftKings,player_tds_over,Ashton Dulin,Over,1.5,14000,2026-09-13 17:00:00+00:00,2026-09-13 13:00:00-04:00,2026-09-13,IND,1.0
7606,b6cfdcbafa61ce220ba87dc2d9b80c77,2026-09-12 20:36:23 EDT,2026-09-13,IND,BAL,IND@BAL,DraftKings,player_tds_over,Durham Smythe,Over,1.5,14000,2026-09-13 17:00:00+00:00,2026-09-13 13:00:00-04:00,2026-09-13,BAL,1.0
7607,b6cfdcbafa61ce220ba87dc2d9b80c77,2026-09-12 20:36:23 EDT,2026-09-13,IND,BAL,IND@BAL,DraftKings,player_tds_over,Rasheen Ali,Over,1.5,15000,2026-09-13 17:00:00+00:00,2026-09-13 13:00:00-04:00,2026-09-13,BAL,1.0
7608,b6cfdcbafa61ce220ba87dc2d9b80c77,2026-09-12 20:36:23 EDT,2026-09-13,IND,BAL,IND@BAL,DraftKings,player_tds_over,Elijah Sarratt,Over,1.5,16000,2026-09-13 17:00:00+00:00,2026-09-13 13:00:00-04:00,2026-09-13,BAL,1.0
7609,b6cfdcbafa61ce220ba87dc2d9b80c77,2026-09-12 20:36:23 EDT,2026-09-13,IND,BAL,IND@BAL,DraftKings,player_tds_over,Matthew Hibner,Over,1.5,16000,2026-09-13 17:00:00+00:00,2026-09-13 13:00:00-04:00,2026-09-13,,1.0
7610,b6cfdcbafa61ce220ba87dc2d9b80c77,2026-09-12 20:36:23 EDT,2026-09-13,IND,BAL,IND@BAL,DraftKings,player_tds_over,Laquon Treadwell,Over,1.5,20000,2026-09-13 17:00:00+00:00,2026-09-13 13:00:00-04:00,2026-09-13,IND,1.0
7611,b6cfdcbafa61ce220ba87dc2d9b80c77,2026-09-12 20:36:23 EDT,2026-09-13,IND,BAL,IND@BAL,DraftKings,player_tds_over,Deion Burks,Over,1.5,20000,2026-09-13 17:00:00+00:00,2026-09-13 13:00:00-04:00,2026-09-13,IND,1.0
7612,b6cfdcbafa61ce220ba87dc2d9b80c77,2026-09-12 20:36:23 EDT,2026-09-13,IND,BAL,IND@BAL,DraftKings,player_tds_over,Josh Cuevas,Over,1.5,20000,2026-09-13 17:00:00+00:00,2026-09-13 13:00:00-04:00,2026-09-13,BAL,1.0
7613,b6cfdcbafa61ce220ba87dc2d9b80c77,2026-09-12 20:36:23 EDT,2026-09-13,IND,BAL,IND@BAL,DraftKings,player_tds_over,Drew Ogletree,Over,1.5,20000,2026-09-13 17:00:00+00:00,2026-09-13 13:00:00-04:00,2026-09-13,IND,1.0
7614,b6cfdcbafa61ce220ba87dc2d9b80c77,2026-09-12 20:36:23 EDT,2026-09-13,IND,BAL,IND@BAL,DraftKings,player_tds_over,LaJohntay Wester,Over,1.5,25000,2026-09-13 17:00:00+00:00,2026-09-13 13:00:00-04:00,2026-09-13,BAL,1.0
7615,b6cfdcbafa61ce220ba87dc2d9b80c77,2026-09-12 20:36:23 EDT,2026-09-13,IND,BAL,IND@BAL,DraftKings,player_tds_over,Derrick Henry,Over,2.5,1000,2026-09-13 17:00:00+00:00,2026-09-13 13:00:00-04:00,2026-09-13,BAL,1.0
7616,b6cfdcbafa61ce220ba87dc2d9b80c77,2026-09-12 20:36:23 EDT,2026-09-13,IND,BAL,IND@BAL,DraftKings,player_tds_over,Jonathan Taylor,Over,2.5,1300,2026-09-13 17:00:00+00:00,2026-09-13 13:00:00-04:00,2026-09-13,IND,1.0
7617,b6cfdcbafa61ce220ba87dc2d9b80c77,2026-09-12 20:36:23 EDT,2026-09-13,IND,BAL,IND@BAL,DraftKings,player_tds_over,Zay Flowers,Over,2.5,6500,2026-09-13 17:00:00+00:00,2026-09-13 13:00:00-04:00,2026-09-13,BAL,1.0
7618,b6cfdcbafa61ce220ba87dc2d9b80c77,2026-09-12 20:36:23 EDT,2026-09-13,IND,BAL,IND@BAL,DraftKings,player_tds_over,Mark Andrews,Over,2.5,8000,2026-09-13 17:00:00+00:00,2026-09-13 13:00:00-04:00,2026-09-13,BAL,1.0
7619,b6cfdcbafa61ce220ba87dc2d9b80c77,2026-09-12 20:36:23 EDT,2026-09-13,IND,BAL,IND@BAL,DraftKings,player_tds_over,Tyler Warren,Over,2.5,9000,2026-09-13 17:00:00+00:00,2026-09-13 13:00:00-04:00,2026-09-13,IND,1.0
7620,b6cfdcbafa61ce220ba87dc2d9b80c77,2026-09-12 20:36:23 EDT,2026-09-13,IND,BAL,IND@BAL,DraftKings,player_tds_over,Lamar Jackson,Over,2.5,10000,2026-09-13 17:00:00+00:00,2026-09-13 13:00:00-04:00,2026-09-13,BAL,1.0
7621,b6cfdcbafa61ce220ba87dc2d9b80c77,2026-09-12 20:36:23 EDT,2026-09-13,IND,BAL,IND@BAL,DraftKings,player_tds_over,Alec Pierce,Over,2.5,13000,2026-09-13 17:00:00+00:00,2026-09-13 13:00:00-04:00,2026-09-13,IND,1.0
7622,b6cfdcbafa61ce220ba87dc2d9b80c77,2026-09-12 20:36:23 EDT,2026-09-13,IND,BAL,IND@BAL,DraftKings,player_tds_over,Keenan Allen,Over,2.5,14000,2026-09-13 17:00:00+00:00,2026-09-13 13:00:00-04:00,2026-09-13,IND,1.0
7623,b6cfdcbafa61ce220ba87dc2d9b80c77,2026-09-12 20:36:23 EDT,2026-09-13,IND,BAL,IND@BAL,DraftKings,player_tds_over,Rashod Bateman,Over,2.5,14000,2026-09-13 17:00:00+00:00,2026-09-13 13:00:00-04:00,2026-09-13,BAL,1.0
7624,b6cfdcbafa61ce220ba87dc2d9b80c77,2026-09-12 20:36:23 EDT,2026-09-13,IND,BAL,IND@BAL,DraftKings,player_tds_over,Josh Downs,Over,2.5,15000,2026-09-13 17:00:00+00:00,2026-09-13 13:00:00-04:00,2026-09-13,IND,1.0
7625,b6cfdcbafa61ce220ba87dc2d9b80c77,2026-09-12 20:36:23 EDT,2026-09-13,IND,BAL,IND@BAL,DraftKings,player_tds_over,Ja'Kobi Lane,Over,2.5,18000,2026-09-13 17:00:00+00:00,2026-09-13 13:00:00-04:00,2026-09-13,BAL,1.0
7626,b6cfdcbafa61ce220ba87dc2d9b80c77,2026-09-12 20:36:23 EDT,2026-09-13,IND,BAL,IND@BAL,DraftKings,player_tds_over,Daniel Jones,Over,2.5,20000,2026-09-13 17:00:00+00:00,2026-09-13 13:00:00-04:00,2026-09-13,IND,1.0
7627,b6cfdcbafa61ce220ba87dc2d9b80c77,2026-09-12 20:36:23 EDT,2026-09-13,IND,BAL,IND@BAL,DraftKings,player_tds_over,Justice Hill,Over,2.5,20000,2026-09-13 17:00:00+00:00,2026-09-13 13:00:00-04:00,2026-09-13,BAL,1.0
7628,b6cfdcbafa61ce220ba87dc2d9b80c77,2026-09-12 20:36:23 EDT,2026-09-13,IND,BAL,IND@BAL,DraftKings,player_tds_over,DJ Giddens,Over,2.5,25000,2026-09-13 17:00:00+00:00,2026-09-13 13:00:00-04:00,2026-09-13,IND,1.0
7629,b6cfdcbafa61ce220ba87dc2d9b80c77,2026-09-12 20:36:23 EDT,2026-09-13,IND,BAL,IND@BAL,DraftKings,player_tds_over,Devontez Walker,Over,2.5,25000,2026-09-13 17:00:00+00:00,2026-09-13 13:00:00-04:00,2026-09-13,BAL,1.0
7630,b6cfdcbafa61ce220ba87dc2d9b80c77,2026-09-12 20:36:23 EDT,2026-09-13,IND,BAL,IND@BAL,DraftKings,player_tds_over,Seth McGowan,Over,2.5,25000,2026-09-13 17:00:00+00:00,2026-09-13 13:00:00-04:00,2026-09-13,IND,1.0
7631,7e09efed7e12c659b82740b67ce2f9a1,2026-09-12 20:36:23 EDT,2026-09-13,HOU,BUF,HOU@BUF,DraftKings,player_pass_completions,Josh Allen,Over,20.5,-102,2026-09-13 17:00:00+00:00,2026-09-13 13:00:00-04:00,2026-09-13,BUF,1.0
7632,7e09efed7e12c659b82740b67ce2f9a1,2026-09-12 20:36:23 EDT,2026-09-13,HOU,BUF,HOU@BUF,DraftKings,player_pass_completions,C.J. Stroud,Over,19.5,-121,2026-09-13 17:00:00+00:00,2026-09-13 13:00:00-04:00,2026-09-13,HOU,1.0
7633,7e09efed7e12c659b82740b67ce2f9a1,2026-09-12 20:36:23 EDT,2026-09-13,HOU,BUF,HOU@BUF,DraftKings,player_pass_attempts,C.J. Stroud,Over,31.5,-119,2026-09-13 17:00:00+00:00,2026-09-13 13:00:00-04:00,2026-09-13,HOU,1.0
7634,7e09efed7e12c659b82740b67ce2f9a1,2026-09-12 20:36:23 EDT,2026-09-13,HOU,BUF,HOU@BUF,DraftKings,player_pass_attempts,Josh Allen,Over,30.5,-109,2026-09-13 17:00:00+00:00,2026-09-13 13:00:00-04:00,2026-09-13,BUF,1.0
7635,7e09efed7e12c659b82740b67ce2f9a1,2026-09-12 20:36:23 EDT,2026-09-13,HOU,BUF,HOU@BUF,DraftKings,player_pass_yds,Josh Allen,Over,223.5,-112,2026-09-13 17:00:00+00:00,2026-09-13 13:00:00-04:00,2026-09-13,BUF,1.0
7636,7e09efed7e12c659b82740b67ce2f9a1,2026-09-12 20:36:23 EDT,2026-09-13,HOU,BUF,HOU@BUF,DraftKings,player_pass_yds,C.J. Stroud,Over,221.5,-111,2026-09-13 17:00:00+00:00,2026-09-13 13:00:00-04:00,2026-09-13,HOU,1.0
7637,7e09efed7e12c659b82740b67ce2f9a1,2026-09-12 20:36:23 EDT,2026-09-13,HOU,BUF,HOU@BUF,DraftKings,player_pass_interceptions,Josh Allen,Over,0.5,-121,2026-09-13 17:00:00+00:00,2026-09-13 13:00:00-04:00,2026-09-13,BUF,1.0
7638,7e09efed7e12c659b82740b67ce2f9a1,2026-09-12 20:36:23 EDT,2026-09-13,HOU,BUF,HOU@BUF,DraftKings,player_pass_interceptions,C.J. Stroud,Over,0.5,-132,2026-09-13 17:00:00+00:00,2026-09-13 13:00:00-04:00,2026-09-13,HOU,1.0
7639,7e09efed7e12c659b82740b67ce2f9a1,2026-09-12 20:36:23 EDT,2026-09-13,HOU,BUF,HOU@BUF,DraftKings,player_pass_tds,C.J. Stroud,Over,1.5,127,2026-09-13 17:00:00+00:00,2026-09-13 13:00:00-04:00,2026-09-13,HOU,1.0
7640,7e09efed7e12c659b82740b67ce2f9a1,2026-09-12 20:36:23 EDT,2026-09-13,HOU,BUF,HOU@BUF,DraftKings,player_pass_tds,Josh Allen,Over,1.5,140,2026-09-13 17:00:00+00:00,2026-09-13 13:00:00-04:00,2026-09-13,BUF,1.0
7641,7e09efed7e12c659b82740b67ce2f9a1,2026-09-12 20:36:23 EDT,2026-09-13,HOU,BUF,HOU@BUF,DraftKings,player_rush_attempts,James Cook,Over,17.5,101,2026-09-13 17:00:00+00:00,2026-09-13 13:00:00-04:00,2026-09-13,BUF,1.0
7642,7e09efed7e12c659b82740b67ce2f9a1,2026-09-12 20:36:23 EDT,2026-09-13,HOU,BUF,HOU@BUF,DraftKings,player_rush_attempts,David Montgomery,Over,13.5,-118,2026-09-13 17:00:00+00:00,2026-09-13 13:00:00-04:00,2026-09-13,HOU,1.0
7643,7e09efed7e12c659b82740b67ce2f9a1,2026-09-12 20:36:23 EDT,2026-09-13,HOU,BUF,HOU@BUF,DraftKings,player_rush_attempts,Woody Marks,Over,6.5,-141,2026-09-13 17:00:00+00:00,2026-09-13 13:00:00-04:00,2026-09-13,HOU,1.0
7644,7e09efed7e12c659b82740b67ce2f9a1,2026-09-12 20:36:23 EDT,2026-09-13,HOU,BUF,HOU@BUF,DraftKings,player_rush_attempts,Josh Allen,Over,6.5,-125,2026-09-13 17:00:00+00:00,2026-09-13 13:00:00-04:00,2026-09-13,BUF,1.0
7645,7e09efed7e12c659b82740b67ce2f9a1,2026-09-12 20:36:23 EDT,2026-09-13,HOU,BUF,HOU@BUF,DraftKings,player_rush_yds,James Cook,Over,76.5,-114,2026-09-13 17:00:00+00:00,2026-09-13 13:00:00-04:00,2026-09-13,BUF,1.0
7646,7e09efed7e12c659b82740b67ce2f9a1,2026-09-12 20:36:23 EDT,2026-09-13,HOU,BUF,HOU@BUF,DraftKings,player_rush_yds,David Montgomery,Over,55.5,-113,2026-09-13 17:00:00+00:00,2026-09-13 13:00:00-04:00,2026-09-13,HOU,1.0
7647,7e09efed7e12c659b82740b67ce2f9a1,2026-09-12 20:36:23 EDT,2026-09-13,HOU,BUF,HOU@BUF,DraftKings,player_rush_yds,Josh Allen,Over,33.5,-110,2026-09-13 17:00:00+00:00,2026-09-13 13:00:00-04:00,2026-09-13,BUF,1.0
7648,7e09efed7e12c659b82740b67ce2f9a1,2026-09-12 20:36:23 EDT,2026-09-13,HOU,BUF,HOU@BUF,DraftKings,player_rush_yds,Woody Marks,Over,26.5,-113,2026-09-13 17:00:00+00:00,2026-09-13 13:00:00-04:00,2026-09-13,HOU,1.0
7649,7e09efed7e12c659b82740b67ce2f9a1,2026-09-12 20:36:23 EDT,2026-09-13,HOU,BUF,HOU@BUF,DraftKings,player_rush_yds,C.J. Stroud,Over,9.5,-112,2026-09-13 17:00:00+00:00,2026-09-13 13:00:00-04:00,2026-09-13,HOU,1.0
7650,7e09efed7e12c659b82740b67ce2f9a1,2026-09-12 20:36:23 EDT,2026-09-13,HOU,BUF,HOU@BUF,DraftKings,player_receptions,Nico Collins,Over,4.5,-159,2026-09-13 17:00:00+00:00,2026-09-13 13:00:00-04:00,2026-09-13,HOU,1.0
7651,7e09efed7e12c659b82740b67ce2f9a1,2026-09-12 20:36:23 EDT,2026-09-13,HOU,BUF,HOU@BUF,DraftKings,player_receptions,DJ Moore,Over,3.5,-134,2026-09-13 17:00:00+00:00,2026-09-13 13:00:00-04:00,2026-09-13,BUF,1.0
7652,7e09efed7e12c659b82740b67ce2f9a1,2026-09-12 20:36:23 EDT,2026-09-13,HOU,BUF,HOU@BUF,DraftKings,player_receptions,Khalil Shakir,Over,3.5,-126,2026-09-13 17:00:00+00:00,2026-09-13 13:00:00-04:00,2026-09-13,BUF,1.0
7653,7e09efed7e12c659b82740b67ce2f9a1,2026-09-12 20:36:23 EDT,2026-09-13,HOU,BUF,HOU@BUF,DraftKings,player_receptions,Dalton Schultz,Over,3.5,-110,2026-09-13 17:00:00+00:00,2026-09-13 13:00:00-04:00,2026-09-13,HOU,1.0
7654,7e09efed7e12c659b82740b67ce2f9a1,2026-09-12 20:36:23 EDT,2026-09-13,HOU,BUF,HOU@BUF,DraftKings,player_receptions,Dalton Kincaid,Over,3.5,116,2026-09-13 17:00:00+00:00,2026-09-13 13:00:00-04:00,2026-09-13,BUF,1.0
7655,7e09efed7e12c659b82740b67ce2f9a1,2026-09-12 20:36:23 EDT,2026-09-13,HOU,BUF,HOU@BUF,DraftKings,player_receptions,James Cook,Over,2.5,-129,2026-09-13 17:00:00+00:00,2026-09-13 13:00:00-04:00,2026-09-13,BUF,1.0
7656,7e09efed7e12c659b82740b67ce2f9a1,2026-09-12 20:36:23 EDT,2026-09-13,HOU,BUF,HOU@BUF,DraftKings,player_receptions,Kayshon Boutte,Over,2.5,133,2026-09-13 17:00:00+00:00,2026-09-13 13:00:00-04:00,2026-09-13,HOU,1.0
7657,7e09efed7e12c659b82740b67ce2f9a1,2026-09-12 20:36:23 EDT,2026-09-13,HOU,BUF,HOU@BUF,DraftKings,player_receptions,Xavier Hutchinson,Over,1.5,-185,2026-09-13 17:00:00+00:00,2026-09-13 13:00:00-04:00,2026-09-13,HOU,1.0
7658,7e09efed7e12c659b82740b67ce2f9a1,2026-09-12 20:36:23 EDT,2026-09-13,HOU,BUF,HOU@BUF,DraftKings,player_receptions,David Montgomery,Over,1.5,-136,2026-09-13 17:00:00+00:00,2026-09-13 13:00:00-04:00,2026-09-13,HOU,1.0
7659,7e09efed7e12c659b82740b67ce2f9a1,2026-09-12 20:36:23 EDT,2026-09-13,HOU,BUF,HOU@BUF,DraftKings,player_receptions,Woody Marks,Over,1.5,-118,2026-09-13 17:00:00+00:00,2026-09-13 13:00:00-04:00,2026-09-13,HOU,1.0
7660,7e09efed7e12c659b82740b67ce2f9a1,2026-09-12 20:36:23 EDT,2026-09-13,HOU,BUF,HOU@BUF,DraftKings,player_receptions,Jaylin Noel,Over,1.5,-101,2026-09-13 17:00:00+00:00,2026-09-13 13:00:00-04:00,2026-09-13,HOU,1.0
7661,7e09efed7e12c659b82740b67ce2f9a1,2026-09-12 20:36:23 EDT,2026-09-13,HOU,BUF,HOU@BUF,DraftKings,player_receptions,Dawson Knox,Over,1.5,110,2026-09-13 17:00:00+00:00,2026-09-13 13:00:00-04:00,2026-09-13,BUF,1.0
7662,7e09efed7e12c659b82740b67ce2f9a1,2026-09-12 20:36:23 EDT,2026-09-13,HOU,BUF,HOU@BUF,DraftKings,player_receptions,Joshua Palmer,Over,1.5,172,2026-09-13 17:00:00+00:00,2026-09-13 13:00:00-04:00,2026-09-13,BUF,1.0
7663,7e09efed7e12c659b82740b67ce2f9a1,2026-09-12 20:36:23 EDT,2026-09-13,HOU,BUF,HOU@BUF,DraftKings,player_reception_yds,Nico Collins,Over,69.5,-111,2026-09-13 17:00:00+00:00,2026-09-13 13:00:00-04:00,2026-09-13,HOU,1.0
7664,7e09efed7e12c659b82740b67ce2f9a1,2026-09-12 20:36:23 EDT,2026-09-13,HOU,BUF,HOU@BUF,DraftKings,player_reception_yds,DJ Moore,Over,47.5,-110,2026-09-13 17:00:00+00:00,2026-09-13 13:00:00-04:00,2026-09-13,BUF,1.0
7665,7e09efed7e12c659b82740b67ce2f9a1,2026-09-12 20:36:23 EDT,2026-09-13,HOU,BUF,HOU@BUF,DraftKings,player_reception_yds,Dalton Kincaid,Over,36.5,-112,2026-09-13 17:00:00+00:00,2026-09-13 13:00:00-04:00,2026-09-13,BUF,1.0
7666,7e09efed7e12c659b82740b67ce2f9a1,2026-09-12 20:36:23 EDT,2026-09-13,HOU,BUF,HOU@BUF,DraftKings,player_reception_yds,Khalil Shakir,Over,35.5,-114,2026-09-13 17:00:00+00:00,2026-09-13 13:00:00-04:00,2026-09-13,BUF,1.0
7667,7e09efed7e12c659b82740b67ce2f9a1,2026-09-12 20:36:23 EDT,2026-09-13,HOU,BUF,HOU@BUF,DraftKings,player_reception_yds,Dalton Schultz,Over,34.5,-111,2026-09-13 17:00:00+00:00,2026-09-13 13:00:00-04:00,2026-09-13,HOU,1.0
7668,7e09efed7e12c659b82740b67ce2f9a1,2026-09-12 20:36:23 EDT,2026-09-13,HOU,BUF,HOU@BUF,DraftKings,player_reception_yds,Kayshon Boutte,Over,27.5,-110,2026-09-13 17:00:00+00:00,2026-09-13 13:00:00-04:00,2026-09-13,HOU,1.0
7669,7e09efed7e12c659b82740b67ce2f9a1,2026-09-12 20:36:23 EDT,2026-09-13,HOU,BUF,HOU@BUF,DraftKings,player_reception_yds,James Cook,Over,20.5,-109,2026-09-13 17:00:00+00:00,2026-09-13 13:00:00-04:00,2026-09-13,BUF,1.0
7670,7e09efed7e12c659b82740b67ce2f9a1,2026-09-12 20:36:23 EDT,2026-09-13,HOU,BUF,HOU@BUF,DraftKings,player_reception_yds,Xavier Hutchinson,Over,17.5,-108,2026-09-13 17:00:00+00:00,2026-09-13 13:00:00-04:00,2026-09-13,HOU,1.0
7671,7e09efed7e12c659b82740b67ce2f9a1,2026-09-12 20:36:23 EDT,2026-09-13,HOU,BUF,HOU@BUF,DraftKings,player_reception_yds,Jaylin Noel,Over,13.5,-113,2026-09-13 17:00:00+00:00,2026-09-13 13:00:00-04:00,2026-09-13,HOU,1.0
7672,7e09efed7e12c659b82740b67ce2f9a1,2026-09-12 20:36:23 EDT,2026-09-13,HOU,BUF,HOU@BUF,DraftKings,player_reception_yds,Dawson Knox,Over,13.5,-108,2026-09-13 17:00:00+00:00,2026-09-13 13:00:00-04:00,2026-09-13,BUF,1.0
7673,7e09efed7e12c659b82740b67ce2f9a1,2026-09-12 20:36:23 EDT,2026-09-13,HOU,BUF,HOU@BUF,DraftKings,player_reception_yds,Joshua Palmer,Over,11.5,-116,2026-09-13 17:00:00+00:00,2026-09-13 13:00:00-04:00,2026-09-13,BUF,1.0
7674,7e09efed7e12c659b82740b67ce2f9a1,2026-09-12 20:36:23 EDT,2026-09-13,HOU,BUF,HOU@BUF,DraftKings,player_reception_yds,David Montgomery,Over,11.5,-110,2026-09-13 17:00:00+00:00,2026-09-13 13:00:00-04:00,2026-09-13,HOU,1.0
7675,7e09efed7e12c659b82740b67ce2f9a1,2026-09-12 20:36:23 EDT,2026-09-13,HOU,BUF,HOU@BUF,DraftKings,player_reception_yds,Woody Marks,Over,9.5,-105,2026-09-13 17:00:00+00:00,2026-09-13 13:00:00-04:00,2026-09-13,HOU,1.0
7676,7e09efed7e12c659b82740b67ce2f9a1,2026-09-12 20:36:23 EDT,2026-09-13,HOU,BUF,HOU@BUF,DraftKings,player_tds_over,David Montgomery,Over,1.5,475,2026-09-13 17:00:00+00:00,2026-09-13 13:00:00-04:00,2026-09-13,HOU,1.0
7677,7e09efed7e12c659b82740b67ce2f9a1,2026-09-12 20:36:23 EDT,2026-09-13,HOU,BUF,HOU@BUF,DraftKings,player_tds_over,James Cook,Over,1.5,650,2026-09-13 17:00:00+00:00,2026-09-13 13:00:00-04:00,2026-09-13,BUF,1.0
7678,7e09efed7e12c659b82740b67ce2f9a1,2026-09-12 20:36:23 EDT,2026-09-13,HOU,BUF,HOU@BUF,DraftKings,player_tds_over,Josh Allen,Over,1.5,850,2026-09-13 17:00:00+00:00,2026-09-13 13:00:00-04:00,2026-09-13,BUF,1.0
7679,7e09efed7e12c659b82740b67ce2f9a1,2026-09-12 20:36:23 EDT,2026-09-13,HOU,BUF,HOU@BUF,DraftKings,player_tds_over,Nico Collins,Over,1.5,1100,2026-09-13 17:00:00+00:00,2026-09-13 13:00:00-04:00,2026-09-13,HOU,1.0
7680,7e09efed7e12c659b82740b67ce2f9a1,2026-09-12 20:36:23 EDT,2026-09-13,HOU,BUF,HOU@BUF,DraftKings,player_tds_over,Woody Marks,Over,1.5,2200,2026-09-13 17:00:00+00:00,2026-09-13 13:00:00-04:00,2026-09-13,HOU,1.0
7681,7e09efed7e12c659b82740b67ce2f9a1,2026-09-12 20:36:23 EDT,2026-09-13,HOU,BUF,HOU@BUF,DraftKings,player_tds_over,DJ Moore,Over,1.5,2200,2026-09-13 17:00:00+00:00,2026-09-13 13:00:00-04:00,2026-09-13,BUF,1.0
7682,7e09efed7e12c659b82740b67ce2f9a1,2026-09-12 20:36:23 EDT,2026-09-13,HOU,BUF,HOU@BUF,DraftKings,player_tds_over,Dalton Schultz,Over,1.5,2800,2026-09-13 17:00:00+00:00,2026-09-13 13:00:00-04:00,2026-09-13,HOU,1.0
7683,7e09efed7e12c659b82740b67ce2f9a1,2026-09-12 20:36:23 EDT,2026-09-13,HOU,BUF,HOU@BUF,DraftKings,player_tds_over,Dalton Kincaid,Over,1.5,3000,2026-09-13 17:00:00+00:00,2026-09-13 13:00:00-04:00,2026-09-13,BUF,1.0
7684,7e09efed7e12c659b82740b67ce2f9a1,2026-09-12 20:36:23 EDT,2026-09-13,HOU,BUF,HOU@BUF,DraftKings,player_tds_over,Kayshon Boutte,Over,1.5,3500,2026-09-13 17:00:00+00:00,2026-09-13 13:00:00-04:00,2026-09-13,HOU,1.0
7685,7e09efed7e12c659b82740b67ce2f9a1,2026-09-12 20:36:23 EDT,2026-09-13,HOU,BUF,HOU@BUF,DraftKings,player_tds_over,Khalil Shakir,Over,1.5,4000,2026-09-13 17:00:00+00:00,2026-09-13 13:00:00-04:00,2026-09-13,BUF,1.0
7686,7e09efed7e12c659b82740b67ce2f9a1,2026-09-12 20:36:23 EDT,2026-09-13,HOU,BUF,HOU@BUF,DraftKings,player_tds_over,Ray Davis,Over,1.5,5000,2026-09-13 17:00:00+00:00,2026-09-13 13:00:00-04:00,2026-09-13,BUF,1.0
7687,7e09efed7e12c659b82740b67ce2f9a1,2026-09-12 20:36:23 EDT,2026-09-13,HOU,BUF,HOU@BUF,DraftKings,player_tds_over,Xavier Hutchinson,Over,1.5,5500,2026-09-13 17:00:00+00:00,2026-09-13 13:00:00-04:00,2026-09-13,HOU,1.0
7688,7e09efed7e12c659b82740b67ce2f9a1,2026-09-12 20:36:23 EDT,2026-09-13,HOU,BUF,HOU@BUF,DraftKings,player_tds_over,Keon Coleman,Over,1.5,6500,2026-09-13 17:00:00+00:00,2026-09-13 13:00:00-04:00,2026-09-13,BUF,1.0
7689,7e09efed7e12c659b82740b67ce2f9a1,2026-09-12 20:36:23 EDT,2026-09-13,HOU,BUF,HOU@BUF,DraftKings,player_tds_over,Ty Johnson,Over,1.5,6500,2026-09-13 17:00:00+00:00,2026-09-13 13:00:00-04:00,2026-09-13,BUF,1.0
7690,7e09efed7e12c659b82740b67ce2f9a1,2026-09-12 20:36:23 EDT,2026-09-13,HOU,BUF,HOU@BUF,DraftKings,player_tds_over,Dawson Knox,Over,1.5,7000,2026-09-13 17:00:00+00:00,2026-09-13 13:00:00-04:00,2026-09-13,BUF,1.0
7691,7e09efed7e12c659b82740b67ce2f9a1,2026-09-12 20:36:23 EDT,2026-09-13,HOU,BUF,HOU@BUF,DraftKings,player_tds_over,Jaylin Noel,Over,1.5,7500,2026-09-13 17:00:00+00:00,2026-09-13 13:00:00-04:00,2026-09-13,HOU,1.0
7692,7e09efed7e12c659b82740b67ce2f9a1,2026-09-12 20:36:23 EDT,2026-09-13,HOU,BUF,HOU@BUF,DraftKings,player_tds_over,Joshua Palmer,Over,1.5,12000,2026-09-13 17:00:00+00:00,2026-09-13 13:00:00-04:00,2026-09-13,BUF,1.0
7693,7e09efed7e12c659b82740b67ce2f9a1,2026-09-12 20:36:23 EDT,2026-09-13,HOU,BUF,HOU@BUF,DraftKings,player_tds_over,C.J. Stroud,Over,1.5,13000,2026-09-13 17:00:00+00:00,2026-09-13 13:00:00-04:00,2026-09-13,HOU,1.0
7694,7e09efed7e12c659b82740b67ce2f9a1,2026-09-12 20:36:23 EDT,2026-09-13,HOU,BUF,HOU@BUF,DraftKings,player_tds_over,Brevin Jordan,Over,1.5,15000,2026-09-13 17:00:00+00:00,2026-09-13 13:00:00-04:00,2026-09-13,HOU,1.0
7695,7e09efed7e12c659b82740b67ce2f9a1,2026-09-12 20:36:23 EDT,2026-09-13,HOU,BUF,HOU@BUF,DraftKings,player_tds_over,Keleki Latu,Over,1.5,16000,2026-09-13 17:00:00+00:00,2026-09-13 13:00:00-04:00,2026-09-13,BUF,1.0
7696,7e09efed7e12c659b82740b67ce2f9a1,2026-09-12 20:36:23 EDT,2026-09-13,HOU,BUF,HOU@BUF,DraftKings,player_tds_over,Jackson Hawes,Over,1.5,17000,2026-09-13 17:00:00+00:00,2026-09-13 13:00:00-04:00,2026-09-13,BUF,1.0
7697,7e09efed7e12c659b82740b67ce2f9a1,2026-09-12 20:36:23 EDT,2026-09-13,HOU,BUF,HOU@BUF,DraftKings,player_tds_over,Foster Moreau,Over,1.5,17000,2026-09-13 17:00:00+00:00,2026-09-13 13:00:00-04:00,2026-09-13,HOU,1.0
7698,7e09efed7e12c659b82740b67ce2f9a1,2026-09-12 20:36:23 EDT,2026-09-13,HOU,BUF,HOU@BUF,DraftKings,player_tds_over,Cade Stover,Over,1.5,18000,2026-09-13 17:00:00+00:00,2026-09-13 13:00:00-04:00,2026-09-13,HOU,1.0
7699,7e09efed7e12c659b82740b67ce2f9a1,2026-09-12 20:36:23 EDT,2026-09-13,HOU,BUF,HOU@BUF,DraftKings,player_tds_over,Franklin Gore Jr.,Over,1.5,19000,2026-09-13 17:00:00+00:00,2026-09-13 13:00:00-04:00,2026-09-13,,1.0
7700,7e09efed7e12c659b82740b67ce2f9a1,2026-09-12 20:36:23 EDT,2026-09-13,HOU,BUF,HOU@BUF,DraftKings,player_tds_over,British Brooks,Over,1.5,20000,2026-09-13 17:00:00+00:00,2026-09-13 13:00:00-04:00,2026-09-13,HOU,1.0
7701,7e09efed7e12c659b82740b67ce2f9a1,2026-09-12 20:36:23 EDT,2026-09-13,HOU,BUF,HOU@BUF,DraftKings,player_tds_over,Marlin Klein,Over,1.5,20000,2026-09-13 17:00:00+00:00,2026-09-13 13:00:00-04:00,2026-09-13,HOU,1.0
7702,7e09efed7e12c659b82740b67ce2f9a1,2026-09-12 20:36:23 EDT,2026-09-13,HOU,BUF,HOU@BUF,DraftKings,player_tds_over,Jared Wayne,Over,1.5,20000,2026-09-13 17:00:00+00:00,2026-09-13 13:00:00-04:00,2026-09-13,HOU,1.0
7703,7e09efed7e12c659b82740b67ce2f9a1,2026-09-12 20:36:23 EDT,2026-09-13,HOU,BUF,HOU@BUF,DraftKings,player_tds_over,Skyler Bell,Over,1.5,25000,2026-09-13 17:00:00+00:00,2026-09-13 13:00:00-04:00,2026-09-13,BUF,1.0
7704,7e09efed7e12c659b82740b67ce2f9a1,2026-09-12 20:36:23 EDT,2026-09-13,HOU,BUF,HOU@BUF,DraftKings,player_tds_over,David Montgomery,Over,2.5,2200,2026-09-13 17:00:00+00:00,2026-09-13 13:00:00-04:00,2026-09-13,HOU,1.0
7705,7e09efed7e12c659b82740b67ce2f9a1,2026-09-12 20:36:23 EDT,2026-09-13,HOU,BUF,HOU@BUF,DraftKings,player_tds_over,James Cook,Over,2.5,3000,2026-09-13 17:00:00+00:00,2026-09-13 13:00:00-04:00,2026-09-13,BUF,1.0
7706,7e09efed7e12c659b82740b67ce2f9a1,2026-09-12 20:36:23 EDT,2026-09-13,HOU,BUF,HOU@BUF,DraftKings,player_tds_over,Josh Allen,Over,2.5,4500,2026-09-13 17:00:00+00:00,2026-09-13 13:00:00-04:00,2026-09-13,BUF,1.0
7707,7e09efed7e12c659b82740b67ce2f9a1,2026-09-12 20:36:23 EDT,2026-09-13,HOU,BUF,HOU@BUF,DraftKings,player_tds_over,Nico Collins,Over,2.5,5500,2026-09-13 17:00:00+00:00,2026-09-13 13:00:00-04:00,2026-09-13,HOU,1.0
7708,7e09efed7e12c659b82740b67ce2f9a1,2026-09-12 20:36:23 EDT,2026-09-13,HOU,BUF,HOU@BUF,DraftKings,player_tds_over,Woody Marks,Over,2.5,10000,2026-09-13 17:00:00+00:00,2026-09-13 13:00:00-04:00,2026-09-13,HOU,1.0
7709,7e09efed7e12c659b82740b67ce2f9a1,2026-09-12 20:36:23 EDT,2026-09-13,HOU,BUF,HOU@BUF,DraftKings,player_tds_over,DJ Moore,Over,2.5,11000,2026-09-13 17:00:00+00:00,2026-09-13 13:00:00-04:00,2026-09-13,BUF,1.0
7710,7e09efed7e12c659b82740b67ce2f9a1,2026-09-12 20:36:23 EDT,2026-09-13,HOU,BUF,HOU@BUF,DraftKings,player_tds_over,Dalton Schultz,Over,2.5,14000,2026-09-13 17:00:00+00:00,2026-09-13 13:00:00-04:00,2026-09-13,HOU,1.0
7711,7e09efed7e12c659b82740b67ce2f9a1,2026-09-12 20:36:23 EDT,2026-09-13,HOU,BUF,HOU@BUF,DraftKings,player_tds_over,Dalton Kincaid,Over,2.5,15000,2026-09-13 17:00:00+00:00,2026-09-13 13:00:00-04:00,2026-09-13,BUF,1.0
7712,7e09efed7e12c659b82740b67ce2f9a1,2026-09-12 20:36:23 EDT,2026-09-13,HOU,BUF,HOU@BUF,DraftKings,player_tds_over,Khalil Shakir,Over,2.5,16000,2026-09-13 17:00:00+00:00,2026-09-13 13:00:00-04:00,2026-09-13,BUF,1.0
7713,7e09efed7e12c659b82740b67ce2f9a1,2026-09-12 20:36:23 EDT,2026-09-13,HOU,BUF,HOU@BUF,DraftKings,player_tds_over,Kayshon Boutte,Over,2.5,16000,2026-09-13 17:00:00+00:00,2026-09-13 13:00:00-04:00,2026-09-13,HOU,1.0
7714,7e09efed7e12c659b82740b67ce2f9a1,2026-09-12 20:36:23 EDT,2026-09-13,HOU,BUF,HOU@BUF,DraftKings,player_tds_over,Ray Davis,Over,2.5,17000,2026-09-13 17:00:00+00:00,2026-09-13 13:00:00-04:00,2026-09-13,BUF,1.0
7715,7e09efed7e12c659b82740b67ce2f9a1,2026-09-12 20:36:23 EDT,2026-09-13,HOU,BUF,HOU@BUF,DraftKings,player_tds_over,Keon Coleman,Over,2.5,20000,2026-09-13 17:00:00+00:00,2026-09-13 13:00:00-04:00,2026-09-13,BUF,1.0
7716,7e09efed7e12c659b82740b67ce2f9a1,2026-09-12 20:36:23 EDT,2026-09-13,HOU,BUF,HOU@BUF,DraftKings,player_tds_over,Xavier Hutchinson,Over,2.5,20000,2026-09-13 17:00:00+00:00,2026-09-13 13:00:00-04:00,2026-09-13,HOU,1.0
7717,7e09efed7e12c659b82740b67ce2f9a1,2026-09-12 20:36:23 EDT,2026-09-13,HOU,BUF,HOU@BUF,DraftKings,player_tds_over,Ty Johnson,Over,2.5,20000,2026-09-13 17:00:00+00:00,2026-09-13 13:00:00-04:00,2026-09-13,BUF,1.0
7718,7e09efed7e12c659b82740b67ce2f9a1,2026-09-12 20:36:23 EDT,2026-09-13,HOU,BUF,HOU@BUF,DraftKings,player_tds_over,Jaylin Noel,Over,2.5,25000,2026-09-13 17:00:00+00:00,2026-09-13 13:00:00-04:00,2026-09-13,HOU,1.0
7719,7e09efed7e12c659b82740b67ce2f9a1,2026-09-12 20:36:23 EDT,2026-09-13,HOU,BUF,HOU@BUF,DraftKings,player_tds_over,Dawson Knox,Over,2.5,25000,2026-09-13 17:00:00+00:00,2026-09-13 13:00:00-04:00,2026-09-13,BUF,1.0
7720,7e09efed7e12c659b82740b67ce2f9a1,2026-09-12 20:36:23 EDT,2026-09-13,HOU,BUF,HOU@BUF,DraftKings,player_tds_over,Jackson Hawes,Over,2.5,25000,2026-09-13 17:00:00+00:00,2026-09-13 13:00:00-04:00,2026-09-13,BUF,1.0
7721,7e09efed7e12c659b82740b67ce2f9a1,2026-09-12 20:36:23 EDT,2026-09-13,HOU,BUF,HOU@BUF,DraftKings,player_tds_over,Brevin Jordan,Over,2.5,25000,2026-09-13 17:00:00+00:00,2026-09-13 13:00:00-04:00,2026-09-13,HOU,1.0
7722,fc362aff0d889ec52d358307a70c32ed,2026-09-12 20:36:23 EDT,2026-09-13,CAR,CHI,CAR@CHI,DraftKings,player_pass_completions,Caleb Williams,Over,20.5,-102,2026-09-13 17:00:00+00:00,2026-09-13 13:00:00-04:00,2026-09-13,CHI,1.0
7723,fc362aff0d889ec52d358307a70c32ed,2026-09-12 20:36:23 EDT,2026-09-13,CAR,CHI,CAR@CHI,DraftKings,player_pass_completions,Bryce Young,Over,19.5,-134,2026-09-13 17:00:00+00:00,2026-09-13 13:00:00-04:00,2026-09-13,CAR,1.0
7724,fc362aff0d889ec52d358307a70c32ed,2026-09-12 20:36:23 EDT,2026-09-13,CAR,CHI,CAR@CHI,DraftKings,player_pass_attempts,Caleb Williams,Over,32.5,-107,2026-09-13 17:00:00+00:00,2026-09-13 13:00:00-04:00,2026-09-13,CHI,1.0
7725,fc362aff0d889ec52d358307a70c32ed,2026-09-12 20:36:23 EDT,2026-09-13,CAR,CHI,CAR@CHI,DraftKings,player_pass_attempts,Bryce Young,Over,30.5,-114,2026-09-13 17:00:00+00:00,2026-09-13 13:00:00-04:00,2026-09-13,CAR,1.0
7726,fc362aff0d889ec52d358307a70c32ed,2026-09-12 20:36:23 EDT,2026-09-13,CAR,CHI,CAR@CHI,DraftKings,player_pass_yds,Caleb Williams,Over,229.5,-112,2026-09-13 17:00:00+00:00,2026-09-13 13:00:00-04:00,2026-09-13,CHI,1.0
7727,fc362aff0d889ec52d358307a70c32ed,2026-09-12 20:36:23 EDT,2026-09-13,CAR,CHI,CAR@CHI,DraftKings,player_pass_yds,Bryce Young,Over,209.5,-112,2026-09-13 17:00:00+00:00,2026-09-13 13:00:00-04:00,2026-09-13,CAR,1.0
7728,fc362aff0d889ec52d358307a70c32ed,2026-09-12 20:36:23 EDT,2026-09-13,CAR,CHI,CAR@CHI,DraftKings,player_pass_interceptions,Caleb Williams,Over,0.5,119,2026-09-13 17:00:00+00:00,2026-09-13 13:00:00-04:00,2026-09-13,CHI,1.0
7729,fc362aff0d889ec52d358307a70c32ed,2026-09-12 20:36:23 EDT,2026-09-13,CAR,CHI,CAR@CHI,DraftKings,player_pass_interceptions,Bryce Young,Over,0.5,103,2026-09-13 17:00:00+00:00,2026-09-13 13:00:00-04:00,2026-09-13,CAR,1.0
7730,fc362aff0d889ec52d358307a70c32ed,2026-09-12 20:36:23 EDT,2026-09-13,CAR,CHI,CAR@CHI,DraftKings,player_pass_tds,Caleb Williams,Over,1.5,-113,2026-09-13 17:00:00+00:00,2026-09-13 13:00:00-04:00,2026-09-13,CHI,1.0
7731,fc362aff0d889ec52d358307a70c32ed,2026-09-12 20:36:23 EDT,2026-09-13,CAR,CHI,CAR@CHI,DraftKings,player_pass_tds,Bryce Young,Over,1.5,105,2026-09-13 17:00:00+00:00,2026-09-13 13:00:00-04:00,2026-09-13,CAR,1.0
7732,fc362aff0d889ec52d358307a70c32ed,2026-09-12 20:36:23 EDT,2026-09-13,CAR,CHI,CAR@CHI,DraftKings,player_rush_attempts,D'Andre Swift,Over,13.5,-122,2026-09-13 17:00:00+00:00,2026-09-13 13:00:00-04:00,2026-09-13,CHI,1.0
7733,fc362aff0d889ec52d358307a70c32ed,2026-09-12 20:36:23 EDT,2026-09-13,CAR,CHI,CAR@CHI,DraftKings,player_rush_attempts,Chuba Hubbard,Over,13.5,100,2026-09-13 17:00:00+00:00,2026-09-13 13:00:00-04:00,2026-09-13,CAR,1.0
7734,fc362aff0d889ec52d358307a70c32ed,2026-09-12 20:36:23 EDT,2026-09-13,CAR,CHI,CAR@CHI,DraftKings,player_rush_attempts,Jonathon Brooks,Over,8.5,-113,2026-09-13 17:00:00+00:00,2026-09-13 13:00:00-04:00,2026-09-13,CAR,1.0
7735,fc362aff0d889ec52d358307a70c32ed,2026-09-12 20:36:23 EDT,2026-09-13,CAR,CHI,CAR@CHI,DraftKings,player_rush_attempts,Kyle Monangai,Over,7.5,-127,2026-09-13 17:00:00+00:00,2026-09-13 13:00:00-04:00,2026-09-13,CHI,1.0
7736,fc362aff0d889ec52d358307a70c32ed,2026-09-12 20:36:23 EDT,2026-09-13,CAR,CHI,CAR@CHI,DraftKings,player_rush_attempts,Caleb Williams,Over,4.5,124,2026-09-13 17:00:00+00:00,2026-09-13 13:00:00-04:00,2026-09-13,CHI,1.0
7737,fc362aff0d889ec52d358307a70c32ed,2026-09-12 20:36:23 EDT,2026-09-13,CAR,CHI,CAR@CHI,DraftKings,player_rush_attempts,Bryce Young,Over,3.5,-101,2026-09-13 17:00:00+00:00,2026-09-13 13:00:00-04:00,2026-09-13,CAR,1.0
7738,fc362aff0d889ec52d358307a70c32ed,2026-09-12 20:36:23 EDT,2026-09-13,CAR,CHI,CAR@CHI,DraftKings,player_rush_yds,D'Andre Swift,Over,60.5,-114,2026-09-13 17:00:00+00:00,2026-09-13 13:00:00-04:00,2026-09-13,CHI,1.0
7739,fc362aff0d889ec52d358307a70c32ed,2026-09-12 20:36:23 EDT,2026-09-13,CAR,CHI,CAR@CHI,DraftKings,player_rush_yds,Chuba Hubbard,Over,51.5,-111,2026-09-13 17:00:00+00:00,2026-09-13 13:00:00-04:00,2026-09-13,CAR,1.0
7740,fc362aff0d889ec52d358307a70c32ed,2026-09-12 20:36:23 EDT,2026-09-13,CAR,CHI,CAR@CHI,DraftKings,player_rush_yds,Jonathon Brooks,Over,31.5,-111,2026-09-13 17:00:00+00:00,2026-09-13 13:00:00-04:00,2026-09-13,CAR,1.0
7741,fc362aff0d889ec52d358307a70c32ed,2026-09-12 20:36:23 EDT,2026-09-13,CAR,CHI,CAR@CHI,DraftKings,player_rush_yds,Kyle Monangai,Over,31.5,-109,2026-09-13 17:00:00+00:00,2026-09-13 13:00:00-04:00,2026-09-13,CHI,1.0
7742,fc362aff0d889ec52d358307a70c32ed,2026-09-12 20:36:23 EDT,2026-09-13,CAR,CHI,CAR@CHI,DraftKings,player_rush_yds,Caleb Williams,Over,20.5,-113,2026-09-13 17:00:00+00:00,2026-09-13 13:00:00-04:00,2026-09-13,CHI,1.0
7743,fc362aff0d889ec52d358307a70c32ed,2026-09-12 20:36:23 EDT,2026-09-13,CAR,CHI,CAR@CHI,DraftKings,player_rush_yds,Bryce Young,Over,14.5,-111,2026-09-13 17:00:00+00:00,2026-09-13 13:00:00-04:00,2026-09-13,CAR,1.0
7744,fc362aff0d889ec52d358307a70c32ed,2026-09-12 20:36:23 EDT,2026-09-13,CAR,CHI,CAR@CHI,DraftKings,player_receptions,Luther Burden,Over,4.5,-141,2026-09-13 17:00:00+00:00,2026-09-13 13:00:00-04:00,2026-09-13,CHI,1.0
7745,fc362aff0d889ec52d358307a70c32ed,2026-09-12 20:36:23 EDT,2026-09-13,CAR,CHI,CAR@CHI,DraftKings,player_receptions,Colston Loveland,Over,4.5,-127,2026-09-13 17:00:00+00:00,2026-09-13 13:00:00-04:00,2026-09-13,CHI,1.0
7746,fc362aff0d889ec52d358307a70c32ed,2026-09-12 20:36:23 EDT,2026-09-13,CAR,CHI,CAR@CHI,DraftKings,player_receptions,Tetairoa McMillan,Over,4.5,-109,2026-09-13 17:00:00+00:00,2026-09-13 13:00:00-04:00,2026-09-13,CAR,1.0
7747,fc362aff0d889ec52d358307a70c32ed,2026-09-12 20:36:23 EDT,2026-09-13,CAR,CHI,CAR@CHI,DraftKings,player_receptions,Jalen Coker,Over,3.5,-150,2026-09-13 17:00:00+00:00,2026-09-13 13:00:00-04:00,2026-09-13,CAR,1.0
7748,fc362aff0d889ec52d358307a70c32ed,2026-09-12 20:36:23 EDT,2026-09-13,CAR,CHI,CAR@CHI,DraftKings,player_receptions,Rome Odunze,Over,2.5,-167,2026-09-13 17:00:00+00:00,2026-09-13 13:00:00-04:00,2026-09-13,CHI,1.0
7749,fc362aff0d889ec52d358307a70c32ed,2026-09-12 20:36:23 EDT,2026-09-13,CAR,CHI,CAR@CHI,DraftKings,player_receptions,Xavier Legette,Over,2.5,143,2026-09-13 17:00:00+00:00,2026-09-13 13:00:00-04:00,2026-09-13,CAR,1.0
7750,fc362aff0d889ec52d358307a70c32ed,2026-09-12 20:36:23 EDT,2026-09-13,CAR,CHI,CAR@CHI,DraftKings,player_receptions,D'Andre Swift,Over,2.5,150,2026-09-13 17:00:00+00:00,2026-09-13 13:00:00-04:00,2026-09-13,CHI,1.0
7751,fc362aff0d889ec52d358307a70c32ed,2026-09-12 20:36:23 EDT,2026-09-13,CAR,CHI,CAR@CHI,DraftKings,player_receptions,Chuba Hubbard,Over,1.5,-170,2026-09-13 17:00:00+00:00,2026-09-13 13:00:00-04:00,2026-09-13,CAR,1.0
7752,fc362aff0d889ec52d358307a70c32ed,2026-09-12 20:36:23 EDT,2026-09-13,CAR,CHI,CAR@CHI,DraftKings,player_receptions,Darren Waller,Over,1.5,-164,2026-09-13 17:00:00+00:00,2026-09-13 13:00:00-04:00,2026-09-13,CAR,1.0
7753,fc362aff0d889ec52d358307a70c32ed,2026-09-12 20:36:23 EDT,2026-09-13,CAR,CHI,CAR@CHI,DraftKings,player_receptions,Cole Kmet,Over,1.5,-119,2026-09-13 17:00:00+00:00,2026-09-13 13:00:00-04:00,2026-09-13,CHI,1.0
7754,fc362aff0d889ec52d358307a70c32ed,2026-09-12 20:36:23 EDT,2026-09-13,CAR,CHI,CAR@CHI,DraftKings,player_receptions,Jonathon Brooks,Over,1.5,-118,2026-09-13 17:00:00+00:00,2026-09-13 13:00:00-04:00,2026-09-13,CAR,1.0
7755,fc362aff0d889ec52d358307a70c32ed,2026-09-12 20:36:23 EDT,2026-09-13,CAR,CHI,CAR@CHI,DraftKings,player_receptions,Kalif Raymond,Over,1.5,-117,2026-09-13 17:00:00+00:00,2026-09-13 13:00:00-04:00,2026-09-13,CHI,1.0
7756,fc362aff0d889ec52d358307a70c32ed,2026-09-12 20:36:23 EDT,2026-09-13,CAR,CHI,CAR@CHI,DraftKings,player_receptions,Tommy Tremble,Over,1.5,121,2026-09-13 17:00:00+00:00,2026-09-13 13:00:00-04:00,2026-09-13,CAR,1.0
7757,fc362aff0d889ec52d358307a70c32ed,2026-09-12 20:36:23 EDT,2026-09-13,CAR,CHI,CAR@CHI,DraftKings,player_receptions,Kyle Monangai,Over,1.5,184,2026-09-13 17:00:00+00:00,2026-09-13 13:00:00-04:00,2026-09-13,CHI,1.0
7758,fc362aff0d889ec52d358307a70c32ed,2026-09-12 20:36:23 EDT,2026-09-13,CAR,CHI,CAR@CHI,DraftKings,player_reception_yds,Tetairoa McMillan,Over,60.5,-114,2026-09-13 17:00:00+00:00,2026-09-13 13:00:00-04:00,2026-09-13,CAR,1.0
7759,fc362aff0d889ec52d358307a70c32ed,2026-09-12 20:36:23 EDT,2026-09-13,CAR,CHI,CAR@CHI,DraftKings,player_reception_yds,Luther Burden,Over,58.5,-114,2026-09-13 17:00:00+00:00,2026-09-13 13:00:00-04:00,2026-09-13,CHI,1.0
7760,fc362aff0d889ec52d358307a70c32ed,2026-09-12 20:36:23 EDT,2026-09-13,CAR,CHI,CAR@CHI,DraftKings,player_reception_yds,Colston Loveland,Over,55.5,-110,2026-09-13 17:00:00+00:00,2026-09-13 13:00:00-04:00,2026-09-13,CHI,1.0
7761,fc362aff0d889ec52d358307a70c32ed,2026-09-12 20:36:23 EDT,2026-09-13,CAR,CHI,CAR@CHI,DraftKings,player_reception_yds,Jalen Coker,Over,41.5,-112,2026-09-13 17:00:00+00:00,2026-09-13 13:00:00-04:00,2026-09-13,CAR,1.0
7762,fc362aff0d889ec52d358307a70c32ed,2026-09-12 20:36:23 EDT,2026-09-13,CAR,CHI,CAR@CHI,DraftKings,player_reception_yds,Rome Odunze,Over,39.5,-109,2026-09-13 17:00:00+00:00,2026-09-13 13:00:00-04:00,2026-09-13,CHI,1.0
7763,fc362aff0d889ec52d358307a70c32ed,2026-09-12 20:36:23 EDT,2026-09-13,CAR,CHI,CAR@CHI,DraftKings,player_reception_yds,Xavier Legette,Over,17.5,-114,2026-09-13 17:00:00+00:00,2026-09-13 13:00:00-04:00,2026-09-13,CAR,1.0
7764,fc362aff0d889ec52d358307a70c32ed,2026-09-12 20:36:23 EDT,2026-09-13,CAR,CHI,CAR@CHI,DraftKings,player_reception_yds,Darren Waller,Over,16.5,-111,2026-09-13 17:00:00+00:00,2026-09-13 13:00:00-04:00,2026-09-13,CAR,1.0
7765,fc362aff0d889ec52d358307a70c32ed,2026-09-12 20:36:23 EDT,2026-09-13,CAR,CHI,CAR@CHI,DraftKings,player_reception_yds,Kalif Raymond,Over,14.5,-113,2026-09-13 17:00:00+00:00,2026-09-13 13:00:00-04:00,2026-09-13,CHI,1.0
7766,fc362aff0d889ec52d358307a70c32ed,2026-09-12 20:36:23 EDT,2026-09-13,CAR,CHI,CAR@CHI,DraftKings,player_reception_yds,Cole Kmet,Over,14.5,-108,2026-09-13 17:00:00+00:00,2026-09-13 13:00:00-04:00,2026-09-13,CHI,1.0
7767,fc362aff0d889ec52d358307a70c32ed,2026-09-12 20:36:23 EDT,2026-09-13,CAR,CHI,CAR@CHI,DraftKings,player_reception_yds,D'Andre Swift,Over,12.5,-114,2026-09-13 17:00:00+00:00,2026-09-13 13:00:00-04:00,2026-09-13,CHI,1.0
7768,fc362aff0d889ec52d358307a70c32ed,2026-09-12 20:36:23 EDT,2026-09-13,CAR,CHI,CAR@CHI,DraftKings,player_reception_yds,Tommy Tremble,Over,11.5,-107,2026-09-13 17:00:00+00:00,2026-09-13 13:00:00-04:00,2026-09-13,CAR,1.0
7769,fc362aff0d889ec52d358307a70c32ed,2026-09-12 20:36:23 EDT,2026-09-13,CAR,CHI,CAR@CHI,DraftKings,player_reception_yds,Chuba Hubbard,Over,9.5,-118,2026-09-13 17:00:00+00:00,2026-09-13 13:00:00-04:00,2026-09-13,CAR,1.0
7770,fc362aff0d889ec52d358307a70c32ed,2026-09-12 20:36:23 EDT,2026-09-13,CAR,CHI,CAR@CHI,DraftKings,player_reception_yds,Jonathon Brooks,Over,9.5,-110,2026-09-13 17:00:00+00:00,2026-09-13 13:00:00-04:00,2026-09-13,CAR,1.0
7771,fc362aff0d889ec52d358307a70c32ed,2026-09-12 20:36:23 EDT,2026-09-13,CAR,CHI,CAR@CHI,DraftKings,player_reception_yds,Kyle Monangai,Over,6.5,-107,2026-09-13 17:00:00+00:00,2026-09-13 13:00:00-04:00,2026-09-13,CHI,1.0
7772,fc362aff0d889ec52d358307a70c32ed,2026-09-12 20:36:23 EDT,2026-09-13,CAR,CHI,CAR@CHI,DraftKings,player_tds_over,D'Andre Swift,Over,1.5,450,2026-09-13 17:00:00+00:00,2026-09-13 13:00:00-04:00,2026-09-13,CHI,1.0
7773,fc362aff0d889ec52d358307a70c32ed,2026-09-12 20:36:23 EDT,2026-09-13,CAR,CHI,CAR@CHI,DraftKings,player_tds_over,Chuba Hubbard,Over,1.5,850,2026-09-13 17:00:00+00:00,2026-09-13 13:00:00-04:00,2026-09-13,CAR,1.0
7774,fc362aff0d889ec52d358307a70c32ed,2026-09-12 20:36:23 EDT,2026-09-13,CAR,CHI,CAR@CHI,DraftKings,player_tds_over,Colston Loveland,Over,1.5,1100,2026-09-13 17:00:00+00:00,2026-09-13 13:00:00-04:00,2026-09-13,CHI,1.0
7775,fc362aff0d889ec52d358307a70c32ed,2026-09-12 20:36:23 EDT,2026-09-13,CAR,CHI,CAR@CHI,DraftKings,player_tds_over,Tetairoa McMillan,Over,1.5,1400,2026-09-13 17:00:00+00:00,2026-09-13 13:00:00-04:00,2026-09-13,CAR,1.0
7776,fc362aff0d889ec52d358307a70c32ed,2026-09-12 20:36:23 EDT,2026-09-13,CAR,CHI,CAR@CHI,DraftKings,player_tds_over,Luther Burden,Over,1.5,1400,2026-09-13 17:00:00+00:00,2026-09-13 13:00:00-04:00,2026-09-13,CHI,1.0
7777,fc362aff0d889ec52d358307a70c32ed,2026-09-12 20:36:23 EDT,2026-09-13,CAR,CHI,CAR@CHI,DraftKings,player_tds_over,Kyle Monangai,Over,1.5,1500,2026-09-13 17:00:00+00:00,2026-09-13 13:00:00-04:00,2026-09-13,CHI,1.0
7778,fc362aff0d889ec52d358307a70c32ed,2026-09-12 20:36:23 EDT,2026-09-13,CAR,CHI,CAR@CHI,DraftKings,player_tds_over,Rome Odunze,Over,1.5,1600,2026-09-13 17:00:00+00:00,2026-09-13 13:00:00-04:00,2026-09-13,CHI,1.0
7779,fc362aff0d889ec52d358307a70c32ed,2026-09-12 20:36:23 EDT,2026-09-13,CAR,CHI,CAR@CHI,DraftKings,player_tds_over,Jonathon Brooks,Over,1.5,1900,2026-09-13 17:00:00+00:00,2026-09-13 13:00:00-04:00,2026-09-13,CAR,1.0
7780,fc362aff0d889ec52d358307a70c32ed,2026-09-12 20:36:23 EDT,2026-09-13,CAR,CHI,CAR@CHI,DraftKings,player_tds_over,Jalen Coker,Over,1.5,2500,2026-09-13 17:00:00+00:00,2026-09-13 13:00:00-04:00,2026-09-13,CAR,1.0
7781,fc362aff0d889ec52d358307a70c32ed,2026-09-12 20:36:23 EDT,2026-09-13,CAR,CHI,CAR@CHI,DraftKings,player_tds_over,Darren Waller,Over,1.5,4500,2026-09-13 17:00:00+00:00,2026-09-13 13:00:00-04:00,2026-09-13,CAR,1.0
7782,fc362aff0d889ec52d358307a70c32ed,2026-09-12 20:36:23 EDT,2026-09-13,CAR,CHI,CAR@CHI,DraftKings,player_tds_over,Cole Kmet,Over,1.5,4500,2026-09-13 17:00:00+00:00,2026-09-13 13:00:00-04:00,2026-09-13,CHI,1.0
7783,fc362aff0d889ec52d358307a70c32ed,2026-09-12 20:36:23 EDT,2026-09-13,CAR,CHI,CAR@CHI,DraftKings,player_tds_over,Bryce Young,Over,1.5,5000,2026-09-13 17:00:00+00:00,2026-09-13 13:00:00-04:00,2026-09-13,CAR,1.0
7784,fc362aff0d889ec52d358307a70c32ed,2026-09-12 20:36:23 EDT,2026-09-13,CAR,CHI,CAR@CHI,DraftKings,player_tds_over,Caleb Williams,Over,1.5,5500,2026-09-13 17:00:00+00:00,2026-09-13 13:00:00-04:00,2026-09-13,CHI,1.0
7785,fc362aff0d889ec52d358307a70c32ed,2026-09-12 20:36:23 EDT,2026-09-13,CAR,CHI,CAR@CHI,DraftKings,player_tds_over,Tommy Tremble,Over,1.5,6000,2026-09-13 17:00:00+00:00,2026-09-13 13:00:00-04:00,2026-09-13,CAR,1.0
7786,fc362aff0d889ec52d358307a70c32ed,2026-09-12 20:36:23 EDT,2026-09-13,CAR,CHI,CAR@CHI,DraftKings,player_tds_over,Xavier Legette,Over,1.5,6500,2026-09-13 17:00:00+00:00,2026-09-13 13:00:00-04:00,2026-09-13,CAR,1.0
7787,fc362aff0d889ec52d358307a70c32ed,2026-09-12 20:36:23 EDT,2026-09-13,CAR,CHI,CAR@CHI,DraftKings,player_tds_over,Jahdae Walker,Over,1.5,7500,2026-09-13 17:00:00+00:00,2026-09-13 13:00:00-04:00,2026-09-13,CHI,1.0
7788,fc362aff0d889ec52d358307a70c32ed,2026-09-12 20:36:23 EDT,2026-09-13,CAR,CHI,CAR@CHI,DraftKings,player_tds_over,Kalif Raymond,Over,1.5,8000,2026-09-13 17:00:00+00:00,2026-09-13 13:00:00-04:00,2026-09-13,CHI,1.0
7789,fc362aff0d889ec52d358307a70c32ed,2026-09-12 20:36:23 EDT,2026-09-13,CAR,CHI,CAR@CHI,DraftKings,player_tds_over,Zavion Thomas,Over,1.5,9000,2026-09-13 17:00:00+00:00,2026-09-13 13:00:00-04:00,2026-09-13,CHI,1.0
7790,fc362aff0d889ec52d358307a70c32ed,2026-09-12 20:36:23 EDT,2026-09-13,CAR,CHI,CAR@CHI,DraftKings,player_tds_over,Ja'Tavion Sanders,Over,1.5,11000,2026-09-13 17:00:00+00:00,2026-09-13 13:00:00-04:00,2026-09-13,CAR,1.0
7791,fc362aff0d889ec52d358307a70c32ed,2026-09-12 20:36:23 EDT,2026-09-13,CAR,CHI,CAR@CHI,DraftKings,player_tds_over,John Metchie,Over,1.5,11000,2026-09-13 17:00:00+00:00,2026-09-13 13:00:00-04:00,2026-09-13,CAR,1.0
7792,fc362aff0d889ec52d358307a70c32ed,2026-09-12 20:36:23 EDT,2026-09-13,CAR,CHI,CAR@CHI,DraftKings,player_tds_over,Mitchell Evans,Over,1.5,12000,2026-09-13 17:00:00+00:00,2026-09-13 13:00:00-04:00,2026-09-13,CAR,1.0
7793,fc362aff0d889ec52d358307a70c32ed,2026-09-12 20:36:23 EDT,2026-09-13,CAR,CHI,CAR@CHI,DraftKings,player_tds_over,Jimmy Horn,Over,1.5,13000,2026-09-13 17:00:00+00:00,2026-09-13 13:00:00-04:00,2026-09-13,CAR,1.0
7794,fc362aff0d889ec52d358307a70c32ed,2026-09-12 20:36:23 EDT,2026-09-13,CAR,CHI,CAR@CHI,DraftKings,player_tds_over,Sam Roush,Over,1.5,16000,2026-09-13 17:00:00+00:00,2026-09-13 13:00:00-04:00,2026-09-13,CHI,1.0
7795,fc362aff0d889ec52d358307a70c32ed,2026-09-12 20:36:23 EDT,2026-09-13,CAR,CHI,CAR@CHI,DraftKings,player_tds_over,Roschon Johnson,Over,1.5,17000,2026-09-13 17:00:00+00:00,2026-09-13 13:00:00-04:00,2026-09-13,CHI,1.0
7796,fc362aff0d889ec52d358307a70c32ed,2026-09-12 20:36:23 EDT,2026-09-13,CAR,CHI,CAR@CHI,DraftKings,player_tds_over,Brycen Tremayne,Over,1.5,20000,2026-09-13 17:00:00+00:00,2026-09-13 13:00:00-04:00,2026-09-13,CAR,1.0
7797,fc362aff0d889ec52d358307a70c32ed,2026-09-12 20:36:23 EDT,2026-09-13,CAR,CHI,CAR@CHI,DraftKings,player_tds_over,D'Andre Swift,Over,2.5,2200,2026-09-13 17:00:00+00:00,2026-09-13 13:00:00-04:00,2026-09-13,CHI,1.0
7798,fc362aff0d889ec52d358307a70c32ed,2026-09-12 20:36:23 EDT,2026-09-13,CAR,CHI,CAR@CHI,DraftKings,player_tds_over,Chuba Hubbard,Over,2.5,4500,2026-09-13 17:00:00+00:00,2026-09-13 13:00:00-04:00,2026-09-13,CAR,1.0
7799,fc362aff0d889ec52d358307a70c32ed,2026-09-12 20:36:23 EDT,2026-09-13,CAR,CHI,CAR@CHI,DraftKings,player_tds_over,Colston Loveland,Over,2.5,5500,2026-09-13 17:00:00+00:00,2026-09-13 13:00:00-04:00,2026-09-13,CHI,1.0
7800,fc362aff0d889ec52d358307a70c32ed,2026-09-12 20:36:23 EDT,2026-09-13,CAR,CHI,CAR@CHI,DraftKings,player_tds_over,Tetairoa McMillan,Over,2.5,7000,2026-09-13 17:00:00+00:00,2026-09-13 13:00:00-04:00,2026-09-13,CAR,1.0
7801,fc362aff0d889ec52d358307a70c32ed,2026-09-12 20:36:23 EDT,2026-09-13,CAR,CHI,CAR@CHI,DraftKings,player_tds_over,Luther Burden,Over,2.5,7500,2026-09-13 17:00:00+00:00,2026-09-13 13:00:00-04:00,2026-09-13,CHI,1.0
7802,fc362aff0d889ec52d358307a70c32ed,2026-09-12 20:36:23 EDT,2026-09-13,CAR,CHI,CAR@CHI,DraftKings,player_tds_over,Rome Odunze,Over,2.5,7500,2026-09-13 17:00:00+00:00,2026-09-13 13:00:00-04:00,2026-09-13,CHI,1.0
7803,fc362aff0d889ec52d358307a70c32ed,2026-09-12 20:36:23 EDT,2026-09-13,CAR,CHI,CAR@CHI,DraftKings,player_tds_over,Kyle Monangai,Over,2.5,8000,2026-09-13 17:00:00+00:00,2026-09-13 13:00:00-04:00,2026-09-13,CHI,1.0
7804,fc362aff0d889ec52d358307a70c32ed,2026-09-12 20:36:23 EDT,2026-09-13,CAR,CHI,CAR@CHI,DraftKings,player_tds_over,Jonathon Brooks,Over,2.5,10000,2026-09-13 17:00:00+00:00,2026-09-13 13:00:00-04:00,2026-09-13,CAR,1.0
7805,fc362aff0d889ec52d358307a70c32ed,2026-09-12 20:36:23 EDT,2026-09-13,CAR,CHI,CAR@CHI,DraftKings,player_tds_over,Jalen Coker,Over,2.5,13000,2026-09-13 17:00:00+00:00,2026-09-13 13:00:00-04:00,2026-09-13,CAR,1.0
7806,fc362aff0d889ec52d358307a70c32ed,2026-09-12 20:36:23 EDT,2026-09-13,CAR,CHI,CAR@CHI,DraftKings,player_tds_over,Cole Kmet,Over,2.5,18000,2026-09-13 17:00:00+00:00,2026-09-13 13:00:00-04:00,2026-09-13,CHI,1.0
7807,fc362aff0d889ec52d358307a70c32ed,2026-09-12 20:36:23 EDT,2026-09-13,CAR,CHI,CAR@CHI,DraftKings,player_tds_over,Bryce Young,Over,2.5,19000,2026-09-13 17:00:00+00:00,2026-09-13 13:00:00-04:00,2026-09-13,CAR,1.0
7808,fc362aff0d889ec52d358307a70c32ed,2026-09-12 20:36:23 EDT,2026-09-13,CAR,CHI,CAR@CHI,DraftKings,player_tds_over,Caleb Williams,Over,2.5,19000,2026-09-13 17:00:00+00:00,2026-09-13 13:00:00-04:00,2026-09-13,CHI,1.0
7809,fc362aff0d889ec52d358307a70c32ed,2026-09-12 20:36:23 EDT,2026-09-13,CAR,CHI,CAR@CHI,DraftKings,player_tds_over,Xavier Legette,Over,2.5,20000,2026-09-13 17:00:00+00:00,2026-09-13 13:00:00-04:00,2026-09-13,CAR,1.0
7810,fc362aff0d889ec52d358307a70c32ed,2026-09-12 20:36:23 EDT,2026-09-13,CAR,CHI,CAR@CHI,DraftKings,player_tds_over,Darren Waller,Over,2.5,20000,2026-09-13 17:00:00+00:00,2026-09-13 13:00:00-04:00,2026-09-13,CAR,1.0
7811,fc362aff0d889ec52d358307a70c32ed,2026-09-12 20:36:23 EDT,2026-09-13,CAR,CHI,CAR@CHI,DraftKings,player_tds_over,Zavion Thomas,Over,2.5,20000,2026-09-13 17:00:00+00:00,2026-09-13 13:00:00-04:00,2026-09-13,CHI,1.0
7812,fc362aff0d889ec52d358307a70c32ed,2026-09-12 20:36:23 EDT,2026-09-13,CAR,CHI,CAR@CHI,DraftKings,player_tds_over,Jahdae Walker,Over,2.5,20000,2026-09-13 17:00:00+00:00,2026-09-13 13:00:00-04:00,2026-09-13,CHI,1.0
7813,fc362aff0d889ec52d358307a70c32ed,2026-09-12 20:36:23 EDT,2026-09-13,CAR,CHI,CAR@CHI,DraftKings,player_tds_over,Ja'Tavion Sanders,Over,2.5,25000,2026-09-13 17:00:00+00:00,2026-09-13 13:00:00-04:00,2026-09-13,CAR,1.0
7814,fc362aff0d889ec52d358307a70c32ed,2026-09-12 20:36:23 EDT,2026-09-13,CAR,CHI,CAR@CHI,DraftKings,player_tds_over,Tommy Tremble,Over,2.5,25000,2026-09-13 17:00:00+00:00,2026-09-13 13:00:00-04:00,2026-09-13,CAR,1.0
7815,fc362aff0d889ec52d358307a70c32ed,2026-09-12 20:36:23 EDT,2026-09-13,CAR,CHI,CAR@CHI,DraftKings,player_tds_over,Jimmy Horn,Over,2.5,25000,2026-09-13 17:00:00+00:00,2026-09-13 13:00:00-04:00,2026-09-13,CAR,1.0
7816,fc362aff0d889ec52d358307a70c32ed,2026-09-12 20:36:23 EDT,2026-09-13,CAR,CHI,CAR@CHI,DraftKings,player_tds_over,Kalif Raymond,Over,2.5,25000,2026-09-13 17:00:00+00:00,2026-09-13 13:00:00-04:00,2026-09-13,CHI,1.0
7817,ed6d24ff979f9c71979fead577b0b3f7,2026-09-12 20:36:23 EDT,2026-09-13,CIN,TAM,CIN@TAM,DraftKings,player_pass_completions,Joe Burrow,Over,24.5,-115,2026-09-13 17:00:00+00:00,2026-09-13 13:00:00-04:00,2026-09-13,CIN,1.0
7818,ed6d24ff979f9c71979fead577b0b3f7,2026-09-12 20:36:23 EDT,2026-09-13,CIN,TAM,CIN@TAM,DraftKings,player_pass_completions,Baker Mayfield,Over,21.5,103,2026-09-13 17:00:00+00:00,2026-09-13 13:00:00-04:00,2026-09-13,TB,1.0
7819,ed6d24ff979f9c71979fead577b0b3f7,2026-09-12 20:36:23 EDT,2026-09-13,CIN,TAM,CIN@TAM,DraftKings,player_pass_attempts,Joe Burrow,Over,34.5,-117,2026-09-13 17:00:00+00:00,2026-09-13 13:00:00-04:00,2026-09-13,CIN,1.0
7820,ed6d24ff979f9c71979fead577b0b3f7,2026-09-12 20:36:23 EDT,2026-09-13,CIN,TAM,CIN@TAM,DraftKings,player_pass_attempts,Baker Mayfield,Over,31.5,-111,2026-09-13 17:00:00+00:00,2026-09-13 13:00:00-04:00,2026-09-13,TB,1.0
7821,ed6d24ff979f9c71979fead577b0b3f7,2026-09-12 20:36:23 EDT,2026-09-13,CIN,TAM,CIN@TAM,DraftKings,player_pass_yds,Joe Burrow,Over,270.5,-112,2026-09-13 17:00:00+00:00,2026-09-13 13:00:00-04:00,2026-09-13,CIN,1.0
7822,ed6d24ff979f9c71979fead577b0b3f7,2026-09-12 20:36:23 EDT,2026-09-13,CIN,TAM,CIN@TAM,DraftKings,player_pass_yds,Baker Mayfield,Over,232.5,-111,2026-09-13 17:00:00+00:00,2026-09-13 13:00:00-04:00,2026-09-13,TB,1.0
7823,ed6d24ff979f9c71979fead577b0b3f7,2026-09-12 20:36:23 EDT,2026-09-13,CIN,TAM,CIN@TAM,DraftKings,player_pass_interceptions,Joe Burrow,Over,0.5,119,2026-09-13 17:00:00+00:00,2026-09-13 13:00:00-04:00,2026-09-13,CIN,1.0
7824,ed6d24ff979f9c71979fead577b0b3f7,2026-09-12 20:36:23 EDT,2026-09-13,CIN,TAM,CIN@TAM,DraftKings,player_pass_interceptions,Baker Mayfield,Over,0.5,-117,2026-09-13 17:00:00+00:00,2026-09-13 13:00:00-04:00,2026-09-13,TB,1.0
7825,ed6d24ff979f9c71979fead577b0b3f7,2026-09-12 20:36:23 EDT,2026-09-13,CIN,TAM,CIN@TAM,DraftKings,player_pass_tds,Joe Burrow,Over,1.5,-223,2026-09-13 17:00:00+00:00,2026-09-13 13:00:00-04:00,2026-09-13,CIN,1.0
7826,ed6d24ff979f9c71979fead577b0b3f7,2026-09-12 20:36:23 EDT,2026-09-13,CIN,TAM,CIN@TAM,DraftKings,player_pass_tds,Baker Mayfield,Over,1.5,-106,2026-09-13 17:00:00+00:00,2026-09-13 13:00:00-04:00,2026-09-13,TB,1.0
7827,ed6d24ff979f9c71979fead577b0b3f7,2026-09-12 20:36:23 EDT,2026-09-13,CIN,TAM,CIN@TAM,DraftKings,player_rush_attempts,Chase Brown,Over,14.5,-113,2026-09-13 17:00:00+00:00,2026-09-13 13:00:00-04:00,2026-09-13,CIN,1.0
7828,ed6d24ff979f9c71979fead577b0b3f7,2026-09-12 20:36:23 EDT,2026-09-13,CIN,TAM,CIN@TAM,DraftKings,player_rush_attempts,Bucky Irving,Over,14.5,-110,2026-09-13 17:00:00+00:00,2026-09-13 13:00:00-04:00,2026-09-13,TB,1.0
7829,ed6d24ff979f9c71979fead577b0b3f7,2026-09-12 20:36:23 EDT,2026-09-13,CIN,TAM,CIN@TAM,DraftKings,player_rush_attempts,Baker Mayfield,Over,3.5,-102,2026-09-13 17:00:00+00:00,2026-09-13 13:00:00-04:00,2026-09-13,TB,1.0
7830,ed6d24ff979f9c71979fead577b0b3f7,2026-09-12 20:36:23 EDT,2026-09-13,CIN,TAM,CIN@TAM,DraftKings,player_rush_attempts,Joe Burrow,Over,2.5,-128,2026-09-13 17:00:00+00:00,2026-09-13 13:00:00-04:00,2026-09-13,CIN,1.0
7831,ed6d24ff979f9c71979fead577b0b3f7,2026-09-12 20:36:23 EDT,2026-09-13,CIN,TAM,CIN@TAM,DraftKings,player_rush_yds,Bucky Irving,Over,59.5,-110,2026-09-13 17:00:00+00:00,2026-09-13 13:00:00-04:00,2026-09-13,TB,1.0
7832,ed6d24ff979f9c71979fead577b0b3f7,2026-09-12 20:36:23 EDT,2026-09-13,CIN,TAM,CIN@TAM,DraftKings,player_rush_yds,Chase Brown,Over,58.5,-111,2026-09-13 17:00:00+00:00,2026-09-13 13:00:00-04:00,2026-09-13,CIN,1.0
7833,ed6d24ff979f9c71979fead577b0b3f7,2026-09-12 20:36:23 EDT,2026-09-13,CIN,TAM,CIN@TAM,DraftKings,player_rush_yds,Kenny Gainwell,Over,21.5,-113,2026-09-13 17:00:00+00:00,2026-09-13 13:00:00-04:00,2026-09-13,TB,1.0
7834,ed6d24ff979f9c71979fead577b0b3f7,2026-09-12 20:36:23 EDT,2026-09-13,CIN,TAM,CIN@TAM,DraftKings,player_rush_yds,Samaje Perine,Over,17.5,-112,2026-09-13 17:00:00+00:00,2026-09-13 13:00:00-04:00,2026-09-13,CIN,1.0
7835,ed6d24ff979f9c71979fead577b0b3f7,2026-09-12 20:36:23 EDT,2026-09-13,CIN,TAM,CIN@TAM,DraftKings,player_rush_yds,Baker Mayfield,Over,17.5,-109,2026-09-13 17:00:00+00:00,2026-09-13 13:00:00-04:00,2026-09-13,TB,1.0
7836,ed6d24ff979f9c71979fead577b0b3f7,2026-09-12 20:36:23 EDT,2026-09-13,CIN,TAM,CIN@TAM,DraftKings,player_rush_yds,Joe Burrow,Over,8.5,-110,2026-09-13 17:00:00+00:00,2026-09-13 13:00:00-04:00,2026-09-13,CIN,1.0
7837,ed6d24ff979f9c71979fead577b0b3f7,2026-09-12 20:36:23 EDT,2026-09-13,CIN,TAM,CIN@TAM,DraftKings,player_receptions,Ja'Marr Chase,Over,7.5,112,2026-09-13 17:00:00+00:00,2026-09-13 13:00:00-04:00,2026-09-13,CIN,1.0
7838,ed6d24ff979f9c71979fead577b0b3f7,2026-09-12 20:36:23 EDT,2026-09-13,CIN,TAM,CIN@TAM,DraftKings,player_receptions,Tee Higgins,Over,5.5,126,2026-09-13 17:00:00+00:00,2026-09-13 13:00:00-04:00,2026-09-13,CIN,1.0
7839,ed6d24ff979f9c71979fead577b0b3f7,2026-09-12 20:36:23 EDT,2026-09-13,CIN,TAM,CIN@TAM,DraftKings,player_receptions,Emeka Egbuka,Over,4.5,-107,2026-09-13 17:00:00+00:00,2026-09-13 13:00:00-04:00,2026-09-13,TB,1.0
7840,ed6d24ff979f9c71979fead577b0b3f7,2026-09-12 20:36:23 EDT,2026-09-13,CIN,TAM,CIN@TAM,DraftKings,player_receptions,Chris Godwin,Over,4.5,108,2026-09-13 17:00:00+00:00,2026-09-13 13:00:00-04:00,2026-09-13,TB,1.0
7841,ed6d24ff979f9c71979fead577b0b3f7,2026-09-12 20:36:23 EDT,2026-09-13,CIN,TAM,CIN@TAM,DraftKings,player_receptions,Chase Brown,Over,3.5,-106,2026-09-13 17:00:00+00:00,2026-09-13 13:00:00-04:00,2026-09-13,CIN,1.0
7842,ed6d24ff979f9c71979fead577b0b3f7,2026-09-12 20:36:23 EDT,2026-09-13,CIN,TAM,CIN@TAM,DraftKings,player_receptions,Cade Otton,Over,3.5,106,2026-09-13 17:00:00+00:00,2026-09-13 13:00:00-04:00,2026-09-13,TB,1.0
7843,ed6d24ff979f9c71979fead577b0b3f7,2026-09-12 20:36:23 EDT,2026-09-13,CIN,TAM,CIN@TAM,DraftKings,player_receptions,Kenny Gainwell,Over,3.5,122,2026-09-13 17:00:00+00:00,2026-09-13 13:00:00-04:00,2026-09-13,TB,1.0
7844,ed6d24ff979f9c71979fead577b0b3f7,2026-09-12 20:36:23 EDT,2026-09-13,CIN,TAM,CIN@TAM,DraftKings,player_receptions,Mike Gesicki,Over,2.5,121,2026-09-13 17:00:00+00:00,2026-09-13 13:00:00-04:00,2026-09-13,CIN,1.0
7845,ed6d24ff979f9c71979fead577b0b3f7,2026-09-12 20:36:23 EDT,2026-09-13,CIN,TAM,CIN@TAM,DraftKings,player_receptions,Bucky Irving,Over,2.5,149,2026-09-13 17:00:00+00:00,2026-09-13 13:00:00-04:00,2026-09-13,TB,1.0
7846,ed6d24ff979f9c71979fead577b0b3f7,2026-09-12 20:36:23 EDT,2026-09-13,CIN,TAM,CIN@TAM,DraftKings,player_receptions,Andrei Iosivas,Over,1.5,114,2026-09-13 17:00:00+00:00,2026-09-13 13:00:00-04:00,2026-09-13,CIN,1.0
7847,ed6d24ff979f9c71979fead577b0b3f7,2026-09-12 20:36:23 EDT,2026-09-13,CIN,TAM,CIN@TAM,DraftKings,player_receptions,Samaje Perine,Over,1.5,146,2026-09-13 17:00:00+00:00,2026-09-13 13:00:00-04:00,2026-09-13,CIN,1.0
7848,ed6d24ff979f9c71979fead577b0b3f7,2026-09-12 20:36:23 EDT,2026-09-13,CIN,TAM,CIN@TAM,DraftKings,player_reception_yds,Ja'Marr Chase,Over,86.5,-112,2026-09-13 17:00:00+00:00,2026-09-13 13:00:00-04:00,2026-09-13,CIN,1.0
7849,ed6d24ff979f9c71979fead577b0b3f7,2026-09-12 20:36:23 EDT,2026-09-13,CIN,TAM,CIN@TAM,DraftKings,player_reception_yds,Tee Higgins,Over,66.5,-110,2026-09-13 17:00:00+00:00,2026-09-13 13:00:00-04:00,2026-09-13,CIN,1.0
7850,ed6d24ff979f9c71979fead577b0b3f7,2026-09-12 20:36:23 EDT,2026-09-13,CIN,TAM,CIN@TAM,DraftKings,player_reception_yds,Emeka Egbuka,Over,58.5,-111,2026-09-13 17:00:00+00:00,2026-09-13 13:00:00-04:00,2026-09-13,TB,1.0
7851,ed6d24ff979f9c71979fead577b0b3f7,2026-09-12 20:36:23 EDT,2026-09-13,CIN,TAM,CIN@TAM,DraftKings,player_reception_yds,Chris Godwin,Over,48.5,-114,2026-09-13 17:00:00+00:00,2026-09-13 13:00:00-04:00,2026-09-13,TB,1.0
7852,ed6d24ff979f9c71979fead577b0b3f7,2026-09-12 20:36:23 EDT,2026-09-13,CIN,TAM,CIN@TAM,DraftKings,player_reception_yds,Cade Otton,Over,32.5,-115,2026-09-13 17:00:00+00:00,2026-09-13 13:00:00-04:00,2026-09-13,TB,1.0
7853,ed6d24ff979f9c71979fead577b0b3f7,2026-09-12 20:36:23 EDT,2026-09-13,CIN,TAM,CIN@TAM,DraftKings,player_reception_yds,Chase Brown,Over,24.5,-110,2026-09-13 17:00:00+00:00,2026-09-13 13:00:00-04:00,2026-09-13,CIN,1.0
7854,ed6d24ff979f9c71979fead577b0b3f7,2026-09-12 20:36:23 EDT,2026-09-13,CIN,TAM,CIN@TAM,DraftKings,player_reception_yds,Kenny Gainwell,Over,23.5,-114,2026-09-13 17:00:00+00:00,2026-09-13 13:00:00-04:00,2026-09-13,TB,1.0
7855,ed6d24ff979f9c71979fead577b0b3f7,2026-09-12 20:36:23 EDT,2026-09-13,CIN,TAM,CIN@TAM,DraftKings,player_reception_yds,Mike Gesicki,Over,20.5,-113,2026-09-13 17:00:00+00:00,2026-09-13 13:00:00-04:00,2026-09-13,CIN,1.0
7856,ed6d24ff979f9c71979fead577b0b3f7,2026-09-12 20:36:23 EDT,2026-09-13,CIN,TAM,CIN@TAM,DraftKings,player_reception_yds,Bucky Irving,Over,13.5,-116,2026-09-13 17:00:00+00:00,2026-09-13 13:00:00-04:00,2026-09-13,TB,1.0
7857,ed6d24ff979f9c71979fead577b0b3f7,2026-09-12 20:36:23 EDT,2026-09-13,CIN,TAM,CIN@TAM,DraftKings,player_reception_yds,Andrei Iosivas,Over,13.5,-112,2026-09-13 17:00:00+00:00,2026-09-13 13:00:00-04:00,2026-09-13,CIN,1.0
7858,ed6d24ff979f9c71979fead577b0b3f7,2026-09-12 20:36:23 EDT,2026-09-13,CIN,TAM,CIN@TAM,DraftKings,player_reception_yds,Samaje Perine,Over,6.5,-111,2026-09-13 17:00:00+00:00,2026-09-13 13:00:00-04:00,2026-09-13,CIN,1.0
7859,ed6d24ff979f9c71979fead577b0b3f7,2026-09-12 20:36:23 EDT,2026-09-13,CIN,TAM,CIN@TAM,DraftKings,player_tds_over,Chase Brown,Over,1.5,450,2026-09-13 17:00:00+00:00,2026-09-13 13:00:00-04:00,2026-09-13,CIN,1.0
7860,ed6d24ff979f9c71979fead577b0b3f7,2026-09-12 20:36:23 EDT,2026-09-13,CIN,TAM,CIN@TAM,DraftKings,player_tds_over,Ja'Marr Chase,Over,1.5,450,2026-09-13 17:00:00+00:00,2026-09-13 13:00:00-04:00,2026-09-13,CIN,1.0
7861,ed6d24ff979f9c71979fead577b0b3f7,2026-09-12 20:36:23 EDT,2026-09-13,CIN,TAM,CIN@TAM,DraftKings,player_tds_over,Tee Higgins,Over,1.5,750,2026-09-13 17:00:00+00:00,2026-09-13 13:00:00-04:00,2026-09-13,CIN,1.0
7862,ed6d24ff979f9c71979fead577b0b3f7,2026-09-12 20:36:23 EDT,2026-09-13,CIN,TAM,CIN@TAM,DraftKings,player_tds_over,Bucky Irving,Over,1.5,750,2026-09-13 17:00:00+00:00,2026-09-13 13:00:00-04:00,2026-09-13,TB,1.0
7863,ed6d24ff979f9c71979fead577b0b3f7,2026-09-12 20:36:23 EDT,2026-09-13,CIN,TAM,CIN@TAM,DraftKings,player_tds_over,Emeka Egbuka,Over,1.5,1400,2026-09-13 17:00:00+00:00,2026-09-13 13:00:00-04:00,2026-09-13,TB,1.0
7864,ed6d24ff979f9c71979fead577b0b3f7,2026-09-12 20:36:23 EDT,2026-09-13,CIN,TAM,CIN@TAM,DraftKings,player_tds_over,Kenny Gainwell,Over,1.5,1400,2026-09-13 17:00:00+00:00,2026-09-13 13:00:00-04:00,2026-09-13,TB,1.0
7865,ed6d24ff979f9c71979fead577b0b3f7,2026-09-12 20:36:23 EDT,2026-09-13,CIN,TAM,CIN@TAM,DraftKings,player_tds_over,Chris Godwin,Over,1.5,1700,2026-09-13 17:00:00+00:00,2026-09-13 13:00:00-04:00,2026-09-13,TB,1.0
7866,ed6d24ff979f9c71979fead577b0b3f7,2026-09-12 20:36:23 EDT,2026-09-13,CIN,TAM,CIN@TAM,DraftKings,player_tds_over,Mike Gesicki,Over,1.5,2500,2026-09-13 17:00:00+00:00,2026-09-13 13:00:00-04:00,2026-09-13,CIN,1.0
7867,ed6d24ff979f9c71979fead577b0b3f7,2026-09-12 20:36:23 EDT,2026-09-13,CIN,TAM,CIN@TAM,DraftKings,player_tds_over,Cade Otton,Over,1.5,2500,2026-09-13 17:00:00+00:00,2026-09-13 13:00:00-04:00,2026-09-13,TB,1.0
7868,ed6d24ff979f9c71979fead577b0b3f7,2026-09-12 20:36:23 EDT,2026-09-13,CIN,TAM,CIN@TAM,DraftKings,player_tds_over,Samaje Perine,Over,1.5,3000,2026-09-13 17:00:00+00:00,2026-09-13 13:00:00-04:00,2026-09-13,CIN,1.0
7869,ed6d24ff979f9c71979fead577b0b3f7,2026-09-12 20:36:23 EDT,2026-09-13,CIN,TAM,CIN@TAM,DraftKings,player_tds_over,Andrei Iosivas,Over,1.5,3500,2026-09-13 17:00:00+00:00,2026-09-13 13:00:00-04:00,2026-09-13,CIN,1.0
7870,ed6d24ff979f9c71979fead577b0b3f7,2026-09-12 20:36:23 EDT,2026-09-13,CIN,TAM,CIN@TAM,DraftKings,player_tds_over,Ted Hurst III,Over,1.5,6000,2026-09-13 17:00:00+00:00,2026-09-13 13:00:00-04:00,2026-09-13,TB,1.0
7871,ed6d24ff979f9c71979fead577b0b3f7,2026-09-12 20:36:23 EDT,2026-09-13,CIN,TAM,CIN@TAM,DraftKings,player_tds_over,Tez Johnson,Over,1.5,7000,2026-09-13 17:00:00+00:00,2026-09-13 13:00:00-04:00,2026-09-13,TB,1.0
7872,ed6d24ff979f9c71979fead577b0b3f7,2026-09-12 20:36:23 EDT,2026-09-13,CIN,TAM,CIN@TAM,DraftKings,player_tds_over,Dohnte Meyers,Over,1.5,7500,2026-09-13 17:00:00+00:00,2026-09-13 13:00:00-04:00,2026-09-13,CIN,1.0
7873,ed6d24ff979f9c71979fead577b0b3f7,2026-09-12 20:36:23 EDT,2026-09-13,CIN,TAM,CIN@TAM,DraftKings,player_tds_over,Erick All,Over,1.5,8000,2026-09-13 17:00:00+00:00,2026-09-13 13:00:00-04:00,2026-09-13,,1.0
7874,ed6d24ff979f9c71979fead577b0b3f7,2026-09-12 20:36:23 EDT,2026-09-13,CIN,TAM,CIN@TAM,DraftKings,player_tds_over,Colbie Young,Over,1.5,8000,2026-09-13 17:00:00+00:00,2026-09-13 13:00:00-04:00,2026-09-13,CIN,1.0
7875,ed6d24ff979f9c71979fead577b0b3f7,2026-09-12 20:36:23 EDT,2026-09-13,CIN,TAM,CIN@TAM,DraftKings,player_tds_over,Baker Mayfield,Over,1.5,8000,2026-09-13 17:00:00+00:00,2026-09-13 13:00:00-04:00,2026-09-13,TB,1.0
7876,ed6d24ff979f9c71979fead577b0b3f7,2026-09-12 20:36:23 EDT,2026-09-13,CIN,TAM,CIN@TAM,DraftKings,player_tds_over,Joe Burrow,Over,1.5,10000,2026-09-13 17:00:00+00:00,2026-09-13 13:00:00-04:00,2026-09-13,CIN,1.0
7877,ed6d24ff979f9c71979fead577b0b3f7,2026-09-12 20:36:23 EDT,2026-09-13,CIN,TAM,CIN@TAM,DraftKings,player_tds_over,Tanner Hudson,Over,1.5,11000,2026-09-13 17:00:00+00:00,2026-09-13 13:00:00-04:00,2026-09-13,CIN,1.0
7878,ed6d24ff979f9c71979fead577b0b3f7,2026-09-12 20:36:23 EDT,2026-09-13,CIN,TAM,CIN@TAM,DraftKings,player_tds_over,Drew Sample,Over,1.5,12000,2026-09-13 17:00:00+00:00,2026-09-13 13:00:00-04:00,2026-09-13,CIN,1.0
7879,ed6d24ff979f9c71979fead577b0b3f7,2026-09-12 20:36:23 EDT,2026-09-13,CIN,TAM,CIN@TAM,DraftKings,player_tds_over,Jack Endries,Over,1.5,13000,2026-09-13 17:00:00+00:00,2026-09-13 13:00:00-04:00,2026-09-13,CIN,1.0
7880,ed6d24ff979f9c71979fead577b0b3f7,2026-09-12 20:36:23 EDT,2026-09-13,CIN,TAM,CIN@TAM,DraftKings,player_tds_over,Payne Durham,Over,1.5,16000,2026-09-13 17:00:00+00:00,2026-09-13 13:00:00-04:00,2026-09-13,TB,1.0
7881,ed6d24ff979f9c71979fead577b0b3f7,2026-09-12 20:36:23 EDT,2026-09-13,CIN,TAM,CIN@TAM,DraftKings,player_tds_over,Josh Williams,Over,1.5,17000,2026-09-13 17:00:00+00:00,2026-09-13 13:00:00-04:00,2026-09-13,TB,1.0
7882,ed6d24ff979f9c71979fead577b0b3f7,2026-09-12 20:36:23 EDT,2026-09-13,CIN,TAM,CIN@TAM,DraftKings,player_tds_over,Kameron Johnson,Over,1.5,17000,2026-09-13 17:00:00+00:00,2026-09-13 13:00:00-04:00,2026-09-13,TB,1.0
7883,ed6d24ff979f9c71979fead577b0b3f7,2026-09-12 20:36:23 EDT,2026-09-13,CIN,TAM,CIN@TAM,DraftKings,player_tds_over,Bauer Sharp,Over,1.5,19000,2026-09-13 17:00:00+00:00,2026-09-13 13:00:00-04:00,2026-09-13,TB,1.0
7884,ed6d24ff979f9c71979fead577b0b3f7,2026-09-12 20:36:23 EDT,2026-09-13,CIN,TAM,CIN@TAM,DraftKings,player_tds_over,Tahj Brooks,Over,1.5,20000,2026-09-13 17:00:00+00:00,2026-09-13 13:00:00-04:00,2026-09-13,CIN,1.0
7885,ed6d24ff979f9c71979fead577b0b3f7,2026-09-12 20:36:23 EDT,2026-09-13,CIN,TAM,CIN@TAM,DraftKings,player_tds_over,Ko Kieft,Over,1.5,20000,2026-09-13 17:00:00+00:00,2026-09-13 13:00:00-04:00,2026-09-13,TB,1.0
7886,ed6d24ff979f9c71979fead577b0b3f7,2026-09-12 20:36:23 EDT,2026-09-13,CIN,TAM,CIN@TAM,DraftKings,player_tds_over,Ke'Shawn Williams,Over,1.5,20000,2026-09-13 17:00:00+00:00,2026-09-13 13:00:00-04:00,2026-09-13,CIN,1.0
7887,ed6d24ff979f9c71979fead577b0b3f7,2026-09-12 20:36:23 EDT,2026-09-13,CIN,TAM,CIN@TAM,DraftKings,player_tds_over,Chase Brown,Over,2.5,2000,2026-09-13 17:00:00+00:00,2026-09-13 13:00:00-04:00,2026-09-13,CIN,1.0
7888,ed6d24ff979f9c71979fead577b0b3f7,2026-09-12 20:36:23 EDT,2026-09-13,CIN,TAM,CIN@TAM,DraftKings,player_tds_over,Ja'Marr Chase,Over,2.5,2200,2026-09-13 17:00:00+00:00,2026-09-13 13:00:00-04:00,2026-09-13,CIN,1.0
7889,ed6d24ff979f9c71979fead577b0b3f7,2026-09-12 20:36:23 EDT,2026-09-13,CIN,TAM,CIN@TAM,DraftKings,player_tds_over,Tee Higgins,Over,2.5,4000,2026-09-13 17:00:00+00:00,2026-09-13 13:00:00-04:00,2026-09-13,CIN,1.0
7890,ed6d24ff979f9c71979fead577b0b3f7,2026-09-12 20:36:23 EDT,2026-09-13,CIN,TAM,CIN@TAM,DraftKings,player_tds_over,Bucky Irving,Over,2.5,4000,2026-09-13 17:00:00+00:00,2026-09-13 13:00:00-04:00,2026-09-13,TB,1.0
7891,ed6d24ff979f9c71979fead577b0b3f7,2026-09-12 20:36:23 EDT,2026-09-13,CIN,TAM,CIN@TAM,DraftKings,player_tds_over,Emeka Egbuka,Over,2.5,7500,2026-09-13 17:00:00+00:00,2026-09-13 13:00:00-04:00,2026-09-13,TB,1.0
7892,ed6d24ff979f9c71979fead577b0b3f7,2026-09-12 20:36:23 EDT,2026-09-13,CIN,TAM,CIN@TAM,DraftKings,player_tds_over,Kenny Gainwell,Over,2.5,8000,2026-09-13 17:00:00+00:00,2026-09-13 13:00:00-04:00,2026-09-13,TB,1.0
7893,ed6d24ff979f9c71979fead577b0b3f7,2026-09-12 20:36:23 EDT,2026-09-13,CIN,TAM,CIN@TAM,DraftKings,player_tds_over,Chris Godwin,Over,2.5,9000,2026-09-13 17:00:00+00:00,2026-09-13 13:00:00-04:00,2026-09-13,TB,1.0
7894,ed6d24ff979f9c71979fead577b0b3f7,2026-09-12 20:36:23 EDT,2026-09-13,CIN,TAM,CIN@TAM,DraftKings,player_tds_over,Cade Otton,Over,2.5,11000,2026-09-13 17:00:00+00:00,2026-09-13 13:00:00-04:00,2026-09-13,TB,1.0
7895,ed6d24ff979f9c71979fead577b0b3f7,2026-09-12 20:36:23 EDT,2026-09-13,CIN,TAM,CIN@TAM,DraftKings,player_tds_over,Mike Gesicki,Over,2.5,12000,2026-09-13 17:00:00+00:00,2026-09-13 13:00:00-04:00,2026-09-13,CIN,1.0
7896,ed6d24ff979f9c71979fead577b0b3f7,2026-09-12 20:36:23 EDT,2026-09-13,CIN,TAM,CIN@TAM,DraftKings,player_tds_over,Samaje Perine,Over,2.5,13000,2026-09-13 17:00:00+00:00,2026-09-13 13:00:00-04:00,2026-09-13,CIN,1.0
7897,ed6d24ff979f9c71979fead577b0b3f7,2026-09-12 20:36:23 EDT,2026-09-13,CIN,TAM,CIN@TAM,DraftKings,player_tds_over,Andrei Iosivas,Over,2.5,16000,2026-09-13 17:00:00+00:00,2026-09-13 13:00:00-04:00,2026-09-13,CIN,1.0
7898,ed6d24ff979f9c71979fead577b0b3f7,2026-09-12 20:36:23 EDT,2026-09-13,CIN,TAM,CIN@TAM,DraftKings,player_tds_over,Dohnte Meyers,Over,2.5,20000,2026-09-13 17:00:00+00:00,2026-09-13 13:00:00-04:00,2026-09-13,CIN,1.0
7899,ed6d24ff979f9c71979fead577b0b3f7,2026-09-12 20:36:23 EDT,2026-09-13,CIN,TAM,CIN@TAM,DraftKings,player_tds_over,Colbie Young,Over,2.5,20000,2026-09-13 17:00:00+00:00,2026-09-13 13:00:00-04:00,2026-09-13,CIN,1.0
7900,ed6d24ff979f9c71979fead577b0b3f7,2026-09-12 20:36:23 EDT,2026-09-13,CIN,TAM,CIN@TAM,DraftKings,player_tds_over,Ted Hurst III,Over,2.5,20000,2026-09-13 17:00:00+00:00,2026-09-13 13:00:00-04:00,2026-09-13,TB,1.0
7901,ed6d24ff979f9c71979fead577b0b3f7,2026-09-12 20:36:23 EDT,2026-09-13,CIN,TAM,CIN@TAM,DraftKings,player_tds_over,Jack Endries,Over,2.5,25000,2026-09-13 17:00:00+00:00,2026-09-13 13:00:00-04:00,2026-09-13,CIN,1.0
7902,ed6d24ff979f9c71979fead577b0b3f7,2026-09-12 20:36:23 EDT,2026-09-13,CIN,TAM,CIN@TAM,DraftKings,player_tds_over,Kameron Johnson,Over,2.5,25000,2026-09-13 17:00:00+00:00,2026-09-13 13:00:00-04:00,2026-09-13,TB,1.0
7903,ed6d24ff979f9c71979fead577b0b3f7,2026-09-12 20:36:23 EDT,2026-09-13,CIN,TAM,CIN@TAM,DraftKings,player_tds_over,Drew Sample,Over,2.5,25000,2026-09-13 17:00:00+00:00,2026-09-13 13:00:00-04:00,2026-09-13,CIN,1.0
7904,ed6d24ff979f9c71979fead577b0b3f7,2026-09-12 20:36:23 EDT,2026-09-13,CIN,TAM,CIN@TAM,DraftKings,player_tds_over,Joe Burrow,Over,2.5,25000,2026-09-13 17:00:00+00:00,2026-09-13 13:00:00-04:00,2026-09-13,CIN,1.0
7905,ed6d24ff979f9c71979fead577b0b3f7,2026-09-12 20:36:23 EDT,2026-09-13,CIN,TAM,CIN@TAM,DraftKings,player_tds_over,Erick All,Over,2.5,25000,2026-09-13 17:00:00+00:00,2026-09-13 13:00:00-04:00,2026-09-13,,1.0
7906,ed6d24ff979f9c71979fead577b0b3f7,2026-09-12 20:36:23 EDT,2026-09-13,CIN,TAM,CIN@TAM,DraftKings,player_tds_over,Tez Johnson,Over,2.5,25000,2026-09-13 17:00:00+00:00,2026-09-13 13:00:00-04:00,2026-09-13,TB,1.0
7907,ed6d24ff979f9c71979fead577b0b3f7,2026-09-12 20:36:23 EDT,2026-09-13,CIN,TAM,CIN@TAM,DraftKings,player_tds_over,Baker Mayfield,Over,2.5,25000,2026-09-13 17:00:00+00:00,2026-09-13 13:00:00-04:00,2026-09-13,TB,1.0
7908,e55c6fe19fce094ce214c8b0e5b504e9,2026-09-12 20:36:23 EDT,2026-09-13,JAX,CLE,JAX@CLE,DraftKings,player_pass_completions,Trevor Lawrence,Over,20.5,-110,2026-09-13 17:00:00+00:00,2026-09-13 13:00:00-04:00,2026-09-13,JAX,1.0
7909,e55c6fe19fce094ce214c8b0e5b504e9,2026-09-12 20:36:23 EDT,2026-09-13,JAX,CLE,JAX@CLE,DraftKings,player_pass_completions,Deshaun Watson,Over,18.5,-116,2026-09-13 17:00:00+00:00,2026-09-13 13:00:00-04:00,2026-09-13,CLE,1.0
7910,e55c6fe19fce094ce214c8b0e5b504e9,2026-09-12 20:36:23 EDT,2026-09-13,JAX,CLE,JAX@CLE,DraftKings,player_pass_attempts,Trevor Lawrence,Over,31.5,-123,2026-09-13 17:00:00+00:00,2026-09-13 13:00:00-04:00,2026-09-13,JAX,1.0
7911,e55c6fe19fce094ce214c8b0e5b504e9,2026-09-12 20:36:23 EDT,2026-09-13,JAX,CLE,JAX@CLE,DraftKings,player_pass_attempts,Deshaun Watson,Over,30.5,-114,2026-09-13 17:00:00+00:00,2026-09-13 13:00:00-04:00,2026-09-13,CLE,1.0
7912,e55c6fe19fce094ce214c8b0e5b504e9,2026-09-12 20:36:23 EDT,2026-09-13,JAX,CLE,JAX@CLE,DraftKings,player_pass_yds,Trevor Lawrence,Over,232.5,-113,2026-09-13 17:00:00+00:00,2026-09-13 13:00:00-04:00,2026-09-13,JAX,1.0
7913,e55c6fe19fce094ce214c8b0e5b504e9,2026-09-12 20:36:23 EDT,2026-09-13,JAX,CLE,JAX@CLE,DraftKings,player_pass_yds,Deshaun Watson,Over,177.5,-112,2026-09-13 17:00:00+00:00,2026-09-13 13:00:00-04:00,2026-09-13,CLE,1.0
7914,e55c6fe19fce094ce214c8b0e5b504e9,2026-09-12 20:36:23 EDT,2026-09-13,JAX,CLE,JAX@CLE,DraftKings,player_pass_interceptions,Trevor Lawrence,Over,0.5,100,2026-09-13 17:00:00+00:00,2026-09-13 13:00:00-04:00,2026-09-13,JAX,1.0
7915,e55c6fe19fce094ce214c8b0e5b504e9,2026-09-12 20:36:23 EDT,2026-09-13,JAX,CLE,JAX@CLE,DraftKings,player_pass_interceptions,Deshaun Watson,Over,0.5,-145,2026-09-13 17:00:00+00:00,2026-09-13 13:00:00-04:00,2026-09-13,CLE,1.0
7916,e55c6fe19fce094ce214c8b0e5b504e9,2026-09-12 20:36:23 EDT,2026-09-13,JAX,CLE,JAX@CLE,DraftKings,player_pass_tds,Trevor Lawrence,Over,1.5,-113,2026-09-13 17:00:00+00:00,2026-09-13 13:00:00-04:00,2026-09-13,JAX,1.0
7917,e55c6fe19fce094ce214c8b0e5b504e9,2026-09-12 20:36:23 EDT,2026-09-13,JAX,CLE,JAX@CLE,DraftKings,player_pass_tds,Deshaun Watson,Over,0.5,-169,2026-09-13 17:00:00+00:00,2026-09-13 13:00:00-04:00,2026-09-13,CLE,1.0
7918,e55c6fe19fce094ce214c8b0e5b504e9,2026-09-12 20:36:23 EDT,2026-09-13,JAX,CLE,JAX@CLE,DraftKings,player_rush_attempts,Quinshon Judkins,Over,15.5,-113,2026-09-13 17:00:00+00:00,2026-09-13 13:00:00-04:00,2026-09-13,CLE,1.0
7919,e55c6fe19fce094ce214c8b0e5b504e9,2026-09-12 20:36:23 EDT,2026-09-13,JAX,CLE,JAX@CLE,DraftKings,player_rush_attempts,Bhayshul Tuten,Over,11.5,-113,2026-09-13 17:00:00+00:00,2026-09-13 13:00:00-04:00,2026-09-13,JAX,1.0
7920,e55c6fe19fce094ce214c8b0e5b504e9,2026-09-12 20:36:23 EDT,2026-09-13,JAX,CLE,JAX@CLE,DraftKings,player_rush_attempts,Chris Rodriguez,Over,9.5,-110,2026-09-13 17:00:00+00:00,2026-09-13 13:00:00-04:00,2026-09-13,JAX,1.0
7921,e55c6fe19fce094ce214c8b0e5b504e9,2026-09-12 20:36:23 EDT,2026-09-13,JAX,CLE,JAX@CLE,DraftKings,player_rush_attempts,Trevor Lawrence,Over,4.5,-130,2026-09-13 17:00:00+00:00,2026-09-13 13:00:00-04:00,2026-09-13,JAX,1.0
7922,e55c6fe19fce094ce214c8b0e5b504e9,2026-09-12 20:36:23 EDT,2026-09-13,JAX,CLE,JAX@CLE,DraftKings,player_rush_attempts,Deshaun Watson,Over,4.5,116,2026-09-13 17:00:00+00:00,2026-09-13 13:00:00-04:00,2026-09-13,CLE,1.0
7923,e55c6fe19fce094ce214c8b0e5b504e9,2026-09-12 20:36:23 EDT,2026-09-13,JAX,CLE,JAX@CLE,DraftKings,player_rush_yds,Quinshon Judkins,Over,55.5,-114,2026-09-13 17:00:00+00:00,2026-09-13 13:00:00-04:00,2026-09-13,CLE,1.0
7924,e55c6fe19fce094ce214c8b0e5b504e9,2026-09-12 20:36:23 EDT,2026-09-13,JAX,CLE,JAX@CLE,DraftKings,player_rush_yds,Bhayshul Tuten,Over,48.5,-113,2026-09-13 17:00:00+00:00,2026-09-13 13:00:00-04:00,2026-09-13,JAX,1.0
7925,e55c6fe19fce094ce214c8b0e5b504e9,2026-09-12 20:36:23 EDT,2026-09-13,JAX,CLE,JAX@CLE,DraftKings,player_rush_yds,Chris Rodriguez,Over,36.5,-113,2026-09-13 17:00:00+00:00,2026-09-13 13:00:00-04:00,2026-09-13,JAX,1.0
7926,e55c6fe19fce094ce214c8b0e5b504e9,2026-09-12 20:36:23 EDT,2026-09-13,JAX,CLE,JAX@CLE,DraftKings,player_rush_yds,Trevor Lawrence,Over,17.5,-111,2026-09-13 17:00:00+00:00,2026-09-13 13:00:00-04:00,2026-09-13,JAX,1.0
7927,e55c6fe19fce094ce214c8b0e5b504e9,2026-09-12 20:36:23 EDT,2026-09-13,JAX,CLE,JAX@CLE,DraftKings,player_rush_yds,Deshaun Watson,Over,16.5,-108,2026-09-13 17:00:00+00:00,2026-09-13 13:00:00-04:00,2026-09-13,CLE,1.0
7928,e55c6fe19fce094ce214c8b0e5b504e9,2026-09-12 20:36:23 EDT,2026-09-13,JAX,CLE,JAX@CLE,DraftKings,player_receptions,Parker Washington,Over,4.5,119,2026-09-13 17:00:00+00:00,2026-09-13 13:00:00-04:00,2026-09-13,JAX,1.0
7929,e55c6fe19fce094ce214c8b0e5b504e9,2026-09-12 20:36:23 EDT,2026-09-13,JAX,CLE,JAX@CLE,DraftKings,player_receptions,Harold Fannin,Over,4.5,128,2026-09-13 17:00:00+00:00,2026-09-13 13:00:00-04:00,2026-09-13,CLE,1.0
7930,e55c6fe19fce094ce214c8b0e5b504e9,2026-09-12 20:36:23 EDT,2026-09-13,JAX,CLE,JAX@CLE,DraftKings,player_receptions,KC Concepcion,Over,3.5,-105,2026-09-13 17:00:00+00:00,2026-09-13 13:00:00-04:00,2026-09-13,CLE,1.0
7931,e55c6fe19fce094ce214c8b0e5b504e9,2026-09-12 20:36:23 EDT,2026-09-13,JAX,CLE,JAX@CLE,DraftKings,player_receptions,Jakobi Meyers,Over,3.5,-103,2026-09-13 17:00:00+00:00,2026-09-13 13:00:00-04:00,2026-09-13,JAX,1.0
7932,e55c6fe19fce094ce214c8b0e5b504e9,2026-09-12 20:36:23 EDT,2026-09-13,JAX,CLE,JAX@CLE,DraftKings,player_receptions,Brenton Strange,Over,3.5,108,2026-09-13 17:00:00+00:00,2026-09-13 13:00:00-04:00,2026-09-13,JAX,1.0
7933,e55c6fe19fce094ce214c8b0e5b504e9,2026-09-12 20:36:23 EDT,2026-09-13,JAX,CLE,JAX@CLE,DraftKings,player_receptions,Jerry Jeudy,Over,2.5,-171,2026-09-13 17:00:00+00:00,2026-09-13 13:00:00-04:00,2026-09-13,CLE,1.0
7934,e55c6fe19fce094ce214c8b0e5b504e9,2026-09-12 20:36:23 EDT,2026-09-13,JAX,CLE,JAX@CLE,DraftKings,player_receptions,Brian Thomas,Over,2.5,-161,2026-09-13 17:00:00+00:00,2026-09-13 13:00:00-04:00,2026-09-13,JAX,1.0
7935,e55c6fe19fce094ce214c8b0e5b504e9,2026-09-12 20:36:23 EDT,2026-09-13,JAX,CLE,JAX@CLE,DraftKings,player_receptions,Denzel Boston,Over,2.5,105,2026-09-13 17:00:00+00:00,2026-09-13 13:00:00-04:00,2026-09-13,CLE,1.0
7936,e55c6fe19fce094ce214c8b0e5b504e9,2026-09-12 20:36:23 EDT,2026-09-13,JAX,CLE,JAX@CLE,DraftKings,player_receptions,Bhayshul Tuten,Over,1.5,-160,2026-09-13 17:00:00+00:00,2026-09-13 13:00:00-04:00,2026-09-13,JAX,1.0
7937,e55c6fe19fce094ce214c8b0e5b504e9,2026-09-12 20:36:23 EDT,2026-09-13,JAX,CLE,JAX@CLE,DraftKings,player_receptions,Quinshon Judkins,Over,1.5,-140,2026-09-13 17:00:00+00:00,2026-09-13 13:00:00-04:00,2026-09-13,CLE,1.0
7938,e55c6fe19fce094ce214c8b0e5b504e9,2026-09-12 20:36:23 EDT,2026-09-13,JAX,CLE,JAX@CLE,DraftKings,player_reception_yds,Parker Washington,Over,53.5,-113,2026-09-13 17:00:00+00:00,2026-09-13 13:00:00-04:00,2026-09-13,JAX,1.0
7939,e55c6fe19fce094ce214c8b0e5b504e9,2026-09-12 20:36:23 EDT,2026-09-13,JAX,CLE,JAX@CLE,DraftKings,player_reception_yds,Brian Thomas,Over,38.5,-112,2026-09-13 17:00:00+00:00,2026-09-13 13:00:00-04:00,2026-09-13,JAX,1.0
7940,e55c6fe19fce094ce214c8b0e5b504e9,2026-09-12 20:36:23 EDT,2026-09-13,JAX,CLE,JAX@CLE,DraftKings,player_reception_yds,Jakobi Meyers,Over,37.5,-110,2026-09-13 17:00:00+00:00,2026-09-13 13:00:00-04:00,2026-09-13,JAX,1.0
7941,e55c6fe19fce094ce214c8b0e5b504e9,2026-09-12 20:36:23 EDT,2026-09-13,JAX,CLE,JAX@CLE,DraftKings,player_reception_yds,Harold Fannin,Over,35.5,-115,2026-09-13 17:00:00+00:00,2026-09-13 13:00:00-04:00,2026-09-13,CLE,1.0
7942,e55c6fe19fce094ce214c8b0e5b504e9,2026-09-12 20:36:23 EDT,2026-09-13,JAX,CLE,JAX@CLE,DraftKings,player_reception_yds,Brenton Strange,Over,34.5,-109,2026-09-13 17:00:00+00:00,2026-09-13 13:00:00-04:00,2026-09-13,JAX,1.0
7943,e55c6fe19fce094ce214c8b0e5b504e9,2026-09-12 20:36:23 EDT,2026-09-13,JAX,CLE,JAX@CLE,DraftKings,player_reception_yds,KC Concepcion,Over,33.5,-110,2026-09-13 17:00:00+00:00,2026-09-13 13:00:00-04:00,2026-09-13,CLE,1.0
7944,e55c6fe19fce094ce214c8b0e5b504e9,2026-09-12 20:36:23 EDT,2026-09-13,JAX,CLE,JAX@CLE,DraftKings,player_reception_yds,Jerry Jeudy,Over,31.5,-115,2026-09-13 17:00:00+00:00,2026-09-13 13:00:00-04:00,2026-09-13,CLE,1.0
7945,e55c6fe19fce094ce214c8b0e5b504e9,2026-09-12 20:36:23 EDT,2026-09-13,JAX,CLE,JAX@CLE,DraftKings,player_reception_yds,Denzel Boston,Over,24.5,-113,2026-09-13 17:00:00+00:00,2026-09-13 13:00:00-04:00,2026-09-13,CLE,1.0
7946,e55c6fe19fce094ce214c8b0e5b504e9,2026-09-12 20:36:23 EDT,2026-09-13,JAX,CLE,JAX@CLE,DraftKings,player_reception_yds,Bhayshul Tuten,Over,11.5,-111,2026-09-13 17:00:00+00:00,2026-09-13 13:00:00-04:00,2026-09-13,JAX,1.0
7947,e55c6fe19fce094ce214c8b0e5b504e9,2026-09-12 20:36:23 EDT,2026-09-13,JAX,CLE,JAX@CLE,DraftKings,player_reception_yds,Quinshon Judkins,Over,9.5,-118,2026-09-13 17:00:00+00:00,2026-09-13 13:00:00-04:00,2026-09-13,CLE,1.0
7948,e55c6fe19fce094ce214c8b0e5b504e9,2026-09-12 20:36:23 EDT,2026-09-13,JAX,CLE,JAX@CLE,DraftKings,player_tds_over,Bhayshul Tuten,Over,1.5,1000,2026-09-13 17:00:00+00:00,2026-09-13 13:00:00-04:00,2026-09-13,JAX,1.0
7949,e55c6fe19fce094ce214c8b0e5b504e9,2026-09-12 20:36:23 EDT,2026-09-13,JAX,CLE,JAX@CLE,DraftKings,player_tds_over,Chris Rodriguez,Over,1.5,1100,2026-09-13 17:00:00+00:00,2026-09-13 13:00:00-04:00,2026-09-13,JAX,1.0
7950,e55c6fe19fce094ce214c8b0e5b504e9,2026-09-12 20:36:23 EDT,2026-09-13,JAX,CLE,JAX@CLE,DraftKings,player_tds_over,Quinshon Judkins,Over,1.5,1200,2026-09-13 17:00:00+00:00,2026-09-13 13:00:00-04:00,2026-09-13,CLE,1.0
7951,e55c6fe19fce094ce214c8b0e5b504e9,2026-09-12 20:36:23 EDT,2026-09-13,JAX,CLE,JAX@CLE,DraftKings,player_tds_over,Parker Washington,Over,1.5,1700,2026-09-13 17:00:00+00:00,2026-09-13 13:00:00-04:00,2026-09-13,JAX,1.0
7952,e55c6fe19fce094ce214c8b0e5b504e9,2026-09-12 20:36:23 EDT,2026-09-13,JAX,CLE,JAX@CLE,DraftKings,player_tds_over,Trevor Lawrence,Over,1.5,2200,2026-09-13 17:00:00+00:00,2026-09-13 13:00:00-04:00,2026-09-13,JAX,1.0
7953,e55c6fe19fce094ce214c8b0e5b504e9,2026-09-12 20:36:23 EDT,2026-09-13,JAX,CLE,JAX@CLE,DraftKings,player_tds_over,Brian Thomas,Over,1.5,2500,2026-09-13 17:00:00+00:00,2026-09-13 13:00:00-04:00,2026-09-13,JAX,1.0
7954,e55c6fe19fce094ce214c8b0e5b504e9,2026-09-12 20:36:23 EDT,2026-09-13,JAX,CLE,JAX@CLE,DraftKings,player_tds_over,Jakobi Meyers,Over,1.5,2500,2026-09-13 17:00:00+00:00,2026-09-13 13:00:00-04:00,2026-09-13,JAX,1.0
7955,e55c6fe19fce094ce214c8b0e5b504e9,2026-09-12 20:36:23 EDT,2026-09-13,JAX,CLE,JAX@CLE,DraftKings,player_tds_over,Brenton Strange,Over,1.5,2500,2026-09-13 17:00:00+00:00,2026-09-13 13:00:00-04:00,2026-09-13,JAX,1.0
7956,e55c6fe19fce094ce214c8b0e5b504e9,2026-09-12 20:36:23 EDT,2026-09-13,JAX,CLE,JAX@CLE,DraftKings,player_tds_over,Harold Fannin,Over,1.5,3500,2026-09-13 17:00:00+00:00,2026-09-13 13:00:00-04:00,2026-09-13,CLE,1.0
7957,e55c6fe19fce094ce214c8b0e5b504e9,2026-09-12 20:36:23 EDT,2026-09-13,JAX,CLE,JAX@CLE,DraftKings,player_tds_over,KC Concepcion,Over,1.5,5500,2026-09-13 17:00:00+00:00,2026-09-13 13:00:00-04:00,2026-09-13,CLE,1.0
7958,e55c6fe19fce094ce214c8b0e5b504e9,2026-09-12 20:36:23 EDT,2026-09-13,JAX,CLE,JAX@CLE,DraftKings,player_tds_over,Jerry Jeudy,Over,1.5,6000,2026-09-13 17:00:00+00:00,2026-09-13 13:00:00-04:00,2026-09-13,CLE,1.0
7959,e55c6fe19fce094ce214c8b0e5b504e9,2026-09-12 20:36:23 EDT,2026-09-13,JAX,CLE,JAX@CLE,DraftKings,player_tds_over,Denzel Boston,Over,1.5,6000,2026-09-13 17:00:00+00:00,2026-09-13 13:00:00-04:00,2026-09-13,CLE,1.0
7960,e55c6fe19fce094ce214c8b0e5b504e9,2026-09-12 20:36:23 EDT,2026-09-13,JAX,CLE,JAX@CLE,DraftKings,player_tds_over,Deshaun Watson,Over,1.5,7500,2026-09-13 17:00:00+00:00,2026-09-13 13:00:00-04:00,2026-09-13,CLE,1.0
7961,e55c6fe19fce094ce214c8b0e5b504e9,2026-09-12 20:36:23 EDT,2026-09-13,JAX,CLE,JAX@CLE,DraftKings,player_tds_over,Ameer Abdullah,Over,1.5,10000,2026-09-13 17:00:00+00:00,2026-09-13 13:00:00-04:00,2026-09-13,JAX,1.0
7962,e55c6fe19fce094ce214c8b0e5b504e9,2026-09-12 20:36:23 EDT,2026-09-13,JAX,CLE,JAX@CLE,DraftKings,player_tds_over,Dylan Sampson,Over,1.5,10000,2026-09-13 17:00:00+00:00,2026-09-13 13:00:00-04:00,2026-09-13,CLE,1.0
7963,e55c6fe19fce094ce214c8b0e5b504e9,2026-09-12 20:36:23 EDT,2026-09-13,JAX,CLE,JAX@CLE,DraftKings,player_tds_over,LeQuint Allen,Over,1.5,12000,2026-09-13 17:00:00+00:00,2026-09-13 13:00:00-04:00,2026-09-13,JAX,1.0
7964,e55c6fe19fce094ce214c8b0e5b504e9,2026-09-12 20:36:23 EDT,2026-09-13,JAX,CLE,JAX@CLE,DraftKings,player_tds_over,Travis Hunter,Over,1.5,13000,2026-09-13 17:00:00+00:00,2026-09-13 13:00:00-04:00,2026-09-13,JAX,1.0
7965,e55c6fe19fce094ce214c8b0e5b504e9,2026-09-12 20:36:23 EDT,2026-09-13,JAX,CLE,JAX@CLE,DraftKings,player_tds_over,Nate Boerkircher,Over,1.5,14000,2026-09-13 17:00:00+00:00,2026-09-13 13:00:00-04:00,2026-09-13,JAX,1.0
7966,e55c6fe19fce094ce214c8b0e5b504e9,2026-09-12 20:36:23 EDT,2026-09-13,JAX,CLE,JAX@CLE,DraftKings,player_tds_over,Isaiah Bond,Over,1.5,16000,2026-09-13 17:00:00+00:00,2026-09-13 13:00:00-04:00,2026-09-13,CLE,1.0
7967,e55c6fe19fce094ce214c8b0e5b504e9,2026-09-12 20:36:23 EDT,2026-09-13,JAX,CLE,JAX@CLE,DraftKings,player_tds_over,Malachi Corley,Over,1.5,18000,2026-09-13 17:00:00+00:00,2026-09-13 13:00:00-04:00,2026-09-13,CLE,1.0
7968,e55c6fe19fce094ce214c8b0e5b504e9,2026-09-12 20:36:23 EDT,2026-09-13,JAX,CLE,JAX@CLE,DraftKings,player_tds_over,Tanner Koziol,Over,1.5,19000,2026-09-13 17:00:00+00:00,2026-09-13 13:00:00-04:00,2026-09-13,JAX,1.0
7969,e55c6fe19fce094ce214c8b0e5b504e9,2026-09-12 20:36:23 EDT,2026-09-13,JAX,CLE,JAX@CLE,DraftKings,player_tds_over,Quintin Morris,Over,1.5,20000,2026-09-13 17:00:00+00:00,2026-09-13 13:00:00-04:00,2026-09-13,JAX,1.0
7970,e55c6fe19fce094ce214c8b0e5b504e9,2026-09-12 20:36:23 EDT,2026-09-13,JAX,CLE,JAX@CLE,DraftKings,player_tds_over,CJ Williams,Over,1.5,20000,2026-09-13 17:00:00+00:00,2026-09-13 13:00:00-04:00,2026-09-13,JAX,1.0
7971,e55c6fe19fce094ce214c8b0e5b504e9,2026-09-12 20:36:23 EDT,2026-09-13,JAX,CLE,JAX@CLE,DraftKings,player_tds_over,Josh Cameron,Over,1.5,20000,2026-09-13 17:00:00+00:00,2026-09-13 13:00:00-04:00,2026-09-13,JAX,1.0
7972,e55c6fe19fce094ce214c8b0e5b504e9,2026-09-12 20:36:23 EDT,2026-09-13,JAX,CLE,JAX@CLE,DraftKings,player_tds_over,Raheim Sanders,Over,1.5,20000,2026-09-13 17:00:00+00:00,2026-09-13 13:00:00-04:00,2026-09-13,CLE,1.0
7973,e55c6fe19fce094ce214c8b0e5b504e9,2026-09-12 20:36:23 EDT,2026-09-13,JAX,CLE,JAX@CLE,DraftKings,player_tds_over,Michael Burton,Over,1.5,25000,2026-09-13 17:00:00+00:00,2026-09-13 13:00:00-04:00,2026-09-13,CLE,1.0
7974,e55c6fe19fce094ce214c8b0e5b504e9,2026-09-12 20:36:23 EDT,2026-09-13,JAX,CLE,JAX@CLE,DraftKings,player_tds_over,Tylan Wallace,Over,1.5,25000,2026-09-13 17:00:00+00:00,2026-09-13 13:00:00-04:00,2026-09-13,CLE,1.0
7975,e55c6fe19fce094ce214c8b0e5b504e9,2026-09-12 20:36:23 EDT,2026-09-13,JAX,CLE,JAX@CLE,DraftKings,player_tds_over,Blake Whiteheart,Over,1.5,25000,2026-09-13 17:00:00+00:00,2026-09-13 13:00:00-04:00,2026-09-13,CLE,1.0
7976,e55c6fe19fce094ce214c8b0e5b504e9,2026-09-12 20:36:23 EDT,2026-09-13,JAX,CLE,JAX@CLE,DraftKings,player_tds_over,Carsen Ryan,Over,1.5,25000,2026-09-13 17:00:00+00:00,2026-09-13 13:00:00-04:00,2026-09-13,CLE,1.0
7977,e55c6fe19fce094ce214c8b0e5b504e9,2026-09-12 20:36:23 EDT,2026-09-13,JAX,CLE,JAX@CLE,DraftKings,player_tds_over,Bhayshul Tuten,Over,2.5,5500,2026-09-13 17:00:00+00:00,2026-09-13 13:00:00-04:00,2026-09-13,JAX,1.0
7978,e55c6fe19fce094ce214c8b0e5b504e9,2026-09-12 20:36:23 EDT,2026-09-13,JAX,CLE,JAX@CLE,DraftKings,player_tds_over,Chris Rodriguez,Over,2.5,5500,2026-09-13 17:00:00+00:00,2026-09-13 13:00:00-04:00,2026-09-13,JAX,1.0
7979,e55c6fe19fce094ce214c8b0e5b504e9,2026-09-12 20:36:23 EDT,2026-09-13,JAX,CLE,JAX@CLE,DraftKings,player_tds_over,Quinshon Judkins,Over,2.5,6500,2026-09-13 17:00:00+00:00,2026-09-13 13:00:00-04:00,2026-09-13,CLE,1.0
7980,e55c6fe19fce094ce214c8b0e5b504e9,2026-09-12 20:36:23 EDT,2026-09-13,JAX,CLE,JAX@CLE,DraftKings,player_tds_over,Parker Washington,Over,2.5,9000,2026-09-13 17:00:00+00:00,2026-09-13 13:00:00-04:00,2026-09-13,JAX,1.0
7981,e55c6fe19fce094ce214c8b0e5b504e9,2026-09-12 20:36:23 EDT,2026-09-13,JAX,CLE,JAX@CLE,DraftKings,player_tds_over,Trevor Lawrence,Over,2.5,11000,2026-09-13 17:00:00+00:00,2026-09-13 13:00:00-04:00,2026-09-13,JAX,1.0
7982,e55c6fe19fce094ce214c8b0e5b504e9,2026-09-12 20:36:23 EDT,2026-09-13,JAX,CLE,JAX@CLE,DraftKings,player_tds_over,Jakobi Meyers,Over,2.5,11000,2026-09-13 17:00:00+00:00,2026-09-13 13:00:00-04:00,2026-09-13,JAX,1.0
7983,e55c6fe19fce094ce214c8b0e5b504e9,2026-09-12 20:36:23 EDT,2026-09-13,JAX,CLE,JAX@CLE,DraftKings,player_tds_over,Brian Thomas,Over,2.5,12000,2026-09-13 17:00:00+00:00,2026-09-13 13:00:00-04:00,2026-09-13,JAX,1.0
7984,e55c6fe19fce094ce214c8b0e5b504e9,2026-09-12 20:36:23 EDT,2026-09-13,JAX,CLE,JAX@CLE,DraftKings,player_tds_over,Brenton Strange,Over,2.5,12000,2026-09-13 17:00:00+00:00,2026-09-13 13:00:00-04:00,2026-09-13,JAX,1.0
7985,e55c6fe19fce094ce214c8b0e5b504e9,2026-09-12 20:36:23 EDT,2026-09-13,JAX,CLE,JAX@CLE,DraftKings,player_tds_over,Harold Fannin,Over,2.5,16000,2026-09-13 17:00:00+00:00,2026-09-13 13:00:00-04:00,2026-09-13,CLE,1.0
7986,e55c6fe19fce094ce214c8b0e5b504e9,2026-09-12 20:36:23 EDT,2026-09-13,JAX,CLE,JAX@CLE,DraftKings,player_tds_over,KC Concepcion,Over,2.5,19000,2026-09-13 17:00:00+00:00,2026-09-13 13:00:00-04:00,2026-09-13,CLE,1.0
7987,e55c6fe19fce094ce214c8b0e5b504e9,2026-09-12 20:36:23 EDT,2026-09-13,JAX,CLE,JAX@CLE,DraftKings,player_tds_over,Dylan Sampson,Over,2.5,20000,2026-09-13 17:00:00+00:00,2026-09-13 13:00:00-04:00,2026-09-13,CLE,1.0
7988,e55c6fe19fce094ce214c8b0e5b504e9,2026-09-12 20:36:23 EDT,2026-09-13,JAX,CLE,JAX@CLE,DraftKings,player_tds_over,Jerry Jeudy,Over,2.5,20000,2026-09-13 17:00:00+00:00,2026-09-13 13:00:00-04:00,2026-09-13,CLE,1.0
7989,e55c6fe19fce094ce214c8b0e5b504e9,2026-09-12 20:36:23 EDT,2026-09-13,JAX,CLE,JAX@CLE,DraftKings,player_tds_over,Denzel Boston,Over,2.5,20000,2026-09-13 17:00:00+00:00,2026-09-13 13:00:00-04:00,2026-09-13,CLE,1.0
7990,e55c6fe19fce094ce214c8b0e5b504e9,2026-09-12 20:36:23 EDT,2026-09-13,JAX,CLE,JAX@CLE,DraftKings,player_tds_over,Deshaun Watson,Over,2.5,20000,2026-09-13 17:00:00+00:00,2026-09-13 13:00:00-04:00,2026-09-13,CLE,1.0
7991,e55c6fe19fce094ce214c8b0e5b504e9,2026-09-12 20:36:23 EDT,2026-09-13,JAX,CLE,JAX@CLE,DraftKings,player_tds_over,Josh Cameron,Over,2.5,25000,2026-09-13 17:00:00+00:00,2026-09-13 13:00:00-04:00,2026-09-13,JAX,1.0
7992,e55c6fe19fce094ce214c8b0e5b504e9,2026-09-12 20:36:23 EDT,2026-09-13,JAX,CLE,JAX@CLE,DraftKings,player_tds_over,Ameer Abdullah,Over,2.5,25000,2026-09-13 17:00:00+00:00,2026-09-13 13:00:00-04:00,2026-09-13,JAX,1.0
7993,c1d3fcec25aaeb06ebd2244d33d338e0,2026-09-12 20:36:23 EDT,2026-09-13,DET,NOR,DET@NOR,DraftKings,player_pass_completions,Jared Goff,Over,22.5,-133,2026-09-13 17:00:00+00:00,2026-09-13 13:00:00-04:00,2026-09-13,DET,1.0
7994,c1d3fcec25aaeb06ebd2244d33d338e0,2026-09-12 20:36:23 EDT,2026-09-13,DET,NOR,DET@NOR,DraftKings,player_pass_completions,Tyler Shough,Over,21.5,-110,2026-09-13 17:00:00+00:00,2026-09-13 13:00:00-04:00,2026-09-13,NO,1.0
7995,c1d3fcec25aaeb06ebd2244d33d338e0,2026-09-12 20:36:23 EDT,2026-09-13,DET,NOR,DET@NOR,DraftKings,player_pass_attempts,Jared Goff,Over,33.5,-113,2026-09-13 17:00:00+00:00,2026-09-13 13:00:00-04:00,2026-09-13,DET,1.0
7996,c1d3fcec25aaeb06ebd2244d33d338e0,2026-09-12 20:36:23 EDT,2026-09-13,DET,NOR,DET@NOR,DraftKings,player_pass_attempts,Tyler Shough,Over,33.5,-103,2026-09-13 17:00:00+00:00,2026-09-13 13:00:00-04:00,2026-09-13,NO,1.0
7997,c1d3fcec25aaeb06ebd2244d33d338e0,2026-09-12 20:36:23 EDT,2026-09-13,DET,NOR,DET@NOR,DraftKings,player_pass_yds,Jared Goff,Over,260.5,-112,2026-09-13 17:00:00+00:00,2026-09-13 13:00:00-04:00,2026-09-13,DET,1.0
7998,c1d3fcec25aaeb06ebd2244d33d338e0,2026-09-12 20:36:23 EDT,2026-09-13,DET,NOR,DET@NOR,DraftKings,player_pass_yds,Tyler Shough,Over,244.5,-113,2026-09-13 17:00:00+00:00,2026-09-13 13:00:00-04:00,2026-09-13,NO,1.0
7999,c1d3fcec25aaeb06ebd2244d33d338e0,2026-09-12 20:36:23 EDT,2026-09-13,DET,NOR,DET@NOR,DraftKings,player_pass_interceptions,Jared Goff,Over,0.5,121,2026-09-13 17:00:00+00:00,2026-09-13 13:00:00-04:00,2026-09-13,DET,1.0
8000,c1d3fcec25aaeb06ebd2244d33d338e0,2026-09-12 20:36:23 EDT,2026-09-13,DET,NOR,DET@NOR,DraftKings,player_pass_interceptions,Tyler Shough,Over,0.5,-123,2026-09-13 17:00:00+00:00,2026-09-13 13:00:00-04:00,2026-09-13,NO,1.0
8001,c1d3fcec25aaeb06ebd2244d33d338e0,2026-09-12 20:36:23 EDT,2026-09-13,DET,NOR,DET@NOR,DraftKings,player_pass_tds,Jared Goff,Over,1.5,-200,2026-09-13 17:00:00+00:00,2026-09-13 13:00:00-04:00,2026-09-13,DET,1.0
8002,c1d3fcec25aaeb06ebd2244d33d338e0,2026-09-12 20:36:23 EDT,2026-09-13,DET,NOR,DET@NOR,DraftKings,player_pass_tds,Tyler Shough,Over,1.5,128,2026-09-13 17:00:00+00:00,2026-09-13 13:00:00-04:00,2026-09-13,NO,1.0
8003,c1d3fcec25aaeb06ebd2244d33d338e0,2026-09-12 20:36:23 EDT,2026-09-13,DET,NOR,DET@NOR,DraftKings,player_rush_attempts,Jahmyr Gibbs,Over,19.5,103,2026-09-13 17:00:00+00:00,2026-09-13 13:00:00-04:00,2026-09-13,DET,1.0
8004,c1d3fcec25aaeb06ebd2244d33d338e0,2026-09-12 20:36:23 EDT,2026-09-13,DET,NOR,DET@NOR,DraftKings,player_rush_attempts,Travis Etienne,Over,14.5,-105,2026-09-13 17:00:00+00:00,2026-09-13 13:00:00-04:00,2026-09-13,NO,1.0
8005,c1d3fcec25aaeb06ebd2244d33d338e0,2026-09-12 20:36:23 EDT,2026-09-13,DET,NOR,DET@NOR,DraftKings,player_rush_attempts,Tyler Shough,Over,4.5,120,2026-09-13 17:00:00+00:00,2026-09-13 13:00:00-04:00,2026-09-13,NO,1.0
8006,c1d3fcec25aaeb06ebd2244d33d338e0,2026-09-12 20:36:23 EDT,2026-09-13,DET,NOR,DET@NOR,DraftKings,player_rush_yds,Jahmyr Gibbs,Over,85.5,-114,2026-09-13 17:00:00+00:00,2026-09-13 13:00:00-04:00,2026-09-13,DET,1.0
8007,c1d3fcec25aaeb06ebd2244d33d338e0,2026-09-12 20:36:23 EDT,2026-09-13,DET,NOR,DET@NOR,DraftKings,player_rush_yds,Travis Etienne,Over,56.5,-110,2026-09-13 17:00:00+00:00,2026-09-13 13:00:00-04:00,2026-09-13,NO,1.0
8008,c1d3fcec25aaeb06ebd2244d33d338e0,2026-09-12 20:36:23 EDT,2026-09-13,DET,NOR,DET@NOR,DraftKings,player_rush_yds,Tyler Shough,Over,18.5,-110,2026-09-13 17:00:00+00:00,2026-09-13 13:00:00-04:00,2026-09-13,NO,1.0
8009,c1d3fcec25aaeb06ebd2244d33d338e0,2026-09-12 20:36:23 EDT,2026-09-13,DET,NOR,DET@NOR,DraftKings,player_rush_yds,Jared Goff,Over,0.5,133,2026-09-13 17:00:00+00:00,2026-09-13 13:00:00-04:00,2026-09-13,DET,1.0
8010,c1d3fcec25aaeb06ebd2244d33d338e0,2026-09-12 20:36:23 EDT,2026-09-13,DET,NOR,DET@NOR,DraftKings,player_receptions,Amon-Ra St. Brown,Over,6.5,-115,2026-09-13 17:00:00+00:00,2026-09-13 13:00:00-04:00,2026-09-13,DET,1.0
8011,c1d3fcec25aaeb06ebd2244d33d338e0,2026-09-12 20:36:23 EDT,2026-09-13,DET,NOR,DET@NOR,DraftKings,player_receptions,Chris Olave,Over,6.5,115,2026-09-13 17:00:00+00:00,2026-09-13 13:00:00-04:00,2026-09-13,NO,1.0
8012,c1d3fcec25aaeb06ebd2244d33d338e0,2026-09-12 20:36:23 EDT,2026-09-13,DET,NOR,DET@NOR,DraftKings,player_receptions,Jahmyr Gibbs,Over,4.5,115,2026-09-13 17:00:00+00:00,2026-09-13 13:00:00-04:00,2026-09-13,DET,1.0
8013,c1d3fcec25aaeb06ebd2244d33d338e0,2026-09-12 20:36:23 EDT,2026-09-13,DET,NOR,DET@NOR,DraftKings,player_receptions,Sam LaPorta,Over,4.5,119,2026-09-13 17:00:00+00:00,2026-09-13 13:00:00-04:00,2026-09-13,DET,1.0
8014,c1d3fcec25aaeb06ebd2244d33d338e0,2026-09-12 20:36:23 EDT,2026-09-13,DET,NOR,DET@NOR,DraftKings,player_receptions,Juwan Johnson,Over,4.5,128,2026-09-13 17:00:00+00:00,2026-09-13 13:00:00-04:00,2026-09-13,NO,1.0
8015,c1d3fcec25aaeb06ebd2244d33d338e0,2026-09-12 20:36:23 EDT,2026-09-13,DET,NOR,DET@NOR,DraftKings,player_receptions,Jameson Williams,Over,3.5,-140,2026-09-13 17:00:00+00:00,2026-09-13 13:00:00-04:00,2026-09-13,DET,1.0
8016,c1d3fcec25aaeb06ebd2244d33d338e0,2026-09-12 20:36:23 EDT,2026-09-13,DET,NOR,DET@NOR,DraftKings,player_receptions,Devaughn Vele,Over,3.5,104,2026-09-13 17:00:00+00:00,2026-09-13 13:00:00-04:00,2026-09-13,NO,1.0
8017,c1d3fcec25aaeb06ebd2244d33d338e0,2026-09-12 20:36:23 EDT,2026-09-13,DET,NOR,DET@NOR,DraftKings,player_receptions,Travis Etienne,Over,2.5,-121,2026-09-13 17:00:00+00:00,2026-09-13 13:00:00-04:00,2026-09-13,NO,1.0
8018,c1d3fcec25aaeb06ebd2244d33d338e0,2026-09-12 20:36:23 EDT,2026-09-13,DET,NOR,DET@NOR,DraftKings,player_receptions,Isaac TeSlaa,Over,1.5,101,2026-09-13 17:00:00+00:00,2026-09-13 13:00:00-04:00,2026-09-13,DET,1.0
8019,c1d3fcec25aaeb06ebd2244d33d338e0,2026-09-12 20:36:23 EDT,2026-09-13,DET,NOR,DET@NOR,DraftKings,player_reception_yds,Amon-Ra St. Brown,Over,77.5,-110,2026-09-13 17:00:00+00:00,2026-09-13 13:00:00-04:00,2026-09-13,DET,1.0
8020,c1d3fcec25aaeb06ebd2244d33d338e0,2026-09-12 20:36:23 EDT,2026-09-13,DET,NOR,DET@NOR,DraftKings,player_reception_yds,Chris Olave,Over,75.5,-114,2026-09-13 17:00:00+00:00,2026-09-13 13:00:00-04:00,2026-09-13,NO,1.0
8021,c1d3fcec25aaeb06ebd2244d33d338e0,2026-09-12 20:36:23 EDT,2026-09-13,DET,NOR,DET@NOR,DraftKings,player_reception_yds,Jameson Williams,Over,55.5,-114,2026-09-13 17:00:00+00:00,2026-09-13 13:00:00-04:00,2026-09-13,DET,1.0
8022,c1d3fcec25aaeb06ebd2244d33d338e0,2026-09-12 20:36:23 EDT,2026-09-13,DET,NOR,DET@NOR,DraftKings,player_reception_yds,Sam LaPorta,Over,43.5,-109,2026-09-13 17:00:00+00:00,2026-09-13 13:00:00-04:00,2026-09-13,DET,1.0
8023,c1d3fcec25aaeb06ebd2244d33d338e0,2026-09-12 20:36:23 EDT,2026-09-13,DET,NOR,DET@NOR,DraftKings,player_reception_yds,Juwan Johnson,Over,41.5,-114,2026-09-13 17:00:00+00:00,2026-09-13 13:00:00-04:00,2026-09-13,NO,1.0
8024,c1d3fcec25aaeb06ebd2244d33d338e0,2026-09-12 20:36:23 EDT,2026-09-13,DET,NOR,DET@NOR,DraftKings,player_reception_yds,Devaughn Vele,Over,40.5,-111,2026-09-13 17:00:00+00:00,2026-09-13 13:00:00-04:00,2026-09-13,NO,1.0
8025,c1d3fcec25aaeb06ebd2244d33d338e0,2026-09-12 20:36:23 EDT,2026-09-13,DET,NOR,DET@NOR,DraftKings,player_reception_yds,Jahmyr Gibbs,Over,29.5,-116,2026-09-13 17:00:00+00:00,2026-09-13 13:00:00-04:00,2026-09-13,DET,1.0
8026,c1d3fcec25aaeb06ebd2244d33d338e0,2026-09-12 20:36:23 EDT,2026-09-13,DET,NOR,DET@NOR,DraftKings,player_reception_yds,Isaac TeSlaa,Over,17.5,-111,2026-09-13 17:00:00+00:00,2026-09-13 13:00:00-04:00,2026-09-13,DET,1.0
8027,c1d3fcec25aaeb06ebd2244d33d338e0,2026-09-12 20:36:23 EDT,2026-09-13,DET,NOR,DET@NOR,DraftKings,player_reception_yds,Travis Etienne,Over,14.5,-115,2026-09-13 17:00:00+00:00,2026-09-13 13:00:00-04:00,2026-09-13,NO,1.0
8028,c1d3fcec25aaeb06ebd2244d33d338e0,2026-09-12 20:36:23 EDT,2026-09-13,DET,NOR,DET@NOR,DraftKings,player_tds_over,Jahmyr Gibbs,Over,1.5,180,2026-09-13 17:00:00+00:00,2026-09-13 13:00:00-04:00,2026-09-13,DET,1.0
8029,c1d3fcec25aaeb06ebd2244d33d338e0,2026-09-12 20:36:23 EDT,2026-09-13,DET,NOR,DET@NOR,DraftKings,player_tds_over,Amon-Ra St. Brown,Over,1.5,500,2026-09-13 17:00:00+00:00,2026-09-13 13:00:00-04:00,2026-09-13,DET,1.0
8030,c1d3fcec25aaeb06ebd2244d33d338e0,2026-09-12 20:36:23 EDT,2026-09-13,DET,NOR,DET@NOR,DraftKings,player_tds_over,Travis Etienne,Over,1.5,650,2026-09-13 17:00:00+00:00,2026-09-13 13:00:00-04:00,2026-09-13,NO,1.0
8031,c1d3fcec25aaeb06ebd2244d33d338e0,2026-09-12 20:36:23 EDT,2026-09-13,DET,NOR,DET@NOR,DraftKings,player_tds_over,Chris Olave,Over,1.5,1100,2026-09-13 17:00:00+00:00,2026-09-13 13:00:00-04:00,2026-09-13,NO,1.0
8032,c1d3fcec25aaeb06ebd2244d33d338e0,2026-09-12 20:36:23 EDT,2026-09-13,DET,NOR,DET@NOR,DraftKings,player_tds_over,Sam LaPorta,Over,1.5,1200,2026-09-13 17:00:00+00:00,2026-09-13 13:00:00-04:00,2026-09-13,DET,1.0
8033,c1d3fcec25aaeb06ebd2244d33d338e0,2026-09-12 20:36:23 EDT,2026-09-13,DET,NOR,DET@NOR,DraftKings,player_tds_over,Jameson Williams,Over,1.5,1200,2026-09-13 17:00:00+00:00,2026-09-13 13:00:00-04:00,2026-09-13,DET,1.0
8034,c1d3fcec25aaeb06ebd2244d33d338e0,2026-09-12 20:36:23 EDT,2026-09-13,DET,NOR,DET@NOR,DraftKings,player_tds_over,Juwan Johnson,Over,1.5,2000,2026-09-13 17:00:00+00:00,2026-09-13 13:00:00-04:00,2026-09-13,NO,1.0
8035,c1d3fcec25aaeb06ebd2244d33d338e0,2026-09-12 20:36:23 EDT,2026-09-13,DET,NOR,DET@NOR,DraftKings,player_tds_over,Sione Vaki,Over,1.5,2500,2026-09-13 17:00:00+00:00,2026-09-13 13:00:00-04:00,2026-09-13,DET,1.0
8036,c1d3fcec25aaeb06ebd2244d33d338e0,2026-09-12 20:36:23 EDT,2026-09-13,DET,NOR,DET@NOR,DraftKings,player_tds_over,Isaac TeSlaa,Over,1.5,3000,2026-09-13 17:00:00+00:00,2026-09-13 13:00:00-04:00,2026-09-13,DET,1.0
8037,c1d3fcec25aaeb06ebd2244d33d338e0,2026-09-12 20:36:23 EDT,2026-09-13,DET,NOR,DET@NOR,DraftKings,player_tds_over,Jacob Saylors,Over,1.5,3000,2026-09-13 17:00:00+00:00,2026-09-13 13:00:00-04:00,2026-09-13,DET,1.0
8038,c1d3fcec25aaeb06ebd2244d33d338e0,2026-09-12 20:36:23 EDT,2026-09-13,DET,NOR,DET@NOR,DraftKings,player_tds_over,Devaughn Vele,Over,1.5,3000,2026-09-13 17:00:00+00:00,2026-09-13 13:00:00-04:00,2026-09-13,NO,1.0
8039,c1d3fcec25aaeb06ebd2244d33d338e0,2026-09-12 20:36:23 EDT,2026-09-13,DET,NOR,DET@NOR,DraftKings,player_tds_over,Tyler Shough,Over,1.5,3500,2026-09-13 17:00:00+00:00,2026-09-13 13:00:00-04:00,2026-09-13,NO,1.0
8040,c1d3fcec25aaeb06ebd2244d33d338e0,2026-09-12 20:36:23 EDT,2026-09-13,DET,NOR,DET@NOR,DraftKings,player_tds_over,Alvin Kamara,Over,1.5,5500,2026-09-13 17:00:00+00:00,2026-09-13 13:00:00-04:00,2026-09-13,NO,1.0
8041,c1d3fcec25aaeb06ebd2244d33d338e0,2026-09-12 20:36:23 EDT,2026-09-13,DET,NOR,DET@NOR,DraftKings,player_tds_over,Noah Fant,Over,1.5,8000,2026-09-13 17:00:00+00:00,2026-09-13 13:00:00-04:00,2026-09-13,NO,1.0
8042,c1d3fcec25aaeb06ebd2244d33d338e0,2026-09-12 20:36:23 EDT,2026-09-13,DET,NOR,DET@NOR,DraftKings,player_tds_over,Kendre Miller,Over,1.5,8000,2026-09-13 17:00:00+00:00,2026-09-13 13:00:00-04:00,2026-09-13,NO,1.0
8043,c1d3fcec25aaeb06ebd2244d33d338e0,2026-09-12 20:36:23 EDT,2026-09-13,DET,NOR,DET@NOR,DraftKings,player_tds_over,Bryce Lance,Over,1.5,9000,2026-09-13 17:00:00+00:00,2026-09-13 13:00:00-04:00,2026-09-13,NO,1.0
8044,c1d3fcec25aaeb06ebd2244d33d338e0,2026-09-12 20:36:23 EDT,2026-09-13,DET,NOR,DET@NOR,DraftKings,player_tds_over,Brock Wright,Over,1.5,10000,2026-09-13 17:00:00+00:00,2026-09-13 13:00:00-04:00,2026-09-13,DET,1.0
8045,c1d3fcec25aaeb06ebd2244d33d338e0,2026-09-12 20:36:23 EDT,2026-09-13,DET,NOR,DET@NOR,DraftKings,player_tds_over,Barion Brown,Over,1.5,11000,2026-09-13 17:00:00+00:00,2026-09-13 13:00:00-04:00,2026-09-13,NO,1.0
8046,c1d3fcec25aaeb06ebd2244d33d338e0,2026-09-12 20:36:23 EDT,2026-09-13,DET,NOR,DET@NOR,DraftKings,player_tds_over,Tay Martin,Over,1.5,12000,2026-09-13 17:00:00+00:00,2026-09-13 13:00:00-04:00,2026-09-13,DET,1.0
8047,c1d3fcec25aaeb06ebd2244d33d338e0,2026-09-12 20:36:23 EDT,2026-09-13,DET,NOR,DET@NOR,DraftKings,player_tds_over,Tom Kennedy,Over,1.5,15000,2026-09-13 17:00:00+00:00,2026-09-13 13:00:00-04:00,2026-09-13,DET,1.0
8048,c1d3fcec25aaeb06ebd2244d33d338e0,2026-09-12 20:36:23 EDT,2026-09-13,DET,NOR,DET@NOR,DraftKings,player_tds_over,Jackson Meeks,Over,1.5,15000,2026-09-13 17:00:00+00:00,2026-09-13 13:00:00-04:00,2026-09-13,DET,1.0
8049,c1d3fcec25aaeb06ebd2244d33d338e0,2026-09-12 20:36:23 EDT,2026-09-13,DET,NOR,DET@NOR,DraftKings,player_tds_over,Tyler Conklin,Over,1.5,16000,2026-09-13 17:00:00+00:00,2026-09-13 13:00:00-04:00,2026-09-13,DET,1.0
8050,c1d3fcec25aaeb06ebd2244d33d338e0,2026-09-12 20:36:23 EDT,2026-09-13,DET,NOR,DET@NOR,DraftKings,player_tds_over,Jared Goff,Over,1.5,17000,2026-09-13 17:00:00+00:00,2026-09-13 13:00:00-04:00,2026-09-13,DET,1.0
8051,c1d3fcec25aaeb06ebd2244d33d338e0,2026-09-12 20:36:23 EDT,2026-09-13,DET,NOR,DET@NOR,DraftKings,player_tds_over,Jahmyr Gibbs,Over,2.5,700,2026-09-13 17:00:00+00:00,2026-09-13 13:00:00-04:00,2026-09-13,DET,1.0
8052,c1d3fcec25aaeb06ebd2244d33d338e0,2026-09-12 20:36:23 EDT,2026-09-13,DET,NOR,DET@NOR,DraftKings,player_tds_over,Amon-Ra St. Brown,Over,2.5,2500,2026-09-13 17:00:00+00:00,2026-09-13 13:00:00-04:00,2026-09-13,DET,1.0
8053,c1d3fcec25aaeb06ebd2244d33d338e0,2026-09-12 20:36:23 EDT,2026-09-13,DET,NOR,DET@NOR,DraftKings,player_tds_over,Travis Etienne,Over,2.5,3000,2026-09-13 17:00:00+00:00,2026-09-13 13:00:00-04:00,2026-09-13,NO,1.0
8054,c1d3fcec25aaeb06ebd2244d33d338e0,2026-09-12 20:36:23 EDT,2026-09-13,DET,NOR,DET@NOR,DraftKings,player_tds_over,Jameson Williams,Over,2.5,5500,2026-09-13 17:00:00+00:00,2026-09-13 13:00:00-04:00,2026-09-13,DET,1.0
8055,c1d3fcec25aaeb06ebd2244d33d338e0,2026-09-12 20:36:23 EDT,2026-09-13,DET,NOR,DET@NOR,DraftKings,player_tds_over,Sam LaPorta,Over,2.5,5500,2026-09-13 17:00:00+00:00,2026-09-13 13:00:00-04:00,2026-09-13,DET,1.0
8056,c1d3fcec25aaeb06ebd2244d33d338e0,2026-09-12 20:36:23 EDT,2026-09-13,DET,NOR,DET@NOR,DraftKings,player_tds_over,Chris Olave,Over,2.5,5500,2026-09-13 17:00:00+00:00,2026-09-13 13:00:00-04:00,2026-09-13,NO,1.0
8057,c1d3fcec25aaeb06ebd2244d33d338e0,2026-09-12 20:36:23 EDT,2026-09-13,DET,NOR,DET@NOR,DraftKings,player_tds_over,Juwan Johnson,Over,2.5,11000,2026-09-13 17:00:00+00:00,2026-09-13 13:00:00-04:00,2026-09-13,NO,1.0
8058,c1d3fcec25aaeb06ebd2244d33d338e0,2026-09-12 20:36:23 EDT,2026-09-13,DET,NOR,DET@NOR,DraftKings,player_tds_over,Sione Vaki,Over,2.5,11000,2026-09-13 17:00:00+00:00,2026-09-13 13:00:00-04:00,2026-09-13,DET,1.0
8059,c1d3fcec25aaeb06ebd2244d33d338e0,2026-09-12 20:36:23 EDT,2026-09-13,DET,NOR,DET@NOR,DraftKings,player_tds_over,Jacob Saylors,Over,2.5,12000,2026-09-13 17:00:00+00:00,2026-09-13 13:00:00-04:00,2026-09-13,DET,1.0
8060,c1d3fcec25aaeb06ebd2244d33d338e0,2026-09-12 20:36:23 EDT,2026-09-13,DET,NOR,DET@NOR,DraftKings,player_tds_over,Isaac TeSlaa,Over,2.5,13000,2026-09-13 17:00:00+00:00,2026-09-13 13:00:00-04:00,2026-09-13,DET,1.0
8061,c1d3fcec25aaeb06ebd2244d33d338e0,2026-09-12 20:36:23 EDT,2026-09-13,DET,NOR,DET@NOR,DraftKings,player_tds_over,Devaughn Vele,Over,2.5,15000,2026-09-13 17:00:00+00:00,2026-09-13 13:00:00-04:00,2026-09-13,NO,1.0
8062,c1d3fcec25aaeb06ebd2244d33d338e0,2026-09-12 20:36:23 EDT,2026-09-13,DET,NOR,DET@NOR,DraftKings,player_tds_over,Tyler Shough,Over,2.5,15000,2026-09-13 17:00:00+00:00,2026-09-13 13:00:00-04:00,2026-09-13,NO,1.0
8063,c1d3fcec25aaeb06ebd2244d33d338e0,2026-09-12 20:36:23 EDT,2026-09-13,DET,NOR,DET@NOR,DraftKings,player_tds_over,Alvin Kamara,Over,2.5,19000,2026-09-13 17:00:00+00:00,2026-09-13 13:00:00-04:00,2026-09-13,NO,1.0
8064,c1d3fcec25aaeb06ebd2244d33d338e0,2026-09-12 20:36:23 EDT,2026-09-13,DET,NOR,DET@NOR,DraftKings,player_tds_over,Bryce Lance,Over,2.5,25000,2026-09-13 17:00:00+00:00,2026-09-13 13:00:00-04:00,2026-09-13,NO,1.0
8065,c1d3fcec25aaeb06ebd2244d33d338e0,2026-09-12 20:36:23 EDT,2026-09-13,DET,NOR,DET@NOR,DraftKings,player_tds_over,Barion Brown,Over,2.5,25000,2026-09-13 17:00:00+00:00,2026-09-13 13:00:00-04:00,2026-09-13,NO,1.0
8066,c1d3fcec25aaeb06ebd2244d33d338e0,2026-09-12 20:36:23 EDT,2026-09-13,DET,NOR,DET@NOR,DraftKings,player_tds_over,Noah Fant,Over,2.5,25000,2026-09-13 17:00:00+00:00,2026-09-13 13:00:00-04:00,2026-09-13,NO,1.0
8067,c1d3fcec25aaeb06ebd2244d33d338e0,2026-09-12 20:36:23 EDT,2026-09-13,DET,NOR,DET@NOR,DraftKings,player_tds_over,Brock Wright,Over,2.5,25000,2026-09-13 17:00:00+00:00,2026-09-13 13:00:00-04:00,2026-09-13,DET,1.0
8068,c1d3fcec25aaeb06ebd2244d33d338e0,2026-09-12 20:36:23 EDT,2026-09-13,DET,NOR,DET@NOR,DraftKings,player_tds_over,Tay Martin,Over,2.5,25000,2026-09-13 17:00:00+00:00,2026-09-13 13:00:00-04:00,2026-09-13,DET,1.0
8069,7dddb296a42e7a41a774b24bd1709ce1,2026-09-12 20:36:23 EDT,2026-09-13,TEN,NYJ,TEN@NYJ,DraftKings,player_pass_completions,Cam Ward,Over,19.5,-119,2026-09-13 17:00:00+00:00,2026-09-13 13:00:00-04:00,2026-09-13,TEN,1.0
8070,7dddb296a42e7a41a774b24bd1709ce1,2026-09-12 20:36:23 EDT,2026-09-13,TEN,NYJ,TEN@NYJ,DraftKings,player_pass_completions,Geno Smith,Over,19.5,102,2026-09-13 17:00:00+00:00,2026-09-13 13:00:00-04:00,2026-09-13,NYJ,1.0
8071,7dddb296a42e7a41a774b24bd1709ce1,2026-09-12 20:36:23 EDT,2026-09-13,TEN,NYJ,TEN@NYJ,DraftKings,player_pass_attempts,Cam Ward,Over,31.5,-126,2026-09-13 17:00:00+00:00,2026-09-13 13:00:00-04:00,2026-09-13,TEN,1.0
8072,7dddb296a42e7a41a774b24bd1709ce1,2026-09-12 20:36:23 EDT,2026-09-13,TEN,NYJ,TEN@NYJ,DraftKings,player_pass_attempts,Geno Smith,Over,30.5,-120,2026-09-13 17:00:00+00:00,2026-09-13 13:00:00-04:00,2026-09-13,NYJ,1.0
8073,7dddb296a42e7a41a774b24bd1709ce1,2026-09-12 20:36:23 EDT,2026-09-13,TEN,NYJ,TEN@NYJ,DraftKings,player_pass_yds,Geno Smith,Over,208.5,-112,2026-09-13 17:00:00+00:00,2026-09-13 13:00:00-04:00,2026-09-13,NYJ,1.0
8074,7dddb296a42e7a41a774b24bd1709ce1,2026-09-12 20:36:23 EDT,2026-09-13,TEN,NYJ,TEN@NYJ,DraftKings,player_pass_yds,Cam Ward,Over,202.5,-113,2026-09-13 17:00:00+00:00,2026-09-13 13:00:00-04:00,2026-09-13,TEN,1.0
8075,7dddb296a42e7a41a774b24bd1709ce1,2026-09-12 20:36:23 EDT,2026-09-13,TEN,NYJ,TEN@NYJ,DraftKings,player_pass_interceptions,Cam Ward,Over,0.5,104,2026-09-13 17:00:00+00:00,2026-09-13 13:00:00-04:00,2026-09-13,TEN,1.0
8076,7dddb296a42e7a41a774b24bd1709ce1,2026-09-12 20:36:23 EDT,2026-09-13,TEN,NYJ,TEN@NYJ,DraftKings,player_pass_interceptions,Geno Smith,Over,0.5,-127,2026-09-13 17:00:00+00:00,2026-09-13 13:00:00-04:00,2026-09-13,NYJ,1.0
8077,7dddb296a42e7a41a774b24bd1709ce1,2026-09-12 20:36:23 EDT,2026-09-13,TEN,NYJ,TEN@NYJ,DraftKings,player_pass_tds,Cam Ward,Over,1.5,184,2026-09-13 17:00:00+00:00,2026-09-13 13:00:00-04:00,2026-09-13,TEN,1.0
8078,7dddb296a42e7a41a774b24bd1709ce1,2026-09-12 20:36:23 EDT,2026-09-13,TEN,NYJ,TEN@NYJ,DraftKings,player_pass_tds,Geno Smith,Over,0.5,-251,2026-09-13 17:00:00+00:00,2026-09-13 13:00:00-04:00,2026-09-13,NYJ,1.0
8079,7dddb296a42e7a41a774b24bd1709ce1,2026-09-12 20:36:23 EDT,2026-09-13,TEN,NYJ,TEN@NYJ,DraftKings,player_rush_attempts,Breece Hall,Over,15.5,-128,2026-09-13 17:00:00+00:00,2026-09-13 13:00:00-04:00,2026-09-13,NYJ,1.0
8080,7dddb296a42e7a41a774b24bd1709ce1,2026-09-12 20:36:23 EDT,2026-09-13,TEN,NYJ,TEN@NYJ,DraftKings,player_rush_attempts,Tony Pollard,Over,13.5,-113,2026-09-13 17:00:00+00:00,2026-09-13 13:00:00-04:00,2026-09-13,TEN,1.0
8081,7dddb296a42e7a41a774b24bd1709ce1,2026-09-12 20:36:23 EDT,2026-09-13,TEN,NYJ,TEN@NYJ,DraftKings,player_rush_attempts,Tyjae Spears,Over,7.5,102,2026-09-13 17:00:00+00:00,2026-09-13 13:00:00-04:00,2026-09-13,TEN,1.0
8082,7dddb296a42e7a41a774b24bd1709ce1,2026-09-12 20:36:23 EDT,2026-09-13,TEN,NYJ,TEN@NYJ,DraftKings,player_rush_yds,Breece Hall,Over,63.5,-112,2026-09-13 17:00:00+00:00,2026-09-13 13:00:00-04:00,2026-09-13,NYJ,1.0
8083,7dddb296a42e7a41a774b24bd1709ce1,2026-09-12 20:36:23 EDT,2026-09-13,TEN,NYJ,TEN@NYJ,DraftKings,player_rush_yds,Tony Pollard,Over,48.5,-110,2026-09-13 17:00:00+00:00,2026-09-13 13:00:00-04:00,2026-09-13,TEN,1.0
8084,7dddb296a42e7a41a774b24bd1709ce1,2026-09-12 20:36:23 EDT,2026-09-13,TEN,NYJ,TEN@NYJ,DraftKings,player_rush_yds,Tyjae Spears,Over,26.5,-111,2026-09-13 17:00:00+00:00,2026-09-13 13:00:00-04:00,2026-09-13,TEN,1.0
8085,7dddb296a42e7a41a774b24bd1709ce1,2026-09-12 20:36:23 EDT,2026-09-13,TEN,NYJ,TEN@NYJ,DraftKings,player_rush_yds,Braelon Allen,Over,21.5,-109,2026-09-13 17:00:00+00:00,2026-09-13 13:00:00-04:00,2026-09-13,NYJ,1.0
8086,7dddb296a42e7a41a774b24bd1709ce1,2026-09-12 20:36:23 EDT,2026-09-13,TEN,NYJ,TEN@NYJ,DraftKings,player_rush_yds,Cam Ward,Over,9.5,-114,2026-09-13 17:00:00+00:00,2026-09-13 13:00:00-04:00,2026-09-13,TEN,1.0
8087,7dddb296a42e7a41a774b24bd1709ce1,2026-09-12 20:36:23 EDT,2026-09-13,TEN,NYJ,TEN@NYJ,DraftKings,player_rush_yds,Geno Smith,Over,6.5,-115,2026-09-13 17:00:00+00:00,2026-09-13 13:00:00-04:00,2026-09-13,NYJ,1.0
8088,7dddb296a42e7a41a774b24bd1709ce1,2026-09-12 20:36:23 EDT,2026-09-13,TEN,NYJ,TEN@NYJ,DraftKings,player_receptions,Garrett Wilson,Over,5.5,-120,2026-09-13 17:00:00+00:00,2026-09-13 13:00:00-04:00,2026-09-13,NYJ,1.0
8089,7dddb296a42e7a41a774b24bd1709ce1,2026-09-12 20:36:23 EDT,2026-09-13,TEN,NYJ,TEN@NYJ,DraftKings,player_receptions,Wan'Dale Robinson,Over,4.5,-105,2026-09-13 17:00:00+00:00,2026-09-13 13:00:00-04:00,2026-09-13,TEN,1.0
8090,7dddb296a42e7a41a774b24bd1709ce1,2026-09-12 20:36:23 EDT,2026-09-13,TEN,NYJ,TEN@NYJ,DraftKings,player_receptions,Carnell Tate,Over,3.5,109,2026-09-13 17:00:00+00:00,2026-09-13 13:00:00-04:00,2026-09-13,TEN,1.0
8091,7dddb296a42e7a41a774b24bd1709ce1,2026-09-12 20:36:23 EDT,2026-09-13,TEN,NYJ,TEN@NYJ,DraftKings,player_receptions,Breece Hall,Over,2.5,-128,2026-09-13 17:00:00+00:00,2026-09-13 13:00:00-04:00,2026-09-13,NYJ,1.0
8092,7dddb296a42e7a41a774b24bd1709ce1,2026-09-12 20:36:23 EDT,2026-09-13,TEN,NYJ,TEN@NYJ,DraftKings,player_receptions,Adonai Mitchell,Over,2.5,-123,2026-09-13 17:00:00+00:00,2026-09-13 13:00:00-04:00,2026-09-13,NYJ,1.0
8093,7dddb296a42e7a41a774b24bd1709ce1,2026-09-12 20:36:23 EDT,2026-09-13,TEN,NYJ,TEN@NYJ,DraftKings,player_receptions,Tyjae Spears,Over,2.5,-121,2026-09-13 17:00:00+00:00,2026-09-13 13:00:00-04:00,2026-09-13,TEN,1.0
8094,7dddb296a42e7a41a774b24bd1709ce1,2026-09-12 20:36:23 EDT,2026-09-13,TEN,NYJ,TEN@NYJ,DraftKings,player_receptions,Gunnar Helm,Over,2.5,101,2026-09-13 17:00:00+00:00,2026-09-13 13:00:00-04:00,2026-09-13,TEN,1.0
8095,7dddb296a42e7a41a774b24bd1709ce1,2026-09-12 20:36:23 EDT,2026-09-13,TEN,NYJ,TEN@NYJ,DraftKings,player_receptions,Mason Taylor,Over,2.5,106,2026-09-13 17:00:00+00:00,2026-09-13 13:00:00-04:00,2026-09-13,NYJ,1.0
8096,7dddb296a42e7a41a774b24bd1709ce1,2026-09-12 20:36:23 EDT,2026-09-13,TEN,NYJ,TEN@NYJ,DraftKings,player_receptions,Calvin Ridley,Over,2.5,144,2026-09-13 17:00:00+00:00,2026-09-13 13:00:00-04:00,2026-09-13,TEN,1.0
8097,7dddb296a42e7a41a774b24bd1709ce1,2026-09-12 20:36:23 EDT,2026-09-13,TEN,NYJ,TEN@NYJ,DraftKings,player_receptions,Tony Pollard,Over,1.5,-119,2026-09-13 17:00:00+00:00,2026-09-13 13:00:00-04:00,2026-09-13,TEN,1.0
8098,7dddb296a42e7a41a774b24bd1709ce1,2026-09-12 20:36:23 EDT,2026-09-13,TEN,NYJ,TEN@NYJ,DraftKings,player_receptions,Kenyon Sadiq,Over,1.5,-117,2026-09-13 17:00:00+00:00,2026-09-13 13:00:00-04:00,2026-09-13,NYJ,1.0
8099,7dddb296a42e7a41a774b24bd1709ce1,2026-09-12 20:36:23 EDT,2026-09-13,TEN,NYJ,TEN@NYJ,DraftKings,player_reception_yds,Garrett Wilson,Over,63.5,-110,2026-09-13 17:00:00+00:00,2026-09-13 13:00:00-04:00,2026-09-13,NYJ,1.0
8100,7dddb296a42e7a41a774b24bd1709ce1,2026-09-12 20:36:23 EDT,2026-09-13,TEN,NYJ,TEN@NYJ,DraftKings,player_reception_yds,Wan'Dale Robinson,Over,43.5,-109,2026-09-13 17:00:00+00:00,2026-09-13 13:00:00-04:00,2026-09-13,TEN,1.0
8101,7dddb296a42e7a41a774b24bd1709ce1,2026-09-12 20:36:23 EDT,2026-09-13,TEN,NYJ,TEN@NYJ,DraftKings,player_reception_yds,Carnell Tate,Over,38.5,-113,2026-09-13 17:00:00+00:00,2026-09-13 13:00:00-04:00,2026-09-13,TEN,1.0
8102,7dddb296a42e7a41a774b24bd1709ce1,2026-09-12 20:36:23 EDT,2026-09-13,TEN,NYJ,TEN@NYJ,DraftKings,player_reception_yds,Adonai Mitchell,Over,31.5,-109,2026-09-13 17:00:00+00:00,2026-09-13 13:00:00-04:00,2026-09-13,NYJ,1.0
8103,7dddb296a42e7a41a774b24bd1709ce1,2026-09-12 20:36:23 EDT,2026-09-13,TEN,NYJ,TEN@NYJ,DraftKings,player_reception_yds,Calvin Ridley,Over,27.5,-111,2026-09-13 17:00:00+00:00,2026-09-13 13:00:00-04:00,2026-09-13,TEN,1.0
8104,7dddb296a42e7a41a774b24bd1709ce1,2026-09-12 20:36:23 EDT,2026-09-13,TEN,NYJ,TEN@NYJ,DraftKings,player_reception_yds,Gunnar Helm,Over,22.5,-108,2026-09-13 17:00:00+00:00,2026-09-13 13:00:00-04:00,2026-09-13,TEN,1.0
8105,7dddb296a42e7a41a774b24bd1709ce1,2026-09-12 20:36:23 EDT,2026-09-13,TEN,NYJ,TEN@NYJ,DraftKings,player_reception_yds,Breece Hall,Over,21.5,-111,2026-09-13 17:00:00+00:00,2026-09-13 13:00:00-04:00,2026-09-13,NYJ,1.0
8106,7dddb296a42e7a41a774b24bd1709ce1,2026-09-12 20:36:23 EDT,2026-09-13,TEN,NYJ,TEN@NYJ,DraftKings,player_reception_yds,Mason Taylor,Over,20.5,-110,2026-09-13 17:00:00+00:00,2026-09-13 13:00:00-04:00,2026-09-13,NYJ,1.0
8107,7dddb296a42e7a41a774b24bd1709ce1,2026-09-12 20:36:23 EDT,2026-09-13,TEN,NYJ,TEN@NYJ,DraftKings,player_reception_yds,Tyjae Spears,Over,16.5,-108,2026-09-13 17:00:00+00:00,2026-09-13 13:00:00-04:00,2026-09-13,TEN,1.0
8108,7dddb296a42e7a41a774b24bd1709ce1,2026-09-12 20:36:23 EDT,2026-09-13,TEN,NYJ,TEN@NYJ,DraftKings,player_reception_yds,Kenyon Sadiq,Over,14.5,-109,2026-09-13 17:00:00+00:00,2026-09-13 13:00:00-04:00,2026-09-13,NYJ,1.0
8109,7dddb296a42e7a41a774b24bd1709ce1,2026-09-12 20:36:23 EDT,2026-09-13,TEN,NYJ,TEN@NYJ,DraftKings,player_reception_yds,Tony Pollard,Over,9.5,-113,2026-09-13 17:00:00+00:00,2026-09-13 13:00:00-04:00,2026-09-13,TEN,1.0
8110,7dddb296a42e7a41a774b24bd1709ce1,2026-09-12 20:36:23 EDT,2026-09-13,TEN,NYJ,TEN@NYJ,DraftKings,player_tds_over,Breece Hall,Over,1.5,750,2026-09-13 17:00:00+00:00,2026-09-13 13:00:00-04:00,2026-09-13,NYJ,1.0
8111,7dddb296a42e7a41a774b24bd1709ce1,2026-09-12 20:36:23 EDT,2026-09-13,TEN,NYJ,TEN@NYJ,DraftKings,player_tds_over,Tony Pollard,Over,1.5,1000,2026-09-13 17:00:00+00:00,2026-09-13 13:00:00-04:00,2026-09-13,TEN,1.0
8112,7dddb296a42e7a41a774b24bd1709ce1,2026-09-12 20:36:23 EDT,2026-09-13,TEN,NYJ,TEN@NYJ,DraftKings,player_tds_over,Garrett Wilson,Over,1.5,2000,2026-09-13 17:00:00+00:00,2026-09-13 13:00:00-04:00,2026-09-13,NYJ,1.0
8113,7dddb296a42e7a41a774b24bd1709ce1,2026-09-12 20:36:23 EDT,2026-09-13,TEN,NYJ,TEN@NYJ,DraftKings,player_tds_over,Tyjae Spears,Over,1.5,2200,2026-09-13 17:00:00+00:00,2026-09-13 13:00:00-04:00,2026-09-13,TEN,1.0
8114,7dddb296a42e7a41a774b24bd1709ce1,2026-09-12 20:36:23 EDT,2026-09-13,TEN,NYJ,TEN@NYJ,DraftKings,player_tds_over,Braelon Allen,Over,1.5,3000,2026-09-13 17:00:00+00:00,2026-09-13 13:00:00-04:00,2026-09-13,NYJ,1.0
8115,7dddb296a42e7a41a774b24bd1709ce1,2026-09-12 20:36:23 EDT,2026-09-13,TEN,NYJ,TEN@NYJ,DraftKings,player_tds_over,Carnell Tate,Over,1.5,3000,2026-09-13 17:00:00+00:00,2026-09-13 13:00:00-04:00,2026-09-13,TEN,1.0
8116,7dddb296a42e7a41a774b24bd1709ce1,2026-09-12 20:36:23 EDT,2026-09-13,TEN,NYJ,TEN@NYJ,DraftKings,player_tds_over,Wan'Dale Robinson,Over,1.5,4000,2026-09-13 17:00:00+00:00,2026-09-13 13:00:00-04:00,2026-09-13,TEN,1.0
8117,7dddb296a42e7a41a774b24bd1709ce1,2026-09-12 20:36:23 EDT,2026-09-13,TEN,NYJ,TEN@NYJ,DraftKings,player_tds_over,Adonai Mitchell,Over,1.5,4500,2026-09-13 17:00:00+00:00,2026-09-13 13:00:00-04:00,2026-09-13,NYJ,1.0
8118,7dddb296a42e7a41a774b24bd1709ce1,2026-09-12 20:36:23 EDT,2026-09-13,TEN,NYJ,TEN@NYJ,DraftKings,player_tds_over,Gunnar Helm,Over,1.5,5500,2026-09-13 17:00:00+00:00,2026-09-13 13:00:00-04:00,2026-09-13,TEN,1.0
8119,7dddb296a42e7a41a774b24bd1709ce1,2026-09-12 20:36:23 EDT,2026-09-13,TEN,NYJ,TEN@NYJ,DraftKings,player_tds_over,Calvin Ridley,Over,1.5,5500,2026-09-13 17:00:00+00:00,2026-09-13 13:00:00-04:00,2026-09-13,TEN,1.0
8120,7dddb296a42e7a41a774b24bd1709ce1,2026-09-12 20:36:23 EDT,2026-09-13,TEN,NYJ,TEN@NYJ,DraftKings,player_tds_over,Mason Taylor,Over,1.5,6000,2026-09-13 17:00:00+00:00,2026-09-13 13:00:00-04:00,2026-09-13,NYJ,1.0
8121,7dddb296a42e7a41a774b24bd1709ce1,2026-09-12 20:36:23 EDT,2026-09-13,TEN,NYJ,TEN@NYJ,DraftKings,player_tds_over,Elic Ayomanor,Over,1.5,10000,2026-09-13 17:00:00+00:00,2026-09-13 13:00:00-04:00,2026-09-13,TEN,1.0
8122,7dddb296a42e7a41a774b24bd1709ce1,2026-09-12 20:36:23 EDT,2026-09-13,TEN,NYJ,TEN@NYJ,DraftKings,player_tds_over,Cam Ward,Over,1.5,10000,2026-09-13 17:00:00+00:00,2026-09-13 13:00:00-04:00,2026-09-13,TEN,1.0
8123,7dddb296a42e7a41a774b24bd1709ce1,2026-09-12 20:36:23 EDT,2026-09-13,TEN,NYJ,TEN@NYJ,DraftKings,player_tds_over,Isaiah Davis,Over,1.5,10000,2026-09-13 17:00:00+00:00,2026-09-13 13:00:00-04:00,2026-09-13,NYJ,1.0
8124,7dddb296a42e7a41a774b24bd1709ce1,2026-09-12 20:36:23 EDT,2026-09-13,TEN,NYJ,TEN@NYJ,DraftKings,player_tds_over,Kenyon Sadiq,Over,1.5,10000,2026-09-13 17:00:00+00:00,2026-09-13 13:00:00-04:00,2026-09-13,NYJ,1.0
8125,7dddb296a42e7a41a774b24bd1709ce1,2026-09-12 20:36:23 EDT,2026-09-13,TEN,NYJ,TEN@NYJ,DraftKings,player_tds_over,Daniel Bellinger,Over,1.5,11000,2026-09-13 17:00:00+00:00,2026-09-13 13:00:00-04:00,2026-09-13,TEN,1.0
8126,7dddb296a42e7a41a774b24bd1709ce1,2026-09-12 20:36:23 EDT,2026-09-13,TEN,NYJ,TEN@NYJ,DraftKings,player_tds_over,Isaiah Williams,Over,1.5,11000,2026-09-13 17:00:00+00:00,2026-09-13 13:00:00-04:00,2026-09-13,NYJ,1.0
8127,7dddb296a42e7a41a774b24bd1709ce1,2026-09-12 20:36:23 EDT,2026-09-13,TEN,NYJ,TEN@NYJ,DraftKings,player_tds_over,Chimere Dike,Over,1.5,12000,2026-09-13 17:00:00+00:00,2026-09-13 13:00:00-04:00,2026-09-13,TEN,1.0
8128,7dddb296a42e7a41a774b24bd1709ce1,2026-09-12 20:36:23 EDT,2026-09-13,TEN,NYJ,TEN@NYJ,DraftKings,player_tds_over,Nicholas Singleton,Over,1.5,15000,2026-09-13 17:00:00+00:00,2026-09-13 13:00:00-04:00,2026-09-13,TEN,1.0
8129,7dddb296a42e7a41a774b24bd1709ce1,2026-09-12 20:36:23 EDT,2026-09-13,TEN,NYJ,TEN@NYJ,DraftKings,player_tds_over,Julius Chestnut,Over,1.5,15000,2026-09-13 17:00:00+00:00,2026-09-13 13:00:00-04:00,2026-09-13,TEN,1.0
8130,7dddb296a42e7a41a774b24bd1709ce1,2026-09-12 20:36:23 EDT,2026-09-13,TEN,NYJ,TEN@NYJ,DraftKings,player_tds_over,Geno Smith,Over,1.5,15000,2026-09-13 17:00:00+00:00,2026-09-13 13:00:00-04:00,2026-09-13,NYJ,1.0
8131,7dddb296a42e7a41a774b24bd1709ce1,2026-09-12 20:36:23 EDT,2026-09-13,TEN,NYJ,TEN@NYJ,DraftKings,player_tds_over,Omar Cooper Jr.,Over,1.5,15000,2026-09-13 17:00:00+00:00,2026-09-13 13:00:00-04:00,2026-09-13,NYJ,1.0
8132,7dddb296a42e7a41a774b24bd1709ce1,2026-09-12 20:36:23 EDT,2026-09-13,TEN,NYJ,TEN@NYJ,DraftKings,player_tds_over,Jeremy Ruckert,Over,1.5,20000,2026-09-13 17:00:00+00:00,2026-09-13 13:00:00-04:00,2026-09-13,NYJ,1.0
8133,7dddb296a42e7a41a774b24bd1709ce1,2026-09-12 20:36:23 EDT,2026-09-13,TEN,NYJ,TEN@NYJ,DraftKings,player_tds_over,Arian Smith,Over,1.5,20000,2026-09-13 17:00:00+00:00,2026-09-13 13:00:00-04:00,2026-09-13,NYJ,1.0
8134,7dddb296a42e7a41a774b24bd1709ce1,2026-09-12 20:36:23 EDT,2026-09-13,TEN,NYJ,TEN@NYJ,DraftKings,player_tds_over,Jelani Woods,Over,1.5,20000,2026-09-13 17:00:00+00:00,2026-09-13 13:00:00-04:00,2026-09-13,NYJ,1.0
8135,7dddb296a42e7a41a774b24bd1709ce1,2026-09-12 20:36:23 EDT,2026-09-13,TEN,NYJ,TEN@NYJ,DraftKings,player_tds_over,David Martin-Robinson,Over,1.5,25000,2026-09-13 17:00:00+00:00,2026-09-13 13:00:00-04:00,2026-09-13,TEN,1.0
8136,7dddb296a42e7a41a774b24bd1709ce1,2026-09-12 20:36:23 EDT,2026-09-13,TEN,NYJ,TEN@NYJ,DraftKings,player_tds_over,Andrew Beck,Over,1.5,25000,2026-09-13 17:00:00+00:00,2026-09-13 13:00:00-04:00,2026-09-13,NYJ,1.0
8137,7dddb296a42e7a41a774b24bd1709ce1,2026-09-12 20:36:23 EDT,2026-09-13,TEN,NYJ,TEN@NYJ,DraftKings,player_tds_over,Kylen Granson,Over,1.5,25000,2026-09-13 17:00:00+00:00,2026-09-13 13:00:00-04:00,2026-09-13,TEN,1.0
8138,7dddb296a42e7a41a774b24bd1709ce1,2026-09-12 20:36:23 EDT,2026-09-13,TEN,NYJ,TEN@NYJ,DraftKings,player_tds_over,Breece Hall,Over,2.5,4000,2026-09-13 17:00:00+00:00,2026-09-13 13:00:00-04:00,2026-09-13,NYJ,1.0
8139,7dddb296a42e7a41a774b24bd1709ce1,2026-09-12 20:36:23 EDT,2026-09-13,TEN,NYJ,TEN@NYJ,DraftKings,player_tds_over,Tony Pollard,Over,2.5,5000,2026-09-13 17:00:00+00:00,2026-09-13 13:00:00-04:00,2026-09-13,TEN,1.0
8140,7dddb296a42e7a41a774b24bd1709ce1,2026-09-12 20:36:23 EDT,2026-09-13,TEN,NYJ,TEN@NYJ,DraftKings,player_tds_over,Garrett Wilson,Over,2.5,11000,2026-09-13 17:00:00+00:00,2026-09-13 13:00:00-04:00,2026-09-13,NYJ,1.0
8141,7dddb296a42e7a41a774b24bd1709ce1,2026-09-12 20:36:23 EDT,2026-09-13,TEN,NYJ,TEN@NYJ,DraftKings,player_tds_over,Tyjae Spears,Over,2.5,12000,2026-09-13 17:00:00+00:00,2026-09-13 13:00:00-04:00,2026-09-13,TEN,1.0
8142,7dddb296a42e7a41a774b24bd1709ce1,2026-09-12 20:36:23 EDT,2026-09-13,TEN,NYJ,TEN@NYJ,DraftKings,player_tds_over,Carnell Tate,Over,2.5,14000,2026-09-13 17:00:00+00:00,2026-09-13 13:00:00-04:00,2026-09-13,TEN,1.0
8143,7dddb296a42e7a41a774b24bd1709ce1,2026-09-12 20:36:23 EDT,2026-09-13,TEN,NYJ,TEN@NYJ,DraftKings,player_tds_over,Braelon Allen,Over,2.5,14000,2026-09-13 17:00:00+00:00,2026-09-13 13:00:00-04:00,2026-09-13,NYJ,1.0
8144,7dddb296a42e7a41a774b24bd1709ce1,2026-09-12 20:36:23 EDT,2026-09-13,TEN,NYJ,TEN@NYJ,DraftKings,player_tds_over,Wan'Dale Robinson,Over,2.5,17000,2026-09-13 17:00:00+00:00,2026-09-13 13:00:00-04:00,2026-09-13,TEN,1.0
8145,7dddb296a42e7a41a774b24bd1709ce1,2026-09-12 20:36:23 EDT,2026-09-13,TEN,NYJ,TEN@NYJ,DraftKings,player_tds_over,Daniel Bellinger,Over,2.5,20000,2026-09-13 17:00:00+00:00,2026-09-13 13:00:00-04:00,2026-09-13,TEN,1.0
8146,7dddb296a42e7a41a774b24bd1709ce1,2026-09-12 20:36:23 EDT,2026-09-13,TEN,NYJ,TEN@NYJ,DraftKings,player_tds_over,Isaiah Davis,Over,2.5,20000,2026-09-13 17:00:00+00:00,2026-09-13 13:00:00-04:00,2026-09-13,NYJ,1.0
8147,7dddb296a42e7a41a774b24bd1709ce1,2026-09-12 20:36:23 EDT,2026-09-13,TEN,NYJ,TEN@NYJ,DraftKings,player_tds_over,Adonai Mitchell,Over,2.5,20000,2026-09-13 17:00:00+00:00,2026-09-13 13:00:00-04:00,2026-09-13,NYJ,1.0
8148,7dddb296a42e7a41a774b24bd1709ce1,2026-09-12 20:36:23 EDT,2026-09-13,TEN,NYJ,TEN@NYJ,DraftKings,player_tds_over,Mason Taylor,Over,2.5,20000,2026-09-13 17:00:00+00:00,2026-09-13 13:00:00-04:00,2026-09-13,NYJ,1.0
8149,7dddb296a42e7a41a774b24bd1709ce1,2026-09-12 20:36:23 EDT,2026-09-13,TEN,NYJ,TEN@NYJ,DraftKings,player_tds_over,Cam Ward,Over,2.5,25000,2026-09-13 17:00:00+00:00,2026-09-13 13:00:00-04:00,2026-09-13,TEN,1.0
8150,7dddb296a42e7a41a774b24bd1709ce1,2026-09-12 20:36:23 EDT,2026-09-13,TEN,NYJ,TEN@NYJ,DraftKings,player_tds_over,Calvin Ridley,Over,2.5,25000,2026-09-13 17:00:00+00:00,2026-09-13 13:00:00-04:00,2026-09-13,TEN,1.0
8151,7dddb296a42e7a41a774b24bd1709ce1,2026-09-12 20:36:23 EDT,2026-09-13,TEN,NYJ,TEN@NYJ,DraftKings,player_tds_over,Nicholas Singleton,Over,2.5,25000,2026-09-13 17:00:00+00:00,2026-09-13 13:00:00-04:00,2026-09-13,TEN,1.0
8152,7dddb296a42e7a41a774b24bd1709ce1,2026-09-12 20:36:23 EDT,2026-09-13,TEN,NYJ,TEN@NYJ,DraftKings,player_tds_over,Elic Ayomanor,Over,2.5,25000,2026-09-13 17:00:00+00:00,2026-09-13 13:00:00-04:00,2026-09-13,TEN,1.0
8153,7dddb296a42e7a41a774b24bd1709ce1,2026-09-12 20:36:23 EDT,2026-09-13,TEN,NYJ,TEN@NYJ,DraftKings,player_tds_over,Gunnar Helm,Over,2.5,25000,2026-09-13 17:00:00+00:00,2026-09-13 13:00:00-04:00,2026-09-13,TEN,1.0
8154,7dddb296a42e7a41a774b24bd1709ce1,2026-09-12 20:36:23 EDT,2026-09-13,TEN,NYJ,TEN@NYJ,DraftKings,player_tds_over,Chimere Dike,Over,2.5,25000,2026-09-13 17:00:00+00:00,2026-09-13 13:00:00-04:00,2026-09-13,TEN,1.0
8155,7dddb296a42e7a41a774b24bd1709ce1,2026-09-12 20:36:23 EDT,2026-09-13,TEN,NYJ,TEN@NYJ,DraftKings,player_tds_over,Kenyon Sadiq,Over,2.5,25000,2026-09-13 17:00:00+00:00,2026-09-13 13:00:00-04:00,2026-09-13,NYJ,1.0
8156,7dddb296a42e7a41a774b24bd1709ce1,2026-09-12 20:36:23 EDT,2026-09-13,TEN,NYJ,TEN@NYJ,DraftKings,player_tds_over,Omar Cooper Jr.,Over,2.5,25000,2026-09-13 17:00:00+00:00,2026-09-13 13:00:00-04:00,2026-09-13,NYJ,1.0
8157,7dddb296a42e7a41a774b24bd1709ce1,2026-09-12 20:36:23 EDT,2026-09-13,TEN,NYJ,TEN@NYJ,DraftKings,player_tds_over,Isaiah Williams,Over,2.5,25000,2026-09-13 17:00:00+00:00,2026-09-13 13:00:00-04:00,2026-09-13,NYJ,1.0
8158,1edfa5ceaa1ad2cb57df1c1b908731f6,2026-09-12 20:36:23 EDT,2026-09-13,LAC,ARI,LAC@ARI,DraftKings,player_pass_completions,Jacoby Brissett,Over,22.5,-108,2026-09-13 20:25:00+00:00,2026-09-13 16:25:00-04:00,2026-09-13,ARZ,1.0
8159,1edfa5ceaa1ad2cb57df1c1b908731f6,2026-09-12 20:36:23 EDT,2026-09-13,LAC,ARI,LAC@ARI,DraftKings,player_pass_completions,Justin Herbert,Over,20.5,-126,2026-09-13 20:25:00+00:00,2026-09-13 16:25:00-04:00,2026-09-13,LAC,1.0
8160,1edfa5ceaa1ad2cb57df1c1b908731f6,2026-09-12 20:36:23 EDT,2026-09-13,LAC,ARI,LAC@ARI,DraftKings,player_pass_attempts,Jacoby Brissett,Over,34.5,-115,2026-09-13 20:25:00+00:00,2026-09-13 16:25:00-04:00,2026-09-13,ARZ,1.0
8161,1edfa5ceaa1ad2cb57df1c1b908731f6,2026-09-12 20:36:23 EDT,2026-09-13,LAC,ARI,LAC@ARI,DraftKings,player_pass_attempts,Justin Herbert,Over,29.5,-123,2026-09-13 20:25:00+00:00,2026-09-13 16:25:00-04:00,2026-09-13,LAC,1.0
8162,1edfa5ceaa1ad2cb57df1c1b908731f6,2026-09-12 20:36:23 EDT,2026-09-13,LAC,ARI,LAC@ARI,DraftKings,player_pass_yds,Justin Herbert,Over,238.5,-113,2026-09-13 20:25:00+00:00,2026-09-13 16:25:00-04:00,2026-09-13,LAC,1.0
8163,1edfa5ceaa1ad2cb57df1c1b908731f6,2026-09-12 20:36:23 EDT,2026-09-13,LAC,ARI,LAC@ARI,DraftKings,player_pass_yds,Jacoby Brissett,Over,222.5,-112,2026-09-13 20:25:00+00:00,2026-09-13 16:25:00-04:00,2026-09-13,ARZ,1.0
8164,1edfa5ceaa1ad2cb57df1c1b908731f6,2026-09-12 20:36:23 EDT,2026-09-13,LAC,ARI,LAC@ARI,DraftKings,player_pass_interceptions,Justin Herbert,Over,0.5,162,2026-09-13 20:25:00+00:00,2026-09-13 16:25:00-04:00,2026-09-13,LAC,1.0
8165,1edfa5ceaa1ad2cb57df1c1b908731f6,2026-09-12 20:36:23 EDT,2026-09-13,LAC,ARI,LAC@ARI,DraftKings,player_pass_interceptions,Jacoby Brissett,Over,0.5,-134,2026-09-13 20:25:00+00:00,2026-09-13 16:25:00-04:00,2026-09-13,ARZ,1.0
8166,1edfa5ceaa1ad2cb57df1c1b908731f6,2026-09-12 20:36:23 EDT,2026-09-13,LAC,ARI,LAC@ARI,DraftKings,player_pass_tds,Justin Herbert,Over,1.5,-215,2026-09-13 20:25:00+00:00,2026-09-13 16:25:00-04:00,2026-09-13,LAC,1.0
8167,1edfa5ceaa1ad2cb57df1c1b908731f6,2026-09-12 20:36:23 EDT,2026-09-13,LAC,ARI,LAC@ARI,DraftKings,player_pass_tds,Jacoby Brissett,Over,1.5,154,2026-09-13 20:25:00+00:00,2026-09-13 16:25:00-04:00,2026-09-13,ARZ,1.0
8168,1edfa5ceaa1ad2cb57df1c1b908731f6,2026-09-12 20:36:23 EDT,2026-09-13,LAC,ARI,LAC@ARI,DraftKings,player_rush_attempts,Omarion Hampton,Over,15.5,-122,2026-09-13 20:25:00+00:00,2026-09-13 16:25:00-04:00,2026-09-13,LAC,1.0
8169,1edfa5ceaa1ad2cb57df1c1b908731f6,2026-09-12 20:36:23 EDT,2026-09-13,LAC,ARI,LAC@ARI,DraftKings,player_rush_attempts,Jeremiyah Love,Over,9.5,-133,2026-09-13 20:25:00+00:00,2026-09-13 16:25:00-04:00,2026-09-13,ARZ,1.0
8170,1edfa5ceaa1ad2cb57df1c1b908731f6,2026-09-12 20:36:23 EDT,2026-09-13,LAC,ARI,LAC@ARI,DraftKings,player_rush_attempts,Tyler Allgeier,Over,8.5,-122,2026-09-13 20:25:00+00:00,2026-09-13 16:25:00-04:00,2026-09-13,ARZ,1.0
8171,1edfa5ceaa1ad2cb57df1c1b908731f6,2026-09-12 20:36:23 EDT,2026-09-13,LAC,ARI,LAC@ARI,DraftKings,player_rush_attempts,Justin Herbert,Over,4.5,-122,2026-09-13 20:25:00+00:00,2026-09-13 16:25:00-04:00,2026-09-13,LAC,1.0
8172,1edfa5ceaa1ad2cb57df1c1b908731f6,2026-09-12 20:36:23 EDT,2026-09-13,LAC,ARI,LAC@ARI,DraftKings,player_rush_attempts,Jacoby Brissett,Over,2.5,141,2026-09-13 20:25:00+00:00,2026-09-13 16:25:00-04:00,2026-09-13,ARZ,1.0
8173,1edfa5ceaa1ad2cb57df1c1b908731f6,2026-09-12 20:36:23 EDT,2026-09-13,LAC,ARI,LAC@ARI,DraftKings,player_rush_yds,Omarion Hampton,Over,68.5,-113,2026-09-13 20:25:00+00:00,2026-09-13 16:25:00-04:00,2026-09-13,LAC,1.0
8174,1edfa5ceaa1ad2cb57df1c1b908731f6,2026-09-12 20:36:23 EDT,2026-09-13,LAC,ARI,LAC@ARI,DraftKings,player_rush_yds,Jeremiyah Love,Over,39.5,-111,2026-09-13 20:25:00+00:00,2026-09-13 16:25:00-04:00,2026-09-13,ARZ,1.0
8175,1edfa5ceaa1ad2cb57df1c1b908731f6,2026-09-12 20:36:23 EDT,2026-09-13,LAC,ARI,LAC@ARI,DraftKings,player_rush_yds,Tyler Allgeier,Over,30.5,-109,2026-09-13 20:25:00+00:00,2026-09-13 16:25:00-04:00,2026-09-13,ARZ,1.0
8176,1edfa5ceaa1ad2cb57df1c1b908731f6,2026-09-12 20:36:23 EDT,2026-09-13,LAC,ARI,LAC@ARI,DraftKings,player_rush_yds,Justin Herbert,Over,20.5,-114,2026-09-13 20:25:00+00:00,2026-09-13 16:25:00-04:00,2026-09-13,LAC,1.0
8177,1edfa5ceaa1ad2cb57df1c1b908731f6,2026-09-12 20:36:23 EDT,2026-09-13,LAC,ARI,LAC@ARI,DraftKings,player_rush_yds,Jacoby Brissett,Over,10.5,-110,2026-09-13 20:25:00+00:00,2026-09-13 16:25:00-04:00,2026-09-13,ARZ,1.0
8178,1edfa5ceaa1ad2cb57df1c1b908731f6,2026-09-12 20:36:23 EDT,2026-09-13,LAC,ARI,LAC@ARI,DraftKings,player_receptions,Trey McBride,Over,6.5,115,2026-09-13 20:25:00+00:00,2026-09-13 16:25:00-04:00,2026-09-13,ARZ,1.0
8179,1edfa5ceaa1ad2cb57df1c1b908731f6,2026-09-12 20:36:23 EDT,2026-09-13,LAC,ARI,LAC@ARI,DraftKings,player_receptions,Ladd McConkey,Over,4.5,-139,2026-09-13 20:25:00+00:00,2026-09-13 16:25:00-04:00,2026-09-13,LAC,1.0
8180,1edfa5ceaa1ad2cb57df1c1b908731f6,2026-09-12 20:36:23 EDT,2026-09-13,LAC,ARI,LAC@ARI,DraftKings,player_receptions,Marvin Harrison Jr.,Over,3.5,-146,2026-09-13 20:25:00+00:00,2026-09-13 16:25:00-04:00,2026-09-13,ARZ,1.0
8181,1edfa5ceaa1ad2cb57df1c1b908731f6,2026-09-12 20:36:23 EDT,2026-09-13,LAC,ARI,LAC@ARI,DraftKings,player_receptions,Michael Wilson,Over,3.5,-126,2026-09-13 20:25:00+00:00,2026-09-13 16:25:00-04:00,2026-09-13,ARZ,1.0
8182,1edfa5ceaa1ad2cb57df1c1b908731f6,2026-09-12 20:36:23 EDT,2026-09-13,LAC,ARI,LAC@ARI,DraftKings,player_receptions,Quentin Johnston,Over,3.5,-103,2026-09-13 20:25:00+00:00,2026-09-13 16:25:00-04:00,2026-09-13,LAC,1.0
8183,1edfa5ceaa1ad2cb57df1c1b908731f6,2026-09-12 20:36:23 EDT,2026-09-13,LAC,ARI,LAC@ARI,DraftKings,player_receptions,Tre Harris,Over,2.5,102,2026-09-13 20:25:00+00:00,2026-09-13 16:25:00-04:00,2026-09-13,LAC,1.0
8184,1edfa5ceaa1ad2cb57df1c1b908731f6,2026-09-12 20:36:23 EDT,2026-09-13,LAC,ARI,LAC@ARI,DraftKings,player_receptions,Jeremiyah Love,Over,2.5,116,2026-09-13 20:25:00+00:00,2026-09-13 16:25:00-04:00,2026-09-13,ARZ,1.0
8185,1edfa5ceaa1ad2cb57df1c1b908731f6,2026-09-12 20:36:23 EDT,2026-09-13,LAC,ARI,LAC@ARI,DraftKings,player_receptions,Omarion Hampton,Over,2.5,118,2026-09-13 20:25:00+00:00,2026-09-13 16:25:00-04:00,2026-09-13,LAC,1.0
8186,1edfa5ceaa1ad2cb57df1c1b908731f6,2026-09-12 20:36:23 EDT,2026-09-13,LAC,ARI,LAC@ARI,DraftKings,player_receptions,Kendrick Bourne,Over,2.5,147,2026-09-13 20:25:00+00:00,2026-09-13 16:25:00-04:00,2026-09-13,ARZ,1.0
8187,1edfa5ceaa1ad2cb57df1c1b908731f6,2026-09-12 20:36:23 EDT,2026-09-13,LAC,ARI,LAC@ARI,DraftKings,player_receptions,Charlie Kolar,Over,1.5,-162,2026-09-13 20:25:00+00:00,2026-09-13 16:25:00-04:00,2026-09-13,LAC,1.0
8188,1edfa5ceaa1ad2cb57df1c1b908731f6,2026-09-12 20:36:23 EDT,2026-09-13,LAC,ARI,LAC@ARI,DraftKings,player_reception_yds,Ladd McConkey,Over,58.5,-113,2026-09-13 20:25:00+00:00,2026-09-13 16:25:00-04:00,2026-09-13,LAC,1.0
8189,1edfa5ceaa1ad2cb57df1c1b908731f6,2026-09-12 20:36:23 EDT,2026-09-13,LAC,ARI,LAC@ARI,DraftKings,player_reception_yds,Trey McBride,Over,56.5,-113,2026-09-13 20:25:00+00:00,2026-09-13 16:25:00-04:00,2026-09-13,ARZ,1.0
8190,1edfa5ceaa1ad2cb57df1c1b908731f6,2026-09-12 20:36:23 EDT,2026-09-13,LAC,ARI,LAC@ARI,DraftKings,player_reception_yds,Marvin Harrison Jr.,Over,46.5,-114,2026-09-13 20:25:00+00:00,2026-09-13 16:25:00-04:00,2026-09-13,ARZ,1.0
8191,1edfa5ceaa1ad2cb57df1c1b908731f6,2026-09-12 20:36:23 EDT,2026-09-13,LAC,ARI,LAC@ARI,DraftKings,player_reception_yds,Quentin Johnston,Over,42.5,-114,2026-09-13 20:25:00+00:00,2026-09-13 16:25:00-04:00,2026-09-13,LAC,1.0
8192,1edfa5ceaa1ad2cb57df1c1b908731f6,2026-09-12 20:36:23 EDT,2026-09-13,LAC,ARI,LAC@ARI,DraftKings,player_reception_yds,Michael Wilson,Over,42.5,-113,2026-09-13 20:25:00+00:00,2026-09-13 16:25:00-04:00,2026-09-13,ARZ,1.0
8193,1edfa5ceaa1ad2cb57df1c1b908731f6,2026-09-12 20:36:23 EDT,2026-09-13,LAC,ARI,LAC@ARI,DraftKings,player_reception_yds,Tre Harris,Over,26.5,-116,2026-09-13 20:25:00+00:00,2026-09-13 16:25:00-04:00,2026-09-13,LAC,1.0
8194,1edfa5ceaa1ad2cb57df1c1b908731f6,2026-09-12 20:36:23 EDT,2026-09-13,LAC,ARI,LAC@ARI,DraftKings,player_reception_yds,Kendrick Bourne,Over,18.5,-109,2026-09-13 20:25:00+00:00,2026-09-13 16:25:00-04:00,2026-09-13,ARZ,1.0
8195,1edfa5ceaa1ad2cb57df1c1b908731f6,2026-09-12 20:36:23 EDT,2026-09-13,LAC,ARI,LAC@ARI,DraftKings,player_reception_yds,Charlie Kolar,Over,17.5,-112,2026-09-13 20:25:00+00:00,2026-09-13 16:25:00-04:00,2026-09-13,LAC,1.0
8196,1edfa5ceaa1ad2cb57df1c1b908731f6,2026-09-12 20:36:23 EDT,2026-09-13,LAC,ARI,LAC@ARI,DraftKings,player_reception_yds,Jeremiyah Love,Over,15.5,-107,2026-09-13 20:25:00+00:00,2026-09-13 16:25:00-04:00,2026-09-13,ARZ,1.0
8197,1edfa5ceaa1ad2cb57df1c1b908731f6,2026-09-12 20:36:23 EDT,2026-09-13,LAC,ARI,LAC@ARI,DraftKings,player_reception_yds,Omarion Hampton,Over,12.5,-117,2026-09-13 20:25:00+00:00,2026-09-13 16:25:00-04:00,2026-09-13,LAC,1.0
8198,1edfa5ceaa1ad2cb57df1c1b908731f6,2026-09-12 20:36:23 EDT,2026-09-13,LAC,ARI,LAC@ARI,DraftKings,player_tds_over,Omarion Hampton,Over,1.5,360,2026-09-13 20:25:00+00:00,2026-09-13 16:25:00-04:00,2026-09-13,LAC,1.0
8199,1edfa5ceaa1ad2cb57df1c1b908731f6,2026-09-12 20:36:23 EDT,2026-09-13,LAC,ARI,LAC@ARI,DraftKings,player_tds_over,Ladd McConkey,Over,1.5,850,2026-09-13 20:25:00+00:00,2026-09-13 16:25:00-04:00,2026-09-13,LAC,1.0
8200,1edfa5ceaa1ad2cb57df1c1b908731f6,2026-09-12 20:36:23 EDT,2026-09-13,LAC,ARI,LAC@ARI,DraftKings,player_tds_over,Quentin Johnston,Over,1.5,850,2026-09-13 20:25:00+00:00,2026-09-13 16:25:00-04:00,2026-09-13,LAC,1.0
8201,1edfa5ceaa1ad2cb57df1c1b908731f6,2026-09-12 20:36:23 EDT,2026-09-13,LAC,ARI,LAC@ARI,DraftKings,player_tds_over,Trey McBride,Over,1.5,1500,2026-09-13 20:25:00+00:00,2026-09-13 16:25:00-04:00,2026-09-13,ARZ,1.0
8202,1edfa5ceaa1ad2cb57df1c1b908731f6,2026-09-12 20:36:23 EDT,2026-09-13,LAC,ARI,LAC@ARI,DraftKings,player_tds_over,Jeremiyah Love,Over,1.5,1600,2026-09-13 20:25:00+00:00,2026-09-13 16:25:00-04:00,2026-09-13,ARZ,1.0
8203,1edfa5ceaa1ad2cb57df1c1b908731f6,2026-09-12 20:36:23 EDT,2026-09-13,LAC,ARI,LAC@ARI,DraftKings,player_tds_over,Tyler Allgeier,Over,1.5,1700,2026-09-13 20:25:00+00:00,2026-09-13 16:25:00-04:00,2026-09-13,ARZ,1.0
8204,1edfa5ceaa1ad2cb57df1c1b908731f6,2026-09-12 20:36:23 EDT,2026-09-13,LAC,ARI,LAC@ARI,DraftKings,player_tds_over,Tre Harris,Over,1.5,2200,2026-09-13 20:25:00+00:00,2026-09-13 16:25:00-04:00,2026-09-13,LAC,1.0
8205,1edfa5ceaa1ad2cb57df1c1b908731f6,2026-09-12 20:36:23 EDT,2026-09-13,LAC,ARI,LAC@ARI,DraftKings,player_tds_over,Marvin Harrison Jr.,Over,1.5,2200,2026-09-13 20:25:00+00:00,2026-09-13 16:25:00-04:00,2026-09-13,ARZ,1.0
8206,1edfa5ceaa1ad2cb57df1c1b908731f6,2026-09-12 20:36:23 EDT,2026-09-13,LAC,ARI,LAC@ARI,DraftKings,player_tds_over,Keaton Mitchell,Over,1.5,3000,2026-09-13 20:25:00+00:00,2026-09-13 16:25:00-04:00,2026-09-13,LAC,1.0
8207,1edfa5ceaa1ad2cb57df1c1b908731f6,2026-09-12 20:36:23 EDT,2026-09-13,LAC,ARI,LAC@ARI,DraftKings,player_tds_over,Michael Wilson,Over,1.5,3000,2026-09-13 20:25:00+00:00,2026-09-13 16:25:00-04:00,2026-09-13,ARZ,1.0
8208,1edfa5ceaa1ad2cb57df1c1b908731f6,2026-09-12 20:36:23 EDT,2026-09-13,LAC,ARI,LAC@ARI,DraftKings,player_tds_over,Kimani Vidal,Over,1.5,3500,2026-09-13 20:25:00+00:00,2026-09-13 16:25:00-04:00,2026-09-13,LAC,1.0
8209,1edfa5ceaa1ad2cb57df1c1b908731f6,2026-09-12 20:36:23 EDT,2026-09-13,LAC,ARI,LAC@ARI,DraftKings,player_tds_over,Charlie Kolar,Over,1.5,3500,2026-09-13 20:25:00+00:00,2026-09-13 16:25:00-04:00,2026-09-13,LAC,1.0
8210,1edfa5ceaa1ad2cb57df1c1b908731f6,2026-09-12 20:36:23 EDT,2026-09-13,LAC,ARI,LAC@ARI,DraftKings,player_tds_over,Justin Herbert,Over,1.5,5500,2026-09-13 20:25:00+00:00,2026-09-13 16:25:00-04:00,2026-09-13,LAC,1.0
8211,1edfa5ceaa1ad2cb57df1c1b908731f6,2026-09-12 20:36:23 EDT,2026-09-13,LAC,ARI,LAC@ARI,DraftKings,player_tds_over,Oronde Gadsden,Over,1.5,6000,2026-09-13 20:25:00+00:00,2026-09-13 16:25:00-04:00,2026-09-13,LAC,1.0
8212,1edfa5ceaa1ad2cb57df1c1b908731f6,2026-09-12 20:36:23 EDT,2026-09-13,LAC,ARI,LAC@ARI,DraftKings,player_tds_over,David Njoku,Over,1.5,6500,2026-09-13 20:25:00+00:00,2026-09-13 16:25:00-04:00,2026-09-13,LAC,1.0
8213,1edfa5ceaa1ad2cb57df1c1b908731f6,2026-09-12 20:36:23 EDT,2026-09-13,LAC,ARI,LAC@ARI,DraftKings,player_tds_over,KeAndre Lambert-Smith,Over,1.5,7000,2026-09-13 20:25:00+00:00,2026-09-13 16:25:00-04:00,2026-09-13,LAC,1.0
8214,1edfa5ceaa1ad2cb57df1c1b908731f6,2026-09-12 20:36:23 EDT,2026-09-13,LAC,ARI,LAC@ARI,DraftKings,player_tds_over,Brenen Thompson,Over,1.5,8000,2026-09-13 20:25:00+00:00,2026-09-13 16:25:00-04:00,2026-09-13,LAC,1.0
8215,1edfa5ceaa1ad2cb57df1c1b908731f6,2026-09-12 20:36:23 EDT,2026-09-13,LAC,ARI,LAC@ARI,DraftKings,player_tds_over,Kendrick Bourne,Over,1.5,9000,2026-09-13 20:25:00+00:00,2026-09-13 16:25:00-04:00,2026-09-13,ARZ,1.0
8216,1edfa5ceaa1ad2cb57df1c1b908731f6,2026-09-12 20:36:23 EDT,2026-09-13,LAC,ARI,LAC@ARI,DraftKings,player_tds_over,Jacoby Brissett,Over,1.5,13000,2026-09-13 20:25:00+00:00,2026-09-13 16:25:00-04:00,2026-09-13,ARZ,1.0
8217,1edfa5ceaa1ad2cb57df1c1b908731f6,2026-09-12 20:36:23 EDT,2026-09-13,LAC,ARI,LAC@ARI,DraftKings,player_tds_over,Elijah Higgins,Over,1.5,14000,2026-09-13 20:25:00+00:00,2026-09-13 16:25:00-04:00,2026-09-13,ARZ,1.0
8218,1edfa5ceaa1ad2cb57df1c1b908731f6,2026-09-12 20:36:23 EDT,2026-09-13,LAC,ARI,LAC@ARI,DraftKings,player_tds_over,Simi Fehoko,Over,1.5,15000,2026-09-13 20:25:00+00:00,2026-09-13 16:25:00-04:00,2026-09-13,ARZ,1.0
8219,1edfa5ceaa1ad2cb57df1c1b908731f6,2026-09-12 20:36:23 EDT,2026-09-13,LAC,ARI,LAC@ARI,DraftKings,player_tds_over,Derius Davis,Over,1.5,20000,2026-09-13 20:25:00+00:00,2026-09-13 16:25:00-04:00,2026-09-13,LAC,1.0
8220,1edfa5ceaa1ad2cb57df1c1b908731f6,2026-09-12 20:36:23 EDT,2026-09-13,LAC,ARI,LAC@ARI,DraftKings,player_tds_over,Bam Knight,Over,1.5,20000,2026-09-13 20:25:00+00:00,2026-09-13 16:25:00-04:00,2026-09-13,ARZ,1.0
8221,1edfa5ceaa1ad2cb57df1c1b908731f6,2026-09-12 20:36:23 EDT,2026-09-13,LAC,ARI,LAC@ARI,DraftKings,player_tds_over,Devin Duvernay,Over,1.5,20000,2026-09-13 20:25:00+00:00,2026-09-13 16:25:00-04:00,2026-09-13,ARZ,1.0
8222,1edfa5ceaa1ad2cb57df1c1b908731f6,2026-09-12 20:36:23 EDT,2026-09-13,LAC,ARI,LAC@ARI,DraftKings,player_tds_over,Hunter Long,Over,1.5,20000,2026-09-13 20:25:00+00:00,2026-09-13 16:25:00-04:00,2026-09-13,ARZ,1.0
8223,1edfa5ceaa1ad2cb57df1c1b908731f6,2026-09-12 20:36:23 EDT,2026-09-13,LAC,ARI,LAC@ARI,DraftKings,player_tds_over,Alec Ingold,Over,1.5,25000,2026-09-13 20:25:00+00:00,2026-09-13 16:25:00-04:00,2026-09-13,LAC,1.0
8224,1edfa5ceaa1ad2cb57df1c1b908731f6,2026-09-12 20:36:23 EDT,2026-09-13,LAC,ARI,LAC@ARI,DraftKings,player_tds_over,Reggie Virgil,Over,1.5,25000,2026-09-13 20:25:00+00:00,2026-09-13 16:25:00-04:00,2026-09-13,ARZ,1.0
8225,1edfa5ceaa1ad2cb57df1c1b908731f6,2026-09-12 20:36:23 EDT,2026-09-13,LAC,ARI,LAC@ARI,DraftKings,player_tds_over,Jalen Brooks,Over,1.5,25000,2026-09-13 20:25:00+00:00,2026-09-13 16:25:00-04:00,2026-09-13,ARZ,1.0
8226,1edfa5ceaa1ad2cb57df1c1b908731f6,2026-09-12 20:36:23 EDT,2026-09-13,LAC,ARI,LAC@ARI,DraftKings,player_tds_over,Omarion Hampton,Over,2.5,1700,2026-09-13 20:25:00+00:00,2026-09-13 16:25:00-04:00,2026-09-13,LAC,1.0
8227,1edfa5ceaa1ad2cb57df1c1b908731f6,2026-09-12 20:36:23 EDT,2026-09-13,LAC,ARI,LAC@ARI,DraftKings,player_tds_over,Quentin Johnston,Over,2.5,4000,2026-09-13 20:25:00+00:00,2026-09-13 16:25:00-04:00,2026-09-13,LAC,1.0
8228,1edfa5ceaa1ad2cb57df1c1b908731f6,2026-09-12 20:36:23 EDT,2026-09-13,LAC,ARI,LAC@ARI,DraftKings,player_tds_over,Ladd McConkey,Over,2.5,4000,2026-09-13 20:25:00+00:00,2026-09-13 16:25:00-04:00,2026-09-13,LAC,1.0
8229,1edfa5ceaa1ad2cb57df1c1b908731f6,2026-09-12 20:36:23 EDT,2026-09-13,LAC,ARI,LAC@ARI,DraftKings,player_tds_over,Trey McBride,Over,2.5,7000,2026-09-13 20:25:00+00:00,2026-09-13 16:25:00-04:00,2026-09-13,ARZ,1.0
8230,1edfa5ceaa1ad2cb57df1c1b908731f6,2026-09-12 20:36:23 EDT,2026-09-13,LAC,ARI,LAC@ARI,DraftKings,player_tds_over,Tyler Allgeier,Over,2.5,7500,2026-09-13 20:25:00+00:00,2026-09-13 16:25:00-04:00,2026-09-13,ARZ,1.0
8231,1edfa5ceaa1ad2cb57df1c1b908731f6,2026-09-12 20:36:23 EDT,2026-09-13,LAC,ARI,LAC@ARI,DraftKings,player_tds_over,Jeremiyah Love,Over,2.5,8000,2026-09-13 20:25:00+00:00,2026-09-13 16:25:00-04:00,2026-09-13,ARZ,1.0
8232,1edfa5ceaa1ad2cb57df1c1b908731f6,2026-09-12 20:36:23 EDT,2026-09-13,LAC,ARI,LAC@ARI,DraftKings,player_tds_over,Tre Harris,Over,2.5,10000,2026-09-13 20:25:00+00:00,2026-09-13 16:25:00-04:00,2026-09-13,LAC,1.0
8233,1edfa5ceaa1ad2cb57df1c1b908731f6,2026-09-12 20:36:23 EDT,2026-09-13,LAC,ARI,LAC@ARI,DraftKings,player_tds_over,Marvin Harrison Jr.,Over,2.5,10000,2026-09-13 20:25:00+00:00,2026-09-13 16:25:00-04:00,2026-09-13,ARZ,1.0
8234,1edfa5ceaa1ad2cb57df1c1b908731f6,2026-09-12 20:36:23 EDT,2026-09-13,LAC,ARI,LAC@ARI,DraftKings,player_tds_over,Kimani Vidal,Over,2.5,13000,2026-09-13 20:25:00+00:00,2026-09-13 16:25:00-04:00,2026-09-13,LAC,1.0
8235,1edfa5ceaa1ad2cb57df1c1b908731f6,2026-09-12 20:36:23 EDT,2026-09-13,LAC,ARI,LAC@ARI,DraftKings,player_tds_over,Michael Wilson,Over,2.5,14000,2026-09-13 20:25:00+00:00,2026-09-13 16:25:00-04:00,2026-09-13,ARZ,1.0
8236,1edfa5ceaa1ad2cb57df1c1b908731f6,2026-09-12 20:36:23 EDT,2026-09-13,LAC,ARI,LAC@ARI,DraftKings,player_tds_over,Charlie Kolar,Over,2.5,15000,2026-09-13 20:25:00+00:00,2026-09-13 16:25:00-04:00,2026-09-13,LAC,1.0
8237,1edfa5ceaa1ad2cb57df1c1b908731f6,2026-09-12 20:36:23 EDT,2026-09-13,LAC,ARI,LAC@ARI,DraftKings,player_tds_over,Keaton Mitchell,Over,2.5,16000,2026-09-13 20:25:00+00:00,2026-09-13 16:25:00-04:00,2026-09-13,LAC,1.0
8238,1edfa5ceaa1ad2cb57df1c1b908731f6,2026-09-12 20:36:23 EDT,2026-09-13,LAC,ARI,LAC@ARI,DraftKings,player_tds_over,Justin Herbert,Over,2.5,19000,2026-09-13 20:25:00+00:00,2026-09-13 16:25:00-04:00,2026-09-13,LAC,1.0
8239,1edfa5ceaa1ad2cb57df1c1b908731f6,2026-09-12 20:36:23 EDT,2026-09-13,LAC,ARI,LAC@ARI,DraftKings,player_tds_over,KeAndre Lambert-Smith,Over,2.5,20000,2026-09-13 20:25:00+00:00,2026-09-13 16:25:00-04:00,2026-09-13,LAC,1.0
8240,1edfa5ceaa1ad2cb57df1c1b908731f6,2026-09-12 20:36:23 EDT,2026-09-13,LAC,ARI,LAC@ARI,DraftKings,player_tds_over,Oronde Gadsden,Over,2.5,20000,2026-09-13 20:25:00+00:00,2026-09-13 16:25:00-04:00,2026-09-13,LAC,1.0
8241,1edfa5ceaa1ad2cb57df1c1b908731f6,2026-09-12 20:36:23 EDT,2026-09-13,LAC,ARI,LAC@ARI,DraftKings,player_tds_over,David Njoku,Over,2.5,20000,2026-09-13 20:25:00+00:00,2026-09-13 16:25:00-04:00,2026-09-13,LAC,1.0
8242,1edfa5ceaa1ad2cb57df1c1b908731f6,2026-09-12 20:36:23 EDT,2026-09-13,LAC,ARI,LAC@ARI,DraftKings,player_tds_over,Alec Ingold,Over,2.5,25000,2026-09-13 20:25:00+00:00,2026-09-13 16:25:00-04:00,2026-09-13,LAC,1.0
8243,1edfa5ceaa1ad2cb57df1c1b908731f6,2026-09-12 20:36:23 EDT,2026-09-13,LAC,ARI,LAC@ARI,DraftKings,player_tds_over,Derius Davis,Over,2.5,25000,2026-09-13 20:25:00+00:00,2026-09-13 16:25:00-04:00,2026-09-13,LAC,1.0
8244,1edfa5ceaa1ad2cb57df1c1b908731f6,2026-09-12 20:36:23 EDT,2026-09-13,LAC,ARI,LAC@ARI,DraftKings,player_tds_over,Brenen Thompson,Over,2.5,25000,2026-09-13 20:25:00+00:00,2026-09-13 16:25:00-04:00,2026-09-13,LAC,1.0
8245,1edfa5ceaa1ad2cb57df1c1b908731f6,2026-09-12 20:36:23 EDT,2026-09-13,LAC,ARI,LAC@ARI,DraftKings,player_tds_over,Elijah Higgins,Over,2.5,25000,2026-09-13 20:25:00+00:00,2026-09-13 16:25:00-04:00,2026-09-13,ARZ,1.0
8246,1edfa5ceaa1ad2cb57df1c1b908731f6,2026-09-12 20:36:23 EDT,2026-09-13,LAC,ARI,LAC@ARI,DraftKings,player_tds_over,Kendrick Bourne,Over,2.5,25000,2026-09-13 20:25:00+00:00,2026-09-13 16:25:00-04:00,2026-09-13,ARZ,1.0
8247,cb77efed7e711d25a72c1a2a0a1af119,2026-09-12 20:36:23 EDT,2026-09-13,MIN,GNB,MIN@GNB,DraftKings,player_pass_completions,Kyler Murray,Over,21.5,-116,2026-09-13 20:25:00+00:00,2026-09-13 16:25:00-04:00,2026-09-13,MIN,1.0
8248,cb77efed7e711d25a72c1a2a0a1af119,2026-09-12 20:36:23 EDT,2026-09-13,MIN,GNB,MIN@GNB,DraftKings,player_pass_completions,Jordan Love,Over,20.5,-113,2026-09-13 20:25:00+00:00,2026-09-13 16:25:00-04:00,2026-09-13,GB,1.0
8249,cb77efed7e711d25a72c1a2a0a1af119,2026-09-12 20:36:23 EDT,2026-09-13,MIN,GNB,MIN@GNB,DraftKings,player_pass_attempts,Jordan Love,Over,32.5,-110,2026-09-13 20:25:00+00:00,2026-09-13 16:25:00-04:00,2026-09-13,GB,1.0
8250,cb77efed7e711d25a72c1a2a0a1af119,2026-09-12 20:36:23 EDT,2026-09-13,MIN,GNB,MIN@GNB,DraftKings,player_pass_attempts,Kyler Murray,Over,31.5,-108,2026-09-13 20:25:00+00:00,2026-09-13 16:25:00-04:00,2026-09-13,MIN,1.0
8251,cb77efed7e711d25a72c1a2a0a1af119,2026-09-12 20:36:23 EDT,2026-09-13,MIN,GNB,MIN@GNB,DraftKings,player_pass_yds,Jordan Love,Over,239.5,-111,2026-09-13 20:25:00+00:00,2026-09-13 16:25:00-04:00,2026-09-13,GB,1.0
8252,cb77efed7e711d25a72c1a2a0a1af119,2026-09-12 20:36:23 EDT,2026-09-13,MIN,GNB,MIN@GNB,DraftKings,player_pass_yds,Kyler Murray,Over,220.5,-113,2026-09-13 20:25:00+00:00,2026-09-13 16:25:00-04:00,2026-09-13,MIN,1.0
8253,cb77efed7e711d25a72c1a2a0a1af119,2026-09-12 20:36:23 EDT,2026-09-13,MIN,GNB,MIN@GNB,DraftKings,player_pass_interceptions,Kyler Murray,Over,0.5,103,2026-09-13 20:25:00+00:00,2026-09-13 16:25:00-04:00,2026-09-13,MIN,1.0
8254,cb77efed7e711d25a72c1a2a0a1af119,2026-09-12 20:36:23 EDT,2026-09-13,MIN,GNB,MIN@GNB,DraftKings,player_pass_interceptions,Jordan Love,Over,0.5,-107,2026-09-13 20:25:00+00:00,2026-09-13 16:25:00-04:00,2026-09-13,GB,1.0
8255,cb77efed7e711d25a72c1a2a0a1af119,2026-09-12 20:36:23 EDT,2026-09-13,MIN,GNB,MIN@GNB,DraftKings,player_pass_tds,Jordan Love,Over,1.5,-103,2026-09-13 20:25:00+00:00,2026-09-13 16:25:00-04:00,2026-09-13,GB,1.0
8256,cb77efed7e711d25a72c1a2a0a1af119,2026-09-12 20:36:23 EDT,2026-09-13,MIN,GNB,MIN@GNB,DraftKings,player_pass_tds,Kyler Murray,Over,1.5,111,2026-09-13 20:25:00+00:00,2026-09-13 16:25:00-04:00,2026-09-13,MIN,1.0
8257,cb77efed7e711d25a72c1a2a0a1af119,2026-09-12 20:36:23 EDT,2026-09-13,MIN,GNB,MIN@GNB,DraftKings,player_rush_attempts,MarShawn Lloyd,Over,11.5,-113,2026-09-13 20:25:00+00:00,2026-09-13 16:25:00-04:00,2026-09-13,GB,1.0
8258,cb77efed7e711d25a72c1a2a0a1af119,2026-09-12 20:36:23 EDT,2026-09-13,MIN,GNB,MIN@GNB,DraftKings,player_rush_attempts,Jordan Mason,Over,11.5,105,2026-09-13 20:25:00+00:00,2026-09-13 16:25:00-04:00,2026-09-13,MIN,1.0
8259,cb77efed7e711d25a72c1a2a0a1af119,2026-09-12 20:36:23 EDT,2026-09-13,MIN,GNB,MIN@GNB,DraftKings,player_rush_attempts,Aaron Jones,Over,8.5,-118,2026-09-13 20:25:00+00:00,2026-09-13 16:25:00-04:00,2026-09-13,MIN,1.0
8260,cb77efed7e711d25a72c1a2a0a1af119,2026-09-12 20:36:23 EDT,2026-09-13,MIN,GNB,MIN@GNB,DraftKings,player_rush_attempts,Kyler Murray,Over,5.5,105,2026-09-13 20:25:00+00:00,2026-09-13 16:25:00-04:00,2026-09-13,MIN,1.0
8261,cb77efed7e711d25a72c1a2a0a1af119,2026-09-12 20:36:23 EDT,2026-09-13,MIN,GNB,MIN@GNB,DraftKings,player_rush_attempts,Jordan Love,Over,2.5,-123,2026-09-13 20:25:00+00:00,2026-09-13 16:25:00-04:00,2026-09-13,GB,1.0
8262,cb77efed7e711d25a72c1a2a0a1af119,2026-09-12 20:36:23 EDT,2026-09-13,MIN,GNB,MIN@GNB,DraftKings,player_rush_yds,Jordan Mason,Over,45.5,-109,2026-09-13 20:25:00+00:00,2026-09-13 16:25:00-04:00,2026-09-13,MIN,1.0
8263,cb77efed7e711d25a72c1a2a0a1af119,2026-09-12 20:36:23 EDT,2026-09-13,MIN,GNB,MIN@GNB,DraftKings,player_rush_yds,MarShawn Lloyd,Over,44.5,-109,2026-09-13 20:25:00+00:00,2026-09-13 16:25:00-04:00,2026-09-13,GB,1.0
8264,cb77efed7e711d25a72c1a2a0a1af119,2026-09-12 20:36:23 EDT,2026-09-13,MIN,GNB,MIN@GNB,DraftKings,player_rush_yds,Aaron Jones,Over,28.5,-117,2026-09-13 20:25:00+00:00,2026-09-13 16:25:00-04:00,2026-09-13,MIN,1.0
8265,cb77efed7e711d25a72c1a2a0a1af119,2026-09-12 20:36:23 EDT,2026-09-13,MIN,GNB,MIN@GNB,DraftKings,player_rush_yds,Kyler Murray,Over,23.5,-112,2026-09-13 20:25:00+00:00,2026-09-13 16:25:00-04:00,2026-09-13,MIN,1.0
8266,cb77efed7e711d25a72c1a2a0a1af119,2026-09-12 20:36:23 EDT,2026-09-13,MIN,GNB,MIN@GNB,DraftKings,player_rush_yds,Jordan Love,Over,9.5,-117,2026-09-13 20:25:00+00:00,2026-09-13 16:25:00-04:00,2026-09-13,GB,1.0
8267,cb77efed7e711d25a72c1a2a0a1af119,2026-09-12 20:36:23 EDT,2026-09-13,MIN,GNB,MIN@GNB,DraftKings,player_receptions,Justin Jefferson,Over,6.5,121,2026-09-13 20:25:00+00:00,2026-09-13 16:25:00-04:00,2026-09-13,MIN,1.0
8268,cb77efed7e711d25a72c1a2a0a1af119,2026-09-12 20:36:23 EDT,2026-09-13,MIN,GNB,MIN@GNB,DraftKings,player_receptions,Tucker Kraft,Over,4.5,118,2026-09-13 20:25:00+00:00,2026-09-13 16:25:00-04:00,2026-09-13,GB,1.0
8269,cb77efed7e711d25a72c1a2a0a1af119,2026-09-12 20:36:23 EDT,2026-09-13,MIN,GNB,MIN@GNB,DraftKings,player_receptions,Christian Watson,Over,3.5,-162,2026-09-13 20:25:00+00:00,2026-09-13 16:25:00-04:00,2026-09-13,GB,1.0
8270,cb77efed7e711d25a72c1a2a0a1af119,2026-09-12 20:36:23 EDT,2026-09-13,MIN,GNB,MIN@GNB,DraftKings,player_receptions,Jayden Reed,Over,3.5,-153,2026-09-13 20:25:00+00:00,2026-09-13 16:25:00-04:00,2026-09-13,GB,1.0
8271,cb77efed7e711d25a72c1a2a0a1af119,2026-09-12 20:36:23 EDT,2026-09-13,MIN,GNB,MIN@GNB,DraftKings,player_receptions,Jordan Addison,Over,3.5,-108,2026-09-13 20:25:00+00:00,2026-09-13 16:25:00-04:00,2026-09-13,MIN,1.0
8272,cb77efed7e711d25a72c1a2a0a1af119,2026-09-12 20:36:23 EDT,2026-09-13,MIN,GNB,MIN@GNB,DraftKings,player_receptions,Matthew Golden,Over,3.5,-101,2026-09-13 20:25:00+00:00,2026-09-13 16:25:00-04:00,2026-09-13,GB,1.0
8273,cb77efed7e711d25a72c1a2a0a1af119,2026-09-12 20:36:23 EDT,2026-09-13,MIN,GNB,MIN@GNB,DraftKings,player_receptions,TJ Hockenson,Over,3.5,114,2026-09-13 20:25:00+00:00,2026-09-13 16:25:00-04:00,2026-09-13,MIN,1.0
8274,cb77efed7e711d25a72c1a2a0a1af119,2026-09-12 20:36:23 EDT,2026-09-13,MIN,GNB,MIN@GNB,DraftKings,player_receptions,Aaron Jones,Over,2.5,-116,2026-09-13 20:25:00+00:00,2026-09-13 16:25:00-04:00,2026-09-13,MIN,1.0
8275,cb77efed7e711d25a72c1a2a0a1af119,2026-09-12 20:36:23 EDT,2026-09-13,MIN,GNB,MIN@GNB,DraftKings,player_receptions,Jauan Jennings,Over,2.5,129,2026-09-13 20:25:00+00:00,2026-09-13 16:25:00-04:00,2026-09-13,MIN,1.0
8276,cb77efed7e711d25a72c1a2a0a1af119,2026-09-12 20:36:23 EDT,2026-09-13,MIN,GNB,MIN@GNB,DraftKings,player_receptions,MarShawn Lloyd,Over,1.5,-150,2026-09-13 20:25:00+00:00,2026-09-13 16:25:00-04:00,2026-09-13,GB,1.0
8277,cb77efed7e711d25a72c1a2a0a1af119,2026-09-12 20:36:23 EDT,2026-09-13,MIN,GNB,MIN@GNB,DraftKings,player_reception_yds,Justin Jefferson,Over,75.5,-114,2026-09-13 20:25:00+00:00,2026-09-13 16:25:00-04:00,2026-09-13,MIN,1.0
8278,cb77efed7e711d25a72c1a2a0a1af119,2026-09-12 20:36:23 EDT,2026-09-13,MIN,GNB,MIN@GNB,DraftKings,player_reception_yds,Christian Watson,Over,56.5,-110,2026-09-13 20:25:00+00:00,2026-09-13 16:25:00-04:00,2026-09-13,GB,1.0
8279,cb77efed7e711d25a72c1a2a0a1af119,2026-09-12 20:36:23 EDT,2026-09-13,MIN,GNB,MIN@GNB,DraftKings,player_reception_yds,Tucker Kraft,Over,45.5,-110,2026-09-13 20:25:00+00:00,2026-09-13 16:25:00-04:00,2026-09-13,GB,1.0
8280,cb77efed7e711d25a72c1a2a0a1af119,2026-09-12 20:36:23 EDT,2026-09-13,MIN,GNB,MIN@GNB,DraftKings,player_reception_yds,Jayden Reed,Over,44.5,-110,2026-09-13 20:25:00+00:00,2026-09-13 16:25:00-04:00,2026-09-13,GB,1.0
8281,cb77efed7e711d25a72c1a2a0a1af119,2026-09-12 20:36:23 EDT,2026-09-13,MIN,GNB,MIN@GNB,DraftKings,player_reception_yds,Jordan Addison,Over,42.5,-114,2026-09-13 20:25:00+00:00,2026-09-13 16:25:00-04:00,2026-09-13,MIN,1.0
8282,cb77efed7e711d25a72c1a2a0a1af119,2026-09-12 20:36:23 EDT,2026-09-13,MIN,GNB,MIN@GNB,DraftKings,player_reception_yds,Matthew Golden,Over,38.5,-112,2026-09-13 20:25:00+00:00,2026-09-13 16:25:00-04:00,2026-09-13,GB,1.0
8283,cb77efed7e711d25a72c1a2a0a1af119,2026-09-12 20:36:23 EDT,2026-09-13,MIN,GNB,MIN@GNB,DraftKings,player_reception_yds,TJ Hockenson,Over,25.5,-111,2026-09-13 20:25:00+00:00,2026-09-13 16:25:00-04:00,2026-09-13,MIN,1.0
8284,cb77efed7e711d25a72c1a2a0a1af119,2026-09-12 20:36:23 EDT,2026-09-13,MIN,GNB,MIN@GNB,DraftKings,player_reception_yds,Jauan Jennings,Over,22.5,-113,2026-09-13 20:25:00+00:00,2026-09-13 16:25:00-04:00,2026-09-13,MIN,1.0
8285,cb77efed7e711d25a72c1a2a0a1af119,2026-09-12 20:36:23 EDT,2026-09-13,MIN,GNB,MIN@GNB,DraftKings,player_reception_yds,Aaron Jones,Over,14.5,-117,2026-09-13 20:25:00+00:00,2026-09-13 16:25:00-04:00,2026-09-13,MIN,1.0
8286,cb77efed7e711d25a72c1a2a0a1af119,2026-09-12 20:36:23 EDT,2026-09-13,MIN,GNB,MIN@GNB,DraftKings,player_reception_yds,MarShawn Lloyd,Over,10.5,-108,2026-09-13 20:25:00+00:00,2026-09-13 16:25:00-04:00,2026-09-13,GB,1.0
8287,cb77efed7e711d25a72c1a2a0a1af119,2026-09-12 20:36:23 EDT,2026-09-13,MIN,GNB,MIN@GNB,DraftKings,player_tds_over,MarShawn Lloyd,Over,1.5,750,2026-09-13 20:25:00+00:00,2026-09-13 16:25:00-04:00,2026-09-13,GB,1.0
8288,cb77efed7e711d25a72c1a2a0a1af119,2026-09-12 20:36:23 EDT,2026-09-13,MIN,GNB,MIN@GNB,DraftKings,player_tds_over,Jordan Mason,Over,1.5,950,2026-09-13 20:25:00+00:00,2026-09-13 16:25:00-04:00,2026-09-13,MIN,1.0
8289,cb77efed7e711d25a72c1a2a0a1af119,2026-09-12 20:36:23 EDT,2026-09-13,MIN,GNB,MIN@GNB,DraftKings,player_tds_over,Justin Jefferson,Over,1.5,1300,2026-09-13 20:25:00+00:00,2026-09-13 16:25:00-04:00,2026-09-13,MIN,1.0
8290,cb77efed7e711d25a72c1a2a0a1af119,2026-09-12 20:36:23 EDT,2026-09-13,MIN,GNB,MIN@GNB,DraftKings,player_tds_over,Aaron Jones,Over,1.5,1400,2026-09-13 20:25:00+00:00,2026-09-13 16:25:00-04:00,2026-09-13,MIN,1.0
8291,cb77efed7e711d25a72c1a2a0a1af119,2026-09-12 20:36:23 EDT,2026-09-13,MIN,GNB,MIN@GNB,DraftKings,player_tds_over,Christian Watson,Over,1.5,1600,2026-09-13 20:25:00+00:00,2026-09-13 16:25:00-04:00,2026-09-13,GB,1.0
8292,cb77efed7e711d25a72c1a2a0a1af119,2026-09-12 20:36:23 EDT,2026-09-13,MIN,GNB,MIN@GNB,DraftKings,player_tds_over,Tucker Kraft,Over,1.5,1700,2026-09-13 20:25:00+00:00,2026-09-13 16:25:00-04:00,2026-09-13,GB,1.0
8293,cb77efed7e711d25a72c1a2a0a1af119,2026-09-12 20:36:23 EDT,2026-09-13,MIN,GNB,MIN@GNB,DraftKings,player_tds_over,Jayden Reed,Over,1.5,2200,2026-09-13 20:25:00+00:00,2026-09-13 16:25:00-04:00,2026-09-13,GB,1.0
8294,cb77efed7e711d25a72c1a2a0a1af119,2026-09-12 20:36:23 EDT,2026-09-13,MIN,GNB,MIN@GNB,DraftKings,player_tds_over,Jordan Addison,Over,1.5,2200,2026-09-13 20:25:00+00:00,2026-09-13 16:25:00-04:00,2026-09-13,MIN,1.0
8295,cb77efed7e711d25a72c1a2a0a1af119,2026-09-12 20:36:23 EDT,2026-09-13,MIN,GNB,MIN@GNB,DraftKings,player_tds_over,Kyler Murray,Over,1.5,2500,2026-09-13 20:25:00+00:00,2026-09-13 16:25:00-04:00,2026-09-13,MIN,1.0
8296,cb77efed7e711d25a72c1a2a0a1af119,2026-09-12 20:36:23 EDT,2026-09-13,MIN,GNB,MIN@GNB,DraftKings,player_tds_over,Christopher Brooks,Over,1.5,2800,2026-09-13 20:25:00+00:00,2026-09-13 16:25:00-04:00,2026-09-13,GB,1.0
8297,cb77efed7e711d25a72c1a2a0a1af119,2026-09-12 20:36:23 EDT,2026-09-13,MIN,GNB,MIN@GNB,DraftKings,player_tds_over,Matthew Golden,Over,1.5,3000,2026-09-13 20:25:00+00:00,2026-09-13 16:25:00-04:00,2026-09-13,GB,1.0
8298,cb77efed7e711d25a72c1a2a0a1af119,2026-09-12 20:36:23 EDT,2026-09-13,MIN,GNB,MIN@GNB,DraftKings,player_tds_over,Kaleb Johnson,Over,1.5,3000,2026-09-13 20:25:00+00:00,2026-09-13 16:25:00-04:00,2026-09-13,GB,1.0
8299,cb77efed7e711d25a72c1a2a0a1af119,2026-09-12 20:36:23 EDT,2026-09-13,MIN,GNB,MIN@GNB,DraftKings,player_tds_over,Jauan Jennings,Over,1.5,3500,2026-09-13 20:25:00+00:00,2026-09-13 16:25:00-04:00,2026-09-13,MIN,1.0
8300,cb77efed7e711d25a72c1a2a0a1af119,2026-09-12 20:36:23 EDT,2026-09-13,MIN,GNB,MIN@GNB,DraftKings,player_tds_over,TJ Hockenson,Over,1.5,4000,2026-09-13 20:25:00+00:00,2026-09-13 16:25:00-04:00,2026-09-13,MIN,1.0
8301,cb77efed7e711d25a72c1a2a0a1af119,2026-09-12 20:36:23 EDT,2026-09-13,MIN,GNB,MIN@GNB,DraftKings,player_tds_over,Josh Whyle,Over,1.5,9000,2026-09-13 20:25:00+00:00,2026-09-13 16:25:00-04:00,2026-09-13,GB,1.0
8302,cb77efed7e711d25a72c1a2a0a1af119,2026-09-12 20:36:23 EDT,2026-09-13,MIN,GNB,MIN@GNB,DraftKings,player_tds_over,Jonnu Smith,Over,1.5,9000,2026-09-13 20:25:00+00:00,2026-09-13 16:25:00-04:00,2026-09-13,GB,1.0
8303,cb77efed7e711d25a72c1a2a0a1af119,2026-09-12 20:36:23 EDT,2026-09-13,MIN,GNB,MIN@GNB,DraftKings,player_tds_over,Jordan Love,Over,1.5,10000,2026-09-13 20:25:00+00:00,2026-09-13 16:25:00-04:00,2026-09-13,GB,1.0
8304,cb77efed7e711d25a72c1a2a0a1af119,2026-09-12 20:36:23 EDT,2026-09-13,MIN,GNB,MIN@GNB,DraftKings,player_tds_over,Josh Oliver,Over,1.5,10000,2026-09-13 20:25:00+00:00,2026-09-13 16:25:00-04:00,2026-09-13,MIN,1.0
8305,cb77efed7e711d25a72c1a2a0a1af119,2026-09-12 20:36:23 EDT,2026-09-13,MIN,GNB,MIN@GNB,DraftKings,player_tds_over,Demond Claiborne,Over,1.5,13000,2026-09-13 20:25:00+00:00,2026-09-13 16:25:00-04:00,2026-09-13,MIN,1.0
8306,cb77efed7e711d25a72c1a2a0a1af119,2026-09-12 20:36:23 EDT,2026-09-13,MIN,GNB,MIN@GNB,DraftKings,player_tds_over,Tai Felton,Over,1.5,17000,2026-09-13 20:25:00+00:00,2026-09-13 16:25:00-04:00,2026-09-13,MIN,1.0
8307,cb77efed7e711d25a72c1a2a0a1af119,2026-09-12 20:36:23 EDT,2026-09-13,MIN,GNB,MIN@GNB,DraftKings,player_tds_over,Skyy Moore,Over,1.5,19000,2026-09-13 20:25:00+00:00,2026-09-13 16:25:00-04:00,2026-09-13,GB,1.0
8308,cb77efed7e711d25a72c1a2a0a1af119,2026-09-12 20:36:23 EDT,2026-09-13,MIN,GNB,MIN@GNB,DraftKings,player_tds_over,Myles Price,Over,1.5,20000,2026-09-13 20:25:00+00:00,2026-09-13 16:25:00-04:00,2026-09-13,MIN,1.0
8309,cb77efed7e711d25a72c1a2a0a1af119,2026-09-12 20:36:23 EDT,2026-09-13,MIN,GNB,MIN@GNB,DraftKings,player_tds_over,Gavin Bartholomew,Over,1.5,20000,2026-09-13 20:25:00+00:00,2026-09-13 16:25:00-04:00,2026-09-13,MIN,1.0
8310,cb77efed7e711d25a72c1a2a0a1af119,2026-09-12 20:36:23 EDT,2026-09-13,MIN,GNB,MIN@GNB,DraftKings,player_tds_over,Mark Redman,Over,1.5,20000,2026-09-13 20:25:00+00:00,2026-09-13 16:25:00-04:00,2026-09-13,GB,1.0
8311,cb77efed7e711d25a72c1a2a0a1af119,2026-09-12 20:36:23 EDT,2026-09-13,MIN,GNB,MIN@GNB,DraftKings,player_tds_over,Max Bredeson,Over,1.5,20000,2026-09-13 20:25:00+00:00,2026-09-13 16:25:00-04:00,2026-09-13,MIN,1.0
8312,cb77efed7e711d25a72c1a2a0a1af119,2026-09-12 20:36:23 EDT,2026-09-13,MIN,GNB,MIN@GNB,DraftKings,player_tds_over,Ben Yurosek,Over,1.5,20000,2026-09-13 20:25:00+00:00,2026-09-13 16:25:00-04:00,2026-09-13,MIN,1.0
8313,cb77efed7e711d25a72c1a2a0a1af119,2026-09-12 20:36:23 EDT,2026-09-13,MIN,GNB,MIN@GNB,DraftKings,player_tds_over,J. Michael Sturdivant,Over,1.5,25000,2026-09-13 20:25:00+00:00,2026-09-13 16:25:00-04:00,2026-09-13,GB,1.0
8314,cb77efed7e711d25a72c1a2a0a1af119,2026-09-12 20:36:23 EDT,2026-09-13,MIN,GNB,MIN@GNB,DraftKings,player_tds_over,MarShawn Lloyd,Over,2.5,3500,2026-09-13 20:25:00+00:00,2026-09-13 16:25:00-04:00,2026-09-13,GB,1.0
8315,cb77efed7e711d25a72c1a2a0a1af119,2026-09-12 20:36:23 EDT,2026-09-13,MIN,GNB,MIN@GNB,DraftKings,player_tds_over,Jordan Mason,Over,2.5,5000,2026-09-13 20:25:00+00:00,2026-09-13 16:25:00-04:00,2026-09-13,MIN,1.0
8316,cb77efed7e711d25a72c1a2a0a1af119,2026-09-12 20:36:23 EDT,2026-09-13,MIN,GNB,MIN@GNB,DraftKings,player_tds_over,Aaron Jones,Over,2.5,7000,2026-09-13 20:25:00+00:00,2026-09-13 16:25:00-04:00,2026-09-13,MIN,1.0
8317,cb77efed7e711d25a72c1a2a0a1af119,2026-09-12 20:36:23 EDT,2026-09-13,MIN,GNB,MIN@GNB,DraftKings,player_tds_over,Christian Watson,Over,2.5,7500,2026-09-13 20:25:00+00:00,2026-09-13 16:25:00-04:00,2026-09-13,GB,1.0
8318,cb77efed7e711d25a72c1a2a0a1af119,2026-09-12 20:36:23 EDT,2026-09-13,MIN,GNB,MIN@GNB,DraftKings,player_tds_over,Justin Jefferson,Over,2.5,8000,2026-09-13 20:25:00+00:00,2026-09-13 16:25:00-04:00,2026-09-13,MIN,1.0
8319,cb77efed7e711d25a72c1a2a0a1af119,2026-09-12 20:36:23 EDT,2026-09-13,MIN,GNB,MIN@GNB,DraftKings,player_tds_over,Tucker Kraft,Over,2.5,9000,2026-09-13 20:25:00+00:00,2026-09-13 16:25:00-04:00,2026-09-13,GB,1.0
8320,cb77efed7e711d25a72c1a2a0a1af119,2026-09-12 20:36:23 EDT,2026-09-13,MIN,GNB,MIN@GNB,DraftKings,player_tds_over,Jayden Reed,Over,2.5,10000,2026-09-13 20:25:00+00:00,2026-09-13 16:25:00-04:00,2026-09-13,GB,1.0
8321,cb77efed7e711d25a72c1a2a0a1af119,2026-09-12 20:36:23 EDT,2026-09-13,MIN,GNB,MIN@GNB,DraftKings,player_tds_over,Jordan Addison,Over,2.5,11000,2026-09-13 20:25:00+00:00,2026-09-13 16:25:00-04:00,2026-09-13,MIN,1.0
8322,cb77efed7e711d25a72c1a2a0a1af119,2026-09-12 20:36:23 EDT,2026-09-13,MIN,GNB,MIN@GNB,DraftKings,player_tds_over,Kyler Murray,Over,2.5,13000,2026-09-13 20:25:00+00:00,2026-09-13 16:25:00-04:00,2026-09-13,MIN,1.0
8323,cb77efed7e711d25a72c1a2a0a1af119,2026-09-12 20:36:23 EDT,2026-09-13,MIN,GNB,MIN@GNB,DraftKings,player_tds_over,Christopher Brooks,Over,2.5,13000,2026-09-13 20:25:00+00:00,2026-09-13 16:25:00-04:00,2026-09-13,GB,1.0
8324,cb77efed7e711d25a72c1a2a0a1af119,2026-09-12 20:36:23 EDT,2026-09-13,MIN,GNB,MIN@GNB,DraftKings,player_tds_over,Matthew Golden,Over,2.5,14000,2026-09-13 20:25:00+00:00,2026-09-13 16:25:00-04:00,2026-09-13,GB,1.0
8325,cb77efed7e711d25a72c1a2a0a1af119,2026-09-12 20:36:23 EDT,2026-09-13,MIN,GNB,MIN@GNB,DraftKings,player_tds_over,Kaleb Johnson,Over,2.5,16000,2026-09-13 20:25:00+00:00,2026-09-13 16:25:00-04:00,2026-09-13,GB,1.0
8326,cb77efed7e711d25a72c1a2a0a1af119,2026-09-12 20:36:23 EDT,2026-09-13,MIN,GNB,MIN@GNB,DraftKings,player_tds_over,Jauan Jennings,Over,2.5,17000,2026-09-13 20:25:00+00:00,2026-09-13 16:25:00-04:00,2026-09-13,MIN,1.0
8327,cb77efed7e711d25a72c1a2a0a1af119,2026-09-12 20:36:23 EDT,2026-09-13,MIN,GNB,MIN@GNB,DraftKings,player_tds_over,TJ Hockenson,Over,2.5,17000,2026-09-13 20:25:00+00:00,2026-09-13 16:25:00-04:00,2026-09-13,MIN,1.0
8328,cb77efed7e711d25a72c1a2a0a1af119,2026-09-12 20:36:23 EDT,2026-09-13,MIN,GNB,MIN@GNB,DraftKings,player_tds_over,Josh Whyle,Over,2.5,20000,2026-09-13 20:25:00+00:00,2026-09-13 16:25:00-04:00,2026-09-13,GB,1.0
8329,cb77efed7e711d25a72c1a2a0a1af119,2026-09-12 20:36:23 EDT,2026-09-13,MIN,GNB,MIN@GNB,DraftKings,player_tds_over,Jonnu Smith,Over,2.5,20000,2026-09-13 20:25:00+00:00,2026-09-13 16:25:00-04:00,2026-09-13,GB,1.0
8330,cb77efed7e711d25a72c1a2a0a1af119,2026-09-12 20:36:23 EDT,2026-09-13,MIN,GNB,MIN@GNB,DraftKings,player_tds_over,Demond Claiborne,Over,2.5,25000,2026-09-13 20:25:00+00:00,2026-09-13 16:25:00-04:00,2026-09-13,MIN,1.0
8331,cb77efed7e711d25a72c1a2a0a1af119,2026-09-12 20:36:23 EDT,2026-09-13,MIN,GNB,MIN@GNB,DraftKings,player_tds_over,Tai Felton,Over,2.5,25000,2026-09-13 20:25:00+00:00,2026-09-13 16:25:00-04:00,2026-09-13,MIN,1.0
8332,cb77efed7e711d25a72c1a2a0a1af119,2026-09-12 20:36:23 EDT,2026-09-13,MIN,GNB,MIN@GNB,DraftKings,player_tds_over,Josh Oliver,Over,2.5,25000,2026-09-13 20:25:00+00:00,2026-09-13 16:25:00-04:00,2026-09-13,MIN,1.0
8333,cb77efed7e711d25a72c1a2a0a1af119,2026-09-12 20:36:23 EDT,2026-09-13,MIN,GNB,MIN@GNB,DraftKings,player_tds_over,Jordan Love,Over,2.5,25000,2026-09-13 20:25:00+00:00,2026-09-13 16:25:00-04:00,2026-09-13,GB,1.0
8334,c5d95f48a16849ab6bebc68fbbfcb74a,2026-09-12 20:36:23 EDT,2026-09-13,LVR,MIA,LVR@MIA,DraftKings,player_pass_completions,Kirk Cousins,Over,19.5,-122,2026-09-13 20:25:00+00:00,2026-09-13 16:25:00-04:00,2026-09-13,LV,1.0
8335,c5d95f48a16849ab6bebc68fbbfcb74a,2026-09-12 20:36:23 EDT,2026-09-13,LVR,MIA,LVR@MIA,DraftKings,player_pass_completions,Malik Willis,Over,17.5,-105,2026-09-13 20:25:00+00:00,2026-09-13 16:25:00-04:00,2026-09-13,MIA,1.0
8336,c5d95f48a16849ab6bebc68fbbfcb74a,2026-09-12 20:36:23 EDT,2026-09-13,LVR,MIA,LVR@MIA,DraftKings,player_pass_attempts,Kirk Cousins,Over,29.5,-110,2026-09-13 20:25:00+00:00,2026-09-13 16:25:00-04:00,2026-09-13,LV,1.0
8337,c5d95f48a16849ab6bebc68fbbfcb74a,2026-09-12 20:36:23 EDT,2026-09-13,LVR,MIA,LVR@MIA,DraftKings,player_pass_attempts,Malik Willis,Over,26.5,-103,2026-09-13 20:25:00+00:00,2026-09-13 16:25:00-04:00,2026-09-13,MIA,1.0
8338,c5d95f48a16849ab6bebc68fbbfcb74a,2026-09-12 20:36:23 EDT,2026-09-13,LVR,MIA,LVR@MIA,DraftKings,player_pass_yds,Kirk Cousins,Over,206.5,-113,2026-09-13 20:25:00+00:00,2026-09-13 16:25:00-04:00,2026-09-13,LV,1.0
8339,c5d95f48a16849ab6bebc68fbbfcb74a,2026-09-12 20:36:23 EDT,2026-09-13,LVR,MIA,LVR@MIA,DraftKings,player_pass_yds,Malik Willis,Over,179.5,-113,2026-09-13 20:25:00+00:00,2026-09-13 16:25:00-04:00,2026-09-13,MIA,1.0
8340,c5d95f48a16849ab6bebc68fbbfcb74a,2026-09-12 20:36:23 EDT,2026-09-13,LVR,MIA,LVR@MIA,DraftKings,player_pass_interceptions,Kirk Cousins,Over,0.5,-101,2026-09-13 20:25:00+00:00,2026-09-13 16:25:00-04:00,2026-09-13,LV,1.0
8341,c5d95f48a16849ab6bebc68fbbfcb74a,2026-09-12 20:36:23 EDT,2026-09-13,LVR,MIA,LVR@MIA,DraftKings,player_pass_interceptions,Malik Willis,Over,0.5,-124,2026-09-13 20:25:00+00:00,2026-09-13 16:25:00-04:00,2026-09-13,MIA,1.0
8342,c5d95f48a16849ab6bebc68fbbfcb74a,2026-09-12 20:36:23 EDT,2026-09-13,LVR,MIA,LVR@MIA,DraftKings,player_pass_tds,Kirk Cousins,Over,1.5,137,2026-09-13 20:25:00+00:00,2026-09-13 16:25:00-04:00,2026-09-13,LV,1.0
8343,c5d95f48a16849ab6bebc68fbbfcb74a,2026-09-12 20:36:23 EDT,2026-09-13,LVR,MIA,LVR@MIA,DraftKings,player_pass_tds,Malik Willis,Over,0.5,-189,2026-09-13 20:25:00+00:00,2026-09-13 16:25:00-04:00,2026-09-13,MIA,1.0
8344,c5d95f48a16849ab6bebc68fbbfcb74a,2026-09-12 20:36:23 EDT,2026-09-13,LVR,MIA,LVR@MIA,DraftKings,player_rush_attempts,De'Von Achane,Over,15.5,-105,2026-09-13 20:25:00+00:00,2026-09-13 16:25:00-04:00,2026-09-13,MIA,1.0
8345,c5d95f48a16849ab6bebc68fbbfcb74a,2026-09-12 20:36:23 EDT,2026-09-13,LVR,MIA,LVR@MIA,DraftKings,player_rush_attempts,Ashton Jeanty,Over,14.5,101,2026-09-13 20:25:00+00:00,2026-09-13 16:25:00-04:00,2026-09-13,LV,1.0
8346,c5d95f48a16849ab6bebc68fbbfcb74a,2026-09-12 20:36:23 EDT,2026-09-13,LVR,MIA,LVR@MIA,DraftKings,player_rush_attempts,Mike Washington Jr.,Over,7.5,-114,2026-09-13 20:25:00+00:00,2026-09-13 16:25:00-04:00,2026-09-13,LV,1.0
8347,c5d95f48a16849ab6bebc68fbbfcb74a,2026-09-12 20:36:23 EDT,2026-09-13,LVR,MIA,LVR@MIA,DraftKings,player_rush_attempts,Malik Willis,Over,7.5,110,2026-09-13 20:25:00+00:00,2026-09-13 16:25:00-04:00,2026-09-13,MIA,1.0
8348,c5d95f48a16849ab6bebc68fbbfcb74a,2026-09-12 20:36:23 EDT,2026-09-13,LVR,MIA,LVR@MIA,DraftKings,player_rush_yds,De'Von Achane,Over,68.5,-110,2026-09-13 20:25:00+00:00,2026-09-13 16:25:00-04:00,2026-09-13,MIA,1.0
8349,c5d95f48a16849ab6bebc68fbbfcb74a,2026-09-12 20:36:23 EDT,2026-09-13,LVR,MIA,LVR@MIA,DraftKings,player_rush_yds,Ashton Jeanty,Over,60.5,-111,2026-09-13 20:25:00+00:00,2026-09-13 16:25:00-04:00,2026-09-13,LV,1.0
8350,c5d95f48a16849ab6bebc68fbbfcb74a,2026-09-12 20:36:23 EDT,2026-09-13,LVR,MIA,LVR@MIA,DraftKings,player_rush_yds,Malik Willis,Over,40.5,-113,2026-09-13 20:25:00+00:00,2026-09-13 16:25:00-04:00,2026-09-13,MIA,1.0
8351,c5d95f48a16849ab6bebc68fbbfcb74a,2026-09-12 20:36:23 EDT,2026-09-13,LVR,MIA,LVR@MIA,DraftKings,player_rush_yds,Mike Washington Jr.,Over,28.5,-111,2026-09-13 20:25:00+00:00,2026-09-13 16:25:00-04:00,2026-09-13,LV,1.0
8352,c5d95f48a16849ab6bebc68fbbfcb74a,2026-09-12 20:36:23 EDT,2026-09-13,LVR,MIA,LVR@MIA,DraftKings,player_receptions,Michael Mayer,Over,4.5,-113,2026-09-13 20:25:00+00:00,2026-09-13 16:25:00-04:00,2026-09-13,LV,1.0
8353,c5d95f48a16849ab6bebc68fbbfcb74a,2026-09-12 20:36:23 EDT,2026-09-13,LVR,MIA,LVR@MIA,DraftKings,player_receptions,De'Von Achane,Over,4.5,115,2026-09-13 20:25:00+00:00,2026-09-13 16:25:00-04:00,2026-09-13,MIA,1.0
8354,c5d95f48a16849ab6bebc68fbbfcb74a,2026-09-12 20:36:23 EDT,2026-09-13,LVR,MIA,LVR@MIA,DraftKings,player_receptions,Tre Tucker,Over,4.5,115,2026-09-13 20:25:00+00:00,2026-09-13 16:25:00-04:00,2026-09-13,LV,1.0
8355,c5d95f48a16849ab6bebc68fbbfcb74a,2026-09-12 20:36:23 EDT,2026-09-13,LVR,MIA,LVR@MIA,DraftKings,player_receptions,Ashton Jeanty,Over,3.5,104,2026-09-13 20:25:00+00:00,2026-09-13 16:25:00-04:00,2026-09-13,LV,1.0
8356,c5d95f48a16849ab6bebc68fbbfcb74a,2026-09-12 20:36:23 EDT,2026-09-13,LVR,MIA,LVR@MIA,DraftKings,player_receptions,Jalen Nailor,Over,3.5,118,2026-09-13 20:25:00+00:00,2026-09-13 16:25:00-04:00,2026-09-13,LV,1.0
8357,c5d95f48a16849ab6bebc68fbbfcb74a,2026-09-12 20:36:23 EDT,2026-09-13,LVR,MIA,LVR@MIA,DraftKings,player_receptions,Malik Washington,Over,2.5,-164,2026-09-13 20:25:00+00:00,2026-09-13 16:25:00-04:00,2026-09-13,MIA,1.0
8358,c5d95f48a16849ab6bebc68fbbfcb74a,2026-09-12 20:36:23 EDT,2026-09-13,LVR,MIA,LVR@MIA,DraftKings,player_receptions,Greg Dulcich,Over,2.5,-103,2026-09-13 20:25:00+00:00,2026-09-13 16:25:00-04:00,2026-09-13,MIA,1.0
8359,c5d95f48a16849ab6bebc68fbbfcb74a,2026-09-12 20:36:23 EDT,2026-09-13,LVR,MIA,LVR@MIA,DraftKings,player_receptions,Caleb Douglas,Over,2.5,121,2026-09-13 20:25:00+00:00,2026-09-13 16:25:00-04:00,2026-09-13,MIA,1.0
8360,c5d95f48a16849ab6bebc68fbbfcb74a,2026-09-12 20:36:23 EDT,2026-09-13,LVR,MIA,LVR@MIA,DraftKings,player_receptions,Jack Bech,Over,1.5,-155,2026-09-13 20:25:00+00:00,2026-09-13 16:25:00-04:00,2026-09-13,LV,1.0
8361,c5d95f48a16849ab6bebc68fbbfcb74a,2026-09-12 20:36:23 EDT,2026-09-13,LVR,MIA,LVR@MIA,DraftKings,player_receptions,Chris Bell,Over,1.5,-154,2026-09-13 20:25:00+00:00,2026-09-13 16:25:00-04:00,2026-09-13,MIA,1.0
8362,c5d95f48a16849ab6bebc68fbbfcb74a,2026-09-12 20:36:23 EDT,2026-09-13,LVR,MIA,LVR@MIA,DraftKings,player_receptions,Jalen Tolbert,Over,1.5,150,2026-09-13 20:25:00+00:00,2026-09-13 16:25:00-04:00,2026-09-13,MIA,1.0
8363,c5d95f48a16849ab6bebc68fbbfcb74a,2026-09-12 20:36:23 EDT,2026-09-13,LVR,MIA,LVR@MIA,DraftKings,player_reception_yds,Tre Tucker,Over,47.5,-111,2026-09-13 20:25:00+00:00,2026-09-13 16:25:00-04:00,2026-09-13,LV,1.0
8364,c5d95f48a16849ab6bebc68fbbfcb74a,2026-09-12 20:36:23 EDT,2026-09-13,LVR,MIA,LVR@MIA,DraftKings,player_reception_yds,Michael Mayer,Over,40.5,-111,2026-09-13 20:25:00+00:00,2026-09-13 16:25:00-04:00,2026-09-13,LV,1.0
8365,c5d95f48a16849ab6bebc68fbbfcb74a,2026-09-12 20:36:23 EDT,2026-09-13,LVR,MIA,LVR@MIA,DraftKings,player_reception_yds,Jalen Nailor,Over,37.5,-112,2026-09-13 20:25:00+00:00,2026-09-13 16:25:00-04:00,2026-09-13,LV,1.0
8366,c5d95f48a16849ab6bebc68fbbfcb74a,2026-09-12 20:36:23 EDT,2026-09-13,LVR,MIA,LVR@MIA,DraftKings,player_reception_yds,De'Von Achane,Over,27.5,-114,2026-09-13 20:25:00+00:00,2026-09-13 16:25:00-04:00,2026-09-13,MIA,1.0
8367,c5d95f48a16849ab6bebc68fbbfcb74a,2026-09-12 20:36:23 EDT,2026-09-13,LVR,MIA,LVR@MIA,DraftKings,player_reception_yds,Caleb Douglas,Over,26.5,-111,2026-09-13 20:25:00+00:00,2026-09-13 16:25:00-04:00,2026-09-13,MIA,1.0
8368,c5d95f48a16849ab6bebc68fbbfcb74a,2026-09-12 20:36:23 EDT,2026-09-13,LVR,MIA,LVR@MIA,DraftKings,player_reception_yds,Malik Washington,Over,26.5,-111,2026-09-13 20:25:00+00:00,2026-09-13 16:25:00-04:00,2026-09-13,MIA,1.0
8369,c5d95f48a16849ab6bebc68fbbfcb74a,2026-09-12 20:36:23 EDT,2026-09-13,LVR,MIA,LVR@MIA,DraftKings,player_reception_yds,Greg Dulcich,Over,25.5,-109,2026-09-13 20:25:00+00:00,2026-09-13 16:25:00-04:00,2026-09-13,MIA,1.0
8370,c5d95f48a16849ab6bebc68fbbfcb74a,2026-09-12 20:36:23 EDT,2026-09-13,LVR,MIA,LVR@MIA,DraftKings,player_reception_yds,Jack Bech,Over,17.5,-116,2026-09-13 20:25:00+00:00,2026-09-13 16:25:00-04:00,2026-09-13,LV,1.0
8371,c5d95f48a16849ab6bebc68fbbfcb74a,2026-09-12 20:36:23 EDT,2026-09-13,LVR,MIA,LVR@MIA,DraftKings,player_reception_yds,Chris Bell,Over,17.5,-115,2026-09-13 20:25:00+00:00,2026-09-13 16:25:00-04:00,2026-09-13,MIA,1.0
8372,c5d95f48a16849ab6bebc68fbbfcb74a,2026-09-12 20:36:23 EDT,2026-09-13,LVR,MIA,LVR@MIA,DraftKings,player_reception_yds,Ashton Jeanty,Over,17.5,-111,2026-09-13 20:25:00+00:00,2026-09-13 16:25:00-04:00,2026-09-13,LV,1.0
8373,c5d95f48a16849ab6bebc68fbbfcb74a,2026-09-12 20:36:23 EDT,2026-09-13,LVR,MIA,LVR@MIA,DraftKings,player_reception_yds,Jalen Tolbert,Over,10.5,-113,2026-09-13 20:25:00+00:00,2026-09-13 16:25:00-04:00,2026-09-13,MIA,1.0
8374,c5d95f48a16849ab6bebc68fbbfcb74a,2026-09-12 20:36:23 EDT,2026-09-13,LVR,MIA,LVR@MIA,DraftKings,player_tds_over,Ashton Jeanty,Over,1.5,400,2026-09-13 20:25:00+00:00,2026-09-13 16:25:00-04:00,2026-09-13,LV,1.0
8375,c5d95f48a16849ab6bebc68fbbfcb74a,2026-09-12 20:36:23 EDT,2026-09-13,LVR,MIA,LVR@MIA,DraftKings,player_tds_over,De'Von Achane,Over,1.5,600,2026-09-13 20:25:00+00:00,2026-09-13 16:25:00-04:00,2026-09-13,MIA,1.0
8376,c5d95f48a16849ab6bebc68fbbfcb74a,2026-09-12 20:36:23 EDT,2026-09-13,LVR,MIA,LVR@MIA,DraftKings,player_tds_over,Tre Tucker,Over,1.5,1700,2026-09-13 20:25:00+00:00,2026-09-13 16:25:00-04:00,2026-09-13,LV,1.0
8377,c5d95f48a16849ab6bebc68fbbfcb74a,2026-09-12 20:36:23 EDT,2026-09-13,LVR,MIA,LVR@MIA,DraftKings,player_tds_over,Michael Mayer,Over,1.5,2200,2026-09-13 20:25:00+00:00,2026-09-13 16:25:00-04:00,2026-09-13,LV,1.0
8378,c5d95f48a16849ab6bebc68fbbfcb74a,2026-09-12 20:36:23 EDT,2026-09-13,LVR,MIA,LVR@MIA,DraftKings,player_tds_over,Malik Willis,Over,1.5,2500,2026-09-13 20:25:00+00:00,2026-09-13 16:25:00-04:00,2026-09-13,MIA,1.0
8379,c5d95f48a16849ab6bebc68fbbfcb74a,2026-09-12 20:36:23 EDT,2026-09-13,LVR,MIA,LVR@MIA,DraftKings,player_tds_over,Jalen Nailor,Over,1.5,2800,2026-09-13 20:25:00+00:00,2026-09-13 16:25:00-04:00,2026-09-13,LV,1.0
8380,c5d95f48a16849ab6bebc68fbbfcb74a,2026-09-12 20:36:23 EDT,2026-09-13,LVR,MIA,LVR@MIA,DraftKings,player_tds_over,Mike Washington Jr.,Over,1.5,3500,2026-09-13 20:25:00+00:00,2026-09-13 16:25:00-04:00,2026-09-13,LV,1.0
8381,c5d95f48a16849ab6bebc68fbbfcb74a,2026-09-12 20:36:23 EDT,2026-09-13,LVR,MIA,LVR@MIA,DraftKings,player_tds_over,Malik Washington,Over,1.5,4500,2026-09-13 20:25:00+00:00,2026-09-13 16:25:00-04:00,2026-09-13,MIA,1.0
8382,c5d95f48a16849ab6bebc68fbbfcb74a,2026-09-12 20:36:23 EDT,2026-09-13,LVR,MIA,LVR@MIA,DraftKings,player_tds_over,Greg Dulcich,Over,1.5,5000,2026-09-13 20:25:00+00:00,2026-09-13 16:25:00-04:00,2026-09-13,MIA,1.0
8383,c5d95f48a16849ab6bebc68fbbfcb74a,2026-09-12 20:36:23 EDT,2026-09-13,LVR,MIA,LVR@MIA,DraftKings,player_tds_over,Ollie Gordon,Over,1.5,5500,2026-09-13 20:25:00+00:00,2026-09-13 16:25:00-04:00,2026-09-13,MIA,1.0
8384,c5d95f48a16849ab6bebc68fbbfcb74a,2026-09-12 20:36:23 EDT,2026-09-13,LVR,MIA,LVR@MIA,DraftKings,player_tds_over,Caleb Douglas,Over,1.5,7000,2026-09-13 20:25:00+00:00,2026-09-13 16:25:00-04:00,2026-09-13,MIA,1.0
8385,c5d95f48a16849ab6bebc68fbbfcb74a,2026-09-12 20:36:23 EDT,2026-09-13,LVR,MIA,LVR@MIA,DraftKings,player_tds_over,Chris Bell,Over,1.5,7000,2026-09-13 20:25:00+00:00,2026-09-13 16:25:00-04:00,2026-09-13,MIA,1.0
8386,c5d95f48a16849ab6bebc68fbbfcb74a,2026-09-12 20:36:23 EDT,2026-09-13,LVR,MIA,LVR@MIA,DraftKings,player_tds_over,Malik Benson,Over,1.5,7500,2026-09-13 20:25:00+00:00,2026-09-13 16:25:00-04:00,2026-09-13,LV,1.0
8387,c5d95f48a16849ab6bebc68fbbfcb74a,2026-09-12 20:36:23 EDT,2026-09-13,LVR,MIA,LVR@MIA,DraftKings,player_tds_over,Jaylen Wright,Over,1.5,7500,2026-09-13 20:25:00+00:00,2026-09-13 16:25:00-04:00,2026-09-13,MIA,1.0
8388,c5d95f48a16849ab6bebc68fbbfcb74a,2026-09-12 20:36:23 EDT,2026-09-13,LVR,MIA,LVR@MIA,DraftKings,player_tds_over,Jack Bech,Over,1.5,9000,2026-09-13 20:25:00+00:00,2026-09-13 16:25:00-04:00,2026-09-13,LV,1.0
8389,c5d95f48a16849ab6bebc68fbbfcb74a,2026-09-12 20:36:23 EDT,2026-09-13,LVR,MIA,LVR@MIA,DraftKings,player_tds_over,Jalen Tolbert,Over,1.5,12000,2026-09-13 20:25:00+00:00,2026-09-13 16:25:00-04:00,2026-09-13,MIA,1.0
8390,c5d95f48a16849ab6bebc68fbbfcb74a,2026-09-12 20:36:23 EDT,2026-09-13,LVR,MIA,LVR@MIA,DraftKings,player_tds_over,Ian Thomas,Over,1.5,13000,2026-09-13 20:25:00+00:00,2026-09-13 16:25:00-04:00,2026-09-13,LV,1.0
8391,c5d95f48a16849ab6bebc68fbbfcb74a,2026-09-12 20:36:23 EDT,2026-09-13,LVR,MIA,LVR@MIA,DraftKings,player_tds_over,Connor Heyward,Over,1.5,15000,2026-09-13 20:25:00+00:00,2026-09-13 16:25:00-04:00,2026-09-13,LV,1.0
8392,c5d95f48a16849ab6bebc68fbbfcb74a,2026-09-12 20:36:23 EDT,2026-09-13,LVR,MIA,LVR@MIA,DraftKings,player_tds_over,Kevin Coleman Jr.,Over,1.5,19000,2026-09-13 20:25:00+00:00,2026-09-13 16:25:00-04:00,2026-09-13,MIA,1.0
8393,c5d95f48a16849ab6bebc68fbbfcb74a,2026-09-12 20:36:23 EDT,2026-09-13,LVR,MIA,LVR@MIA,DraftKings,player_tds_over,Dylan Laube,Over,1.5,20000,2026-09-13 20:25:00+00:00,2026-09-13 16:25:00-04:00,2026-09-13,LV,1.0
8394,c5d95f48a16849ab6bebc68fbbfcb74a,2026-09-12 20:36:23 EDT,2026-09-13,LVR,MIA,LVR@MIA,DraftKings,player_tds_over,Will Kacmarek,Over,1.5,20000,2026-09-13 20:25:00+00:00,2026-09-13 16:25:00-04:00,2026-09-13,MIA,1.0
8395,c5d95f48a16849ab6bebc68fbbfcb74a,2026-09-12 20:36:23 EDT,2026-09-13,LVR,MIA,LVR@MIA,DraftKings,player_tds_over,Kirk Cousins,Over,1.5,20000,2026-09-13 20:25:00+00:00,2026-09-13 16:25:00-04:00,2026-09-13,LV,1.0
8396,c5d95f48a16849ab6bebc68fbbfcb74a,2026-09-12 20:36:23 EDT,2026-09-13,LVR,MIA,LVR@MIA,DraftKings,player_tds_over,Justin Joly,Over,1.5,25000,2026-09-13 20:25:00+00:00,2026-09-13 16:25:00-04:00,2026-09-13,MIA,1.0
8397,c5d95f48a16849ab6bebc68fbbfcb74a,2026-09-12 20:36:23 EDT,2026-09-13,LVR,MIA,LVR@MIA,DraftKings,player_tds_over,Seydou Traore,Over,1.5,25000,2026-09-13 20:25:00+00:00,2026-09-13 16:25:00-04:00,2026-09-13,MIA,1.0
8398,c5d95f48a16849ab6bebc68fbbfcb74a,2026-09-12 20:36:23 EDT,2026-09-13,LVR,MIA,LVR@MIA,DraftKings,player_tds_over,Ashton Jeanty,Over,2.5,1800,2026-09-13 20:25:00+00:00,2026-09-13 16:25:00-04:00,2026-09-13,LV,1.0
8399,c5d95f48a16849ab6bebc68fbbfcb74a,2026-09-12 20:36:23 EDT,2026-09-13,LVR,MIA,LVR@MIA,DraftKings,player_tds_over,De'Von Achane,Over,2.5,2500,2026-09-13 20:25:00+00:00,2026-09-13 16:25:00-04:00,2026-09-13,MIA,1.0
8400,c5d95f48a16849ab6bebc68fbbfcb74a,2026-09-12 20:36:23 EDT,2026-09-13,LVR,MIA,LVR@MIA,DraftKings,player_tds_over,Tre Tucker,Over,2.5,8000,2026-09-13 20:25:00+00:00,2026-09-13 16:25:00-04:00,2026-09-13,LV,1.0
8401,c5d95f48a16849ab6bebc68fbbfcb74a,2026-09-12 20:36:23 EDT,2026-09-13,LVR,MIA,LVR@MIA,DraftKings,player_tds_over,Michael Mayer,Over,2.5,12000,2026-09-13 20:25:00+00:00,2026-09-13 16:25:00-04:00,2026-09-13,LV,1.0
8402,c5d95f48a16849ab6bebc68fbbfcb74a,2026-09-12 20:36:23 EDT,2026-09-13,LVR,MIA,LVR@MIA,DraftKings,player_tds_over,Malik Willis,Over,2.5,13000,2026-09-13 20:25:00+00:00,2026-09-13 16:25:00-04:00,2026-09-13,MIA,1.0
8403,c5d95f48a16849ab6bebc68fbbfcb74a,2026-09-12 20:36:23 EDT,2026-09-13,LVR,MIA,LVR@MIA,DraftKings,player_tds_over,Jalen Nailor,Over,2.5,14000,2026-09-13 20:25:00+00:00,2026-09-13 16:25:00-04:00,2026-09-13,LV,1.0
8404,c5d95f48a16849ab6bebc68fbbfcb74a,2026-09-12 20:36:23 EDT,2026-09-13,LVR,MIA,LVR@MIA,DraftKings,player_tds_over,Mike Washington Jr.,Over,2.5,17000,2026-09-13 20:25:00+00:00,2026-09-13 16:25:00-04:00,2026-09-13,LV,1.0
8405,c5d95f48a16849ab6bebc68fbbfcb74a,2026-09-12 20:36:23 EDT,2026-09-13,LVR,MIA,LVR@MIA,DraftKings,player_tds_over,Malik Washington,Over,2.5,17000,2026-09-13 20:25:00+00:00,2026-09-13 16:25:00-04:00,2026-09-13,MIA,1.0
8406,c5d95f48a16849ab6bebc68fbbfcb74a,2026-09-12 20:36:23 EDT,2026-09-13,LVR,MIA,LVR@MIA,DraftKings,player_tds_over,Greg Dulcich,Over,2.5,19000,2026-09-13 20:25:00+00:00,2026-09-13 16:25:00-04:00,2026-09-13,MIA,1.0
8407,c5d95f48a16849ab6bebc68fbbfcb74a,2026-09-12 20:36:23 EDT,2026-09-13,LVR,MIA,LVR@MIA,DraftKings,player_tds_over,Ollie Gordon,Over,2.5,20000,2026-09-13 20:25:00+00:00,2026-09-13 16:25:00-04:00,2026-09-13,MIA,1.0
8408,c5d95f48a16849ab6bebc68fbbfcb74a,2026-09-12 20:36:23 EDT,2026-09-13,LVR,MIA,LVR@MIA,DraftKings,player_tds_over,Chris Bell,Over,2.5,20000,2026-09-13 20:25:00+00:00,2026-09-13 16:25:00-04:00,2026-09-13,MIA,1.0
8409,c5d95f48a16849ab6bebc68fbbfcb74a,2026-09-12 20:36:23 EDT,2026-09-13,LVR,MIA,LVR@MIA,DraftKings,player_tds_over,Malik Benson,Over,2.5,20000,2026-09-13 20:25:00+00:00,2026-09-13 16:25:00-04:00,2026-09-13,LV,1.0
8410,c5d95f48a16849ab6bebc68fbbfcb74a,2026-09-12 20:36:23 EDT,2026-09-13,LVR,MIA,LVR@MIA,DraftKings,player_tds_over,Jaylen Wright,Over,2.5,25000,2026-09-13 20:25:00+00:00,2026-09-13 16:25:00-04:00,2026-09-13,MIA,1.0
8411,c5d95f48a16849ab6bebc68fbbfcb74a,2026-09-12 20:36:23 EDT,2026-09-13,LVR,MIA,LVR@MIA,DraftKings,player_tds_over,Ian Thomas,Over,2.5,25000,2026-09-13 20:25:00+00:00,2026-09-13 16:25:00-04:00,2026-09-13,LV,1.0
8412,c5d95f48a16849ab6bebc68fbbfcb74a,2026-09-12 20:36:23 EDT,2026-09-13,LVR,MIA,LVR@MIA,DraftKings,player_tds_over,Kirk Cousins,Over,2.5,25000,2026-09-13 20:25:00+00:00,2026-09-13 16:25:00-04:00,2026-09-13,LV,1.0
8413,c5d95f48a16849ab6bebc68fbbfcb74a,2026-09-12 20:36:23 EDT,2026-09-13,LVR,MIA,LVR@MIA,DraftKings,player_tds_over,Jack Bech,Over,2.5,25000,2026-09-13 20:25:00+00:00,2026-09-13 16:25:00-04:00,2026-09-13,LV,1.0
8414,c5d95f48a16849ab6bebc68fbbfcb74a,2026-09-12 20:36:23 EDT,2026-09-13,LVR,MIA,LVR@MIA,DraftKings,player_tds_over,Caleb Douglas,Over,2.5,25000,2026-09-13 20:25:00+00:00,2026-09-13 16:25:00-04:00,2026-09-13,MIA,1.0
8415,17885cb8dcade8f6c3bce14b2de805e8,2026-09-12 20:36:23 EDT,2026-09-13,PHI,WAS,PHI@WAS,DraftKings,player_pass_completions,Jalen Hurts,Over,18.5,-127,2026-09-13 20:25:00+00:00,2026-09-13 16:25:00-04:00,2026-09-13,PHI,1.0
8416,17885cb8dcade8f6c3bce14b2de805e8,2026-09-12 20:36:23 EDT,2026-09-13,PHI,WAS,PHI@WAS,DraftKings,player_pass_completions,Jayden Daniels,Over,18.5,-117,2026-09-13 20:25:00+00:00,2026-09-13 16:25:00-04:00,2026-09-13,WAS,1.0
8417,17885cb8dcade8f6c3bce14b2de805e8,2026-09-12 20:36:23 EDT,2026-09-13,PHI,WAS,PHI@WAS,DraftKings,player_pass_attempts,Jayden Daniels,Over,29.5,-111,2026-09-13 20:25:00+00:00,2026-09-13 16:25:00-04:00,2026-09-13,WAS,1.0
8418,17885cb8dcade8f6c3bce14b2de805e8,2026-09-12 20:36:23 EDT,2026-09-13,PHI,WAS,PHI@WAS,DraftKings,player_pass_attempts,Jalen Hurts,Over,28.5,-110,2026-09-13 20:25:00+00:00,2026-09-13 16:25:00-04:00,2026-09-13,PHI,1.0
8419,17885cb8dcade8f6c3bce14b2de805e8,2026-09-12 20:36:23 EDT,2026-09-13,PHI,WAS,PHI@WAS,DraftKings,player_pass_yds,Jalen Hurts,Over,212.5,-111,2026-09-13 20:25:00+00:00,2026-09-13 16:25:00-04:00,2026-09-13,PHI,1.0
8420,17885cb8dcade8f6c3bce14b2de805e8,2026-09-12 20:36:23 EDT,2026-09-13,PHI,WAS,PHI@WAS,DraftKings,player_pass_yds,Jayden Daniels,Over,199.5,-112,2026-09-13 20:25:00+00:00,2026-09-13 16:25:00-04:00,2026-09-13,WAS,1.0
8421,17885cb8dcade8f6c3bce14b2de805e8,2026-09-12 20:36:23 EDT,2026-09-13,PHI,WAS,PHI@WAS,DraftKings,player_pass_interceptions,Jalen Hurts,Over,0.5,114,2026-09-13 20:25:00+00:00,2026-09-13 16:25:00-04:00,2026-09-13,PHI,1.0
8422,17885cb8dcade8f6c3bce14b2de805e8,2026-09-12 20:36:23 EDT,2026-09-13,PHI,WAS,PHI@WAS,DraftKings,player_pass_interceptions,Jayden Daniels,Over,0.5,109,2026-09-13 20:25:00+00:00,2026-09-13 16:25:00-04:00,2026-09-13,WAS,1.0
8423,17885cb8dcade8f6c3bce14b2de805e8,2026-09-12 20:36:23 EDT,2026-09-13,PHI,WAS,PHI@WAS,DraftKings,player_pass_tds,Jalen Hurts,Over,1.5,115,2026-09-13 20:25:00+00:00,2026-09-13 16:25:00-04:00,2026-09-13,PHI,1.0
8424,17885cb8dcade8f6c3bce14b2de805e8,2026-09-12 20:36:23 EDT,2026-09-13,PHI,WAS,PHI@WAS,DraftKings,player_pass_tds,Jayden Daniels,Over,0.5,-256,2026-09-13 20:25:00+00:00,2026-09-13 16:25:00-04:00,2026-09-13,WAS,1.0
8425,17885cb8dcade8f6c3bce14b2de805e8,2026-09-12 20:36:23 EDT,2026-09-13,PHI,WAS,PHI@WAS,DraftKings,player_rush_attempts,Saquon Barkley,Over,17.5,-129,2026-09-13 20:25:00+00:00,2026-09-13 16:25:00-04:00,2026-09-13,PHI,1.0
8426,17885cb8dcade8f6c3bce14b2de805e8,2026-09-12 20:36:23 EDT,2026-09-13,PHI,WAS,PHI@WAS,DraftKings,player_rush_attempts,Jacory Croskey-Merritt,Over,11.5,102,2026-09-13 20:25:00+00:00,2026-09-13 16:25:00-04:00,2026-09-13,WAS,1.0
8427,17885cb8dcade8f6c3bce14b2de805e8,2026-09-12 20:36:23 EDT,2026-09-13,PHI,WAS,PHI@WAS,DraftKings,player_rush_attempts,Jayden Daniels,Over,7.5,-126,2026-09-13 20:25:00+00:00,2026-09-13 16:25:00-04:00,2026-09-13,WAS,1.0
8428,17885cb8dcade8f6c3bce14b2de805e8,2026-09-12 20:36:23 EDT,2026-09-13,PHI,WAS,PHI@WAS,DraftKings,player_rush_attempts,Jalen Hurts,Over,6.5,-144,2026-09-13 20:25:00+00:00,2026-09-13 16:25:00-04:00,2026-09-13,PHI,1.0
8429,17885cb8dcade8f6c3bce14b2de805e8,2026-09-12 20:36:23 EDT,2026-09-13,PHI,WAS,PHI@WAS,DraftKings,player_rush_attempts,Rachaad White,Over,6.5,-104,2026-09-13 20:25:00+00:00,2026-09-13 16:25:00-04:00,2026-09-13,WAS,1.0
8430,17885cb8dcade8f6c3bce14b2de805e8,2026-09-12 20:36:23 EDT,2026-09-13,PHI,WAS,PHI@WAS,DraftKings,player_rush_yds,Saquon Barkley,Over,76.5,-114,2026-09-13 20:25:00+00:00,2026-09-13 16:25:00-04:00,2026-09-13,PHI,1.0
8431,17885cb8dcade8f6c3bce14b2de805e8,2026-09-12 20:36:23 EDT,2026-09-13,PHI,WAS,PHI@WAS,DraftKings,player_rush_yds,Jacory Croskey-Merritt,Over,40.5,-109,2026-09-13 20:25:00+00:00,2026-09-13 16:25:00-04:00,2026-09-13,WAS,1.0
8432,17885cb8dcade8f6c3bce14b2de805e8,2026-09-12 20:36:23 EDT,2026-09-13,PHI,WAS,PHI@WAS,DraftKings,player_rush_yds,Jayden Daniels,Over,36.5,-114,2026-09-13 20:25:00+00:00,2026-09-13 16:25:00-04:00,2026-09-13,WAS,1.0
8433,17885cb8dcade8f6c3bce14b2de805e8,2026-09-12 20:36:23 EDT,2026-09-13,PHI,WAS,PHI@WAS,DraftKings,player_rush_yds,Jalen Hurts,Over,29.5,-115,2026-09-13 20:25:00+00:00,2026-09-13 16:25:00-04:00,2026-09-13,PHI,1.0
8434,17885cb8dcade8f6c3bce14b2de805e8,2026-09-12 20:36:23 EDT,2026-09-13,PHI,WAS,PHI@WAS,DraftKings,player_rush_yds,Rachaad White,Over,23.5,-114,2026-09-13 20:25:00+00:00,2026-09-13 16:25:00-04:00,2026-09-13,WAS,1.0
8435,17885cb8dcade8f6c3bce14b2de805e8,2026-09-12 20:36:23 EDT,2026-09-13,PHI,WAS,PHI@WAS,DraftKings,player_rush_yds,Tank Bigsby,Over,17.5,-114,2026-09-13 20:25:00+00:00,2026-09-13 16:25:00-04:00,2026-09-13,PHI,1.0
8436,17885cb8dcade8f6c3bce14b2de805e8,2026-09-12 20:36:23 EDT,2026-09-13,PHI,WAS,PHI@WAS,DraftKings,player_receptions,DeVonta Smith,Over,5.5,102,2026-09-13 20:25:00+00:00,2026-09-13 16:25:00-04:00,2026-09-13,CAR,1.0
8437,17885cb8dcade8f6c3bce14b2de805e8,2026-09-12 20:36:23 EDT,2026-09-13,PHI,WAS,PHI@WAS,DraftKings,player_receptions,Terry McLaurin,Over,3.5,-155,2026-09-13 20:25:00+00:00,2026-09-13 16:25:00-04:00,2026-09-13,WAS,1.0
8438,17885cb8dcade8f6c3bce14b2de805e8,2026-09-12 20:36:23 EDT,2026-09-13,PHI,WAS,PHI@WAS,DraftKings,player_receptions,Stefon Diggs,Over,3.5,-151,2026-09-13 20:25:00+00:00,2026-09-13 16:25:00-04:00,2026-09-13,WAS,1.0
8439,17885cb8dcade8f6c3bce14b2de805e8,2026-09-12 20:36:23 EDT,2026-09-13,PHI,WAS,PHI@WAS,DraftKings,player_receptions,Dallas Goedert,Over,3.5,-126,2026-09-13 20:25:00+00:00,2026-09-13 16:25:00-04:00,2026-09-13,PHI,1.0
8440,17885cb8dcade8f6c3bce14b2de805e8,2026-09-12 20:36:23 EDT,2026-09-13,PHI,WAS,PHI@WAS,DraftKings,player_receptions,Chig Okonkwo,Over,2.5,-158,2026-09-13 20:25:00+00:00,2026-09-13 16:25:00-04:00,2026-09-13,WAS,1.0
8441,17885cb8dcade8f6c3bce14b2de805e8,2026-09-12 20:36:23 EDT,2026-09-13,PHI,WAS,PHI@WAS,DraftKings,player_receptions,Dontayvion Wicks,Over,2.5,-112,2026-09-13 20:25:00+00:00,2026-09-13 16:25:00-04:00,2026-09-13,PHI,1.0
8442,17885cb8dcade8f6c3bce14b2de805e8,2026-09-12 20:36:23 EDT,2026-09-13,PHI,WAS,PHI@WAS,DraftKings,player_receptions,Saquon Barkley,Over,2.5,105,2026-09-13 20:25:00+00:00,2026-09-13 16:25:00-04:00,2026-09-13,PHI,1.0
8443,17885cb8dcade8f6c3bce14b2de805e8,2026-09-12 20:36:23 EDT,2026-09-13,PHI,WAS,PHI@WAS,DraftKings,player_receptions,Rachaad White,Over,2.5,128,2026-09-13 20:25:00+00:00,2026-09-13 16:25:00-04:00,2026-09-13,WAS,1.0
8444,17885cb8dcade8f6c3bce14b2de805e8,2026-09-12 20:36:23 EDT,2026-09-13,PHI,WAS,PHI@WAS,DraftKings,player_receptions,Makai Lemon,Over,2.5,131,2026-09-13 20:25:00+00:00,2026-09-13 16:25:00-04:00,2026-09-13,PHI,1.0
8445,17885cb8dcade8f6c3bce14b2de805e8,2026-09-12 20:36:23 EDT,2026-09-13,PHI,WAS,PHI@WAS,DraftKings,player_reception_yds,DeVonta Smith,Over,65.5,-111,2026-09-13 20:25:00+00:00,2026-09-13 16:25:00-04:00,2026-09-13,CAR,1.0
8446,17885cb8dcade8f6c3bce14b2de805e8,2026-09-12 20:36:23 EDT,2026-09-13,PHI,WAS,PHI@WAS,DraftKings,player_reception_yds,Terry McLaurin,Over,49.5,-110,2026-09-13 20:25:00+00:00,2026-09-13 16:25:00-04:00,2026-09-13,WAS,1.0
8447,17885cb8dcade8f6c3bce14b2de805e8,2026-09-12 20:36:23 EDT,2026-09-13,PHI,WAS,PHI@WAS,DraftKings,player_reception_yds,Stefon Diggs,Over,40.5,-111,2026-09-13 20:25:00+00:00,2026-09-13 16:25:00-04:00,2026-09-13,WAS,1.0
8448,17885cb8dcade8f6c3bce14b2de805e8,2026-09-12 20:36:23 EDT,2026-09-13,PHI,WAS,PHI@WAS,DraftKings,player_reception_yds,Dallas Goedert,Over,38.5,-111,2026-09-13 20:25:00+00:00,2026-09-13 16:25:00-04:00,2026-09-13,PHI,1.0
8449,17885cb8dcade8f6c3bce14b2de805e8,2026-09-12 20:36:23 EDT,2026-09-13,PHI,WAS,PHI@WAS,DraftKings,player_reception_yds,Dontayvion Wicks,Over,27.5,-115,2026-09-13 20:25:00+00:00,2026-09-13 16:25:00-04:00,2026-09-13,PHI,1.0
8450,17885cb8dcade8f6c3bce14b2de805e8,2026-09-12 20:36:23 EDT,2026-09-13,PHI,WAS,PHI@WAS,DraftKings,player_reception_yds,Chig Okonkwo,Over,26.5,-110,2026-09-13 20:25:00+00:00,2026-09-13 16:25:00-04:00,2026-09-13,WAS,1.0
8451,17885cb8dcade8f6c3bce14b2de805e8,2026-09-12 20:36:23 EDT,2026-09-13,PHI,WAS,PHI@WAS,DraftKings,player_reception_yds,Makai Lemon,Over,24.5,-109,2026-09-13 20:25:00+00:00,2026-09-13 16:25:00-04:00,2026-09-13,PHI,1.0
8452,17885cb8dcade8f6c3bce14b2de805e8,2026-09-12 20:36:23 EDT,2026-09-13,PHI,WAS,PHI@WAS,DraftKings,player_reception_yds,Saquon Barkley,Over,15.5,-111,2026-09-13 20:25:00+00:00,2026-09-13 16:25:00-04:00,2026-09-13,PHI,1.0
8453,17885cb8dcade8f6c3bce14b2de805e8,2026-09-12 20:36:23 EDT,2026-09-13,PHI,WAS,PHI@WAS,DraftKings,player_reception_yds,Rachaad White,Over,15.5,-109,2026-09-13 20:25:00+00:00,2026-09-13 16:25:00-04:00,2026-09-13,WAS,1.0
8454,17885cb8dcade8f6c3bce14b2de805e8,2026-09-12 20:36:23 EDT,2026-09-13,PHI,WAS,PHI@WAS,DraftKings,player_reception_yds,Jacory Croskey-Merritt,Over,6.5,-121,2026-09-13 20:25:00+00:00,2026-09-13 16:25:00-04:00,2026-09-13,WAS,1.0
8455,17885cb8dcade8f6c3bce14b2de805e8,2026-09-12 20:36:23 EDT,2026-09-13,PHI,WAS,PHI@WAS,DraftKings,player_tds_over,Saquon Barkley,Over,1.5,500,2026-09-13 20:25:00+00:00,2026-09-13 16:25:00-04:00,2026-09-13,PHI,1.0
8456,17885cb8dcade8f6c3bce14b2de805e8,2026-09-12 20:36:23 EDT,2026-09-13,PHI,WAS,PHI@WAS,DraftKings,player_tds_over,Jalen Hurts,Over,1.5,850,2026-09-13 20:25:00+00:00,2026-09-13 16:25:00-04:00,2026-09-13,PHI,1.0
8457,17885cb8dcade8f6c3bce14b2de805e8,2026-09-12 20:36:23 EDT,2026-09-13,PHI,WAS,PHI@WAS,DraftKings,player_tds_over,Jacory Croskey-Merritt,Over,1.5,1200,2026-09-13 20:25:00+00:00,2026-09-13 16:25:00-04:00,2026-09-13,WAS,1.0
8458,17885cb8dcade8f6c3bce14b2de805e8,2026-09-12 20:36:23 EDT,2026-09-13,PHI,WAS,PHI@WAS,DraftKings,player_tds_over,DeVonta Smith,Over,1.5,1400,2026-09-13 20:25:00+00:00,2026-09-13 16:25:00-04:00,2026-09-13,CAR,1.0
8459,17885cb8dcade8f6c3bce14b2de805e8,2026-09-12 20:36:23 EDT,2026-09-13,PHI,WAS,PHI@WAS,DraftKings,player_tds_over,Dallas Goedert,Over,1.5,1800,2026-09-13 20:25:00+00:00,2026-09-13 16:25:00-04:00,2026-09-13,PHI,1.0
8460,17885cb8dcade8f6c3bce14b2de805e8,2026-09-12 20:36:23 EDT,2026-09-13,PHI,WAS,PHI@WAS,DraftKings,player_tds_over,Rachaad White,Over,1.5,1900,2026-09-13 20:25:00+00:00,2026-09-13 16:25:00-04:00,2026-09-13,WAS,1.0
8461,17885cb8dcade8f6c3bce14b2de805e8,2026-09-12 20:36:23 EDT,2026-09-13,PHI,WAS,PHI@WAS,DraftKings,player_tds_over,Terry McLaurin,Over,1.5,2500,2026-09-13 20:25:00+00:00,2026-09-13 16:25:00-04:00,2026-09-13,WAS,1.0
8462,17885cb8dcade8f6c3bce14b2de805e8,2026-09-12 20:36:23 EDT,2026-09-13,PHI,WAS,PHI@WAS,DraftKings,player_tds_over,Jayden Daniels,Over,1.5,2500,2026-09-13 20:25:00+00:00,2026-09-13 16:25:00-04:00,2026-09-13,WAS,1.0
8463,17885cb8dcade8f6c3bce14b2de805e8,2026-09-12 20:36:23 EDT,2026-09-13,PHI,WAS,PHI@WAS,DraftKings,player_tds_over,Dontayvion Wicks,Over,1.5,3000,2026-09-13 20:25:00+00:00,2026-09-13 16:25:00-04:00,2026-09-13,PHI,1.0
8464,17885cb8dcade8f6c3bce14b2de805e8,2026-09-12 20:36:23 EDT,2026-09-13,PHI,WAS,PHI@WAS,DraftKings,player_tds_over,Makai Lemon,Over,1.5,3500,2026-09-13 20:25:00+00:00,2026-09-13 16:25:00-04:00,2026-09-13,PHI,1.0
8465,17885cb8dcade8f6c3bce14b2de805e8,2026-09-12 20:36:23 EDT,2026-09-13,PHI,WAS,PHI@WAS,DraftKings,player_tds_over,Tank Bigsby,Over,1.5,4000,2026-09-13 20:25:00+00:00,2026-09-13 16:25:00-04:00,2026-09-13,PHI,1.0
8466,17885cb8dcade8f6c3bce14b2de805e8,2026-09-12 20:36:23 EDT,2026-09-13,PHI,WAS,PHI@WAS,DraftKings,player_tds_over,Stefon Diggs,Over,1.5,4500,2026-09-13 20:25:00+00:00,2026-09-13 16:25:00-04:00,2026-09-13,WAS,1.0
8467,17885cb8dcade8f6c3bce14b2de805e8,2026-09-12 20:36:23 EDT,2026-09-13,PHI,WAS,PHI@WAS,DraftKings,player_tds_over,Chig Okonkwo,Over,1.5,5500,2026-09-13 20:25:00+00:00,2026-09-13 16:25:00-04:00,2026-09-13,WAS,1.0
8468,17885cb8dcade8f6c3bce14b2de805e8,2026-09-12 20:36:23 EDT,2026-09-13,PHI,WAS,PHI@WAS,DraftKings,player_tds_over,Johnny Mundt,Over,1.5,7000,2026-09-13 20:25:00+00:00,2026-09-13 16:25:00-04:00,2026-09-13,PHI,1.0
8469,17885cb8dcade8f6c3bce14b2de805e8,2026-09-12 20:36:23 EDT,2026-09-13,PHI,WAS,PHI@WAS,DraftKings,player_tds_over,Treylon Burks,Over,1.5,8000,2026-09-13 20:25:00+00:00,2026-09-13 16:25:00-04:00,2026-09-13,WAS,1.0
8470,17885cb8dcade8f6c3bce14b2de805e8,2026-09-12 20:36:23 EDT,2026-09-13,PHI,WAS,PHI@WAS,DraftKings,player_tds_over,Kaytron Allen,Over,1.5,10000,2026-09-13 20:25:00+00:00,2026-09-13 16:25:00-04:00,2026-09-13,WAS,1.0
8471,17885cb8dcade8f6c3bce14b2de805e8,2026-09-12 20:36:23 EDT,2026-09-13,PHI,WAS,PHI@WAS,DraftKings,player_tds_over,Antonio Williams,Over,1.5,11000,2026-09-13 20:25:00+00:00,2026-09-13 16:25:00-04:00,2026-09-13,WAS,1.0
8472,17885cb8dcade8f6c3bce14b2de805e8,2026-09-12 20:36:23 EDT,2026-09-13,PHI,WAS,PHI@WAS,DraftKings,player_tds_over,Luke McCaffrey,Over,1.5,12000,2026-09-13 20:25:00+00:00,2026-09-13 16:25:00-04:00,2026-09-13,WAS,1.0
8473,17885cb8dcade8f6c3bce14b2de805e8,2026-09-12 20:36:23 EDT,2026-09-13,PHI,WAS,PHI@WAS,DraftKings,player_tds_over,Will Shipley,Over,1.5,14000,2026-09-13 20:25:00+00:00,2026-09-13 16:25:00-04:00,2026-09-13,PHI,1.0
8474,17885cb8dcade8f6c3bce14b2de805e8,2026-09-12 20:36:23 EDT,2026-09-13,PHI,WAS,PHI@WAS,DraftKings,player_tds_over,Darius Cooper,Over,1.5,15000,2026-09-13 20:25:00+00:00,2026-09-13 16:25:00-04:00,2026-09-13,PHI,1.0
8475,17885cb8dcade8f6c3bce14b2de805e8,2026-09-12 20:36:23 EDT,2026-09-13,PHI,WAS,PHI@WAS,DraftKings,player_tds_over,Jaylin Lane,Over,1.5,17000,2026-09-13 20:25:00+00:00,2026-09-13 16:25:00-04:00,2026-09-13,WAS,1.0
8476,17885cb8dcade8f6c3bce14b2de805e8,2026-09-12 20:36:23 EDT,2026-09-13,PHI,WAS,PHI@WAS,DraftKings,player_tds_over,Elijah Moore,Over,1.5,18000,2026-09-13 20:25:00+00:00,2026-09-13 16:25:00-04:00,2026-09-13,PHI,1.0
8477,17885cb8dcade8f6c3bce14b2de805e8,2026-09-12 20:36:23 EDT,2026-09-13,PHI,WAS,PHI@WAS,DraftKings,player_tds_over,Colson Yankoff,Over,1.5,19000,2026-09-13 20:25:00+00:00,2026-09-13 16:25:00-04:00,2026-09-13,WAS,1.0
8478,17885cb8dcade8f6c3bce14b2de805e8,2026-09-12 20:36:23 EDT,2026-09-13,PHI,WAS,PHI@WAS,DraftKings,player_tds_over,John Bates,Over,1.5,20000,2026-09-13 20:25:00+00:00,2026-09-13 16:25:00-04:00,2026-09-13,WAS,1.0
8479,17885cb8dcade8f6c3bce14b2de805e8,2026-09-12 20:36:23 EDT,2026-09-13,PHI,WAS,PHI@WAS,DraftKings,player_tds_over,Dyami Brown,Over,1.5,20000,2026-09-13 20:25:00+00:00,2026-09-13 16:25:00-04:00,2026-09-13,WAS,1.0
8480,17885cb8dcade8f6c3bce14b2de805e8,2026-09-12 20:36:23 EDT,2026-09-13,PHI,WAS,PHI@WAS,DraftKings,player_tds_over,E.J. Jenkins,Over,1.5,20000,2026-09-13 20:25:00+00:00,2026-09-13 16:25:00-04:00,2026-09-13,PHI,1.0
8481,17885cb8dcade8f6c3bce14b2de805e8,2026-09-12 20:36:23 EDT,2026-09-13,PHI,WAS,PHI@WAS,DraftKings,player_tds_over,Ben Sinnott,Over,1.5,25000,2026-09-13 20:25:00+00:00,2026-09-13 16:25:00-04:00,2026-09-13,WAS,1.0
8482,17885cb8dcade8f6c3bce14b2de805e8,2026-09-12 20:36:23 EDT,2026-09-13,PHI,WAS,PHI@WAS,DraftKings,player_tds_over,Saquon Barkley,Over,2.5,2500,2026-09-13 20:25:00+00:00,2026-09-13 16:25:00-04:00,2026-09-13,PHI,1.0
8483,17885cb8dcade8f6c3bce14b2de805e8,2026-09-12 20:36:23 EDT,2026-09-13,PHI,WAS,PHI@WAS,DraftKings,player_tds_over,Jalen Hurts,Over,2.5,4000,2026-09-13 20:25:00+00:00,2026-09-13 16:25:00-04:00,2026-09-13,PHI,1.0
8484,17885cb8dcade8f6c3bce14b2de805e8,2026-09-12 20:36:23 EDT,2026-09-13,PHI,WAS,PHI@WAS,DraftKings,player_tds_over,Jacory Croskey-Merritt,Over,2.5,6000,2026-09-13 20:25:00+00:00,2026-09-13 16:25:00-04:00,2026-09-13,WAS,1.0
8485,17885cb8dcade8f6c3bce14b2de805e8,2026-09-12 20:36:23 EDT,2026-09-13,PHI,WAS,PHI@WAS,DraftKings,player_tds_over,DeVonta Smith,Over,2.5,7500,2026-09-13 20:25:00+00:00,2026-09-13 16:25:00-04:00,2026-09-13,CAR,1.0
8486,17885cb8dcade8f6c3bce14b2de805e8,2026-09-12 20:36:23 EDT,2026-09-13,PHI,WAS,PHI@WAS,DraftKings,player_tds_over,Rachaad White,Over,2.5,10000,2026-09-13 20:25:00+00:00,2026-09-13 16:25:00-04:00,2026-09-13,WAS,1.0
8487,17885cb8dcade8f6c3bce14b2de805e8,2026-09-12 20:36:23 EDT,2026-09-13,PHI,WAS,PHI@WAS,DraftKings,player_tds_over,Dallas Goedert,Over,2.5,10000,2026-09-13 20:25:00+00:00,2026-09-13 16:25:00-04:00,2026-09-13,PHI,1.0
8488,17885cb8dcade8f6c3bce14b2de805e8,2026-09-12 20:36:23 EDT,2026-09-13,PHI,WAS,PHI@WAS,DraftKings,player_tds_over,Terry McLaurin,Over,2.5,13000,2026-09-13 20:25:00+00:00,2026-09-13 16:25:00-04:00,2026-09-13,WAS,1.0
8489,17885cb8dcade8f6c3bce14b2de805e8,2026-09-12 20:36:23 EDT,2026-09-13,PHI,WAS,PHI@WAS,DraftKings,player_tds_over,Jayden Daniels,Over,2.5,14000,2026-09-13 20:25:00+00:00,2026-09-13 16:25:00-04:00,2026-09-13,WAS,1.0
8490,17885cb8dcade8f6c3bce14b2de805e8,2026-09-12 20:36:23 EDT,2026-09-13,PHI,WAS,PHI@WAS,DraftKings,player_tds_over,Dontayvion Wicks,Over,2.5,15000,2026-09-13 20:25:00+00:00,2026-09-13 16:25:00-04:00,2026-09-13,PHI,1.0
8491,17885cb8dcade8f6c3bce14b2de805e8,2026-09-12 20:36:23 EDT,2026-09-13,PHI,WAS,PHI@WAS,DraftKings,player_tds_over,Makai Lemon,Over,2.5,15000,2026-09-13 20:25:00+00:00,2026-09-13 16:25:00-04:00,2026-09-13,PHI,1.0
8492,17885cb8dcade8f6c3bce14b2de805e8,2026-09-12 20:36:23 EDT,2026-09-13,PHI,WAS,PHI@WAS,DraftKings,player_tds_over,Tank Bigsby,Over,2.5,15000,2026-09-13 20:25:00+00:00,2026-09-13 16:25:00-04:00,2026-09-13,PHI,1.0
8493,17885cb8dcade8f6c3bce14b2de805e8,2026-09-12 20:36:23 EDT,2026-09-13,PHI,WAS,PHI@WAS,DraftKings,player_tds_over,Stefon Diggs,Over,2.5,17000,2026-09-13 20:25:00+00:00,2026-09-13 16:25:00-04:00,2026-09-13,WAS,1.0
8494,17885cb8dcade8f6c3bce14b2de805e8,2026-09-12 20:36:23 EDT,2026-09-13,PHI,WAS,PHI@WAS,DraftKings,player_tds_over,Chig Okonkwo,Over,2.5,20000,2026-09-13 20:25:00+00:00,2026-09-13 16:25:00-04:00,2026-09-13,WAS,1.0
8495,17885cb8dcade8f6c3bce14b2de805e8,2026-09-12 20:36:23 EDT,2026-09-13,PHI,WAS,PHI@WAS,DraftKings,player_tds_over,Johnny Mundt,Over,2.5,20000,2026-09-13 20:25:00+00:00,2026-09-13 16:25:00-04:00,2026-09-13,PHI,1.0
8496,17885cb8dcade8f6c3bce14b2de805e8,2026-09-12 20:36:23 EDT,2026-09-13,PHI,WAS,PHI@WAS,DraftKings,player_tds_over,Kaytron Allen,Over,2.5,25000,2026-09-13 20:25:00+00:00,2026-09-13 16:25:00-04:00,2026-09-13,WAS,1.0
8497,17885cb8dcade8f6c3bce14b2de805e8,2026-09-12 20:36:23 EDT,2026-09-13,PHI,WAS,PHI@WAS,DraftKings,player_tds_over,Treylon Burks,Over,2.5,25000,2026-09-13 20:25:00+00:00,2026-09-13 16:25:00-04:00,2026-09-13,WAS,1.0
8498,17885cb8dcade8f6c3bce14b2de805e8,2026-09-12 20:36:23 EDT,2026-09-13,PHI,WAS,PHI@WAS,DraftKings,player_tds_over,Luke McCaffrey,Over,2.5,25000,2026-09-13 20:25:00+00:00,2026-09-13 16:25:00-04:00,2026-09-13,WAS,1.0
8499,3e646c7479c57f5d9752d8c7dfe7059b,2026-09-12 20:36:23 EDT,2026-09-13,NYG,DAL,NYG@DAL,DraftKings,player_pass_completions,Dak Prescott,Over,23.5,-101,2026-09-14 00:20:00+00:00,2026-09-13 20:20:00-04:00,2026-09-13,DAL,1.0
8500,3e646c7479c57f5d9752d8c7dfe7059b,2026-09-12 20:36:23 EDT,2026-09-13,NYG,DAL,NYG@DAL,DraftKings,player_pass_completions,Jaxson Dart,Over,18.5,-128,2026-09-14 00:20:00+00:00,2026-09-13 20:20:00-04:00,2026-09-13,NYG,1.0
8501,3e646c7479c57f5d9752d8c7dfe7059b,2026-09-12 20:36:23 EDT,2026-09-13,NYG,DAL,NYG@DAL,DraftKings,player_pass_attempts,Dak Prescott,Over,33.5,-111,2026-09-14 00:20:00+00:00,2026-09-13 20:20:00-04:00,2026-09-13,DAL,1.0
8502,3e646c7479c57f5d9752d8c7dfe7059b,2026-09-12 20:36:23 EDT,2026-09-13,NYG,DAL,NYG@DAL,DraftKings,player_pass_attempts,Jaxson Dart,Over,29.5,-112,2026-09-14 00:20:00+00:00,2026-09-13 20:20:00-04:00,2026-09-13,NYG,1.0
8503,3e646c7479c57f5d9752d8c7dfe7059b,2026-09-12 20:36:23 EDT,2026-09-13,NYG,DAL,NYG@DAL,DraftKings,player_pass_yds,Dak Prescott,Over,261.5,-113,2026-09-14 00:20:00+00:00,2026-09-13 20:20:00-04:00,2026-09-13,DAL,1.0
8504,3e646c7479c57f5d9752d8c7dfe7059b,2026-09-12 20:36:23 EDT,2026-09-13,NYG,DAL,NYG@DAL,DraftKings,player_pass_yds,Jaxson Dart,Over,211.5,-112,2026-09-14 00:20:00+00:00,2026-09-13 20:20:00-04:00,2026-09-13,NYG,1.0
8505,3e646c7479c57f5d9752d8c7dfe7059b,2026-09-12 20:36:23 EDT,2026-09-13,NYG,DAL,NYG@DAL,DraftKings,player_pass_interceptions,Jaxson Dart,Over,0.5,107,2026-09-14 00:20:00+00:00,2026-09-13 20:20:00-04:00,2026-09-13,NYG,1.0
8506,3e646c7479c57f5d9752d8c7dfe7059b,2026-09-12 20:36:23 EDT,2026-09-13,NYG,DAL,NYG@DAL,DraftKings,player_pass_interceptions,Dak Prescott,Over,0.5,-105,2026-09-14 00:20:00+00:00,2026-09-13 20:20:00-04:00,2026-09-13,DAL,1.0
8507,3e646c7479c57f5d9752d8c7dfe7059b,2026-09-12 20:36:23 EDT,2026-09-13,NYG,DAL,NYG@DAL,DraftKings,player_pass_tds,Dak Prescott,Over,1.5,-140,2026-09-14 00:20:00+00:00,2026-09-13 20:20:00-04:00,2026-09-13,DAL,1.0
8508,3e646c7479c57f5d9752d8c7dfe7059b,2026-09-12 20:36:23 EDT,2026-09-13,NYG,DAL,NYG@DAL,DraftKings,player_pass_tds,Jaxson Dart,Over,1.5,133,2026-09-14 00:20:00+00:00,2026-09-13 20:20:00-04:00,2026-09-13,NYG,1.0
8509,3e646c7479c57f5d9752d8c7dfe7059b,2026-09-12 20:36:23 EDT,2026-09-13,NYG,DAL,NYG@DAL,DraftKings,player_rush_attempts,Javonte Williams,Over,17.5,-125,2026-09-14 00:20:00+00:00,2026-09-13 20:20:00-04:00,2026-09-13,DAL,1.0
8510,3e646c7479c57f5d9752d8c7dfe7059b,2026-09-12 20:36:23 EDT,2026-09-13,NYG,DAL,NYG@DAL,DraftKings,player_rush_attempts,Cam Skattebo,Over,11.5,-110,2026-09-14 00:20:00+00:00,2026-09-13 20:20:00-04:00,2026-09-13,NYG,1.0
8511,3e646c7479c57f5d9752d8c7dfe7059b,2026-09-12 20:36:23 EDT,2026-09-13,NYG,DAL,NYG@DAL,DraftKings,player_rush_attempts,Jaxson Dart,Over,6.5,-110,2026-09-14 00:20:00+00:00,2026-09-13 20:20:00-04:00,2026-09-13,NYG,1.0
8512,3e646c7479c57f5d9752d8c7dfe7059b,2026-09-12 20:36:23 EDT,2026-09-13,NYG,DAL,NYG@DAL,DraftKings,player_rush_attempts,Dak Prescott,Over,2.5,-130,2026-09-14 00:20:00+00:00,2026-09-13 20:20:00-04:00,2026-09-13,DAL,1.0
8513,3e646c7479c57f5d9752d8c7dfe7059b,2026-09-12 20:36:23 EDT,2026-09-13,NYG,DAL,NYG@DAL,DraftKings,player_rush_yds,Javonte Williams,Over,75.5,-112,2026-09-14 00:20:00+00:00,2026-09-13 20:20:00-04:00,2026-09-13,DAL,1.0
8514,3e646c7479c57f5d9752d8c7dfe7059b,2026-09-12 20:36:23 EDT,2026-09-13,NYG,DAL,NYG@DAL,DraftKings,player_rush_yds,Cam Skattebo,Over,49.5,-114,2026-09-14 00:20:00+00:00,2026-09-13 20:20:00-04:00,2026-09-13,NYG,1.0
8515,3e646c7479c57f5d9752d8c7dfe7059b,2026-09-12 20:36:23 EDT,2026-09-13,NYG,DAL,NYG@DAL,DraftKings,player_rush_yds,Jaxson Dart,Over,31.5,-115,2026-09-14 00:20:00+00:00,2026-09-13 20:20:00-04:00,2026-09-13,NYG,1.0
8516,3e646c7479c57f5d9752d8c7dfe7059b,2026-09-12 20:36:23 EDT,2026-09-13,NYG,DAL,NYG@DAL,DraftKings,player_rush_yds,Dak Prescott,Over,8.5,-113,2026-09-14 00:20:00+00:00,2026-09-13 20:20:00-04:00,2026-09-13,DAL,1.0
8517,3e646c7479c57f5d9752d8c7dfe7059b,2026-09-12 20:36:23 EDT,2026-09-13,NYG,DAL,NYG@DAL,DraftKings,player_rush_yds,KaVontae Turpin,Over,4.5,-108,2026-09-14 00:20:00+00:00,2026-09-13 20:20:00-04:00,2026-09-13,DAL,1.0
8518,3e646c7479c57f5d9752d8c7dfe7059b,2026-09-12 20:36:23 EDT,2026-09-13,NYG,DAL,NYG@DAL,DraftKings,player_receptions,CeeDee Lamb,Over,5.5,-146,2026-09-14 00:20:00+00:00,2026-09-13 20:20:00-04:00,2026-09-13,DAL,1.0
8519,3e646c7479c57f5d9752d8c7dfe7059b,2026-09-12 20:36:23 EDT,2026-09-13,NYG,DAL,NYG@DAL,DraftKings,player_receptions,George Pickens,Over,4.5,-154,2026-09-14 00:20:00+00:00,2026-09-13 20:20:00-04:00,2026-09-13,DAL,1.0
8520,3e646c7479c57f5d9752d8c7dfe7059b,2026-09-12 20:36:23 EDT,2026-09-13,NYG,DAL,NYG@DAL,DraftKings,player_receptions,Malik Nabers,Over,4.5,-154,2026-09-14 00:20:00+00:00,2026-09-13 20:20:00-04:00,2026-09-13,NYG,1.0
8521,3e646c7479c57f5d9752d8c7dfe7059b,2026-09-12 20:36:23 EDT,2026-09-13,NYG,DAL,NYG@DAL,DraftKings,player_receptions,Jake Ferguson,Over,3.5,-115,2026-09-14 00:20:00+00:00,2026-09-13 20:20:00-04:00,2026-09-13,DAL,1.0
8522,3e646c7479c57f5d9752d8c7dfe7059b,2026-09-12 20:36:23 EDT,2026-09-13,NYG,DAL,NYG@DAL,DraftKings,player_receptions,Isaiah Likely,Over,3.5,105,2026-09-14 00:20:00+00:00,2026-09-13 20:20:00-04:00,2026-09-13,NYG,1.0
8523,3e646c7479c57f5d9752d8c7dfe7059b,2026-09-12 20:36:23 EDT,2026-09-13,NYG,DAL,NYG@DAL,DraftKings,player_receptions,Cam Skattebo,Over,2.5,110,2026-09-14 00:20:00+00:00,2026-09-13 20:20:00-04:00,2026-09-13,NYG,1.0
8524,3e646c7479c57f5d9752d8c7dfe7059b,2026-09-12 20:36:23 EDT,2026-09-13,NYG,DAL,NYG@DAL,DraftKings,player_receptions,Malachi Fields,Over,2.5,127,2026-09-14 00:20:00+00:00,2026-09-13 20:20:00-04:00,2026-09-13,NYG,1.0
8525,3e646c7479c57f5d9752d8c7dfe7059b,2026-09-12 20:36:23 EDT,2026-09-13,NYG,DAL,NYG@DAL,DraftKings,player_receptions,Ryan Flournoy,Over,2.5,127,2026-09-14 00:20:00+00:00,2026-09-13 20:20:00-04:00,2026-09-13,DAL,1.0
8526,3e646c7479c57f5d9752d8c7dfe7059b,2026-09-12 20:36:23 EDT,2026-09-13,NYG,DAL,NYG@DAL,DraftKings,player_receptions,Javonte Williams,Over,2.5,138,2026-09-14 00:20:00+00:00,2026-09-13 20:20:00-04:00,2026-09-13,DAL,1.0
8527,3e646c7479c57f5d9752d8c7dfe7059b,2026-09-12 20:36:23 EDT,2026-09-13,NYG,DAL,NYG@DAL,DraftKings,player_receptions,Theo Johnson,Over,1.5,-118,2026-09-14 00:20:00+00:00,2026-09-13 20:20:00-04:00,2026-09-13,NYG,1.0
8528,3e646c7479c57f5d9752d8c7dfe7059b,2026-09-12 20:36:23 EDT,2026-09-13,NYG,DAL,NYG@DAL,DraftKings,player_receptions,Darnell Mooney,Over,1.5,-104,2026-09-14 00:20:00+00:00,2026-09-13 20:20:00-04:00,2026-09-13,NYG,1.0
8529,3e646c7479c57f5d9752d8c7dfe7059b,2026-09-12 20:36:23 EDT,2026-09-13,NYG,DAL,NYG@DAL,DraftKings,player_receptions,Odell Beckham Jr.,Over,1.5,131,2026-09-14 00:20:00+00:00,2026-09-13 20:20:00-04:00,2026-09-13,NYG,1.0
8530,3e646c7479c57f5d9752d8c7dfe7059b,2026-09-12 20:36:23 EDT,2026-09-13,NYG,DAL,NYG@DAL,DraftKings,player_receptions,KaVontae Turpin,Over,1.5,173,2026-09-14 00:20:00+00:00,2026-09-13 20:20:00-04:00,2026-09-13,DAL,1.0
8531,3e646c7479c57f5d9752d8c7dfe7059b,2026-09-12 20:36:23 EDT,2026-09-13,NYG,DAL,NYG@DAL,DraftKings,player_reception_yds,CeeDee Lamb,Over,75.5,-110,2026-09-14 00:20:00+00:00,2026-09-13 20:20:00-04:00,2026-09-13,DAL,1.0
8532,3e646c7479c57f5d9752d8c7dfe7059b,2026-09-12 20:36:23 EDT,2026-09-13,NYG,DAL,NYG@DAL,DraftKings,player_reception_yds,George Pickens,Over,66.5,-111,2026-09-14 00:20:00+00:00,2026-09-13 20:20:00-04:00,2026-09-13,DAL,1.0
8533,3e646c7479c57f5d9752d8c7dfe7059b,2026-09-12 20:36:23 EDT,2026-09-13,NYG,DAL,NYG@DAL,DraftKings,player_reception_yds,Malik Nabers,Over,55.5,-114,2026-09-14 00:20:00+00:00,2026-09-13 20:20:00-04:00,2026-09-13,NYG,1.0
8534,3e646c7479c57f5d9752d8c7dfe7059b,2026-09-12 20:36:23 EDT,2026-09-13,NYG,DAL,NYG@DAL,DraftKings,player_reception_yds,Isaiah Likely,Over,37.5,-110,2026-09-14 00:20:00+00:00,2026-09-13 20:20:00-04:00,2026-09-13,NYG,1.0
8535,3e646c7479c57f5d9752d8c7dfe7059b,2026-09-12 20:36:23 EDT,2026-09-13,NYG,DAL,NYG@DAL,DraftKings,player_reception_yds,Jake Ferguson,Over,29.5,-113,2026-09-14 00:20:00+00:00,2026-09-13 20:20:00-04:00,2026-09-13,DAL,1.0
8536,3e646c7479c57f5d9752d8c7dfe7059b,2026-09-12 20:36:23 EDT,2026-09-13,NYG,DAL,NYG@DAL,DraftKings,player_reception_yds,Ryan Flournoy,Over,24.5,-111,2026-09-14 00:20:00+00:00,2026-09-13 20:20:00-04:00,2026-09-13,DAL,1.0
8537,3e646c7479c57f5d9752d8c7dfe7059b,2026-09-12 20:36:23 EDT,2026-09-13,NYG,DAL,NYG@DAL,DraftKings,player_reception_yds,Malachi Fields,Over,22.5,-115,2026-09-14 00:20:00+00:00,2026-09-13 20:20:00-04:00,2026-09-13,NYG,1.0
8538,3e646c7479c57f5d9752d8c7dfe7059b,2026-09-12 20:36:23 EDT,2026-09-13,NYG,DAL,NYG@DAL,DraftKings,player_reception_yds,Darnell Mooney,Over,19.5,-114,2026-09-14 00:20:00+00:00,2026-09-13 20:20:00-04:00,2026-09-13,NYG,1.0
8539,3e646c7479c57f5d9752d8c7dfe7059b,2026-09-12 20:36:23 EDT,2026-09-13,NYG,DAL,NYG@DAL,DraftKings,player_reception_yds,Cam Skattebo,Over,15.5,-112,2026-09-14 00:20:00+00:00,2026-09-13 20:20:00-04:00,2026-09-13,NYG,1.0
8540,3e646c7479c57f5d9752d8c7dfe7059b,2026-09-12 20:36:23 EDT,2026-09-13,NYG,DAL,NYG@DAL,DraftKings,player_reception_yds,Theo Johnson,Over,13.5,-116,2026-09-14 00:20:00+00:00,2026-09-13 20:20:00-04:00,2026-09-13,NYG,1.0
8541,3e646c7479c57f5d9752d8c7dfe7059b,2026-09-12 20:36:23 EDT,2026-09-13,NYG,DAL,NYG@DAL,DraftKings,player_reception_yds,Javonte Williams,Over,10.5,-113,2026-09-14 00:20:00+00:00,2026-09-13 20:20:00-04:00,2026-09-13,DAL,1.0
8542,3e646c7479c57f5d9752d8c7dfe7059b,2026-09-12 20:36:23 EDT,2026-09-13,NYG,DAL,NYG@DAL,DraftKings,player_reception_yds,Odell Beckham Jr.,Over,10.5,-111,2026-09-14 00:20:00+00:00,2026-09-13 20:20:00-04:00,2026-09-13,NYG,1.0
8543,3e646c7479c57f5d9752d8c7dfe7059b,2026-09-12 20:36:23 EDT,2026-09-13,NYG,DAL,NYG@DAL,DraftKings,player_reception_yds,KaVontae Turpin,Over,8.5,-115,2026-09-14 00:20:00+00:00,2026-09-13 20:20:00-04:00,2026-09-13,DAL,1.0
8544,3e646c7479c57f5d9752d8c7dfe7059b,2026-09-12 20:36:23 EDT,2026-09-13,NYG,DAL,NYG@DAL,DraftKings,player_tds_over,Javonte Williams,Over,1.5,330,2026-09-14 00:20:00+00:00,2026-09-13 20:20:00-04:00,2026-09-13,DAL,1.0
8545,3e646c7479c57f5d9752d8c7dfe7059b,2026-09-12 20:36:23 EDT,2026-09-13,NYG,DAL,NYG@DAL,DraftKings,player_tds_over,Cam Skattebo,Over,1.5,600,2026-09-14 00:20:00+00:00,2026-09-13 20:20:00-04:00,2026-09-13,NYG,1.0
8546,3e646c7479c57f5d9752d8c7dfe7059b,2026-09-12 20:36:23 EDT,2026-09-13,NYG,DAL,NYG@DAL,DraftKings,player_tds_over,CeeDee Lamb,Over,1.5,850,2026-09-14 00:20:00+00:00,2026-09-13 20:20:00-04:00,2026-09-13,DAL,1.0
8547,3e646c7479c57f5d9752d8c7dfe7059b,2026-09-12 20:36:23 EDT,2026-09-13,NYG,DAL,NYG@DAL,DraftKings,player_tds_over,George Pickens,Over,1.5,1200,2026-09-14 00:20:00+00:00,2026-09-13 20:20:00-04:00,2026-09-13,DAL,1.0
8548,3e646c7479c57f5d9752d8c7dfe7059b,2026-09-12 20:36:23 EDT,2026-09-13,NYG,DAL,NYG@DAL,DraftKings,player_tds_over,Malik Nabers,Over,1.5,1400,2026-09-14 00:20:00+00:00,2026-09-13 20:20:00-04:00,2026-09-13,NYG,1.0
8549,3e646c7479c57f5d9752d8c7dfe7059b,2026-09-12 20:36:23 EDT,2026-09-13,NYG,DAL,NYG@DAL,DraftKings,player_tds_over,Jaxson Dart,Over,1.5,1600,2026-09-14 00:20:00+00:00,2026-09-13 20:20:00-04:00,2026-09-13,NYG,1.0
8550,3e646c7479c57f5d9752d8c7dfe7059b,2026-09-12 20:36:23 EDT,2026-09-13,NYG,DAL,NYG@DAL,DraftKings,player_tds_over,Jake Ferguson,Over,1.5,2800,2026-09-14 00:20:00+00:00,2026-09-13 20:20:00-04:00,2026-09-13,DAL,1.0
8551,3e646c7479c57f5d9752d8c7dfe7059b,2026-09-12 20:36:23 EDT,2026-09-13,NYG,DAL,NYG@DAL,DraftKings,player_tds_over,Isaiah Likely,Over,1.5,3000,2026-09-14 00:20:00+00:00,2026-09-13 20:20:00-04:00,2026-09-13,NYG,1.0
8552,3e646c7479c57f5d9752d8c7dfe7059b,2026-09-12 20:36:23 EDT,2026-09-13,NYG,DAL,NYG@DAL,DraftKings,player_tds_over,Ryan Flournoy,Over,1.5,3500,2026-09-14 00:20:00+00:00,2026-09-13 20:20:00-04:00,2026-09-13,DAL,1.0
8553,3e646c7479c57f5d9752d8c7dfe7059b,2026-09-12 20:36:23 EDT,2026-09-13,NYG,DAL,NYG@DAL,DraftKings,player_tds_over,Najee Harris,Over,1.5,3500,2026-09-14 00:20:00+00:00,2026-09-13 20:20:00-04:00,2026-09-13,NYG,1.0
8554,3e646c7479c57f5d9752d8c7dfe7059b,2026-09-12 20:36:23 EDT,2026-09-13,NYG,DAL,NYG@DAL,DraftKings,player_tds_over,Malachi Fields,Over,1.5,4000,2026-09-14 00:20:00+00:00,2026-09-13 20:20:00-04:00,2026-09-13,NYG,1.0
8555,3e646c7479c57f5d9752d8c7dfe7059b,2026-09-12 20:36:23 EDT,2026-09-13,NYG,DAL,NYG@DAL,DraftKings,player_tds_over,Tyrone Tracy,Over,1.5,4500,2026-09-14 00:20:00+00:00,2026-09-13 20:20:00-04:00,2026-09-13,NYG,1.0
8556,3e646c7479c57f5d9752d8c7dfe7059b,2026-09-12 20:36:23 EDT,2026-09-13,NYG,DAL,NYG@DAL,DraftKings,player_tds_over,Emari Demercado,Over,1.5,5000,2026-09-14 00:20:00+00:00,2026-09-13 20:20:00-04:00,2026-09-13,DAL,1.0
8557,3e646c7479c57f5d9752d8c7dfe7059b,2026-09-12 20:36:23 EDT,2026-09-13,NYG,DAL,NYG@DAL,DraftKings,player_tds_over,Theo Johnson,Over,1.5,5500,2026-09-14 00:20:00+00:00,2026-09-13 20:20:00-04:00,2026-09-13,NYG,1.0
8558,3e646c7479c57f5d9752d8c7dfe7059b,2026-09-12 20:36:23 EDT,2026-09-13,NYG,DAL,NYG@DAL,DraftKings,player_tds_over,Darnell Mooney,Over,1.5,6500,2026-09-14 00:20:00+00:00,2026-09-13 20:20:00-04:00,2026-09-13,NYG,1.0
8559,3e646c7479c57f5d9752d8c7dfe7059b,2026-09-12 20:36:23 EDT,2026-09-13,NYG,DAL,NYG@DAL,DraftKings,player_tds_over,Dak Prescott,Over,1.5,8000,2026-09-14 00:20:00+00:00,2026-09-13 20:20:00-04:00,2026-09-13,DAL,1.0
8560,3e646c7479c57f5d9752d8c7dfe7059b,2026-09-12 20:36:23 EDT,2026-09-13,NYG,DAL,NYG@DAL,DraftKings,player_tds_over,KaVontae Turpin,Over,1.5,8000,2026-09-14 00:20:00+00:00,2026-09-13 20:20:00-04:00,2026-09-13,DAL,1.0
8561,3e646c7479c57f5d9752d8c7dfe7059b,2026-09-12 20:36:23 EDT,2026-09-13,NYG,DAL,NYG@DAL,DraftKings,player_tds_over,Odell Beckham Jr.,Over,1.5,10000,2026-09-14 00:20:00+00:00,2026-09-13 20:20:00-04:00,2026-09-13,NYG,1.0
8562,3e646c7479c57f5d9752d8c7dfe7059b,2026-09-12 20:36:23 EDT,2026-09-13,NYG,DAL,NYG@DAL,DraftKings,player_tds_over,Brevyn Spann-Ford,Over,1.5,12000,2026-09-14 00:20:00+00:00,2026-09-13 20:20:00-04:00,2026-09-13,DAL,1.0
8563,3e646c7479c57f5d9752d8c7dfe7059b,2026-09-12 20:36:23 EDT,2026-09-13,NYG,DAL,NYG@DAL,DraftKings,player_tds_over,Devin Singletary,Over,1.5,13000,2026-09-14 00:20:00+00:00,2026-09-13 20:20:00-04:00,2026-09-13,NYG,1.0
8564,3e646c7479c57f5d9752d8c7dfe7059b,2026-09-12 20:36:23 EDT,2026-09-13,NYG,DAL,NYG@DAL,DraftKings,player_tds_over,Hunter Luepke,Over,1.5,13000,2026-09-14 00:20:00+00:00,2026-09-13 20:20:00-04:00,2026-09-13,DAL,1.0
8565,3e646c7479c57f5d9752d8c7dfe7059b,2026-09-12 20:36:23 EDT,2026-09-13,NYG,DAL,NYG@DAL,DraftKings,player_tds_over,Luke Schoonmaker,Over,1.5,14000,2026-09-14 00:20:00+00:00,2026-09-13 20:20:00-04:00,2026-09-13,DAL,1.0
8566,3e646c7479c57f5d9752d8c7dfe7059b,2026-09-12 20:36:23 EDT,2026-09-13,NYG,DAL,NYG@DAL,DraftKings,player_tds_over,Cam Brown,Over,1.5,16000,2026-09-14 00:20:00+00:00,2026-09-13 20:20:00-04:00,2026-09-13,,1.0
8567,3e646c7479c57f5d9752d8c7dfe7059b,2026-09-12 20:36:23 EDT,2026-09-13,NYG,DAL,NYG@DAL,DraftKings,player_tds_over,Jonathan Mingo,Over,1.5,18000,2026-09-14 00:20:00+00:00,2026-09-13 20:20:00-04:00,2026-09-13,DAL,1.0
8568,3e646c7479c57f5d9752d8c7dfe7059b,2026-09-12 20:36:23 EDT,2026-09-13,NYG,DAL,NYG@DAL,DraftKings,player_tds_over,Dalen Cambre,Over,1.5,19000,2026-09-14 00:20:00+00:00,2026-09-13 20:20:00-04:00,2026-09-13,NYG,1.0
8569,3e646c7479c57f5d9752d8c7dfe7059b,2026-09-12 20:36:23 EDT,2026-09-13,NYG,DAL,NYG@DAL,DraftKings,player_tds_over,Patrick Ricard,Over,1.5,20000,2026-09-14 00:20:00+00:00,2026-09-13 20:20:00-04:00,2026-09-13,NYG,1.0
8570,3e646c7479c57f5d9752d8c7dfe7059b,2026-09-12 20:36:23 EDT,2026-09-13,NYG,DAL,NYG@DAL,DraftKings,player_tds_over,Braxton Berrios,Over,1.5,20000,2026-09-14 00:20:00+00:00,2026-09-13 20:20:00-04:00,2026-09-13,NYG,1.0
8571,3e646c7479c57f5d9752d8c7dfe7059b,2026-09-12 20:36:23 EDT,2026-09-13,NYG,DAL,NYG@DAL,DraftKings,player_tds_over,Chris Manhertz,Over,1.5,25000,2026-09-14 00:20:00+00:00,2026-09-13 20:20:00-04:00,2026-09-13,NYG,1.0
8572,3e646c7479c57f5d9752d8c7dfe7059b,2026-09-12 20:36:23 EDT,2026-09-13,NYG,DAL,NYG@DAL,DraftKings,player_tds_over,Javonte Williams,Over,2.5,1400,2026-09-14 00:20:00+00:00,2026-09-13 20:20:00-04:00,2026-09-13,DAL,1.0
8573,3e646c7479c57f5d9752d8c7dfe7059b,2026-09-12 20:36:23 EDT,2026-09-13,NYG,DAL,NYG@DAL,DraftKings,player_tds_over,Cam Skattebo,Over,2.5,2800,2026-09-14 00:20:00+00:00,2026-09-13 20:20:00-04:00,2026-09-13,NYG,1.0
8574,3e646c7479c57f5d9752d8c7dfe7059b,2026-09-12 20:36:23 EDT,2026-09-13,NYG,DAL,NYG@DAL,DraftKings,player_tds_over,CeeDee Lamb,Over,2.5,4500,2026-09-14 00:20:00+00:00,2026-09-13 20:20:00-04:00,2026-09-13,DAL,1.0
8575,3e646c7479c57f5d9752d8c7dfe7059b,2026-09-12 20:36:23 EDT,2026-09-13,NYG,DAL,NYG@DAL,DraftKings,player_tds_over,George Pickens,Over,2.5,6000,2026-09-14 00:20:00+00:00,2026-09-13 20:20:00-04:00,2026-09-13,DAL,1.0
8576,3e646c7479c57f5d9752d8c7dfe7059b,2026-09-12 20:36:23 EDT,2026-09-13,NYG,DAL,NYG@DAL,DraftKings,player_tds_over,Malik Nabers,Over,2.5,8000,2026-09-14 00:20:00+00:00,2026-09-13 20:20:00-04:00,2026-09-13,NYG,1.0
8577,3e646c7479c57f5d9752d8c7dfe7059b,2026-09-12 20:36:23 EDT,2026-09-13,NYG,DAL,NYG@DAL,DraftKings,player_tds_over,Jaxson Dart,Over,2.5,8000,2026-09-14 00:20:00+00:00,2026-09-13 20:20:00-04:00,2026-09-13,NYG,1.0
8578,3e646c7479c57f5d9752d8c7dfe7059b,2026-09-12 20:36:23 EDT,2026-09-13,NYG,DAL,NYG@DAL,DraftKings,player_tds_over,Jake Ferguson,Over,2.5,13000,2026-09-14 00:20:00+00:00,2026-09-13 20:20:00-04:00,2026-09-13,DAL,1.0
8579,3e646c7479c57f5d9752d8c7dfe7059b,2026-09-12 20:36:23 EDT,2026-09-13,NYG,DAL,NYG@DAL,DraftKings,player_tds_over,Isaiah Likely,Over,2.5,14000,2026-09-14 00:20:00+00:00,2026-09-13 20:20:00-04:00,2026-09-13,NYG,1.0
8580,3e646c7479c57f5d9752d8c7dfe7059b,2026-09-12 20:36:23 EDT,2026-09-13,NYG,DAL,NYG@DAL,DraftKings,player_tds_over,Ryan Flournoy,Over,2.5,14000,2026-09-14 00:20:00+00:00,2026-09-13 20:20:00-04:00,2026-09-13,DAL,1.0
8581,3e646c7479c57f5d9752d8c7dfe7059b,2026-09-12 20:36:23 EDT,2026-09-13,NYG,DAL,NYG@DAL,DraftKings,player_tds_over,Najee Harris,Over,2.5,16000,2026-09-14 00:20:00+00:00,2026-09-13 20:20:00-04:00,2026-09-13,NYG,1.0
8582,3e646c7479c57f5d9752d8c7dfe7059b,2026-09-12 20:36:23 EDT,2026-09-13,NYG,DAL,NYG@DAL,DraftKings,player_tds_over,Malachi Fields,Over,2.5,17000,2026-09-14 00:20:00+00:00,2026-09-13 20:20:00-04:00,2026-09-13,NYG,1.0
8583,3e646c7479c57f5d9752d8c7dfe7059b,2026-09-12 20:36:23 EDT,2026-09-13,NYG,DAL,NYG@DAL,DraftKings,player_tds_over,Tyrone Tracy,Over,2.5,18000,2026-09-14 00:20:00+00:00,2026-09-13 20:20:00-04:00,2026-09-13,NYG,1.0
8584,3e646c7479c57f5d9752d8c7dfe7059b,2026-09-12 20:36:23 EDT,2026-09-13,NYG,DAL,NYG@DAL,DraftKings,player_tds_over,Theo Johnson,Over,2.5,20000,2026-09-14 00:20:00+00:00,2026-09-13 20:20:00-04:00,2026-09-13,NYG,1.0
8585,3e646c7479c57f5d9752d8c7dfe7059b,2026-09-12 20:36:23 EDT,2026-09-13,NYG,DAL,NYG@DAL,DraftKings,player_tds_over,Darnell Mooney,Over,2.5,20000,2026-09-14 00:20:00+00:00,2026-09-13 20:20:00-04:00,2026-09-13,NYG,1.0
8586,3e646c7479c57f5d9752d8c7dfe7059b,2026-09-12 20:36:23 EDT,2026-09-13,NYG,DAL,NYG@DAL,DraftKings,player_tds_over,Emari Demercado,Over,2.5,20000,2026-09-14 00:20:00+00:00,2026-09-13 20:20:00-04:00,2026-09-13,DAL,1.0
8587,3e646c7479c57f5d9752d8c7dfe7059b,2026-09-12 20:36:23 EDT,2026-09-13,NYG,DAL,NYG@DAL,DraftKings,player_tds_over,Hunter Luepke,Over,2.5,25000,2026-09-14 00:20:00+00:00,2026-09-13 20:20:00-04:00,2026-09-13,DAL,1.0
8588,3e646c7479c57f5d9752d8c7dfe7059b,2026-09-12 20:36:23 EDT,2026-09-13,NYG,DAL,NYG@DAL,DraftKings,player_tds_over,Odell Beckham Jr.,Over,2.5,25000,2026-09-14 00:20:00+00:00,2026-09-13 20:20:00-04:00,2026-09-13,NYG,1.0
8589,3e646c7479c57f5d9752d8c7dfe7059b,2026-09-12 20:36:23 EDT,2026-09-13,NYG,DAL,NYG@DAL,DraftKings,player_tds_over,Brevyn Spann-Ford,Over,2.5,25000,2026-09-14 00:20:00+00:00,2026-09-13 20:20:00-04:00,2026-09-13,DAL,1.0
8590,3e646c7479c57f5d9752d8c7dfe7059b,2026-09-12 20:36:23 EDT,2026-09-13,NYG,DAL,NYG@DAL,DraftKings,player_tds_over,KaVontae Turpin,Over,2.5,25000,2026-09-14 00:20:00+00:00,2026-09-13 20:20:00-04:00,2026-09-13,DAL,1.0
8591,3e646c7479c57f5d9752d8c7dfe7059b,2026-09-12 20:36:23 EDT,2026-09-13,NYG,DAL,NYG@DAL,DraftKings,player_tds_over,Dak Prescott,Over,2.5,25000,2026-09-14 00:20:00+00:00,2026-09-13 20:20:00-04:00,2026-09-13,DAL,1.0
8592,3e646c7479c57f5d9752d8c7dfe7059b,2026-09-12 20:36:23 EDT,2026-09-13,NYG,DAL,NYG@DAL,DraftKings,player_tds_over,Devin Singletary,Over,2.5,25000,2026-09-14 00:20:00+00:00,2026-09-13 20:20:00-04:00,2026-09-13,NYG,1.0
8593,3e646c7479c57f5d9752d8c7dfe7059b,2026-09-12 20:36:23 EDT,2026-09-13,NYG,DAL,NYG@DAL,DraftKings,player_tds_over,Cam Brown,Over,2.5,25000,2026-09-14 00:20:00+00:00,2026-09-13 20:20:00-04:00,2026-09-13,,1.0
8594,5ad8135dc2b5f27de0b777acd317855a,2026-09-12 20:36:23 EDT,2026-09-14,KAN,DEN,KAN@DEN,DraftKings,player_pass_completions,Bo Nix,Over,21.5,-111,2026-09-15 00:15:00+00:00,2026-09-14 20:15:00-04:00,2026-09-14,DEN,1.0
8595,5ad8135dc2b5f27de0b777acd317855a,2026-09-12 20:36:23 EDT,2026-09-14,KAN,DEN,KAN@DEN,DraftKings,player_pass_completions,Patrick Mahomes,Over,21.5,-101,2026-09-15 00:15:00+00:00,2026-09-14 20:15:00-04:00,2026-09-14,KC,1.0
8596,5ad8135dc2b5f27de0b777acd317855a,2026-09-12 20:36:23 EDT,2026-09-14,KAN,DEN,KAN@DEN,DraftKings,player_pass_attempts,Bo Nix,Over,34.5,-117,2026-09-15 00:15:00+00:00,2026-09-14 20:15:00-04:00,2026-09-14,DEN,1.0
8597,5ad8135dc2b5f27de0b777acd317855a,2026-09-12 20:36:23 EDT,2026-09-14,KAN,DEN,KAN@DEN,DraftKings,player_pass_attempts,Patrick Mahomes,Over,32.5,-120,2026-09-15 00:15:00+00:00,2026-09-14 20:15:00-04:00,2026-09-14,KC,1.0
8598,5ad8135dc2b5f27de0b777acd317855a,2026-09-12 20:36:23 EDT,2026-09-14,KAN,DEN,KAN@DEN,DraftKings,player_pass_yds,Bo Nix,Over,228.5,-111,2026-09-15 00:15:00+00:00,2026-09-14 20:15:00-04:00,2026-09-14,DEN,1.0
8599,5ad8135dc2b5f27de0b777acd317855a,2026-09-12 20:36:23 EDT,2026-09-14,KAN,DEN,KAN@DEN,DraftKings,player_pass_yds,Patrick Mahomes,Over,226.5,-111,2026-09-15 00:15:00+00:00,2026-09-14 20:15:00-04:00,2026-09-14,KC,1.0
8600,5ad8135dc2b5f27de0b777acd317855a,2026-09-12 20:36:23 EDT,2026-09-14,KAN,DEN,KAN@DEN,DraftKings,player_pass_interceptions,Patrick Mahomes,Over,0.5,106,2026-09-15 00:15:00+00:00,2026-09-14 20:15:00-04:00,2026-09-14,KC,1.0
8601,5ad8135dc2b5f27de0b777acd317855a,2026-09-12 20:36:23 EDT,2026-09-14,KAN,DEN,KAN@DEN,DraftKings,player_pass_interceptions,Bo Nix,Over,0.5,-120,2026-09-15 00:15:00+00:00,2026-09-14 20:15:00-04:00,2026-09-14,DEN,1.0
8602,5ad8135dc2b5f27de0b777acd317855a,2026-09-12 20:36:23 EDT,2026-09-14,KAN,DEN,KAN@DEN,DraftKings,player_pass_tds,Patrick Mahomes,Over,1.5,103,2026-09-15 00:15:00+00:00,2026-09-14 20:15:00-04:00,2026-09-14,KC,1.0
8603,5ad8135dc2b5f27de0b777acd317855a,2026-09-12 20:36:23 EDT,2026-09-14,KAN,DEN,KAN@DEN,DraftKings,player_pass_tds,Bo Nix,Over,1.5,128,2026-09-15 00:15:00+00:00,2026-09-14 20:15:00-04:00,2026-09-14,DEN,1.0
8604,5ad8135dc2b5f27de0b777acd317855a,2026-09-12 20:36:23 EDT,2026-09-14,KAN,DEN,KAN@DEN,DraftKings,player_rush_attempts,Kenneth Walker,Over,16.5,100,2026-09-15 00:15:00+00:00,2026-09-14 20:15:00-04:00,2026-09-14,KC,1.0
8605,5ad8135dc2b5f27de0b777acd317855a,2026-09-12 20:36:23 EDT,2026-09-14,KAN,DEN,KAN@DEN,DraftKings,player_rush_attempts,JK Dobbins,Over,12.5,-104,2026-09-15 00:15:00+00:00,2026-09-14 20:15:00-04:00,2026-09-14,DEN,1.0
8606,5ad8135dc2b5f27de0b777acd317855a,2026-09-12 20:36:23 EDT,2026-09-14,KAN,DEN,KAN@DEN,DraftKings,player_rush_attempts,Bo Nix,Over,3.5,-148,2026-09-15 00:15:00+00:00,2026-09-14 20:15:00-04:00,2026-09-14,DEN,1.0
8607,5ad8135dc2b5f27de0b777acd317855a,2026-09-12 20:36:23 EDT,2026-09-14,KAN,DEN,KAN@DEN,DraftKings,player_rush_attempts,Patrick Mahomes,Over,3.5,-105,2026-09-15 00:15:00+00:00,2026-09-14 20:15:00-04:00,2026-09-14,KC,1.0
8608,5ad8135dc2b5f27de0b777acd317855a,2026-09-12 20:36:23 EDT,2026-09-14,KAN,DEN,KAN@DEN,DraftKings,player_rush_yds,Kenneth Walker,Over,61.5,-111,2026-09-15 00:15:00+00:00,2026-09-14 20:15:00-04:00,2026-09-14,KC,1.0
8609,5ad8135dc2b5f27de0b777acd317855a,2026-09-12 20:36:23 EDT,2026-09-14,KAN,DEN,KAN@DEN,DraftKings,player_rush_yds,JK Dobbins,Over,51.5,-111,2026-09-15 00:15:00+00:00,2026-09-14 20:15:00-04:00,2026-09-14,DEN,1.0
8610,5ad8135dc2b5f27de0b777acd317855a,2026-09-12 20:36:23 EDT,2026-09-14,KAN,DEN,KAN@DEN,DraftKings,player_rush_yds,RJ Harvey,Over,18.5,-113,2026-09-15 00:15:00+00:00,2026-09-14 20:15:00-04:00,2026-09-14,DEN,1.0
8611,5ad8135dc2b5f27de0b777acd317855a,2026-09-12 20:36:23 EDT,2026-09-14,KAN,DEN,KAN@DEN,DraftKings,player_rush_yds,Bo Nix,Over,16.5,-108,2026-09-15 00:15:00+00:00,2026-09-14 20:15:00-04:00,2026-09-14,DEN,1.0
8612,5ad8135dc2b5f27de0b777acd317855a,2026-09-12 20:36:23 EDT,2026-09-14,KAN,DEN,KAN@DEN,DraftKings,player_rush_yds,Patrick Mahomes,Over,15.5,-108,2026-09-15 00:15:00+00:00,2026-09-14 20:15:00-04:00,2026-09-14,KC,1.0
8613,5ad8135dc2b5f27de0b777acd317855a,2026-09-12 20:36:23 EDT,2026-09-14,KAN,DEN,KAN@DEN,DraftKings,player_receptions,Rashee Rice,Over,5.5,102,2026-09-15 00:15:00+00:00,2026-09-14 20:15:00-04:00,2026-09-14,KC,1.0
8614,5ad8135dc2b5f27de0b777acd317855a,2026-09-12 20:36:23 EDT,2026-09-14,KAN,DEN,KAN@DEN,DraftKings,player_receptions,Jaylen Waddle,Over,4.5,-125,2026-09-15 00:15:00+00:00,2026-09-14 20:15:00-04:00,2026-09-14,DEN,1.0
8615,5ad8135dc2b5f27de0b777acd317855a,2026-09-12 20:36:23 EDT,2026-09-14,KAN,DEN,KAN@DEN,DraftKings,player_receptions,Courtland Sutton,Over,3.5,-163,2026-09-15 00:15:00+00:00,2026-09-14 20:15:00-04:00,2026-09-14,DEN,1.0
8616,5ad8135dc2b5f27de0b777acd317855a,2026-09-12 20:36:23 EDT,2026-09-14,KAN,DEN,KAN@DEN,DraftKings,player_receptions,Travis Kelce,Over,3.5,-156,2026-09-15 00:15:00+00:00,2026-09-14 20:15:00-04:00,2026-09-14,KC,1.0
8617,5ad8135dc2b5f27de0b777acd317855a,2026-09-12 20:36:23 EDT,2026-09-14,KAN,DEN,KAN@DEN,DraftKings,player_receptions,Xavier Worthy,Over,3.5,115,2026-09-15 00:15:00+00:00,2026-09-14 20:15:00-04:00,2026-09-14,KC,1.0
8618,5ad8135dc2b5f27de0b777acd317855a,2026-09-12 20:36:23 EDT,2026-09-14,KAN,DEN,KAN@DEN,DraftKings,player_receptions,Kenneth Walker,Over,3.5,122,2026-09-15 00:15:00+00:00,2026-09-14 20:15:00-04:00,2026-09-14,KC,1.0
8619,5ad8135dc2b5f27de0b777acd317855a,2026-09-12 20:36:23 EDT,2026-09-14,KAN,DEN,KAN@DEN,DraftKings,player_receptions,Evan Engram,Over,2.5,-142,2026-09-15 00:15:00+00:00,2026-09-14 20:15:00-04:00,2026-09-14,DEN,1.0
8620,5ad8135dc2b5f27de0b777acd317855a,2026-09-12 20:36:23 EDT,2026-09-14,KAN,DEN,KAN@DEN,DraftKings,player_receptions,RJ Harvey,Over,2.5,-102,2026-09-15 00:15:00+00:00,2026-09-14 20:15:00-04:00,2026-09-14,DEN,1.0
8621,5ad8135dc2b5f27de0b777acd317855a,2026-09-12 20:36:23 EDT,2026-09-14,KAN,DEN,KAN@DEN,DraftKings,player_receptions,Pat Bryant,Over,2.5,109,2026-09-15 00:15:00+00:00,2026-09-14 20:15:00-04:00,2026-09-14,DEN,1.0
8622,5ad8135dc2b5f27de0b777acd317855a,2026-09-12 20:36:23 EDT,2026-09-14,KAN,DEN,KAN@DEN,DraftKings,player_receptions,Tyquan Thornton,Over,1.5,117,2026-09-15 00:15:00+00:00,2026-09-14 20:15:00-04:00,2026-09-14,KC,1.0
8623,5ad8135dc2b5f27de0b777acd317855a,2026-09-12 20:36:23 EDT,2026-09-14,KAN,DEN,KAN@DEN,DraftKings,player_receptions,Noah Gray,Over,1.5,141,2026-09-15 00:15:00+00:00,2026-09-14 20:15:00-04:00,2026-09-14,KC,1.0
8624,5ad8135dc2b5f27de0b777acd317855a,2026-09-12 20:36:23 EDT,2026-09-14,KAN,DEN,KAN@DEN,DraftKings,player_receptions,Adam Trautman,Over,1.5,176,2026-09-15 00:15:00+00:00,2026-09-14 20:15:00-04:00,2026-09-14,DEN,1.0
8625,5ad8135dc2b5f27de0b777acd317855a,2026-09-12 20:36:23 EDT,2026-09-14,KAN,DEN,KAN@DEN,DraftKings,player_reception_yds,Jaylen Waddle,Over,56.5,-114,2026-09-15 00:15:00+00:00,2026-09-14 20:15:00-04:00,2026-09-14,DEN,1.0
8626,5ad8135dc2b5f27de0b777acd317855a,2026-09-12 20:36:23 EDT,2026-09-14,KAN,DEN,KAN@DEN,DraftKings,player_reception_yds,Rashee Rice,Over,56.5,-111,2026-09-15 00:15:00+00:00,2026-09-14 20:15:00-04:00,2026-09-14,KC,1.0
8627,5ad8135dc2b5f27de0b777acd317855a,2026-09-12 20:36:23 EDT,2026-09-14,KAN,DEN,KAN@DEN,DraftKings,player_reception_yds,Courtland Sutton,Over,42.5,-115,2026-09-15 00:15:00+00:00,2026-09-14 20:15:00-04:00,2026-09-14,DEN,1.0
8628,5ad8135dc2b5f27de0b777acd317855a,2026-09-12 20:36:23 EDT,2026-09-14,KAN,DEN,KAN@DEN,DraftKings,player_reception_yds,Travis Kelce,Over,41.5,-115,2026-09-15 00:15:00+00:00,2026-09-14 20:15:00-04:00,2026-09-14,KC,1.0
8629,5ad8135dc2b5f27de0b777acd317855a,2026-09-12 20:36:23 EDT,2026-09-14,KAN,DEN,KAN@DEN,DraftKings,player_reception_yds,Xavier Worthy,Over,36.5,-114,2026-09-15 00:15:00+00:00,2026-09-14 20:15:00-04:00,2026-09-14,KC,1.0
8630,5ad8135dc2b5f27de0b777acd317855a,2026-09-12 20:36:23 EDT,2026-09-14,KAN,DEN,KAN@DEN,DraftKings,player_reception_yds,Pat Bryant,Over,24.5,-112,2026-09-15 00:15:00+00:00,2026-09-14 20:15:00-04:00,2026-09-14,DEN,1.0
8631,5ad8135dc2b5f27de0b777acd317855a,2026-09-12 20:36:23 EDT,2026-09-14,KAN,DEN,KAN@DEN,DraftKings,player_reception_yds,Evan Engram,Over,22.5,-116,2026-09-15 00:15:00+00:00,2026-09-14 20:15:00-04:00,2026-09-14,DEN,1.0
8632,5ad8135dc2b5f27de0b777acd317855a,2026-09-12 20:36:23 EDT,2026-09-14,KAN,DEN,KAN@DEN,DraftKings,player_reception_yds,Tyquan Thornton,Over,19.5,-110,2026-09-15 00:15:00+00:00,2026-09-14 20:15:00-04:00,2026-09-14,KC,1.0
8633,5ad8135dc2b5f27de0b777acd317855a,2026-09-12 20:36:23 EDT,2026-09-14,KAN,DEN,KAN@DEN,DraftKings,player_reception_yds,Kenneth Walker,Over,16.5,-115,2026-09-15 00:15:00+00:00,2026-09-14 20:15:00-04:00,2026-09-14,KC,1.0
8634,5ad8135dc2b5f27de0b777acd317855a,2026-09-12 20:36:23 EDT,2026-09-14,KAN,DEN,KAN@DEN,DraftKings,player_reception_yds,RJ Harvey,Over,16.5,-109,2026-09-15 00:15:00+00:00,2026-09-14 20:15:00-04:00,2026-09-14,DEN,1.0
8635,5ad8135dc2b5f27de0b777acd317855a,2026-09-12 20:36:23 EDT,2026-09-14,KAN,DEN,KAN@DEN,DraftKings,player_reception_yds,Noah Gray,Over,10.5,-115,2026-09-15 00:15:00+00:00,2026-09-14 20:15:00-04:00,2026-09-14,KC,1.0
8636,5ad8135dc2b5f27de0b777acd317855a,2026-09-12 20:36:23 EDT,2026-09-14,KAN,DEN,KAN@DEN,DraftKings,player_reception_yds,Adam Trautman,Over,7.5,-117,2026-09-15 00:15:00+00:00,2026-09-14 20:15:00-04:00,2026-09-14,DEN,1.0
8637,5ad8135dc2b5f27de0b777acd317855a,2026-09-12 20:36:23 EDT,2026-09-14,KAN,DEN,KAN@DEN,DraftKings,player_reception_yds,JK Dobbins,Over,4.5,-109,2026-09-15 00:15:00+00:00,2026-09-14 20:15:00-04:00,2026-09-14,DEN,1.0
8638,5ad8135dc2b5f27de0b777acd317855a,2026-09-12 20:36:23 EDT,2026-09-14,KAN,DEN,KAN@DEN,DraftKings,player_tds_over,Kenneth Walker,Over,1.5,475,2026-09-15 00:15:00+00:00,2026-09-14 20:15:00-04:00,2026-09-14,KC,1.0
8639,5ad8135dc2b5f27de0b777acd317855a,2026-09-12 20:36:23 EDT,2026-09-14,KAN,DEN,KAN@DEN,DraftKings,player_tds_over,Rashee Rice,Over,1.5,1100,2026-09-15 00:15:00+00:00,2026-09-14 20:15:00-04:00,2026-09-14,KC,1.0
8640,5ad8135dc2b5f27de0b777acd317855a,2026-09-12 20:36:23 EDT,2026-09-14,KAN,DEN,KAN@DEN,DraftKings,player_tds_over,JK Dobbins,Over,1.5,1300,2026-09-15 00:15:00+00:00,2026-09-14 20:15:00-04:00,2026-09-14,DEN,1.0
8641,5ad8135dc2b5f27de0b777acd317855a,2026-09-12 20:36:23 EDT,2026-09-14,KAN,DEN,KAN@DEN,DraftKings,player_tds_over,Jaylen Waddle,Over,1.5,1700,2026-09-15 00:15:00+00:00,2026-09-14 20:15:00-04:00,2026-09-14,DEN,1.0
8642,5ad8135dc2b5f27de0b777acd317855a,2026-09-12 20:36:23 EDT,2026-09-14,KAN,DEN,KAN@DEN,DraftKings,player_tds_over,Travis Kelce,Over,1.5,1700,2026-09-15 00:15:00+00:00,2026-09-14 20:15:00-04:00,2026-09-14,KC,1.0
8643,5ad8135dc2b5f27de0b777acd317855a,2026-09-12 20:36:23 EDT,2026-09-14,KAN,DEN,KAN@DEN,DraftKings,player_tds_over,Courtland Sutton,Over,1.5,2200,2026-09-15 00:15:00+00:00,2026-09-14 20:15:00-04:00,2026-09-14,DEN,1.0
8644,5ad8135dc2b5f27de0b777acd317855a,2026-09-12 20:36:23 EDT,2026-09-14,KAN,DEN,KAN@DEN,DraftKings,player_tds_over,RJ Harvey,Over,1.5,3000,2026-09-15 00:15:00+00:00,2026-09-14 20:15:00-04:00,2026-09-14,DEN,1.0
8645,5ad8135dc2b5f27de0b777acd317855a,2026-09-12 20:36:23 EDT,2026-09-14,KAN,DEN,KAN@DEN,DraftKings,player_tds_over,Xavier Worthy,Over,1.5,3500,2026-09-15 00:15:00+00:00,2026-09-14 20:15:00-04:00,2026-09-14,KC,1.0
8646,5ad8135dc2b5f27de0b777acd317855a,2026-09-12 20:36:23 EDT,2026-09-14,KAN,DEN,KAN@DEN,DraftKings,player_tds_over,Pat Bryant,Over,1.5,5000,2026-09-15 00:15:00+00:00,2026-09-14 20:15:00-04:00,2026-09-14,DEN,1.0
8647,5ad8135dc2b5f27de0b777acd317855a,2026-09-12 20:36:23 EDT,2026-09-14,KAN,DEN,KAN@DEN,DraftKings,player_tds_over,Evan Engram,Over,1.5,5500,2026-09-15 00:15:00+00:00,2026-09-14 20:15:00-04:00,2026-09-14,DEN,1.0
8648,5ad8135dc2b5f27de0b777acd317855a,2026-09-12 20:36:23 EDT,2026-09-14,KAN,DEN,KAN@DEN,DraftKings,player_tds_over,Bo Nix,Over,1.5,6000,2026-09-15 00:15:00+00:00,2026-09-14 20:15:00-04:00,2026-09-14,DEN,1.0
8649,5ad8135dc2b5f27de0b777acd317855a,2026-09-12 20:36:23 EDT,2026-09-14,KAN,DEN,KAN@DEN,DraftKings,player_tds_over,Emmett Johnson,Over,1.5,7000,2026-09-15 00:15:00+00:00,2026-09-14 20:15:00-04:00,2026-09-14,KC,1.0
8650,5ad8135dc2b5f27de0b777acd317855a,2026-09-12 20:36:23 EDT,2026-09-14,KAN,DEN,KAN@DEN,DraftKings,player_tds_over,Tyquan Thornton,Over,1.5,7500,2026-09-15 00:15:00+00:00,2026-09-14 20:15:00-04:00,2026-09-14,KC,1.0
8651,5ad8135dc2b5f27de0b777acd317855a,2026-09-12 20:36:23 EDT,2026-09-14,KAN,DEN,KAN@DEN,DraftKings,player_tds_over,Patrick Mahomes,Over,1.5,9000,2026-09-15 00:15:00+00:00,2026-09-14 20:15:00-04:00,2026-09-14,KC,1.0
8652,5ad8135dc2b5f27de0b777acd317855a,2026-09-12 20:36:23 EDT,2026-09-14,KAN,DEN,KAN@DEN,DraftKings,player_tds_over,Marvin Mims,Over,1.5,9000,2026-09-15 00:15:00+00:00,2026-09-14 20:15:00-04:00,2026-09-14,DEN,1.0
8653,5ad8135dc2b5f27de0b777acd317855a,2026-09-12 20:36:23 EDT,2026-09-14,KAN,DEN,KAN@DEN,DraftKings,player_tds_over,Adam Trautman,Over,1.5,10000,2026-09-15 00:15:00+00:00,2026-09-14 20:15:00-04:00,2026-09-14,DEN,1.0
8654,5ad8135dc2b5f27de0b777acd317855a,2026-09-12 20:36:23 EDT,2026-09-14,KAN,DEN,KAN@DEN,DraftKings,player_tds_over,Jonah Coleman,Over,1.5,10000,2026-09-15 00:15:00+00:00,2026-09-14 20:15:00-04:00,2026-09-14,DEN,1.0
8655,5ad8135dc2b5f27de0b777acd317855a,2026-09-12 20:36:23 EDT,2026-09-14,KAN,DEN,KAN@DEN,DraftKings,player_tds_over,Cyrus Allen,Over,1.5,11000,2026-09-15 00:15:00+00:00,2026-09-14 20:15:00-04:00,2026-09-14,KC,1.0
8656,5ad8135dc2b5f27de0b777acd317855a,2026-09-12 20:36:23 EDT,2026-09-14,KAN,DEN,KAN@DEN,DraftKings,player_tds_over,Brashard Smith,Over,1.5,12000,2026-09-15 00:15:00+00:00,2026-09-14 20:15:00-04:00,2026-09-14,KC,1.0
8657,5ad8135dc2b5f27de0b777acd317855a,2026-09-12 20:36:23 EDT,2026-09-14,KAN,DEN,KAN@DEN,DraftKings,player_tds_over,Noah Gray,Over,1.5,12000,2026-09-15 00:15:00+00:00,2026-09-14 20:15:00-04:00,2026-09-14,KC,1.0
8658,5ad8135dc2b5f27de0b777acd317855a,2026-09-12 20:36:23 EDT,2026-09-14,KAN,DEN,KAN@DEN,DraftKings,player_tds_over,Lil'Jordan Humphrey,Over,1.5,14000,2026-09-15 00:15:00+00:00,2026-09-14 20:15:00-04:00,2026-09-14,DEN,1.0
8659,5ad8135dc2b5f27de0b777acd317855a,2026-09-12 20:36:23 EDT,2026-09-14,KAN,DEN,KAN@DEN,DraftKings,player_tds_over,Jalen Royals,Over,1.5,18000,2026-09-15 00:15:00+00:00,2026-09-14 20:15:00-04:00,2026-09-14,KC,1.0
8660,5ad8135dc2b5f27de0b777acd317855a,2026-09-12 20:36:23 EDT,2026-09-14,KAN,DEN,KAN@DEN,DraftKings,player_tds_over,Troy Franklin,Over,1.5,19000,2026-09-15 00:15:00+00:00,2026-09-14 20:15:00-04:00,2026-09-14,DEN,1.0
8661,5ad8135dc2b5f27de0b777acd317855a,2026-09-12 20:36:23 EDT,2026-09-14,KAN,DEN,KAN@DEN,DraftKings,player_tds_over,Jared Wiley,Over,1.5,19000,2026-09-15 00:15:00+00:00,2026-09-14 20:15:00-04:00,2026-09-14,KC,1.0
8662,5ad8135dc2b5f27de0b777acd317855a,2026-09-12 20:36:23 EDT,2026-09-14,KAN,DEN,KAN@DEN,DraftKings,player_tds_over,Nikko Remigio,Over,1.5,20000,2026-09-15 00:15:00+00:00,2026-09-14 20:15:00-04:00,2026-09-14,KC,1.0
8663,5ad8135dc2b5f27de0b777acd317855a,2026-09-12 20:36:23 EDT,2026-09-14,KAN,DEN,KAN@DEN,DraftKings,player_tds_over,Jake Briningstool,Over,1.5,20000,2026-09-15 00:15:00+00:00,2026-09-14 20:15:00-04:00,2026-09-14,KC,1.0
8664,5ad8135dc2b5f27de0b777acd317855a,2026-09-12 20:36:23 EDT,2026-09-14,KAN,DEN,KAN@DEN,DraftKings,player_tds_over,Dallen Bentley,Over,1.5,20000,2026-09-15 00:15:00+00:00,2026-09-14 20:15:00-04:00,2026-09-14,DEN,1.0
8665,5ad8135dc2b5f27de0b777acd317855a,2026-09-12 20:36:23 EDT,2026-09-14,KAN,DEN,KAN@DEN,DraftKings,player_tds_over,Nate Adkins,Over,1.5,25000,2026-09-15 00:15:00+00:00,2026-09-14 20:15:00-04:00,2026-09-14,DEN,1.0
8666,5ad8135dc2b5f27de0b777acd317855a,2026-09-12 20:36:23 EDT,2026-09-14,KAN,DEN,KAN@DEN,DraftKings,player_tds_over,Kenneth Walker,Over,2.5,2200,2026-09-15 00:15:00+00:00,2026-09-14 20:15:00-04:00,2026-09-14,KC,1.0
8667,5ad8135dc2b5f27de0b777acd317855a,2026-09-12 20:36:23 EDT,2026-09-14,KAN,DEN,KAN@DEN,DraftKings,player_tds_over,Rashee Rice,Over,2.5,6000,2026-09-15 00:15:00+00:00,2026-09-14 20:15:00-04:00,2026-09-14,KC,1.0
8668,5ad8135dc2b5f27de0b777acd317855a,2026-09-12 20:36:23 EDT,2026-09-14,KAN,DEN,KAN@DEN,DraftKings,player_tds_over,JK Dobbins,Over,2.5,7000,2026-09-15 00:15:00+00:00,2026-09-14 20:15:00-04:00,2026-09-14,DEN,1.0
8669,5ad8135dc2b5f27de0b777acd317855a,2026-09-12 20:36:23 EDT,2026-09-14,KAN,DEN,KAN@DEN,DraftKings,player_tds_over,Jaylen Waddle,Over,2.5,9000,2026-09-15 00:15:00+00:00,2026-09-14 20:15:00-04:00,2026-09-14,DEN,1.0
8670,5ad8135dc2b5f27de0b777acd317855a,2026-09-12 20:36:23 EDT,2026-09-14,KAN,DEN,KAN@DEN,DraftKings,player_tds_over,Travis Kelce,Over,2.5,9000,2026-09-15 00:15:00+00:00,2026-09-14 20:15:00-04:00,2026-09-14,KC,1.0
8671,5ad8135dc2b5f27de0b777acd317855a,2026-09-12 20:36:23 EDT,2026-09-14,KAN,DEN,KAN@DEN,DraftKings,player_tds_over,Courtland Sutton,Over,2.5,12000,2026-09-15 00:15:00+00:00,2026-09-14 20:15:00-04:00,2026-09-14,DEN,1.0
8672,5ad8135dc2b5f27de0b777acd317855a,2026-09-12 20:36:23 EDT,2026-09-14,KAN,DEN,KAN@DEN,DraftKings,player_tds_over,RJ Harvey,Over,2.5,13000,2026-09-15 00:15:00+00:00,2026-09-14 20:15:00-04:00,2026-09-14,DEN,1.0
8673,5ad8135dc2b5f27de0b777acd317855a,2026-09-12 20:36:23 EDT,2026-09-14,KAN,DEN,KAN@DEN,DraftKings,player_tds_over,Xavier Worthy,Over,2.5,15000,2026-09-15 00:15:00+00:00,2026-09-14 20:15:00-04:00,2026-09-14,KC,1.0
8674,5ad8135dc2b5f27de0b777acd317855a,2026-09-12 20:36:23 EDT,2026-09-14,KAN,DEN,KAN@DEN,DraftKings,player_tds_over,Bo Nix,Over,2.5,20000,2026-09-15 00:15:00+00:00,2026-09-14 20:15:00-04:00,2026-09-14,DEN,1.0
8675,5ad8135dc2b5f27de0b777acd317855a,2026-09-12 20:36:23 EDT,2026-09-14,KAN,DEN,KAN@DEN,DraftKings,player_tds_over,Emmett Johnson,Over,2.5,20000,2026-09-15 00:15:00+00:00,2026-09-14 20:15:00-04:00,2026-09-14,KC,1.0
8676,5ad8135dc2b5f27de0b777acd317855a,2026-09-12 20:36:23 EDT,2026-09-14,KAN,DEN,KAN@DEN,DraftKings,player_tds_over,Brashard Smith,Over,2.5,20000,2026-09-15 00:15:00+00:00,2026-09-14 20:15:00-04:00,2026-09-14,KC,1.0
8677,5ad8135dc2b5f27de0b777acd317855a,2026-09-12 20:36:23 EDT,2026-09-14,KAN,DEN,KAN@DEN,DraftKings,player_tds_over,Evan Engram,Over,2.5,20000,2026-09-15 00:15:00+00:00,2026-09-14 20:15:00-04:00,2026-09-14,DEN,1.0
8678,5ad8135dc2b5f27de0b777acd317855a,2026-09-12 20:36:23 EDT,2026-09-14,KAN,DEN,KAN@DEN,DraftKings,player_tds_over,Cyrus Allen,Over,2.5,20000,2026-09-15 00:15:00+00:00,2026-09-14 20:15:00-04:00,2026-09-14,KC,1.0
8679,5ad8135dc2b5f27de0b777acd317855a,2026-09-12 20:36:23 EDT,2026-09-14,KAN,DEN,KAN@DEN,DraftKings,player_tds_over,Tyquan Thornton,Over,2.5,20000,2026-09-15 00:15:00+00:00,2026-09-14 20:15:00-04:00,2026-09-14,KC,1.0
8680,5ad8135dc2b5f27de0b777acd317855a,2026-09-12 20:36:23 EDT,2026-09-14,KAN,DEN,KAN@DEN,DraftKings,player_tds_over,Marvin Mims,Over,2.5,25000,2026-09-15 00:15:00+00:00,2026-09-14 20:15:00-04:00,2026-09-14,DEN,1.0
8681,5ad8135dc2b5f27de0b777acd317855a,2026-09-12 20:36:23 EDT,2026-09-14,KAN,DEN,KAN@DEN,DraftKings,player_tds_over,Jalen Royals,Over,2.5,25000,2026-09-15 00:15:00+00:00,2026-09-14 20:15:00-04:00,2026-09-14,KC,1.0
8682,5ad8135dc2b5f27de0b777acd317855a,2026-09-12 20:36:23 EDT,2026-09-14,KAN,DEN,KAN@DEN,DraftKings,player_tds_over,Adam Trautman,Over,2.5,25000,2026-09-15 00:15:00+00:00,2026-09-14 20:15:00-04:00,2026-09-14,DEN,1.0
8683,5ad8135dc2b5f27de0b777acd317855a,2026-09-12 20:36:23 EDT,2026-09-14,KAN,DEN,KAN@DEN,DraftKings,player_tds_over,Noah Gray,Over,2.5,25000,2026-09-15 00:15:00+00:00,2026-09-14 20:15:00-04:00,2026-09-14,KC,1.0
8684,5ad8135dc2b5f27de0b777acd317855a,2026-09-12 20:36:23 EDT,2026-09-14,KAN,DEN,KAN@DEN,DraftKings,player_tds_over,Patrick Mahomes,Over,2.5,25000,2026-09-15 00:15:00+00:00,2026-09-14 20:15:00-04:00,2026-09-14,KC,1.0
8685,5ad8135dc2b5f27de0b777acd317855a,2026-09-12 20:36:23 EDT,2026-09-14,KAN,DEN,KAN@DEN,DraftKings,player_tds_over,Pat Bryant,Over,2.5,25000,2026-09-15 00:15:00+00:00,2026-09-14 20:15:00-04:00,2026-09-14,DEN,1.0
