,Timestamp,ID,Date,Time,Away,Home,Favorite,Favorite Odds,Underdog,Underdog Odds
0,2026-09-07 10:22:52 EDT,8c94552d022acec4a0458d70c19d3da9,2026-9-9,20:20,New England Patriots,Seattle Seahawks,New England Patriots,150,Seattle Seahawks,-180
1,2026-09-07 10:22:52 EDT,acc580d74344ea3b31bbcdd057fe6a9c,2026-9-10,20:35,San Francisco 49ers,Los Angeles Rams,San Francisco 49ers,154,Los Angeles Rams,-185
2,2026-09-07 10:22:52 EDT,95c01d1bb797d6df14824b106c5a9130,2026-9-13,13:0,Atlanta Falcons,Pittsburgh Steelers,Atlanta Falcons,154,Pittsburgh Steelers,-185
3,2026-09-07 10:22:52 EDT,b6cfdcbafa61ce220ba87dc2d9b80c77,2026-9-13,13:0,Baltimore Ravens,Indianapolis Colts,Indianapolis Colts,136,Baltimore Ravens,-162
4,2026-09-07 10:22:52 EDT,7e09efed7e12c659b82740b67ce2f9a1,2026-9-13,13:0,Buffalo Bills,Houston Texans,Houston Texans,-110,Buffalo Bills,-110
5,2026-09-07 10:22:52 EDT,fc362aff0d889ec52d358307a70c32ed,2026-9-13,13:0,Chicago Bears,Carolina Panthers,Carolina Panthers,124,Chicago Bears,-148
6,2026-09-07 10:22:52 EDT,ed6d24ff979f9c71979fead577b0b3f7,2026-9-13,13:0,Tampa Bay Buccaneers,Cincinnati Bengals,Tampa Bay Buccaneers,164,Cincinnati Bengals,-198
7,2026-09-07 10:22:52 EDT,e55c6fe19fce094ce214c8b0e5b504e9,2026-9-13,13:0,Cleveland Browns,Jacksonville Jaguars,Cleveland Browns,330,Jacksonville Jaguars,-425
8,2026-09-07 10:22:52 EDT,c1d3fcec25aaeb06ebd2244d33d338e0,2026-9-13,13:0,New Orleans Saints,Detroit Lions,New Orleans Saints,235,Detroit Lions,-290
9,2026-09-07 10:22:52 EDT,7dddb296a42e7a41a774b24bd1709ce1,2026-9-13,13:0,New York Jets,Tennessee Titans,New York Jets,105,Tennessee Titans,-125
10,2026-09-07 10:22:52 EDT,1edfa5ceaa1ad2cb57df1c1b908731f6,2026-9-13,16:25,Arizona Cardinals,Los Angeles Chargers,Arizona Cardinals,380,Los Angeles Chargers,-500
11,2026-09-07 10:22:52 EDT,cb77efed7e711d25a72c1a2a0a1af119,2026-9-13,16:25,Green Bay Packers,Minnesota Vikings,Green Bay Packers,102,Minnesota Vikings,-122
12,2026-09-07 10:22:52 EDT,c5d95f48a16849ab6bebc68fbbfcb74a,2026-9-13,16:25,Miami Dolphins,Las Vegas Raiders,Miami Dolphins,154,Las Vegas Raiders,-185
13,2026-09-07 10:22:52 EDT,17885cb8dcade8f6c3bce14b2de805e8,2026-9-13,16:25,Washington Commanders,Philadelphia Eagles,Washington Commanders,170,Philadelphia Eagles,-205
14,2026-09-07 10:22:52 EDT,3e646c7479c57f5d9752d8c7dfe7059b,2026-9-13,20:20,Dallas Cowboys,New York Giants,New York Giants,136,Dallas Cowboys,-162
15,2026-09-07 10:22:52 EDT,5ad8135dc2b5f27de0b777acd317855a,2026-9-14,20:15,Denver Broncos,Kansas City Chiefs,Denver Broncos,124,Kansas City Chiefs,-148
16,2026-09-07 10:22:52 EDT,56e8897681915f7ec92baeee952bb1ae,2026-9-17,20:15,Detroit Lions,Buffalo Bills,Detroit Lions,130,Buffalo Bills,-155
17,2026-09-07 10:22:52 EDT,aee7eae1849ebb103b9bf233e9741392,2026-9-20,13:0,Carolina Panthers,Atlanta Falcons,Carolina Panthers,105,Atlanta Falcons,-125
18,2026-09-07 10:22:52 EDT,2143ade9684fd876b68a4e8cbf451f05,2026-9-20,13:0,New Orleans Saints,Baltimore Ravens,New Orleans Saints,285,Baltimore Ravens,-360
19,2026-09-07 10:22:52 EDT,0283a29e1b38ef78b29b904fd56a16dd,2026-9-20,13:0,Minnesota Vikings,Chicago Bears,Minnesota Vikings,160,Chicago Bears,-192
20,2026-09-07 10:22:52 EDT,36ad2fa722f4915ef23d2c81351261de,2026-9-20,13:0,Cincinnati Bengals,Houston Texans,Cincinnati Bengals,114,Houston Texans,-135
21,2026-09-07 10:22:52 EDT,0636ebff776d43f8c829a36713c80b22,2026-9-20,13:0,Cleveland Browns,Tampa Bay Buccaneers,Cleveland Browns,225,Tampa Bay Buccaneers,-278
22,2026-09-07 10:22:52 EDT,4aeee070bb6ec60bdfae4dede61b9014,2026-9-20,13:0,Green Bay Packers,New York Jets,New York Jets,200,Green Bay Packers,-245
23,2026-09-07 10:22:52 EDT,9d14f87600f6edc74dbcb5c74edf6246,2026-9-20,13:0,Pittsburgh Steelers,New England Patriots,Pittsburgh Steelers,180,New England Patriots,-218
24,2026-09-07 10:22:52 EDT,fafc649c455e32a0f2ba1bd06e2039bc,2026-9-20,13:0,Philadelphia Eagles,Tennessee Titans,Tennessee Titans,180,Philadelphia Eagles,-218
25,2026-09-07 10:22:52 EDT,1fd6628c781f556a7a19638e97d7107f,2026-9-20,16:5,Jacksonville Jaguars,Denver Broncos,Jacksonville Jaguars,130,Denver Broncos,-155
26,2026-09-07 10:22:52 EDT,71b3b83747589efdc5baef2c5cf811bf,2026-9-20,16:5,Las Vegas Raiders,Los Angeles Chargers,Las Vegas Raiders,285,Los Angeles Chargers,-360
27,2026-09-07 10:22:52 EDT,4dd8020192a544385db42374e5555303,2026-9-20,16:25,Seattle Seahawks,Arizona Cardinals,Arizona Cardinals,400,Seattle Seahawks,-535
28,2026-09-07 10:22:52 EDT,85ef85098ddd22fe4ecf45e7e3c0a9c0,2026-9-20,16:25,Washington Commanders,Dallas Cowboys,Washington Commanders,170,Dallas Cowboys,-205
29,2026-09-07 10:22:52 EDT,68bc55903f50af4af4766adcc89fcc61,2026-9-20,16:25,Miami Dolphins,San Francisco 49ers,Miami Dolphins,490,San Francisco 49ers,-675
30,2026-09-07 10:22:52 EDT,50bc247030707d823b9c3581d7eb5760,2026-9-20,20:20,Indianapolis Colts,Kansas City Chiefs,Indianapolis Colts,260,Kansas City Chiefs,-325
31,2026-09-07 10:22:52 EDT,32367f882fac1a0c20a6335619922025,2026-9-21,20:15,New York Giants,Los Angeles Rams,New York Giants,310,Los Angeles Rams,-395
32,2026-09-07 10:22:52 EDT,e5fbd3b3953b896b1bf897ddadb3cc4b,2026-9-24,20:15,Atlanta Falcons,Green Bay Packers,Atlanta Falcons,300,Green Bay Packers,-380
33,2026-09-07 10:22:52 EDT,b225458a282e140c44c45651255f2f6c,2026-9-27,13:0,Los Angeles Chargers,Buffalo Bills,Los Angeles Chargers,136,Buffalo Bills,-162
34,2026-09-07 10:22:52 EDT,613b8cd3a5fab58f7be4e3fd6f76223e,2026-9-27,13:0,Carolina Panthers,Cleveland Browns,Cleveland Browns,102,Carolina Panthers,-122
35,2026-09-07 10:22:52 EDT,71123be049587b6facce3a20c53e5d09,2026-9-27,13:0,Cincinnati Bengals,Pittsburgh Steelers,Pittsburgh Steelers,105,Cincinnati Bengals,-125
36,2026-09-07 10:22:52 EDT,07f552badfa8a565d1be22123713e4da,2026-9-27,13:0,New York Jets,Detroit Lions,New York Jets,320,Detroit Lions,-410
37,2026-09-07 10:22:52 EDT,17a730b7d399feeab6a78c30767c29d2,2026-9-27,13:0,Houston Texans,Indianapolis Colts,Indianapolis Colts,102,Houston Texans,-122
38,2026-09-07 10:22:52 EDT,1f3cfd315a24d1a7dd5859a8e6b88e18,2026-9-27,13:0,New England Patriots,Jacksonville Jaguars,New England Patriots,-102,Jacksonville Jaguars,-118
39,2026-09-07 10:22:52 EDT,0339a0e41bcee12820eb3e64bb5fadb4,2026-9-27,13:0,Kansas City Chiefs,Miami Dolphins,Miami Dolphins,340,Kansas City Chiefs,-440
40,2026-09-07 10:22:52 EDT,555afd4a27aaa392662881cffa8f2eef,2026-9-27,13:0,Tennessee Titans,New York Giants,Tennessee Titans,140,New York Giants,-166
41,2026-09-07 10:22:52 EDT,2a529c108305ffa049d8b6cfdbaa4d36,2026-9-27,13:0,Seattle Seahawks,Washington Commanders,Washington Commanders,154,Seattle Seahawks,-185
42,2026-09-07 10:22:52 EDT,9d2b09e0f9b6dd5ce0d985894f4f98fa,2026-9-27,16:5,Arizona Cardinals,San Francisco 49ers,Arizona Cardinals,470,San Francisco 49ers,-650
43,2026-09-07 10:22:52 EDT,f1724dead3eab61546033032fc782375,2026-9-27,16:5,Minnesota Vikings,Tampa Bay Buccaneers,Minnesota Vikings,105,Tampa Bay Buccaneers,-125
44,2026-09-07 10:22:52 EDT,84cfca14efc21363fd605508404cf1ff,2026-9-27,16:25,Baltimore Ravens,Dallas Cowboys,Dallas Cowboys,114,Baltimore Ravens,-135
45,2026-09-07 10:22:52 EDT,2e523fcb0497aa689473e290eb2b97de,2026-9-27,16:25,Las Vegas Raiders,New Orleans Saints,Las Vegas Raiders,160,New Orleans Saints,-192
46,2026-09-07 10:22:52 EDT,3bfd8bfb4b8e9a365a0877879b73b16b,2026-9-27,20:20,Los Angeles Rams,Denver Broncos,Denver Broncos,130,Los Angeles Rams,-155
47,2026-09-07 10:22:52 EDT,47dc7baa254659f3beb2ed2b38c207b6,2026-9-28,20:15,Philadelphia Eagles,Chicago Bears,Philadelphia Eagles,-102,Chicago Bears,-118
48,2026-09-07 10:22:52 EDT,d55cb69fed50a09170560b5b75d8de86,2026-10-1,20:15,Pittsburgh Steelers,Cleveland Browns,Cleveland Browns,114,Pittsburgh Steelers,-135
49,2026-09-07 10:22:52 EDT,c9d8ed8aa4889486eaf10a630138ede0,2026-10-4,9:30,Indianapolis Colts,Washington Commanders,Indianapolis Colts,-102,Washington Commanders,-118
50,2026-09-07 10:22:52 EDT,664e6bda5721dc63be16bcf7d962a436,2026-10-4,13:0,Arizona Cardinals,New York Giants,Arizona Cardinals,260,New York Giants,-325
51,2026-09-07 10:22:52 EDT,f01589b0e7e6dd4f4ac1220a1db81f53,2026-10-4,13:0,Tennessee Titans,Baltimore Ravens,Tennessee Titans,310,Baltimore Ravens,-395
52,2026-09-07 10:22:52 EDT,573cc0ef39631a4f6673ec843a8bedd4,2026-10-4,13:0,New England Patriots,Buffalo Bills,New England Patriots,140,Buffalo Bills,-166
53,2026-09-07 10:22:52 EDT,164e6eb68f31bac190381903c3cccd31,2026-10-4,13:0,New York Jets,Chicago Bears,New York Jets,330,Chicago Bears,-425
54,2026-09-07 10:22:52 EDT,2ea94ddf20f66432b9024fe2e2eaba5f,2026-10-4,13:0,Jacksonville Jaguars,Cincinnati Bengals,Jacksonville Jaguars,114,Cincinnati Bengals,-135
55,2026-09-07 10:22:52 EDT,daf55e2df5341c007fee5a0fc5bbc2d4,2026-10-4,13:0,Dallas Cowboys,Houston Texans,Dallas Cowboys,114,Houston Texans,-135
56,2026-09-07 10:22:52 EDT,99a9bae4dc0dc2590496bd3102b211f2,2026-10-4,13:0,Green Bay Packers,Tampa Bay Buccaneers,Tampa Bay Buccaneers,105,Green Bay Packers,-125
57,2026-09-07 10:22:52 EDT,1b4f2e60ce83fa1d63a5dff83769d27c,2026-10-4,13:0,Los Angeles Rams,Philadelphia Eagles,Philadelphia Eagles,105,Los Angeles Rams,-125
58,2026-09-07 10:22:52 EDT,c327223d76a3b7b0db8c6c104442f44b,2026-10-4,16:5,Miami Dolphins,Minnesota Vikings,Miami Dolphins,320,Minnesota Vikings,-410
59,2026-09-07 10:22:52 EDT,a7e7efb75a9792ac63480ae6328dca18,2026-10-4,16:25,Denver Broncos,San Francisco 49ers,Denver Broncos,114,San Francisco 49ers,-135
60,2026-09-07 10:22:52 EDT,e0cbd266dcf997089203a1b33ba0333d,2026-10-4,16:25,Kansas City Chiefs,Las Vegas Raiders,Las Vegas Raiders,205,Kansas City Chiefs,-250
61,2026-09-07 10:22:52 EDT,96d2373cda647873b971f268482bced0,2026-10-4,16:25,Los Angeles Chargers,Seattle Seahawks,Los Angeles Chargers,145,Seattle Seahawks,-175
62,2026-09-07 10:22:52 EDT,a73a76599a4f3422803e57bd8f61b626,2026-10-4,20:20,Detroit Lions,Carolina Panthers,Carolina Panthers,136,Detroit Lions,-162
63,2026-09-07 10:22:52 EDT,8bd90781e17e6d97df3941063cedae1e,2026-10-5,20:15,Atlanta Falcons,New Orleans Saints,Atlanta Falcons,114,New Orleans Saints,-135
64,2026-09-07 10:22:52 EDT,259b5df9aa0d10257f56de78523495e0,2026-10-8,20:15,Tampa Bay Buccaneers,Dallas Cowboys,Tampa Bay Buccaneers,170,Dallas Cowboys,-205
65,2026-09-07 10:22:52 EDT,21b26266f3d78af02eb672e606275d95,2026-10-11,9:30,Philadelphia Eagles,Jacksonville Jaguars,Jacksonville Jaguars,105,Philadelphia Eagles,-125
66,2026-09-07 10:22:52 EDT,c4647ca1201e6768501877267ca8251b,2026-10-11,13:0,Cincinnati Bengals,Miami Dolphins,Miami Dolphins,225,Cincinnati Bengals,-278
67,2026-09-07 10:22:52 EDT,9db4ed15fe34fca1fb62f040cd244591,2026-10-11,13:0,Cleveland Browns,New York Jets,Cleveland Browns,110,New York Jets,-130
68,2026-09-07 10:22:52 EDT,cc52bba56e74f5cddbe9011046181c3d,2026-10-11,13:0,Houston Texans,Tennessee Titans,Tennessee Titans,154,Houston Texans,-185
69,2026-09-07 10:22:52 EDT,448d7cf18c6db4c811ed82ded1b72867,2026-10-11,13:0,Indianapolis Colts,Pittsburgh Steelers,Indianapolis Colts,120,Pittsburgh Steelers,-142
70,2026-09-07 10:22:52 EDT,6b024bad1abb54f597225e4ab9b39d89,2026-10-11,13:0,Las Vegas Raiders,New England Patriots,Las Vegas Raiders,310,New England Patriots,-395
71,2026-09-07 10:22:52 EDT,2cda9bf0fbe35a2735f0dd8aaafe9eff,2026-10-11,13:0,Minnesota Vikings,New Orleans Saints,New Orleans Saints,105,Minnesota Vikings,-125
72,2026-09-07 10:22:52 EDT,fbffd0b7722fd81d68d5d62472dc80e8,2026-10-11,13:0,New York Giants,Washington Commanders,New York Giants,110,Washington Commanders,-130
73,2026-09-07 10:22:52 EDT,d1d408fdfd272046fb517fe992a1c5a0,2026-10-11,16:5,Denver Broncos,Los Angeles Chargers,Denver Broncos,120,Los Angeles Chargers,-142
74,2026-09-07 10:22:52 EDT,f8e7f43f73aa983c5c99c189587f0118,2026-10-11,16:25,Detroit Lions,Arizona Cardinals,Arizona Cardinals,300,Detroit Lions,-380
75,2026-09-07 10:22:52 EDT,2caea57b1e5cfbba1334cfbfd46f6771,2026-10-11,16:25,Chicago Bears,Green Bay Packers,Chicago Bears,140,Green Bay Packers,-166
76,2026-09-07 10:22:52 EDT,8e5d515b10d8a5ffb324640ed60bcc55,2026-10-11,16:25,San Francisco 49ers,Seattle Seahawks,San Francisco 49ers,170,Seattle Seahawks,-205
77,2026-09-07 10:22:52 EDT,86457f91112732f21ad4bb7d37bd291c,2026-10-11,20:20,Baltimore Ravens,Atlanta Falcons,Atlanta Falcons,170,Baltimore Ravens,-205
78,2026-09-07 10:22:52 EDT,e6d00eedd87d367e510314bd8cab8f6f,2026-10-12,20:15,Buffalo Bills,Los Angeles Rams,Buffalo Bills,140,Los Angeles Rams,-166
79,2026-09-07 10:22:52 EDT,855f58fad5f0f14b239f4f63df27998b,2026-10-15,20:15,Seattle Seahawks,Denver Broncos,Denver Broncos,110,Seattle Seahawks,-130
80,2026-09-07 10:22:52 EDT,57418b2cf5aca558b3c98eafac1e264a,2026-10-18,9:30,Houston Texans,Jacksonville Jaguars,Houston Texans,-108,Jacksonville Jaguars,-112
81,2026-09-07 10:22:52 EDT,7c312fdf24fb35f58b0e07c2932cc997,2026-10-18,13:0,Chicago Bears,Atlanta Falcons,Atlanta Falcons,136,Chicago Bears,-162
82,2026-09-07 10:22:52 EDT,e86227938fd3cf008fc5648fb5128344,2026-10-18,13:0,Baltimore Ravens,Cleveland Browns,Cleveland Browns,205,Baltimore Ravens,-250
83,2026-09-07 10:22:52 EDT,caca2d752fe1a1779029082e95332fcc,2026-10-18,13:0,Carolina Panthers,Philadelphia Eagles,Carolina Panthers,225,Philadelphia Eagles,-278
84,2026-09-07 10:22:52 EDT,84aa9e190e625d7e9cd67e1f157a45b4,2026-10-18,13:0,Tennessee Titans,Indianapolis Colts,Tennessee Titans,160,Indianapolis Colts,-192
85,2026-09-07 10:22:52 EDT,0b0b582b32b09ab6ff6664ffae0c9653,2026-10-18,13:0,New York Jets,New England Patriots,New York Jets,340,New England Patriots,-440
86,2026-09-07 10:22:52 EDT,1cf74afd313e9fd300e1462012b174cb,2026-10-18,13:0,New Orleans Saints,New York Giants,New Orleans Saints,114,New York Giants,-135
87,2026-09-07 10:22:52 EDT,27f3994841ce8081c0b7349cf3d1e3d7,2026-10-18,13:0,Pittsburgh Steelers,Tampa Bay Buccaneers,Pittsburgh Steelers,105,Tampa Bay Buccaneers,-125
88,2026-09-07 10:22:52 EDT,3729ac6d2a66b642850caf2044cdc658,2026-10-18,16:5,Arizona Cardinals,Los Angeles Rams,Arizona Cardinals,550,Los Angeles Rams,-800
89,2026-09-07 10:22:52 EDT,45b2690b350ed45145c7a716b18e8e66,2026-10-18,16:25,Buffalo Bills,Las Vegas Raiders,Las Vegas Raiders,215,Buffalo Bills,-265
90,2026-09-07 10:22:52 EDT,20fefae8c296247460ba5773caa42218,2026-10-18,16:25,Los Angeles Chargers,Kansas City Chiefs,Los Angeles Chargers,120,Kansas City Chiefs,-142
91,2026-09-07 10:22:52 EDT,82fd5a159fa130e67abab93a9537f70b,2026-10-18,20:20,Dallas Cowboys,Green Bay Packers,Dallas Cowboys,140,Green Bay Packers,-166
92,2026-09-07 10:22:52 EDT,f122527f003276d3bca19efa48c902c1,2026-10-19,20:15,Washington Commanders,San Francisco 49ers,Washington Commanders,205,San Francisco 49ers,-250
93,2026-09-07 10:22:52 EDT,ffebea881c1d7b2dfb85b3e590c35985,2026-10-22,20:15,New England Patriots,Chicago Bears,New England Patriots,102,Chicago Bears,-122
94,2026-09-07 10:22:52 EDT,2e710ea5a306b614f0f966e3d78732f8,2026-10-25,9:30,Pittsburgh Steelers,New Orleans Saints,New Orleans Saints,120,Pittsburgh Steelers,-142
95,2026-09-07 10:22:52 EDT,b1be064fb52a198a62109c279e7ab24c,2026-10-25,13:0,San Francisco 49ers,Atlanta Falcons,Atlanta Falcons,185,San Francisco 49ers,-225
96,2026-09-07 10:22:52 EDT,550ec5290f935d311995affbcb0b5c79,2026-10-25,13:0,Cincinnati Bengals,Baltimore Ravens,Cincinnati Bengals,154,Baltimore Ravens,-185
97,2026-09-07 10:22:52 EDT,2823e986597c449ab94126cd5ed3fae9,2026-10-25,13:0,Tampa Bay Buccaneers,Carolina Panthers,Carolina Panthers,105,Tampa Bay Buccaneers,-125
98,2026-09-07 10:22:52 EDT,5dce18baccec5d3ad5fb3a3ce52f7619,2026-10-25,13:0,Cleveland Browns,Tennessee Titans,Cleveland Browns,114,Tennessee Titans,-135
99,2026-09-07 10:22:52 EDT,2bba7fde6f97d0e54403d53676e4ab63,2026-10-25,13:0,New York Giants,Houston Texans,New York Giants,200,Houston Texans,-245
100,2026-09-07 10:22:52 EDT,f3992ad4496724baf7dcd1ef58245d6b,2026-10-25,13:0,Indianapolis Colts,Minnesota Vikings,Indianapolis Colts,120,Minnesota Vikings,-142
101,2026-09-07 10:22:52 EDT,be5dd120ca08b43d647b6caa8953500a,2026-10-25,13:0,Miami Dolphins,New York Jets,Miami Dolphins,120,New York Jets,-142
102,2026-09-07 10:22:52 EDT,436119bb3ccdaa6ed7808aa3ebd82b76,2026-10-25,16:5,Denver Broncos,Arizona Cardinals,Arizona Cardinals,285,Denver Broncos,-360
103,2026-09-07 10:22:52 EDT,e8e5715eefb6a9ce64765e9ddf49c0cc,2026-10-25,16:25,Green Bay Packers,Detroit Lions,Green Bay Packers,120,Detroit Lions,-142
104,2026-09-07 10:22:52 EDT,f7679cf18454e4d88a8f2b990c3f08ac,2026-10-25,16:25,Los Angeles Rams,Las Vegas Raiders,Las Vegas Raiders,275,Los Angeles Rams,-345
105,2026-09-07 10:22:52 EDT,176d474ed8b2bbf1eb4d7e9c56b4bf22,2026-10-25,20:20,Kansas City Chiefs,Seattle Seahawks,Kansas City Chiefs,145,Seattle Seahawks,-175
106,2026-09-07 10:22:52 EDT,4853610e63c246f2027a6a248e642c9a,2026-10-26,20:15,Dallas Cowboys,Philadelphia Eagles,Dallas Cowboys,136,Philadelphia Eagles,-162
107,2026-09-07 10:22:52 EDT,ab2865e9f2d4b012de8bc6fb6de11a7c,2026-10-29,20:15,Carolina Panthers,Green Bay Packers,Carolina Panthers,270,Green Bay Packers,-340
108,2026-09-07 10:22:52 EDT,9255ca8f32aea590d00aa57de79f6bb6,2026-11-1,13:0,Arizona Cardinals,Dallas Cowboys,Arizona Cardinals,380,Dallas Cowboys,-500
109,2026-09-07 10:22:52 EDT,921859689f5f8b3b8b1caf4248bdb1ec,2026-11-1,13:0,Atlanta Falcons,Tampa Bay Buccaneers,Atlanta Falcons,185,Tampa Bay Buccaneers,-225
110,2026-09-07 10:22:52 EDT,c93c421e5fa46031a43162d111d981d0,2026-11-1,13:0,Baltimore Ravens,Buffalo Bills,Baltimore Ravens,114,Buffalo Bills,-135
111,2026-09-07 10:22:52 EDT,9c5d8f57e0ba0fbd9ef436c1f0898f99,2026-11-1,13:0,Tennessee Titans,Cincinnati Bengals,Tennessee Titans,240,Cincinnati Bengals,-298
112,2026-09-07 10:22:52 EDT,ab5ab731ab655bd6308bc7a922275518,2026-11-1,13:0,Cleveland Browns,Pittsburgh Steelers,Cleveland Browns,210,Pittsburgh Steelers,-258
113,2026-09-07 10:22:52 EDT,52e7ee9c42525e6deec02da32dc2fad8,2026-11-1,13:0,Minnesota Vikings,Detroit Lions,Minnesota Vikings,185,Detroit Lions,-225
114,2026-09-07 10:22:52 EDT,159dbf0253dd2038eda2212f84387f0c,2026-11-1,13:0,Indianapolis Colts,Jacksonville Jaguars,Indianapolis Colts,185,Jacksonville Jaguars,-225
115,2026-09-07 10:22:52 EDT,98f1b121b793977434c046e76c707145,2026-11-1,13:0,Las Vegas Raiders,New York Jets,Las Vegas Raiders,105,New York Jets,-125
116,2026-09-07 10:22:52 EDT,2ff84d3f6053d083c8c0a5bebf7cdd4c,2026-11-1,16:5,Los Angeles Chargers,Los Angeles Rams,Los Angeles Chargers,160,Los Angeles Rams,-192
117,2026-09-07 10:22:52 EDT,f2a036d5edf483a277880014861e78ad,2026-11-1,16:25,Kansas City Chiefs,Denver Broncos,Kansas City Chiefs,105,Denver Broncos,-125
118,2026-09-07 10:22:52 EDT,05405af79752f5e742cdf50b61f6745e,2026-11-1,16:25,New England Patriots,Miami Dolphins,Miami Dolphins,280,New England Patriots,-355
119,2026-09-07 10:22:52 EDT,b9c60db63b1a19ad319f24b33c0defe8,2026-11-1,20:20,Philadelphia Eagles,Washington Commanders,Washington Commanders,105,Philadelphia Eagles,-125
120,2026-09-07 10:22:52 EDT,7d664fbcd39350e559d83c0068ba7169,2026-11-2,20:20,Chicago Bears,Seattle Seahawks,Chicago Bears,185,Seattle Seahawks,-225
121,2026-09-07 10:22:52 EDT,c75744790b7acf6260c78ba5e739c0e5,2026-11-5,20:15,Jacksonville Jaguars,Baltimore Ravens,Jacksonville Jaguars,170,Baltimore Ravens,-205
122,2026-09-07 10:22:52 EDT,dc56d980f527ffeef89940133b211b13,2026-11-8,9:30,Cincinnati Bengals,Atlanta Falcons,Atlanta Falcons,190,Cincinnati Bengals,-230
123,2026-09-07 10:22:52 EDT,014282b888c741b7d70c857c09f40aa7,2026-11-8,13:0,Denver Broncos,Carolina Panthers,Carolina Panthers,136,Denver Broncos,-162
124,2026-09-07 10:22:52 EDT,e571bab6736f9338130a78a4f75c3231,2026-11-8,13:0,Cleveland Browns,New Orleans Saints,Cleveland Browns,170,New Orleans Saints,-205
125,2026-09-07 10:22:52 EDT,415fc42e72888c63e82f7bce24c65391,2026-11-8,13:0,Dallas Cowboys,Indianapolis Colts,Indianapolis Colts,105,Dallas Cowboys,-125
126,2026-09-07 10:22:52 EDT,44d8c37868b700e90f816db7c5df5cdd,2026-11-8,13:0,Detroit Lions,Miami Dolphins,Miami Dolphins,225,Detroit Lions,-278
127,2026-09-07 10:22:52 EDT,e354e6a04b1cb9c96e549b863debb92e,2026-11-8,13:0,New York Jets,Kansas City Chiefs,New York Jets,360,Kansas City Chiefs,-470
128,2026-09-07 10:22:52 EDT,89de07377e0aa8ffaa2ae6a7dc0855cc,2026-11-8,13:0,Los Angeles Rams,Washington Commanders,Washington Commanders,180,Los Angeles Rams,-218
129,2026-09-07 10:22:52 EDT,fe93e6ab1e553c0169936a0a983c324f,2026-11-8,13:0,New York Giants,Philadelphia Eagles,New York Giants,195,Philadelphia Eagles,-238
130,2026-09-07 10:22:52 EDT,39aeac43cea7b12558b91cdab1255a10,2026-11-8,16:5,Houston Texans,Los Angeles Chargers,Houston Texans,120,Los Angeles Chargers,-142
131,2026-09-07 10:22:52 EDT,ac9d38a18d5c92814233a31aa9a48d78,2026-11-8,16:5,Las Vegas Raiders,San Francisco 49ers,Las Vegas Raiders,340,San Francisco 49ers,-440
132,2026-09-07 10:22:52 EDT,240e23b02b1e3fef655d04a286b5a623,2026-11-8,16:25,Arizona Cardinals,Seattle Seahawks,Arizona Cardinals,575,Seattle Seahawks,-850
133,2026-09-07 10:22:52 EDT,2922c573ec3df8466c4a34975e446898,2026-11-8,16:25,Green Bay Packers,New England Patriots,Green Bay Packers,105,New England Patriots,-125
134,2026-09-07 10:22:52 EDT,9760d8f19f84bfee300a74ceb656c95d,2026-11-8,20:20,Tampa Bay Buccaneers,Chicago Bears,Tampa Bay Buccaneers,164,Chicago Bears,-198
135,2026-09-07 10:22:52 EDT,17ad7eff2f7875e20a8109abe40470e3,2026-11-9,20:15,Buffalo Bills,Minnesota Vikings,Minnesota Vikings,142,Buffalo Bills,-170
136,2026-09-07 10:22:52 EDT,74d39e19225caf211ad2c8eb4110179f,2026-11-12,20:15,Washington Commanders,New York Giants,Washington Commanders,105,New York Giants,-125
137,2026-09-07 10:22:52 EDT,b8c10fdf1e0ac4e13deee7f7c0af0b0b,2026-11-15,9:30,New England Patriots,Detroit Lions,New England Patriots,105,Detroit Lions,-125
138,2026-09-07 10:22:52 EDT,3c71d515b726f1096aabb435badb83fd,2026-11-15,13:0,Kansas City Chiefs,Atlanta Falcons,Atlanta Falcons,185,Kansas City Chiefs,-225
139,2026-09-07 10:22:52 EDT,1057d50949844ddf483da9c8c20354be,2026-11-15,13:0,Buffalo Bills,New York Jets,New York Jets,270,Buffalo Bills,-340
140,2026-09-07 10:22:52 EDT,e5aa20e1364dd639f042af1c2281bbe2,2026-11-15,13:0,Carolina Panthers,New Orleans Saints,Carolina Panthers,-102,New Orleans Saints,-118
141,2026-09-07 10:22:52 EDT,be0e03cc42fbc9b6962467b22c7bf9dd,2026-11-15,13:0,Houston Texans,Cleveland Browns,Cleveland Browns,170,Houston Texans,-205
142,2026-09-07 10:22:52 EDT,5d8d85473b87f772a979ecf294acab94,2026-11-15,13:0,Minnesota Vikings,Green Bay Packers,Minnesota Vikings,200,Green Bay Packers,-245
143,2026-09-07 10:22:52 EDT,b5700b4d938fd94429f60d4622cc9c0a,2026-11-15,13:0,Miami Dolphins,Indianapolis Colts,Miami Dolphins,245,Indianapolis Colts,-305
144,2026-09-07 10:22:52 EDT,28800df7e768ecec14f116454d560f9b,2026-11-15,13:0,Jacksonville Jaguars,Tennessee Titans,Tennessee Titans,114,Jacksonville Jaguars,-135
145,2026-09-07 10:22:52 EDT,6c932a965110f3f89ec4a5f1a6ac256e,2026-11-15,16:5,Los Angeles Rams,Arizona Cardinals,Arizona Cardinals,360,Los Angeles Rams,-470
146,2026-09-07 10:22:52 EDT,6079a5cbabf99b265a17edfc92a1da60,2026-11-15,16:5,Seattle Seahawks,Las Vegas Raiders,Las Vegas Raiders,250,Seattle Seahawks,-310
147,2026-09-07 10:22:52 EDT,7627192fd89b05120ab6c712aa23fd81,2026-11-15,16:25,San Francisco 49ers,Dallas Cowboys,San Francisco 49ers,-102,Dallas Cowboys,-118
148,2026-09-07 10:22:52 EDT,48e497c230e6c9afcb3b600091d28e17,2026-11-15,20:20,Pittsburgh Steelers,Cincinnati Bengals,Pittsburgh Steelers,160,Cincinnati Bengals,-192
149,2026-09-07 10:22:52 EDT,35e3bdff558b5d1506251e814986f164,2026-11-16,20:15,Los Angeles Chargers,Baltimore Ravens,Los Angeles Chargers,150,Baltimore Ravens,-180
150,2026-09-07 10:22:52 EDT,66f9e83cf025d58acee12bce18661fb3,2026-11-19,20:15,Indianapolis Colts,Houston Texans,Indianapolis Colts,200,Houston Texans,-245
151,2026-09-07 10:22:52 EDT,403a88701352da05b0710a9e883b803e,2026-11-22,13:0,Arizona Cardinals,Kansas City Chiefs,Arizona Cardinals,440,Kansas City Chiefs,-600
152,2026-09-07 10:22:52 EDT,4527f57f5bc32742d8194af1ccf7da7e,2026-11-22,13:0,Baltimore Ravens,Carolina Panthers,Carolina Panthers,170,Baltimore Ravens,-205
153,2026-09-07 10:22:52 EDT,4c5b1c0843a260278e95eb93e7787576,2026-11-22,13:0,Miami Dolphins,Buffalo Bills,Miami Dolphins,470,Buffalo Bills,-650
154,2026-09-07 10:22:52 EDT,3ea90704fb576633bd1e2fa5aafd9ea3,2026-11-22,13:0,New Orleans Saints,Chicago Bears,New Orleans Saints,225,Chicago Bears,-278
155,2026-09-07 10:22:52 EDT,5e63079b678f8c13419adc169fff02d3,2026-11-22,13:0,Tennessee Titans,Dallas Cowboys,Tennessee Titans,230,Dallas Cowboys,-285
156,2026-09-07 10:22:52 EDT,41e2dd69bddd65d7e823d9ed61cc2afc,2026-11-22,13:0,Tampa Bay Buccaneers,Detroit Lions,Tampa Bay Buccaneers,185,Detroit Lions,-225
157,2026-09-07 10:22:52 EDT,8ba112fabf4e87639338a5f437c5abfe,2026-11-22,13:0,Jacksonville Jaguars,New York Giants,New York Giants,105,Jacksonville Jaguars,-125
158,2026-09-07 10:22:52 EDT,4b20b742b6168aaca4f25d87f11b1526,2026-11-22,16:5,New York Jets,Los Angeles Chargers,New York Jets,330,Los Angeles Chargers,-425
159,2026-09-07 10:22:52 EDT,1940706a79cbcbafacdcbf231069716b,2026-11-22,16:25,Las Vegas Raiders,Denver Broncos,Las Vegas Raiders,270,Denver Broncos,-340
160,2026-09-07 10:22:52 EDT,cbe45bafcc2615fc1d96cbc12840377a,2026-11-22,16:25,Pittsburgh Steelers,Philadelphia Eagles,Pittsburgh Steelers,195,Philadelphia Eagles,-238
161,2026-09-07 10:22:52 EDT,60e1d27b083a335b722c2c852ea85612,2026-11-22,20:20,Minnesota Vikings,San Francisco 49ers,Minnesota Vikings,160,San Francisco 49ers,-192
162,2026-09-07 10:22:52 EDT,3a60ed1d20004aa4d4772b2c1a2272e7,2026-11-23,20:15,Cincinnati Bengals,Washington Commanders,Washington Commanders,102,Cincinnati Bengals,-122
163,2026-09-07 10:22:52 EDT,5b612899d6dcdf998107f2c6c6e49a58,2026-11-25,20:0,Green Bay Packers,Los Angeles Rams,Green Bay Packers,185,Los Angeles Rams,-225
164,2026-09-07 10:22:52 EDT,9b825e6518156008da499be041975fdd,2026-11-26,13:0,Chicago Bears,Detroit Lions,Chicago Bears,120,Detroit Lions,-142
165,2026-09-07 10:22:52 EDT,ffaa06af56a7137d4b078c5c46c0b730,2026-11-26,15:30,Philadelphia Eagles,Dallas Cowboys,Philadelphia Eagles,105,Dallas Cowboys,-125
166,2026-09-07 10:22:52 EDT,f36f518585aec40e8cb40e071c0844aa,2026-11-26,20:20,Kansas City Chiefs,Buffalo Bills,Kansas City Chiefs,124,Buffalo Bills,-148
167,2026-09-07 10:22:52 EDT,44a3bcf5bd002583ddef2207a92dd977,2026-11-27,15:0,Denver Broncos,Pittsburgh Steelers,Pittsburgh Steelers,105,Denver Broncos,-125
168,2026-09-07 10:22:52 EDT,6a05021bdb6bab24b9bb381ffff10f0c,2026-11-29,13:0,Atlanta Falcons,Minnesota Vikings,Atlanta Falcons,180,Minnesota Vikings,-218
169,2026-09-07 10:22:52 EDT,60d0c074801985c1062795362a24200e,2026-11-29,13:0,Baltimore Ravens,Houston Texans,Baltimore Ravens,102,Houston Texans,-122
170,2026-09-07 10:22:52 EDT,f7d3ae7a8fe2438cef7d7d7bc67e31db,2026-11-29,13:0,New Orleans Saints,Cincinnati Bengals,New Orleans Saints,235,Cincinnati Bengals,-290
171,2026-09-07 10:22:52 EDT,eaa993c3d62d6b5aeb6142cdd7862fd5,2026-11-29,13:0,Las Vegas Raiders,Cleveland Browns,Las Vegas Raiders,105,Cleveland Browns,-125
172,2026-09-07 10:22:52 EDT,e9da808e36e1b7475698a57465ad4519,2026-11-29,13:0,New York Giants,Indianapolis Colts,New York Giants,114,Indianapolis Colts,-135
173,2026-09-07 10:22:52 EDT,81a8fee5b649a3ad5ad59e9528f2f376,2026-11-29,13:0,Tennessee Titans,Jacksonville Jaguars,Tennessee Titans,190,Jacksonville Jaguars,-230
174,2026-09-07 10:22:52 EDT,5ea0e3ea5944b0ad5169f21c0787b331,2026-11-29,13:0,New York Jets,Miami Dolphins,New York Jets,105,Miami Dolphins,-125
175,2026-09-07 10:22:52 EDT,69a1dbe9de3d3212c3a7a55be5d204ab,2026-11-29,16:25,Washington Commanders,Arizona Cardinals,Arizona Cardinals,180,Washington Commanders,-218
176,2026-09-07 10:22:52 EDT,d68dced0b26726890b9c79bd19a5ffe5,2026-11-29,16:25,Seattle Seahawks,San Francisco 49ers,Seattle Seahawks,-110,San Francisco 49ers,-110
177,2026-09-07 10:22:52 EDT,c64ceba13ede564e8658693e3171e7f9,2026-11-29,20:20,New England Patriots,Los Angeles Chargers,New England Patriots,105,Los Angeles Chargers,-125
178,2026-09-07 10:22:52 EDT,2cdaecba7c0bff9b58a48a82e6ee17a7,2026-11-30,20:15,Carolina Panthers,Tampa Bay Buccaneers,Carolina Panthers,160,Tampa Bay Buccaneers,-192
179,2026-09-07 10:22:52 EDT,06e52a676b516186989e3b181a37c8a7,2026-12-3,20:15,Kansas City Chiefs,Los Angeles Rams,Kansas City Chiefs,170,Los Angeles Rams,-205
180,2026-09-07 10:22:52 EDT,c94419ba8fb818fc36a5b21b526aab75,2026-12-6,13:0,Detroit Lions,Atlanta Falcons,Atlanta Falcons,154,Detroit Lions,-185
181,2026-09-07 10:22:52 EDT,0236f9aa68d65ea03bd1ca025b749c20,2026-12-6,13:0,Jacksonville Jaguars,Chicago Bears,Jacksonville Jaguars,130,Chicago Bears,-155
182,2026-09-07 10:22:52 EDT,b447fab53534af892f98a74eae26c1c6,2026-12-6,13:0,Cincinnati Bengals,Cleveland Browns,Cleveland Browns,185,Cincinnati Bengals,-225
183,2026-09-07 10:22:52 EDT,9a55467e1cd6310ae2af20d8154612e1,2026-12-6,13:0,Miami Dolphins,Denver Broncos,Miami Dolphins,360,Denver Broncos,-470
184,2026-09-07 10:22:52 EDT,1ccb61b811b7aae4270df22a67e6459f,2026-12-6,13:0,Green Bay Packers,New Orleans Saints,New Orleans Saints,185,Green Bay Packers,-225
185,2026-09-07 10:22:52 EDT,f8a92363386bd337975650879086cca6,2026-12-6,13:0,Los Angeles Chargers,Tampa Bay Buccaneers,Tampa Bay Buccaneers,120,Los Angeles Chargers,-142
186,2026-09-07 10:22:52 EDT,a5495c3360b3bb13da76ba23a675c9ef,2026-12-6,13:0,San Francisco 49ers,New York Giants,New York Giants,140,San Francisco 49ers,-166
187,2026-09-07 10:22:52 EDT,ae3429e95ee704c7fd001cade20072d0,2026-12-6,13:0,Washington Commanders,Tennessee Titans,Tennessee Titans,105,Washington Commanders,-125
188,2026-09-07 10:22:52 EDT,f4897f48a5351881280f7598bd826408,2026-12-6,16:5,Philadelphia Eagles,Arizona Cardinals,Arizona Cardinals,310,Philadelphia Eagles,-395
189,2026-09-07 10:22:52 EDT,4116dbff75ab7957b69c2152f204b74d,2026-12-6,16:25,Buffalo Bills,New England Patriots,Buffalo Bills,102,New England Patriots,-122
190,2026-09-07 10:22:52 EDT,c186c605febd6370b292469c9151cfb3,2026-12-6,16:25,Carolina Panthers,Minnesota Vikings,Carolina Panthers,160,Minnesota Vikings,-192
191,2026-09-07 10:22:52 EDT,26bf8e165d2d273ed0772a355f07ab16,2026-12-6,20:20,Houston Texans,Pittsburgh Steelers,Pittsburgh Steelers,102,Houston Texans,-122
192,2026-09-07 10:22:52 EDT,0db4646c964ecdff19957373fe707546,2026-12-7,20:15,Dallas Cowboys,Seattle Seahawks,Dallas Cowboys,185,Seattle Seahawks,-225
193,2026-09-07 10:22:52 EDT,01548e41e7ba5318bb25c9bc2a32f73d,2026-12-10,20:15,Minnesota Vikings,New England Patriots,Minnesota Vikings,180,New England Patriots,-218
194,2026-09-07 10:22:52 EDT,f7fba6b1804e02292ee0ce4738484258,2026-12-13,13:0,Atlanta Falcons,Cleveland Browns,Atlanta Falcons,105,Cleveland Browns,-125
195,2026-09-07 10:22:52 EDT,bec99e2f2b4c80e345731d69ee38d831,2026-12-13,13:0,Tampa Bay Buccaneers,Baltimore Ravens,Tampa Bay Buccaneers,210,Baltimore Ravens,-258
196,2026-09-07 10:22:52 EDT,dcc7b377d3b3ec990304612bbef47d3d,2026-12-13,13:0,New Orleans Saints,Carolina Panthers,New Orleans Saints,114,Carolina Panthers,-135
197,2026-09-07 10:22:52 EDT,2c6added7199a59f1e9dae8492c29da4,2026-12-13,13:0,Chicago Bears,Miami Dolphins,Miami Dolphins,200,Chicago Bears,-245
198,2026-09-07 10:22:52 EDT,5185ace33aebc87d39074147940f2fa5,2026-12-13,13:0,Denver Broncos,New York Jets,New York Jets,190,Denver Broncos,-230
199,2026-09-07 10:22:52 EDT,a31f461ccd92e1072f23ccfae281ae9a,2026-12-13,13:0,Tennessee Titans,Detroit Lions,Tennessee Titans,275,Detroit Lions,-345
200,2026-09-07 10:22:52 EDT,5dc9cb8fba610d682dc670ae4e7d59f3,2026-12-13,13:0,Houston Texans,Washington Commanders,Washington Commanders,102,Houston Texans,-122
201,2026-09-07 10:22:52 EDT,45203f985f8d1567ad19b0617dd267f8,2026-12-13,13:0,Indianapolis Colts,Philadelphia Eagles,Indianapolis Colts,200,Philadelphia Eagles,-245
202,2026-09-07 10:22:52 EDT,484c491dc1dee090d740ba077b7d9709,2026-12-13,16:5,Los Angeles Chargers,Las Vegas Raiders,Las Vegas Raiders,190,Los Angeles Chargers,-230
203,2026-09-07 10:22:52 EDT,180b5fa7ea6bd0d2d9ddb9ba5ee38cc0,2026-12-13,16:25,Kansas City Chiefs,Cincinnati Bengals,Kansas City Chiefs,105,Cincinnati Bengals,-125
204,2026-09-07 10:22:52 EDT,6174916c7e2df8d1b80a88cfbd259d44,2026-12-13,16:25,Los Angeles Rams,San Francisco 49ers,San Francisco 49ers,110,Los Angeles Rams,-130
205,2026-09-07 10:22:52 EDT,f5ab9d8455daf9e2a6c4c443fe0cd19f,2026-12-13,16:25,New York Giants,Seattle Seahawks,New York Giants,310,Seattle Seahawks,-395
206,2026-09-07 10:22:52 EDT,c4877c048defcb80e0ab37c0688f37f6,2026-12-13,20:20,Buffalo Bills,Green Bay Packers,Buffalo Bills,105,Green Bay Packers,-125
207,2026-09-07 10:22:52 EDT,690e2ee2ed5f0875f7cbaecdc51373f5,2026-12-14,20:15,Pittsburgh Steelers,Jacksonville Jaguars,Pittsburgh Steelers,136,Jacksonville Jaguars,-162
208,2026-09-07 10:22:52 EDT,790af233087803c297861901ffa271d7,2026-12-17,20:15,San Francisco 49ers,Los Angeles Chargers,San Francisco 49ers,120,Los Angeles Chargers,-142
209,2026-09-07 10:22:52 EDT,171aba127aaad3dcbe32a02fc194eb32,2026-12-19,17:0,Seattle Seahawks,Philadelphia Eagles,Seattle Seahawks,105,Philadelphia Eagles,-125
210,2026-09-07 10:22:52 EDT,784568b1df055bf7eb8780c110d5e910,2026-12-19,20:20,Chicago Bears,Buffalo Bills,Chicago Bears,154,Buffalo Bills,-185
211,2026-09-07 10:22:52 EDT,5931eee49f5f2656a5344e1388a68816,2026-12-20,13:0,Atlanta Falcons,Washington Commanders,Atlanta Falcons,150,Washington Commanders,-180
212,2026-09-07 10:22:52 EDT,2f4b1899c1c278947920e0254b682d90,2026-12-20,13:0,Baltimore Ravens,Pittsburgh Steelers,Pittsburgh Steelers,124,Baltimore Ravens,-148
213,2026-09-07 10:22:52 EDT,000fc688beb4fc004ecdad115d9adb1c,2026-12-20,13:0,Cincinnati Bengals,Carolina Panthers,Carolina Panthers,124,Cincinnati Bengals,-148
214,2026-09-07 10:22:52 EDT,1cb23c83ae4af84cffcdae6b31d06e83,2026-12-20,13:0,Cleveland Browns,New York Giants,Cleveland Browns,180,New York Giants,-218
215,2026-09-07 10:22:52 EDT,99719df35bc2efdcc72096f865ed8841,2026-12-20,13:0,Miami Dolphins,Green Bay Packers,Miami Dolphins,470,Green Bay Packers,-650
216,2026-09-07 10:22:52 EDT,29211b6e78461220a2833184233f70e5,2026-12-20,13:0,Jacksonville Jaguars,Houston Texans,Jacksonville Jaguars,130,Houston Texans,-155
217,2026-09-07 10:22:52 EDT,3b696c07ff6a1ef461d023a73db17584,2026-12-20,13:0,Indianapolis Colts,Tennessee Titans,Tennessee Titans,105,Indianapolis Colts,-125
218,2026-09-07 10:22:52 EDT,e15a91cebf3480ff0b93b4fbacb09797,2026-12-20,13:0,New Orleans Saints,Tampa Bay Buccaneers,New Orleans Saints,164,Tampa Bay Buccaneers,-198
219,2026-09-07 10:22:52 EDT,d8cd12e7684fa2aa39f5b188ef6e62e0,2026-12-20,16:5,New York Jets,Arizona Cardinals,New York Jets,-110,Arizona Cardinals,-110
220,2026-09-07 10:22:52 EDT,77396e9d565860fbfd05779028223a8a,2026-12-20,16:25,Dallas Cowboys,Los Angeles Rams,Dallas Cowboys,200,Los Angeles Rams,-245
221,2026-09-07 10:22:52 EDT,9f507007b9c0a7082c1471a5fa841336,2026-12-20,16:25,Denver Broncos,Las Vegas Raiders,Las Vegas Raiders,170,Denver Broncos,-205
222,2026-09-07 10:22:52 EDT,b34897a0368d570291d44e176c0c2331,2026-12-20,20:20,Detroit Lions,Minnesota Vikings,Minnesota Vikings,105,Detroit Lions,-125
223,2026-09-07 10:22:52 EDT,b2759105c27a25289ea1938f290c50fd,2026-12-21,20:15,New England Patriots,Kansas City Chiefs,New England Patriots,120,Kansas City Chiefs,-142
224,2026-09-07 10:22:52 EDT,3f226ec5402c6ec4d84a59be80c2fa67,2026-12-24,20:15,Houston Texans,Philadelphia Eagles,Houston Texans,114,Philadelphia Eagles,-135
225,2026-09-07 10:22:52 EDT,2828c07018dfafbe96aba205809cc7ac,2026-12-25,13:0,Green Bay Packers,Chicago Bears,Green Bay Packers,-102,Chicago Bears,-118
226,2026-09-07 10:22:52 EDT,126f27c71e8130ef87de0d137e833d9b,2026-12-25,16:30,Buffalo Bills,Denver Broncos,Denver Broncos,110,Buffalo Bills,-130
227,2026-09-07 10:22:52 EDT,f1af9705dbd2bbe4f1555f080ad06ba2,2026-12-25,20:15,Los Angeles Rams,Seattle Seahawks,Los Angeles Rams,110,Seattle Seahawks,-130
228,2026-09-07 10:22:52 EDT,8fd00347b6d77ce384d83cba814430d7,2026-12-27,13:0,Arizona Cardinals,New Orleans Saints,Arizona Cardinals,205,New Orleans Saints,-250
229,2026-09-07 10:22:52 EDT,bd13d00f06ad222b0a1b6ea4d0add763,2026-12-27,13:0,Tampa Bay Buccaneers,Atlanta Falcons,Atlanta Falcons,105,Tampa Bay Buccaneers,-125
230,2026-09-07 10:22:52 EDT,0f23afce92c2f0af28973c0a7533763e,2026-12-27,13:0,Cleveland Browns,Baltimore Ravens,Cleveland Browns,330,Baltimore Ravens,-425
231,2026-09-07 10:22:52 EDT,74cb0e112d069cdbda1671ae85531f43,2026-12-27,13:0,Carolina Panthers,Pittsburgh Steelers,Carolina Panthers,160,Pittsburgh Steelers,-192
232,2026-09-07 10:22:52 EDT,ca8982dccb6c3ae01525800317287f02,2026-12-27,13:0,Cincinnati Bengals,Indianapolis Colts,Indianapolis Colts,102,Cincinnati Bengals,-122
233,2026-09-07 10:22:52 EDT,29425f5c68826d615277cf9be2b82e00,2026-12-27,13:0,Tennessee Titans,Las Vegas Raiders,Tennessee Titans,105,Las Vegas Raiders,-125
234,2026-09-07 10:22:52 EDT,fe2eb511d4c2da3a8e88b85b4f4e9f7e,2026-12-27,13:0,Los Angeles Chargers,Miami Dolphins,Miami Dolphins,285,Los Angeles Chargers,-360
235,2026-09-07 10:22:52 EDT,cf5cefa5556bcd0156bd394171ef6c8e,2026-12-27,13:0,Washington Commanders,Minnesota Vikings,Washington Commanders,114,Minnesota Vikings,-135
236,2026-09-07 10:22:52 EDT,669a7b568c2a64f9a136dadb0eda1da8,2026-12-27,13:0,New England Patriots,New York Jets,New York Jets,225,New England Patriots,-278
237,2026-09-07 10:22:52 EDT,fc7cce3ae7c73cc7151357829e11b6d5,2026-12-27,16:25,San Francisco 49ers,Kansas City Chiefs,San Francisco 49ers,136,Kansas City Chiefs,-162
238,2026-09-07 10:22:52 EDT,b1c4ec04c3398a9efa25492000858384,2026-12-27,20:20,Jacksonville Jaguars,Dallas Cowboys,Jacksonville Jaguars,136,Dallas Cowboys,-162
239,2026-09-07 10:22:52 EDT,ca92c191ebf7361ea56f9bbc09a5f51b,2026-12-28,20:15,New York Giants,Detroit Lions,New York Giants,170,Detroit Lions,-205
240,2026-09-07 10:22:52 EDT,be268ce293cf4fad1c0c867a3ca4c257,2026-12-31,20:15,Baltimore Ravens,Cincinnati Bengals,Baltimore Ravens,114,Cincinnati Bengals,-135
241,2026-09-07 10:22:52 EDT,e5dd9cc3fd5452d55c250949e946743d,2027-1-3,13:0,New Orleans Saints,Atlanta Falcons,New Orleans Saints,102,Atlanta Falcons,-122
242,2026-09-07 10:22:52 EDT,d9a186d988a3ede2a33e504f4890fe52,2027-1-3,13:0,Buffalo Bills,Miami Dolphins,Miami Dolphins,295,Buffalo Bills,-375
243,2026-09-07 10:22:52 EDT,b009f04b4f61b264a5163157c3439dc1,2027-1-3,13:0,Seattle Seahawks,Carolina Panthers,Carolina Panthers,200,Seattle Seahawks,-245
244,2026-09-07 10:22:52 EDT,f2e03f9b857485bb13211ee0f5eb5935,2027-1-3,13:0,Indianapolis Colts,Cleveland Browns,Cleveland Browns,114,Indianapolis Colts,-135
245,2026-09-07 10:22:52 EDT,c8945d476449633912cf51a346ac98ca,2027-1-3,13:0,New York Giants,Dallas Cowboys,New York Giants,180,Dallas Cowboys,-218
246,2026-09-07 10:22:52 EDT,f62dba1e231083f489c391271a1f171c,2027-1-3,13:0,Denver Broncos,New England Patriots,Denver Broncos,114,New England Patriots,-135
247,2026-09-07 10:22:52 EDT,c96a3e9e40569b4ed5a546dff131c61d,2027-1-3,13:0,Washington Commanders,Jacksonville Jaguars,Washington Commanders,160,Jacksonville Jaguars,-192
248,2026-09-07 10:22:52 EDT,419106b9bcc9f7ef39cfc2d1ee9a3f87,2027-1-3,13:0,Los Angeles Rams,Tampa Bay Buccaneers,Tampa Bay Buccaneers,180,Los Angeles Rams,-218
249,2026-09-07 10:22:52 EDT,bfe51fa0034c9d22a69ffd80e2d717f5,2027-1-3,13:0,Minnesota Vikings,New York Jets,New York Jets,154,Minnesota Vikings,-185
250,2026-09-07 10:22:52 EDT,d0ffa5ed13cbd7610f9176041464404a,2027-1-3,13:0,Pittsburgh Steelers,Tennessee Titans,Tennessee Titans,102,Pittsburgh Steelers,-122
251,2026-09-07 10:22:52 EDT,08abdb683fcb6d77f66baed136f47283,2027-1-3,16:5,Las Vegas Raiders,Arizona Cardinals,Arizona Cardinals,110,Las Vegas Raiders,-130
252,2026-09-07 10:22:52 EDT,12089441cea51add4694cdde98b4a5b7,2027-1-3,16:25,Detroit Lions,Chicago Bears,Detroit Lions,102,Chicago Bears,-122
253,2026-09-07 10:22:52 EDT,67d842cb73300ef923959105698b63bb,2027-1-3,16:25,Kansas City Chiefs,Los Angeles Chargers,Kansas City Chiefs,105,Los Angeles Chargers,-125
254,2026-09-07 10:22:52 EDT,e7820b1226edbb1ef1fddce6b20f963d,2027-1-3,20:20,Philadelphia Eagles,San Francisco 49ers,Philadelphia Eagles,105,San Francisco 49ers,-125
255,2026-09-07 10:22:52 EDT,37bc346543da471e067b695b862ccfe9,2027-1-4,20:15,Houston Texans,Green Bay Packers,Houston Texans,114,Green Bay Packers,-135
256,2026-09-07 10:22:52 EDT,7f809a45bc8baedf0cb0259e7da7cd29,2027-1-10,13:0,Atlanta Falcons,Carolina Panthers,Atlanta Falcons,114,Carolina Panthers,-135
257,2026-09-07 10:22:52 EDT,d7da5587a88a7fc35c36b453d3264d5a,2027-1-10,13:0,Pittsburgh Steelers,Baltimore Ravens,Pittsburgh Steelers,195,Baltimore Ravens,-238
258,2026-09-07 10:22:52 EDT,97cbd9ad26dff1af47192120defe112d,2027-1-10,13:0,New York Jets,Buffalo Bills,New York Jets,360,Buffalo Bills,-470
259,2026-09-07 10:22:52 EDT,d190fb7ea85c33b96a495041dad22142,2027-1-10,13:0,Chicago Bears,Minnesota Vikings,Chicago Bears,105,Minnesota Vikings,-125
260,2026-09-07 10:22:52 EDT,8c16104c8afc72b583531508b2aa1c33,2027-1-10,13:0,Cleveland Browns,Cincinnati Bengals,Cleveland Browns,280,Cincinnati Bengals,-355
261,2026-09-07 10:22:52 EDT,3f460f14b810d7bf642bdf7b658530c0,2027-1-10,13:0,Dallas Cowboys,Washington Commanders,Washington Commanders,102,Dallas Cowboys,-122
262,2026-09-07 10:22:52 EDT,71d0d10e384393c1e071c39dd3931c19,2027-1-10,13:0,Los Angeles Chargers,Denver Broncos,Los Angeles Chargers,102,Denver Broncos,-122
263,2026-09-07 10:22:52 EDT,8f81778bbdb984be44e24a3d55a49b4d,2027-1-10,13:0,Detroit Lions,Green Bay Packers,Detroit Lions,114,Green Bay Packers,-135
264,2026-09-07 10:22:52 EDT,9bb63096709ba607443c454d2a813b14,2027-1-10,13:0,Tennessee Titans,Houston Texans,Tennessee Titans,235,Houston Texans,-290
265,2026-09-07 10:22:52 EDT,bea47af467e217653bba8d69888e4d95,2027-1-10,13:0,Jacksonville Jaguars,Indianapolis Colts,Jacksonville Jaguars,105,Indianapolis Colts,-125
266,2026-09-07 10:22:52 EDT,bb66a6f02c535c0cd8b9c689a5513687,2027-1-10,13:0,Las Vegas Raiders,Kansas City Chiefs,Las Vegas Raiders,310,Kansas City Chiefs,-395
267,2026-09-07 10:22:52 EDT,f370f9410ef82b37bd15d1719434370b,2027-1-10,13:0,Miami Dolphins,New England Patriots,Miami Dolphins,440,New England Patriots,-600
268,2026-09-07 10:22:52 EDT,7b8ce34c0e173e4ff6ccf8e8caa09113,2027-1-10,13:0,Tampa Bay Buccaneers,New Orleans Saints,New Orleans Saints,105,Tampa Bay Buccaneers,-125
269,2026-09-07 10:22:52 EDT,01baed6f9d6482c5d89d37379c7c63c7,2027-1-10,13:0,Philadelphia Eagles,New York Giants,New York Giants,130,Philadelphia Eagles,-155
270,2026-09-07 10:22:52 EDT,f1480276ab67dcf60686556ba9336695,2027-1-10,16:5,San Francisco 49ers,Arizona Cardinals,Arizona Cardinals,320,San Francisco 49ers,-410
271,2026-09-07 10:22:52 EDT,dc2d9177b48e6f3962dabb1407aba7d3,2027-1-10,16:5,Seattle Seahawks,Los Angeles Rams,Seattle Seahawks,130,Los Angeles Rams,-155
272,2026-09-07 10:25:12 EDT,8c94552d022acec4a0458d70c19d3da9,2026-9-9,20:20,New England Patriots,Seattle Seahawks,New England Patriots,150,Seattle Seahawks,-180
273,2026-09-07 10:25:12 EDT,acc580d74344ea3b31bbcdd057fe6a9c,2026-9-10,20:35,San Francisco 49ers,Los Angeles Rams,San Francisco 49ers,154,Los Angeles Rams,-185
274,2026-09-07 10:25:12 EDT,95c01d1bb797d6df14824b106c5a9130,2026-9-13,13:0,Atlanta Falcons,Pittsburgh Steelers,Atlanta Falcons,154,Pittsburgh Steelers,-185
275,2026-09-07 10:25:12 EDT,b6cfdcbafa61ce220ba87dc2d9b80c77,2026-9-13,13:0,Baltimore Ravens,Indianapolis Colts,Indianapolis Colts,136,Baltimore Ravens,-162
276,2026-09-07 10:25:12 EDT,7e09efed7e12c659b82740b67ce2f9a1,2026-9-13,13:0,Buffalo Bills,Houston Texans,Houston Texans,-110,Buffalo Bills,-110
277,2026-09-07 10:25:12 EDT,fc362aff0d889ec52d358307a70c32ed,2026-9-13,13:0,Chicago Bears,Carolina Panthers,Carolina Panthers,124,Chicago Bears,-148
278,2026-09-07 10:25:12 EDT,ed6d24ff979f9c71979fead577b0b3f7,2026-9-13,13:0,Tampa Bay Buccaneers,Cincinnati Bengals,Tampa Bay Buccaneers,164,Cincinnati Bengals,-198
279,2026-09-07 10:25:12 EDT,e55c6fe19fce094ce214c8b0e5b504e9,2026-9-13,13:0,Cleveland Browns,Jacksonville Jaguars,Cleveland Browns,330,Jacksonville Jaguars,-425
280,2026-09-07 10:25:12 EDT,c1d3fcec25aaeb06ebd2244d33d338e0,2026-9-13,13:0,New Orleans Saints,Detroit Lions,New Orleans Saints,235,Detroit Lions,-290
281,2026-09-07 10:25:12 EDT,7dddb296a42e7a41a774b24bd1709ce1,2026-9-13,13:0,New York Jets,Tennessee Titans,New York Jets,105,Tennessee Titans,-125
282,2026-09-07 10:25:12 EDT,1edfa5ceaa1ad2cb57df1c1b908731f6,2026-9-13,16:25,Arizona Cardinals,Los Angeles Chargers,Arizona Cardinals,380,Los Angeles Chargers,-500
283,2026-09-07 10:25:12 EDT,cb77efed7e711d25a72c1a2a0a1af119,2026-9-13,16:25,Green Bay Packers,Minnesota Vikings,Green Bay Packers,102,Minnesota Vikings,-122
284,2026-09-07 10:25:12 EDT,c5d95f48a16849ab6bebc68fbbfcb74a,2026-9-13,16:25,Miami Dolphins,Las Vegas Raiders,Miami Dolphins,154,Las Vegas Raiders,-185
285,2026-09-07 10:25:12 EDT,17885cb8dcade8f6c3bce14b2de805e8,2026-9-13,16:25,Washington Commanders,Philadelphia Eagles,Washington Commanders,170,Philadelphia Eagles,-205
286,2026-09-07 10:25:12 EDT,3e646c7479c57f5d9752d8c7dfe7059b,2026-9-13,20:20,Dallas Cowboys,New York Giants,New York Giants,136,Dallas Cowboys,-162
287,2026-09-07 10:25:12 EDT,5ad8135dc2b5f27de0b777acd317855a,2026-9-14,20:15,Denver Broncos,Kansas City Chiefs,Denver Broncos,124,Kansas City Chiefs,-148
288,2026-09-07 10:25:12 EDT,56e8897681915f7ec92baeee952bb1ae,2026-9-17,20:15,Detroit Lions,Buffalo Bills,Detroit Lions,130,Buffalo Bills,-155
289,2026-09-07 10:25:12 EDT,aee7eae1849ebb103b9bf233e9741392,2026-9-20,13:0,Carolina Panthers,Atlanta Falcons,Carolina Panthers,105,Atlanta Falcons,-125
290,2026-09-07 10:25:12 EDT,2143ade9684fd876b68a4e8cbf451f05,2026-9-20,13:0,New Orleans Saints,Baltimore Ravens,New Orleans Saints,285,Baltimore Ravens,-360
291,2026-09-07 10:25:12 EDT,0283a29e1b38ef78b29b904fd56a16dd,2026-9-20,13:0,Minnesota Vikings,Chicago Bears,Minnesota Vikings,160,Chicago Bears,-192
292,2026-09-07 10:25:12 EDT,36ad2fa722f4915ef23d2c81351261de,2026-9-20,13:0,Cincinnati Bengals,Houston Texans,Cincinnati Bengals,114,Houston Texans,-135
293,2026-09-07 10:25:12 EDT,0636ebff776d43f8c829a36713c80b22,2026-9-20,13:0,Cleveland Browns,Tampa Bay Buccaneers,Cleveland Browns,225,Tampa Bay Buccaneers,-278
294,2026-09-07 10:25:12 EDT,4aeee070bb6ec60bdfae4dede61b9014,2026-9-20,13:0,Green Bay Packers,New York Jets,New York Jets,200,Green Bay Packers,-245
295,2026-09-07 10:25:12 EDT,9d14f87600f6edc74dbcb5c74edf6246,2026-9-20,13:0,Pittsburgh Steelers,New England Patriots,Pittsburgh Steelers,180,New England Patriots,-218
296,2026-09-07 10:25:12 EDT,fafc649c455e32a0f2ba1bd06e2039bc,2026-9-20,13:0,Philadelphia Eagles,Tennessee Titans,Tennessee Titans,180,Philadelphia Eagles,-218
297,2026-09-07 10:25:12 EDT,1fd6628c781f556a7a19638e97d7107f,2026-9-20,16:5,Jacksonville Jaguars,Denver Broncos,Jacksonville Jaguars,130,Denver Broncos,-155
298,2026-09-07 10:25:12 EDT,71b3b83747589efdc5baef2c5cf811bf,2026-9-20,16:5,Las Vegas Raiders,Los Angeles Chargers,Las Vegas Raiders,285,Los Angeles Chargers,-360
299,2026-09-07 10:25:12 EDT,4dd8020192a544385db42374e5555303,2026-9-20,16:25,Seattle Seahawks,Arizona Cardinals,Arizona Cardinals,400,Seattle Seahawks,-535
300,2026-09-07 10:25:12 EDT,85ef85098ddd22fe4ecf45e7e3c0a9c0,2026-9-20,16:25,Washington Commanders,Dallas Cowboys,Washington Commanders,170,Dallas Cowboys,-205
301,2026-09-07 10:25:12 EDT,68bc55903f50af4af4766adcc89fcc61,2026-9-20,16:25,Miami Dolphins,San Francisco 49ers,Miami Dolphins,490,San Francisco 49ers,-675
302,2026-09-07 10:25:12 EDT,50bc247030707d823b9c3581d7eb5760,2026-9-20,20:20,Indianapolis Colts,Kansas City Chiefs,Indianapolis Colts,260,Kansas City Chiefs,-325
303,2026-09-07 10:25:12 EDT,32367f882fac1a0c20a6335619922025,2026-9-21,20:15,New York Giants,Los Angeles Rams,New York Giants,310,Los Angeles Rams,-395
304,2026-09-07 10:25:12 EDT,e5fbd3b3953b896b1bf897ddadb3cc4b,2026-9-24,20:15,Atlanta Falcons,Green Bay Packers,Atlanta Falcons,300,Green Bay Packers,-380
305,2026-09-07 10:25:12 EDT,b225458a282e140c44c45651255f2f6c,2026-9-27,13:0,Los Angeles Chargers,Buffalo Bills,Los Angeles Chargers,136,Buffalo Bills,-162
306,2026-09-07 10:25:12 EDT,613b8cd3a5fab58f7be4e3fd6f76223e,2026-9-27,13:0,Carolina Panthers,Cleveland Browns,Cleveland Browns,102,Carolina Panthers,-122
307,2026-09-07 10:25:12 EDT,71123be049587b6facce3a20c53e5d09,2026-9-27,13:0,Cincinnati Bengals,Pittsburgh Steelers,Pittsburgh Steelers,105,Cincinnati Bengals,-125
308,2026-09-07 10:25:12 EDT,07f552badfa8a565d1be22123713e4da,2026-9-27,13:0,New York Jets,Detroit Lions,New York Jets,320,Detroit Lions,-410
309,2026-09-07 10:25:12 EDT,17a730b7d399feeab6a78c30767c29d2,2026-9-27,13:0,Houston Texans,Indianapolis Colts,Indianapolis Colts,102,Houston Texans,-122
310,2026-09-07 10:25:12 EDT,1f3cfd315a24d1a7dd5859a8e6b88e18,2026-9-27,13:0,New England Patriots,Jacksonville Jaguars,New England Patriots,-102,Jacksonville Jaguars,-118
311,2026-09-07 10:25:12 EDT,0339a0e41bcee12820eb3e64bb5fadb4,2026-9-27,13:0,Kansas City Chiefs,Miami Dolphins,Miami Dolphins,340,Kansas City Chiefs,-440
312,2026-09-07 10:25:12 EDT,555afd4a27aaa392662881cffa8f2eef,2026-9-27,13:0,Tennessee Titans,New York Giants,Tennessee Titans,140,New York Giants,-166
313,2026-09-07 10:25:12 EDT,2a529c108305ffa049d8b6cfdbaa4d36,2026-9-27,13:0,Seattle Seahawks,Washington Commanders,Washington Commanders,154,Seattle Seahawks,-185
314,2026-09-07 10:25:12 EDT,9d2b09e0f9b6dd5ce0d985894f4f98fa,2026-9-27,16:5,Arizona Cardinals,San Francisco 49ers,Arizona Cardinals,470,San Francisco 49ers,-650
315,2026-09-07 10:25:12 EDT,f1724dead3eab61546033032fc782375,2026-9-27,16:5,Minnesota Vikings,Tampa Bay Buccaneers,Minnesota Vikings,105,Tampa Bay Buccaneers,-125
316,2026-09-07 10:25:12 EDT,84cfca14efc21363fd605508404cf1ff,2026-9-27,16:25,Baltimore Ravens,Dallas Cowboys,Dallas Cowboys,114,Baltimore Ravens,-135
317,2026-09-07 10:25:12 EDT,2e523fcb0497aa689473e290eb2b97de,2026-9-27,16:25,Las Vegas Raiders,New Orleans Saints,Las Vegas Raiders,160,New Orleans Saints,-192
318,2026-09-07 10:25:12 EDT,3bfd8bfb4b8e9a365a0877879b73b16b,2026-9-27,20:20,Los Angeles Rams,Denver Broncos,Denver Broncos,130,Los Angeles Rams,-155
319,2026-09-07 10:25:12 EDT,47dc7baa254659f3beb2ed2b38c207b6,2026-9-28,20:15,Philadelphia Eagles,Chicago Bears,Philadelphia Eagles,-102,Chicago Bears,-118
320,2026-09-07 10:25:12 EDT,d55cb69fed50a09170560b5b75d8de86,2026-10-1,20:15,Pittsburgh Steelers,Cleveland Browns,Cleveland Browns,114,Pittsburgh Steelers,-135
321,2026-09-07 10:25:12 EDT,c9d8ed8aa4889486eaf10a630138ede0,2026-10-4,9:30,Indianapolis Colts,Washington Commanders,Indianapolis Colts,-102,Washington Commanders,-118
322,2026-09-07 10:25:12 EDT,664e6bda5721dc63be16bcf7d962a436,2026-10-4,13:0,Arizona Cardinals,New York Giants,Arizona Cardinals,260,New York Giants,-325
323,2026-09-07 10:25:12 EDT,f01589b0e7e6dd4f4ac1220a1db81f53,2026-10-4,13:0,Tennessee Titans,Baltimore Ravens,Tennessee Titans,310,Baltimore Ravens,-395
324,2026-09-07 10:25:12 EDT,573cc0ef39631a4f6673ec843a8bedd4,2026-10-4,13:0,New England Patriots,Buffalo Bills,New England Patriots,140,Buffalo Bills,-166
325,2026-09-07 10:25:12 EDT,164e6eb68f31bac190381903c3cccd31,2026-10-4,13:0,New York Jets,Chicago Bears,New York Jets,330,Chicago Bears,-425
326,2026-09-07 10:25:12 EDT,2ea94ddf20f66432b9024fe2e2eaba5f,2026-10-4,13:0,Jacksonville Jaguars,Cincinnati Bengals,Jacksonville Jaguars,114,Cincinnati Bengals,-135
327,2026-09-07 10:25:12 EDT,daf55e2df5341c007fee5a0fc5bbc2d4,2026-10-4,13:0,Dallas Cowboys,Houston Texans,Dallas Cowboys,114,Houston Texans,-135
328,2026-09-07 10:25:12 EDT,99a9bae4dc0dc2590496bd3102b211f2,2026-10-4,13:0,Green Bay Packers,Tampa Bay Buccaneers,Tampa Bay Buccaneers,105,Green Bay Packers,-125
329,2026-09-07 10:25:12 EDT,1b4f2e60ce83fa1d63a5dff83769d27c,2026-10-4,13:0,Los Angeles Rams,Philadelphia Eagles,Philadelphia Eagles,105,Los Angeles Rams,-125
330,2026-09-07 10:25:12 EDT,c327223d76a3b7b0db8c6c104442f44b,2026-10-4,16:5,Miami Dolphins,Minnesota Vikings,Miami Dolphins,320,Minnesota Vikings,-410
331,2026-09-07 10:25:12 EDT,a7e7efb75a9792ac63480ae6328dca18,2026-10-4,16:25,Denver Broncos,San Francisco 49ers,Denver Broncos,114,San Francisco 49ers,-135
332,2026-09-07 10:25:12 EDT,e0cbd266dcf997089203a1b33ba0333d,2026-10-4,16:25,Kansas City Chiefs,Las Vegas Raiders,Las Vegas Raiders,205,Kansas City Chiefs,-250
333,2026-09-07 10:25:12 EDT,96d2373cda647873b971f268482bced0,2026-10-4,16:25,Los Angeles Chargers,Seattle Seahawks,Los Angeles Chargers,145,Seattle Seahawks,-175
334,2026-09-07 10:25:12 EDT,a73a76599a4f3422803e57bd8f61b626,2026-10-4,20:20,Detroit Lions,Carolina Panthers,Carolina Panthers,136,Detroit Lions,-162
335,2026-09-07 10:25:12 EDT,8bd90781e17e6d97df3941063cedae1e,2026-10-5,20:15,Atlanta Falcons,New Orleans Saints,Atlanta Falcons,114,New Orleans Saints,-135
336,2026-09-07 10:25:12 EDT,259b5df9aa0d10257f56de78523495e0,2026-10-8,20:15,Tampa Bay Buccaneers,Dallas Cowboys,Tampa Bay Buccaneers,170,Dallas Cowboys,-205
337,2026-09-07 10:25:12 EDT,21b26266f3d78af02eb672e606275d95,2026-10-11,9:30,Philadelphia Eagles,Jacksonville Jaguars,Jacksonville Jaguars,105,Philadelphia Eagles,-125
338,2026-09-07 10:25:12 EDT,c4647ca1201e6768501877267ca8251b,2026-10-11,13:0,Cincinnati Bengals,Miami Dolphins,Miami Dolphins,225,Cincinnati Bengals,-278
339,2026-09-07 10:25:12 EDT,9db4ed15fe34fca1fb62f040cd244591,2026-10-11,13:0,Cleveland Browns,New York Jets,Cleveland Browns,110,New York Jets,-130
340,2026-09-07 10:25:12 EDT,cc52bba56e74f5cddbe9011046181c3d,2026-10-11,13:0,Houston Texans,Tennessee Titans,Tennessee Titans,154,Houston Texans,-185
341,2026-09-07 10:25:12 EDT,448d7cf18c6db4c811ed82ded1b72867,2026-10-11,13:0,Indianapolis Colts,Pittsburgh Steelers,Indianapolis Colts,120,Pittsburgh Steelers,-142
342,2026-09-07 10:25:12 EDT,6b024bad1abb54f597225e4ab9b39d89,2026-10-11,13:0,Las Vegas Raiders,New England Patriots,Las Vegas Raiders,310,New England Patriots,-395
343,2026-09-07 10:25:12 EDT,2cda9bf0fbe35a2735f0dd8aaafe9eff,2026-10-11,13:0,Minnesota Vikings,New Orleans Saints,New Orleans Saints,105,Minnesota Vikings,-125
344,2026-09-07 10:25:12 EDT,fbffd0b7722fd81d68d5d62472dc80e8,2026-10-11,13:0,New York Giants,Washington Commanders,New York Giants,110,Washington Commanders,-130
345,2026-09-07 10:25:12 EDT,d1d408fdfd272046fb517fe992a1c5a0,2026-10-11,16:5,Denver Broncos,Los Angeles Chargers,Denver Broncos,120,Los Angeles Chargers,-142
346,2026-09-07 10:25:12 EDT,f8e7f43f73aa983c5c99c189587f0118,2026-10-11,16:25,Detroit Lions,Arizona Cardinals,Arizona Cardinals,300,Detroit Lions,-380
347,2026-09-07 10:25:12 EDT,2caea57b1e5cfbba1334cfbfd46f6771,2026-10-11,16:25,Chicago Bears,Green Bay Packers,Chicago Bears,140,Green Bay Packers,-166
348,2026-09-07 10:25:12 EDT,8e5d515b10d8a5ffb324640ed60bcc55,2026-10-11,16:25,San Francisco 49ers,Seattle Seahawks,San Francisco 49ers,170,Seattle Seahawks,-205
349,2026-09-07 10:25:12 EDT,86457f91112732f21ad4bb7d37bd291c,2026-10-11,20:20,Baltimore Ravens,Atlanta Falcons,Atlanta Falcons,170,Baltimore Ravens,-205
350,2026-09-07 10:25:12 EDT,e6d00eedd87d367e510314bd8cab8f6f,2026-10-12,20:15,Buffalo Bills,Los Angeles Rams,Buffalo Bills,140,Los Angeles Rams,-166
351,2026-09-07 10:25:12 EDT,855f58fad5f0f14b239f4f63df27998b,2026-10-15,20:15,Seattle Seahawks,Denver Broncos,Denver Broncos,110,Seattle Seahawks,-130
352,2026-09-07 10:25:12 EDT,57418b2cf5aca558b3c98eafac1e264a,2026-10-18,9:30,Houston Texans,Jacksonville Jaguars,Houston Texans,-108,Jacksonville Jaguars,-112
353,2026-09-07 10:25:12 EDT,7c312fdf24fb35f58b0e07c2932cc997,2026-10-18,13:0,Chicago Bears,Atlanta Falcons,Atlanta Falcons,136,Chicago Bears,-162
354,2026-09-07 10:25:12 EDT,e86227938fd3cf008fc5648fb5128344,2026-10-18,13:0,Baltimore Ravens,Cleveland Browns,Cleveland Browns,205,Baltimore Ravens,-250
355,2026-09-07 10:25:12 EDT,caca2d752fe1a1779029082e95332fcc,2026-10-18,13:0,Carolina Panthers,Philadelphia Eagles,Carolina Panthers,225,Philadelphia Eagles,-278
356,2026-09-07 10:25:12 EDT,84aa9e190e625d7e9cd67e1f157a45b4,2026-10-18,13:0,Tennessee Titans,Indianapolis Colts,Tennessee Titans,160,Indianapolis Colts,-192
357,2026-09-07 10:25:12 EDT,0b0b582b32b09ab6ff6664ffae0c9653,2026-10-18,13:0,New York Jets,New England Patriots,New York Jets,340,New England Patriots,-440
358,2026-09-07 10:25:12 EDT,1cf74afd313e9fd300e1462012b174cb,2026-10-18,13:0,New Orleans Saints,New York Giants,New Orleans Saints,114,New York Giants,-135
359,2026-09-07 10:25:12 EDT,27f3994841ce8081c0b7349cf3d1e3d7,2026-10-18,13:0,Pittsburgh Steelers,Tampa Bay Buccaneers,Pittsburgh Steelers,105,Tampa Bay Buccaneers,-125
360,2026-09-07 10:25:12 EDT,3729ac6d2a66b642850caf2044cdc658,2026-10-18,16:5,Arizona Cardinals,Los Angeles Rams,Arizona Cardinals,550,Los Angeles Rams,-800
361,2026-09-07 10:25:12 EDT,45b2690b350ed45145c7a716b18e8e66,2026-10-18,16:25,Buffalo Bills,Las Vegas Raiders,Las Vegas Raiders,215,Buffalo Bills,-265
362,2026-09-07 10:25:12 EDT,20fefae8c296247460ba5773caa42218,2026-10-18,16:25,Los Angeles Chargers,Kansas City Chiefs,Los Angeles Chargers,120,Kansas City Chiefs,-142
363,2026-09-07 10:25:12 EDT,82fd5a159fa130e67abab93a9537f70b,2026-10-18,20:20,Dallas Cowboys,Green Bay Packers,Dallas Cowboys,140,Green Bay Packers,-166
364,2026-09-07 10:25:12 EDT,f122527f003276d3bca19efa48c902c1,2026-10-19,20:15,Washington Commanders,San Francisco 49ers,Washington Commanders,205,San Francisco 49ers,-250
365,2026-09-07 10:25:12 EDT,ffebea881c1d7b2dfb85b3e590c35985,2026-10-22,20:15,New England Patriots,Chicago Bears,New England Patriots,102,Chicago Bears,-122
366,2026-09-07 10:25:12 EDT,2e710ea5a306b614f0f966e3d78732f8,2026-10-25,9:30,Pittsburgh Steelers,New Orleans Saints,New Orleans Saints,120,Pittsburgh Steelers,-142
367,2026-09-07 10:25:12 EDT,b1be064fb52a198a62109c279e7ab24c,2026-10-25,13:0,San Francisco 49ers,Atlanta Falcons,Atlanta Falcons,185,San Francisco 49ers,-225
368,2026-09-07 10:25:12 EDT,550ec5290f935d311995affbcb0b5c79,2026-10-25,13:0,Cincinnati Bengals,Baltimore Ravens,Cincinnati Bengals,154,Baltimore Ravens,-185
369,2026-09-07 10:25:12 EDT,2823e986597c449ab94126cd5ed3fae9,2026-10-25,13:0,Tampa Bay Buccaneers,Carolina Panthers,Carolina Panthers,105,Tampa Bay Buccaneers,-125
370,2026-09-07 10:25:12 EDT,5dce18baccec5d3ad5fb3a3ce52f7619,2026-10-25,13:0,Cleveland Browns,Tennessee Titans,Cleveland Browns,114,Tennessee Titans,-135
371,2026-09-07 10:25:12 EDT,2bba7fde6f97d0e54403d53676e4ab63,2026-10-25,13:0,New York Giants,Houston Texans,New York Giants,200,Houston Texans,-245
372,2026-09-07 10:25:12 EDT,f3992ad4496724baf7dcd1ef58245d6b,2026-10-25,13:0,Indianapolis Colts,Minnesota Vikings,Indianapolis Colts,120,Minnesota Vikings,-142
373,2026-09-07 10:25:12 EDT,be5dd120ca08b43d647b6caa8953500a,2026-10-25,13:0,Miami Dolphins,New York Jets,Miami Dolphins,120,New York Jets,-142
374,2026-09-07 10:25:12 EDT,436119bb3ccdaa6ed7808aa3ebd82b76,2026-10-25,16:5,Denver Broncos,Arizona Cardinals,Arizona Cardinals,285,Denver Broncos,-360
375,2026-09-07 10:25:12 EDT,e8e5715eefb6a9ce64765e9ddf49c0cc,2026-10-25,16:25,Green Bay Packers,Detroit Lions,Green Bay Packers,120,Detroit Lions,-142
376,2026-09-07 10:25:12 EDT,f7679cf18454e4d88a8f2b990c3f08ac,2026-10-25,16:25,Los Angeles Rams,Las Vegas Raiders,Las Vegas Raiders,275,Los Angeles Rams,-345
377,2026-09-07 10:25:12 EDT,176d474ed8b2bbf1eb4d7e9c56b4bf22,2026-10-25,20:20,Kansas City Chiefs,Seattle Seahawks,Kansas City Chiefs,145,Seattle Seahawks,-175
378,2026-09-07 10:25:12 EDT,4853610e63c246f2027a6a248e642c9a,2026-10-26,20:15,Dallas Cowboys,Philadelphia Eagles,Dallas Cowboys,136,Philadelphia Eagles,-162
379,2026-09-07 10:25:12 EDT,ab2865e9f2d4b012de8bc6fb6de11a7c,2026-10-29,20:15,Carolina Panthers,Green Bay Packers,Carolina Panthers,270,Green Bay Packers,-340
380,2026-09-07 10:25:12 EDT,9255ca8f32aea590d00aa57de79f6bb6,2026-11-1,13:0,Arizona Cardinals,Dallas Cowboys,Arizona Cardinals,380,Dallas Cowboys,-500
381,2026-09-07 10:25:12 EDT,921859689f5f8b3b8b1caf4248bdb1ec,2026-11-1,13:0,Atlanta Falcons,Tampa Bay Buccaneers,Atlanta Falcons,185,Tampa Bay Buccaneers,-225
382,2026-09-07 10:25:12 EDT,c93c421e5fa46031a43162d111d981d0,2026-11-1,13:0,Baltimore Ravens,Buffalo Bills,Baltimore Ravens,114,Buffalo Bills,-135
383,2026-09-07 10:25:12 EDT,9c5d8f57e0ba0fbd9ef436c1f0898f99,2026-11-1,13:0,Tennessee Titans,Cincinnati Bengals,Tennessee Titans,240,Cincinnati Bengals,-298
384,2026-09-07 10:25:12 EDT,ab5ab731ab655bd6308bc7a922275518,2026-11-1,13:0,Cleveland Browns,Pittsburgh Steelers,Cleveland Browns,210,Pittsburgh Steelers,-258
385,2026-09-07 10:25:12 EDT,52e7ee9c42525e6deec02da32dc2fad8,2026-11-1,13:0,Minnesota Vikings,Detroit Lions,Minnesota Vikings,185,Detroit Lions,-225
386,2026-09-07 10:25:12 EDT,159dbf0253dd2038eda2212f84387f0c,2026-11-1,13:0,Indianapolis Colts,Jacksonville Jaguars,Indianapolis Colts,185,Jacksonville Jaguars,-225
387,2026-09-07 10:25:12 EDT,98f1b121b793977434c046e76c707145,2026-11-1,13:0,Las Vegas Raiders,New York Jets,Las Vegas Raiders,105,New York Jets,-125
388,2026-09-07 10:25:12 EDT,2ff84d3f6053d083c8c0a5bebf7cdd4c,2026-11-1,16:5,Los Angeles Chargers,Los Angeles Rams,Los Angeles Chargers,160,Los Angeles Rams,-192
389,2026-09-07 10:25:12 EDT,f2a036d5edf483a277880014861e78ad,2026-11-1,16:25,Kansas City Chiefs,Denver Broncos,Kansas City Chiefs,105,Denver Broncos,-125
390,2026-09-07 10:25:12 EDT,05405af79752f5e742cdf50b61f6745e,2026-11-1,16:25,New England Patriots,Miami Dolphins,Miami Dolphins,280,New England Patriots,-355
391,2026-09-07 10:25:12 EDT,b9c60db63b1a19ad319f24b33c0defe8,2026-11-1,20:20,Philadelphia Eagles,Washington Commanders,Washington Commanders,105,Philadelphia Eagles,-125
392,2026-09-07 10:25:12 EDT,7d664fbcd39350e559d83c0068ba7169,2026-11-2,20:20,Chicago Bears,Seattle Seahawks,Chicago Bears,185,Seattle Seahawks,-225
393,2026-09-07 10:25:12 EDT,c75744790b7acf6260c78ba5e739c0e5,2026-11-5,20:15,Jacksonville Jaguars,Baltimore Ravens,Jacksonville Jaguars,170,Baltimore Ravens,-205
394,2026-09-07 10:25:12 EDT,dc56d980f527ffeef89940133b211b13,2026-11-8,9:30,Cincinnati Bengals,Atlanta Falcons,Atlanta Falcons,190,Cincinnati Bengals,-230
395,2026-09-07 10:25:12 EDT,014282b888c741b7d70c857c09f40aa7,2026-11-8,13:0,Denver Broncos,Carolina Panthers,Carolina Panthers,136,Denver Broncos,-162
396,2026-09-07 10:25:12 EDT,e571bab6736f9338130a78a4f75c3231,2026-11-8,13:0,Cleveland Browns,New Orleans Saints,Cleveland Browns,170,New Orleans Saints,-205
397,2026-09-07 10:25:12 EDT,415fc42e72888c63e82f7bce24c65391,2026-11-8,13:0,Dallas Cowboys,Indianapolis Colts,Indianapolis Colts,105,Dallas Cowboys,-125
398,2026-09-07 10:25:12 EDT,44d8c37868b700e90f816db7c5df5cdd,2026-11-8,13:0,Detroit Lions,Miami Dolphins,Miami Dolphins,225,Detroit Lions,-278
399,2026-09-07 10:25:12 EDT,e354e6a04b1cb9c96e549b863debb92e,2026-11-8,13:0,New York Jets,Kansas City Chiefs,New York Jets,360,Kansas City Chiefs,-470
400,2026-09-07 10:25:12 EDT,89de07377e0aa8ffaa2ae6a7dc0855cc,2026-11-8,13:0,Los Angeles Rams,Washington Commanders,Washington Commanders,180,Los Angeles Rams,-218
401,2026-09-07 10:25:12 EDT,fe93e6ab1e553c0169936a0a983c324f,2026-11-8,13:0,New York Giants,Philadelphia Eagles,New York Giants,195,Philadelphia Eagles,-238
402,2026-09-07 10:25:12 EDT,39aeac43cea7b12558b91cdab1255a10,2026-11-8,16:5,Houston Texans,Los Angeles Chargers,Houston Texans,120,Los Angeles Chargers,-142
403,2026-09-07 10:25:12 EDT,ac9d38a18d5c92814233a31aa9a48d78,2026-11-8,16:5,Las Vegas Raiders,San Francisco 49ers,Las Vegas Raiders,340,San Francisco 49ers,-440
404,2026-09-07 10:25:12 EDT,240e23b02b1e3fef655d04a286b5a623,2026-11-8,16:25,Arizona Cardinals,Seattle Seahawks,Arizona Cardinals,575,Seattle Seahawks,-850
405,2026-09-07 10:25:12 EDT,2922c573ec3df8466c4a34975e446898,2026-11-8,16:25,Green Bay Packers,New England Patriots,Green Bay Packers,105,New England Patriots,-125
406,2026-09-07 10:25:12 EDT,9760d8f19f84bfee300a74ceb656c95d,2026-11-8,20:20,Tampa Bay Buccaneers,Chicago Bears,Tampa Bay Buccaneers,164,Chicago Bears,-198
407,2026-09-07 10:25:12 EDT,17ad7eff2f7875e20a8109abe40470e3,2026-11-9,20:15,Buffalo Bills,Minnesota Vikings,Minnesota Vikings,142,Buffalo Bills,-170
408,2026-09-07 10:25:12 EDT,74d39e19225caf211ad2c8eb4110179f,2026-11-12,20:15,Washington Commanders,New York Giants,Washington Commanders,105,New York Giants,-125
409,2026-09-07 10:25:12 EDT,b8c10fdf1e0ac4e13deee7f7c0af0b0b,2026-11-15,9:30,New England Patriots,Detroit Lions,New England Patriots,105,Detroit Lions,-125
410,2026-09-07 10:25:12 EDT,3c71d515b726f1096aabb435badb83fd,2026-11-15,13:0,Kansas City Chiefs,Atlanta Falcons,Atlanta Falcons,185,Kansas City Chiefs,-225
411,2026-09-07 10:25:12 EDT,1057d50949844ddf483da9c8c20354be,2026-11-15,13:0,Buffalo Bills,New York Jets,New York Jets,270,Buffalo Bills,-340
412,2026-09-07 10:25:12 EDT,e5aa20e1364dd639f042af1c2281bbe2,2026-11-15,13:0,Carolina Panthers,New Orleans Saints,Carolina Panthers,-102,New Orleans Saints,-118
413,2026-09-07 10:25:12 EDT,be0e03cc42fbc9b6962467b22c7bf9dd,2026-11-15,13:0,Houston Texans,Cleveland Browns,Cleveland Browns,170,Houston Texans,-205
414,2026-09-07 10:25:12 EDT,5d8d85473b87f772a979ecf294acab94,2026-11-15,13:0,Minnesota Vikings,Green Bay Packers,Minnesota Vikings,200,Green Bay Packers,-245
415,2026-09-07 10:25:12 EDT,b5700b4d938fd94429f60d4622cc9c0a,2026-11-15,13:0,Miami Dolphins,Indianapolis Colts,Miami Dolphins,245,Indianapolis Colts,-305
416,2026-09-07 10:25:12 EDT,28800df7e768ecec14f116454d560f9b,2026-11-15,13:0,Jacksonville Jaguars,Tennessee Titans,Tennessee Titans,114,Jacksonville Jaguars,-135
417,2026-09-07 10:25:12 EDT,6c932a965110f3f89ec4a5f1a6ac256e,2026-11-15,16:5,Los Angeles Rams,Arizona Cardinals,Arizona Cardinals,360,Los Angeles Rams,-470
418,2026-09-07 10:25:12 EDT,6079a5cbabf99b265a17edfc92a1da60,2026-11-15,16:5,Seattle Seahawks,Las Vegas Raiders,Las Vegas Raiders,250,Seattle Seahawks,-310
419,2026-09-07 10:25:12 EDT,7627192fd89b05120ab6c712aa23fd81,2026-11-15,16:25,San Francisco 49ers,Dallas Cowboys,San Francisco 49ers,-102,Dallas Cowboys,-118
420,2026-09-07 10:25:12 EDT,48e497c230e6c9afcb3b600091d28e17,2026-11-15,20:20,Pittsburgh Steelers,Cincinnati Bengals,Pittsburgh Steelers,160,Cincinnati Bengals,-192
421,2026-09-07 10:25:12 EDT,35e3bdff558b5d1506251e814986f164,2026-11-16,20:15,Los Angeles Chargers,Baltimore Ravens,Los Angeles Chargers,150,Baltimore Ravens,-180
422,2026-09-07 10:25:12 EDT,66f9e83cf025d58acee12bce18661fb3,2026-11-19,20:15,Indianapolis Colts,Houston Texans,Indianapolis Colts,200,Houston Texans,-245
423,2026-09-07 10:25:12 EDT,403a88701352da05b0710a9e883b803e,2026-11-22,13:0,Arizona Cardinals,Kansas City Chiefs,Arizona Cardinals,440,Kansas City Chiefs,-600
424,2026-09-07 10:25:12 EDT,4527f57f5bc32742d8194af1ccf7da7e,2026-11-22,13:0,Baltimore Ravens,Carolina Panthers,Carolina Panthers,170,Baltimore Ravens,-205
425,2026-09-07 10:25:12 EDT,4c5b1c0843a260278e95eb93e7787576,2026-11-22,13:0,Miami Dolphins,Buffalo Bills,Miami Dolphins,470,Buffalo Bills,-650
426,2026-09-07 10:25:12 EDT,3ea90704fb576633bd1e2fa5aafd9ea3,2026-11-22,13:0,New Orleans Saints,Chicago Bears,New Orleans Saints,225,Chicago Bears,-278
427,2026-09-07 10:25:12 EDT,5e63079b678f8c13419adc169fff02d3,2026-11-22,13:0,Tennessee Titans,Dallas Cowboys,Tennessee Titans,230,Dallas Cowboys,-285
428,2026-09-07 10:25:12 EDT,41e2dd69bddd65d7e823d9ed61cc2afc,2026-11-22,13:0,Tampa Bay Buccaneers,Detroit Lions,Tampa Bay Buccaneers,185,Detroit Lions,-225
429,2026-09-07 10:25:12 EDT,8ba112fabf4e87639338a5f437c5abfe,2026-11-22,13:0,Jacksonville Jaguars,New York Giants,New York Giants,105,Jacksonville Jaguars,-125
430,2026-09-07 10:25:12 EDT,4b20b742b6168aaca4f25d87f11b1526,2026-11-22,16:5,New York Jets,Los Angeles Chargers,New York Jets,330,Los Angeles Chargers,-425
431,2026-09-07 10:25:12 EDT,1940706a79cbcbafacdcbf231069716b,2026-11-22,16:25,Las Vegas Raiders,Denver Broncos,Las Vegas Raiders,270,Denver Broncos,-340
432,2026-09-07 10:25:12 EDT,cbe45bafcc2615fc1d96cbc12840377a,2026-11-22,16:25,Pittsburgh Steelers,Philadelphia Eagles,Pittsburgh Steelers,195,Philadelphia Eagles,-238
433,2026-09-07 10:25:12 EDT,60e1d27b083a335b722c2c852ea85612,2026-11-22,20:20,Minnesota Vikings,San Francisco 49ers,Minnesota Vikings,160,San Francisco 49ers,-192
434,2026-09-07 10:25:12 EDT,3a60ed1d20004aa4d4772b2c1a2272e7,2026-11-23,20:15,Cincinnati Bengals,Washington Commanders,Washington Commanders,102,Cincinnati Bengals,-122
435,2026-09-07 10:25:12 EDT,5b612899d6dcdf998107f2c6c6e49a58,2026-11-25,20:0,Green Bay Packers,Los Angeles Rams,Green Bay Packers,185,Los Angeles Rams,-225
436,2026-09-07 10:25:12 EDT,9b825e6518156008da499be041975fdd,2026-11-26,13:0,Chicago Bears,Detroit Lions,Chicago Bears,120,Detroit Lions,-142
437,2026-09-07 10:25:12 EDT,ffaa06af56a7137d4b078c5c46c0b730,2026-11-26,15:30,Philadelphia Eagles,Dallas Cowboys,Philadelphia Eagles,105,Dallas Cowboys,-125
438,2026-09-07 10:25:12 EDT,f36f518585aec40e8cb40e071c0844aa,2026-11-26,20:20,Kansas City Chiefs,Buffalo Bills,Kansas City Chiefs,124,Buffalo Bills,-148
439,2026-09-07 10:25:12 EDT,44a3bcf5bd002583ddef2207a92dd977,2026-11-27,15:0,Denver Broncos,Pittsburgh Steelers,Pittsburgh Steelers,105,Denver Broncos,-125
440,2026-09-07 10:25:12 EDT,6a05021bdb6bab24b9bb381ffff10f0c,2026-11-29,13:0,Atlanta Falcons,Minnesota Vikings,Atlanta Falcons,180,Minnesota Vikings,-218
441,2026-09-07 10:25:12 EDT,60d0c074801985c1062795362a24200e,2026-11-29,13:0,Baltimore Ravens,Houston Texans,Baltimore Ravens,102,Houston Texans,-122
442,2026-09-07 10:25:12 EDT,f7d3ae7a8fe2438cef7d7d7bc67e31db,2026-11-29,13:0,New Orleans Saints,Cincinnati Bengals,New Orleans Saints,235,Cincinnati Bengals,-290
443,2026-09-07 10:25:12 EDT,eaa993c3d62d6b5aeb6142cdd7862fd5,2026-11-29,13:0,Las Vegas Raiders,Cleveland Browns,Las Vegas Raiders,105,Cleveland Browns,-125
444,2026-09-07 10:25:12 EDT,e9da808e36e1b7475698a57465ad4519,2026-11-29,13:0,New York Giants,Indianapolis Colts,New York Giants,114,Indianapolis Colts,-135
445,2026-09-07 10:25:12 EDT,81a8fee5b649a3ad5ad59e9528f2f376,2026-11-29,13:0,Tennessee Titans,Jacksonville Jaguars,Tennessee Titans,190,Jacksonville Jaguars,-230
446,2026-09-07 10:25:12 EDT,5ea0e3ea5944b0ad5169f21c0787b331,2026-11-29,13:0,New York Jets,Miami Dolphins,New York Jets,105,Miami Dolphins,-125
447,2026-09-07 10:25:12 EDT,69a1dbe9de3d3212c3a7a55be5d204ab,2026-11-29,16:25,Washington Commanders,Arizona Cardinals,Arizona Cardinals,180,Washington Commanders,-218
448,2026-09-07 10:25:12 EDT,d68dced0b26726890b9c79bd19a5ffe5,2026-11-29,16:25,Seattle Seahawks,San Francisco 49ers,Seattle Seahawks,-110,San Francisco 49ers,-110
449,2026-09-07 10:25:12 EDT,c64ceba13ede564e8658693e3171e7f9,2026-11-29,20:20,New England Patriots,Los Angeles Chargers,New England Patriots,105,Los Angeles Chargers,-125
450,2026-09-07 10:25:12 EDT,2cdaecba7c0bff9b58a48a82e6ee17a7,2026-11-30,20:15,Carolina Panthers,Tampa Bay Buccaneers,Carolina Panthers,160,Tampa Bay Buccaneers,-192
451,2026-09-07 10:25:12 EDT,06e52a676b516186989e3b181a37c8a7,2026-12-3,20:15,Kansas City Chiefs,Los Angeles Rams,Kansas City Chiefs,170,Los Angeles Rams,-205
452,2026-09-07 10:25:12 EDT,c94419ba8fb818fc36a5b21b526aab75,2026-12-6,13:0,Detroit Lions,Atlanta Falcons,Atlanta Falcons,154,Detroit Lions,-185
453,2026-09-07 10:25:12 EDT,0236f9aa68d65ea03bd1ca025b749c20,2026-12-6,13:0,Jacksonville Jaguars,Chicago Bears,Jacksonville Jaguars,130,Chicago Bears,-155
454,2026-09-07 10:25:12 EDT,b447fab53534af892f98a74eae26c1c6,2026-12-6,13:0,Cincinnati Bengals,Cleveland Browns,Cleveland Browns,185,Cincinnati Bengals,-225
455,2026-09-07 10:25:12 EDT,9a55467e1cd6310ae2af20d8154612e1,2026-12-6,13:0,Miami Dolphins,Denver Broncos,Miami Dolphins,360,Denver Broncos,-470
456,2026-09-07 10:25:12 EDT,1ccb61b811b7aae4270df22a67e6459f,2026-12-6,13:0,Green Bay Packers,New Orleans Saints,New Orleans Saints,185,Green Bay Packers,-225
457,2026-09-07 10:25:12 EDT,f8a92363386bd337975650879086cca6,2026-12-6,13:0,Los Angeles Chargers,Tampa Bay Buccaneers,Tampa Bay Buccaneers,120,Los Angeles Chargers,-142
458,2026-09-07 10:25:12 EDT,a5495c3360b3bb13da76ba23a675c9ef,2026-12-6,13:0,San Francisco 49ers,New York Giants,New York Giants,140,San Francisco 49ers,-166
459,2026-09-07 10:25:12 EDT,ae3429e95ee704c7fd001cade20072d0,2026-12-6,13:0,Washington Commanders,Tennessee Titans,Tennessee Titans,105,Washington Commanders,-125
460,2026-09-07 10:25:12 EDT,f4897f48a5351881280f7598bd826408,2026-12-6,16:5,Philadelphia Eagles,Arizona Cardinals,Arizona Cardinals,310,Philadelphia Eagles,-395
461,2026-09-07 10:25:12 EDT,4116dbff75ab7957b69c2152f204b74d,2026-12-6,16:25,Buffalo Bills,New England Patriots,Buffalo Bills,102,New England Patriots,-122
462,2026-09-07 10:25:12 EDT,c186c605febd6370b292469c9151cfb3,2026-12-6,16:25,Carolina Panthers,Minnesota Vikings,Carolina Panthers,160,Minnesota Vikings,-192
463,2026-09-07 10:25:12 EDT,26bf8e165d2d273ed0772a355f07ab16,2026-12-6,20:20,Houston Texans,Pittsburgh Steelers,Pittsburgh Steelers,102,Houston Texans,-122
464,2026-09-07 10:25:12 EDT,0db4646c964ecdff19957373fe707546,2026-12-7,20:15,Dallas Cowboys,Seattle Seahawks,Dallas Cowboys,185,Seattle Seahawks,-225
465,2026-09-07 10:25:12 EDT,01548e41e7ba5318bb25c9bc2a32f73d,2026-12-10,20:15,Minnesota Vikings,New England Patriots,Minnesota Vikings,180,New England Patriots,-218
466,2026-09-07 10:25:12 EDT,f7fba6b1804e02292ee0ce4738484258,2026-12-13,13:0,Atlanta Falcons,Cleveland Browns,Atlanta Falcons,105,Cleveland Browns,-125
467,2026-09-07 10:25:12 EDT,bec99e2f2b4c80e345731d69ee38d831,2026-12-13,13:0,Tampa Bay Buccaneers,Baltimore Ravens,Tampa Bay Buccaneers,210,Baltimore Ravens,-258
468,2026-09-07 10:25:12 EDT,dcc7b377d3b3ec990304612bbef47d3d,2026-12-13,13:0,New Orleans Saints,Carolina Panthers,New Orleans Saints,114,Carolina Panthers,-135
469,2026-09-07 10:25:12 EDT,2c6added7199a59f1e9dae8492c29da4,2026-12-13,13:0,Chicago Bears,Miami Dolphins,Miami Dolphins,200,Chicago Bears,-245
470,2026-09-07 10:25:12 EDT,5185ace33aebc87d39074147940f2fa5,2026-12-13,13:0,Denver Broncos,New York Jets,New York Jets,190,Denver Broncos,-230
471,2026-09-07 10:25:12 EDT,a31f461ccd92e1072f23ccfae281ae9a,2026-12-13,13:0,Tennessee Titans,Detroit Lions,Tennessee Titans,275,Detroit Lions,-345
472,2026-09-07 10:25:12 EDT,5dc9cb8fba610d682dc670ae4e7d59f3,2026-12-13,13:0,Houston Texans,Washington Commanders,Washington Commanders,102,Houston Texans,-122
473,2026-09-07 10:25:12 EDT,45203f985f8d1567ad19b0617dd267f8,2026-12-13,13:0,Indianapolis Colts,Philadelphia Eagles,Indianapolis Colts,200,Philadelphia Eagles,-245
474,2026-09-07 10:25:12 EDT,484c491dc1dee090d740ba077b7d9709,2026-12-13,16:5,Los Angeles Chargers,Las Vegas Raiders,Las Vegas Raiders,190,Los Angeles Chargers,-230
475,2026-09-07 10:25:12 EDT,180b5fa7ea6bd0d2d9ddb9ba5ee38cc0,2026-12-13,16:25,Kansas City Chiefs,Cincinnati Bengals,Kansas City Chiefs,105,Cincinnati Bengals,-125
476,2026-09-07 10:25:12 EDT,6174916c7e2df8d1b80a88cfbd259d44,2026-12-13,16:25,Los Angeles Rams,San Francisco 49ers,San Francisco 49ers,110,Los Angeles Rams,-130
477,2026-09-07 10:25:12 EDT,f5ab9d8455daf9e2a6c4c443fe0cd19f,2026-12-13,16:25,New York Giants,Seattle Seahawks,New York Giants,310,Seattle Seahawks,-395
478,2026-09-07 10:25:12 EDT,c4877c048defcb80e0ab37c0688f37f6,2026-12-13,20:20,Buffalo Bills,Green Bay Packers,Buffalo Bills,105,Green Bay Packers,-125
479,2026-09-07 10:25:12 EDT,690e2ee2ed5f0875f7cbaecdc51373f5,2026-12-14,20:15,Pittsburgh Steelers,Jacksonville Jaguars,Pittsburgh Steelers,136,Jacksonville Jaguars,-162
480,2026-09-07 10:25:12 EDT,790af233087803c297861901ffa271d7,2026-12-17,20:15,San Francisco 49ers,Los Angeles Chargers,San Francisco 49ers,120,Los Angeles Chargers,-142
481,2026-09-07 10:25:12 EDT,171aba127aaad3dcbe32a02fc194eb32,2026-12-19,17:0,Seattle Seahawks,Philadelphia Eagles,Seattle Seahawks,105,Philadelphia Eagles,-125
482,2026-09-07 10:25:12 EDT,784568b1df055bf7eb8780c110d5e910,2026-12-19,20:20,Chicago Bears,Buffalo Bills,Chicago Bears,154,Buffalo Bills,-185
483,2026-09-07 10:25:12 EDT,5931eee49f5f2656a5344e1388a68816,2026-12-20,13:0,Atlanta Falcons,Washington Commanders,Atlanta Falcons,150,Washington Commanders,-180
484,2026-09-07 10:25:12 EDT,2f4b1899c1c278947920e0254b682d90,2026-12-20,13:0,Baltimore Ravens,Pittsburgh Steelers,Pittsburgh Steelers,124,Baltimore Ravens,-148
485,2026-09-07 10:25:12 EDT,000fc688beb4fc004ecdad115d9adb1c,2026-12-20,13:0,Cincinnati Bengals,Carolina Panthers,Carolina Panthers,124,Cincinnati Bengals,-148
486,2026-09-07 10:25:12 EDT,1cb23c83ae4af84cffcdae6b31d06e83,2026-12-20,13:0,Cleveland Browns,New York Giants,Cleveland Browns,180,New York Giants,-218
487,2026-09-07 10:25:12 EDT,99719df35bc2efdcc72096f865ed8841,2026-12-20,13:0,Miami Dolphins,Green Bay Packers,Miami Dolphins,470,Green Bay Packers,-650
488,2026-09-07 10:25:12 EDT,29211b6e78461220a2833184233f70e5,2026-12-20,13:0,Jacksonville Jaguars,Houston Texans,Jacksonville Jaguars,130,Houston Texans,-155
489,2026-09-07 10:25:12 EDT,3b696c07ff6a1ef461d023a73db17584,2026-12-20,13:0,Indianapolis Colts,Tennessee Titans,Tennessee Titans,105,Indianapolis Colts,-125
490,2026-09-07 10:25:12 EDT,e15a91cebf3480ff0b93b4fbacb09797,2026-12-20,13:0,New Orleans Saints,Tampa Bay Buccaneers,New Orleans Saints,164,Tampa Bay Buccaneers,-198
491,2026-09-07 10:25:12 EDT,d8cd12e7684fa2aa39f5b188ef6e62e0,2026-12-20,16:5,New York Jets,Arizona Cardinals,New York Jets,-110,Arizona Cardinals,-110
492,2026-09-07 10:25:12 EDT,77396e9d565860fbfd05779028223a8a,2026-12-20,16:25,Dallas Cowboys,Los Angeles Rams,Dallas Cowboys,200,Los Angeles Rams,-245
493,2026-09-07 10:25:12 EDT,9f507007b9c0a7082c1471a5fa841336,2026-12-20,16:25,Denver Broncos,Las Vegas Raiders,Las Vegas Raiders,170,Denver Broncos,-205
494,2026-09-07 10:25:12 EDT,b34897a0368d570291d44e176c0c2331,2026-12-20,20:20,Detroit Lions,Minnesota Vikings,Minnesota Vikings,105,Detroit Lions,-125
495,2026-09-07 10:25:12 EDT,b2759105c27a25289ea1938f290c50fd,2026-12-21,20:15,New England Patriots,Kansas City Chiefs,New England Patriots,120,Kansas City Chiefs,-142
496,2026-09-07 10:25:12 EDT,3f226ec5402c6ec4d84a59be80c2fa67,2026-12-24,20:15,Houston Texans,Philadelphia Eagles,Houston Texans,114,Philadelphia Eagles,-135
497,2026-09-07 10:25:12 EDT,2828c07018dfafbe96aba205809cc7ac,2026-12-25,13:0,Green Bay Packers,Chicago Bears,Green Bay Packers,-102,Chicago Bears,-118
498,2026-09-07 10:25:12 EDT,126f27c71e8130ef87de0d137e833d9b,2026-12-25,16:30,Buffalo Bills,Denver Broncos,Denver Broncos,110,Buffalo Bills,-130
499,2026-09-07 10:25:12 EDT,f1af9705dbd2bbe4f1555f080ad06ba2,2026-12-25,20:15,Los Angeles Rams,Seattle Seahawks,Los Angeles Rams,110,Seattle Seahawks,-130
500,2026-09-07 10:25:12 EDT,8fd00347b6d77ce384d83cba814430d7,2026-12-27,13:0,Arizona Cardinals,New Orleans Saints,Arizona Cardinals,205,New Orleans Saints,-250
501,2026-09-07 10:25:12 EDT,bd13d00f06ad222b0a1b6ea4d0add763,2026-12-27,13:0,Tampa Bay Buccaneers,Atlanta Falcons,Atlanta Falcons,105,Tampa Bay Buccaneers,-125
502,2026-09-07 10:25:12 EDT,0f23afce92c2f0af28973c0a7533763e,2026-12-27,13:0,Cleveland Browns,Baltimore Ravens,Cleveland Browns,330,Baltimore Ravens,-425
503,2026-09-07 10:25:12 EDT,74cb0e112d069cdbda1671ae85531f43,2026-12-27,13:0,Carolina Panthers,Pittsburgh Steelers,Carolina Panthers,160,Pittsburgh Steelers,-192
504,2026-09-07 10:25:12 EDT,ca8982dccb6c3ae01525800317287f02,2026-12-27,13:0,Cincinnati Bengals,Indianapolis Colts,Indianapolis Colts,102,Cincinnati Bengals,-122
505,2026-09-07 10:25:12 EDT,29425f5c68826d615277cf9be2b82e00,2026-12-27,13:0,Tennessee Titans,Las Vegas Raiders,Tennessee Titans,105,Las Vegas Raiders,-125
506,2026-09-07 10:25:12 EDT,fe2eb511d4c2da3a8e88b85b4f4e9f7e,2026-12-27,13:0,Los Angeles Chargers,Miami Dolphins,Miami Dolphins,285,Los Angeles Chargers,-360
507,2026-09-07 10:25:12 EDT,cf5cefa5556bcd0156bd394171ef6c8e,2026-12-27,13:0,Washington Commanders,Minnesota Vikings,Washington Commanders,114,Minnesota Vikings,-135
508,2026-09-07 10:25:12 EDT,669a7b568c2a64f9a136dadb0eda1da8,2026-12-27,13:0,New England Patriots,New York Jets,New York Jets,225,New England Patriots,-278
509,2026-09-07 10:25:12 EDT,fc7cce3ae7c73cc7151357829e11b6d5,2026-12-27,16:25,San Francisco 49ers,Kansas City Chiefs,San Francisco 49ers,136,Kansas City Chiefs,-162
510,2026-09-07 10:25:12 EDT,b1c4ec04c3398a9efa25492000858384,2026-12-27,20:20,Jacksonville Jaguars,Dallas Cowboys,Jacksonville Jaguars,136,Dallas Cowboys,-162
511,2026-09-07 10:25:12 EDT,ca92c191ebf7361ea56f9bbc09a5f51b,2026-12-28,20:15,New York Giants,Detroit Lions,New York Giants,170,Detroit Lions,-205
512,2026-09-07 10:25:12 EDT,be268ce293cf4fad1c0c867a3ca4c257,2026-12-31,20:15,Baltimore Ravens,Cincinnati Bengals,Baltimore Ravens,114,Cincinnati Bengals,-135
513,2026-09-07 10:25:12 EDT,e5dd9cc3fd5452d55c250949e946743d,2027-1-3,13:0,New Orleans Saints,Atlanta Falcons,New Orleans Saints,102,Atlanta Falcons,-122
514,2026-09-07 10:25:12 EDT,d9a186d988a3ede2a33e504f4890fe52,2027-1-3,13:0,Buffalo Bills,Miami Dolphins,Miami Dolphins,295,Buffalo Bills,-375
515,2026-09-07 10:25:12 EDT,b009f04b4f61b264a5163157c3439dc1,2027-1-3,13:0,Seattle Seahawks,Carolina Panthers,Carolina Panthers,200,Seattle Seahawks,-245
516,2026-09-07 10:25:12 EDT,f2e03f9b857485bb13211ee0f5eb5935,2027-1-3,13:0,Indianapolis Colts,Cleveland Browns,Cleveland Browns,114,Indianapolis Colts,-135
517,2026-09-07 10:25:12 EDT,c8945d476449633912cf51a346ac98ca,2027-1-3,13:0,New York Giants,Dallas Cowboys,New York Giants,180,Dallas Cowboys,-218
518,2026-09-07 10:25:12 EDT,f62dba1e231083f489c391271a1f171c,2027-1-3,13:0,Denver Broncos,New England Patriots,Denver Broncos,114,New England Patriots,-135
519,2026-09-07 10:25:12 EDT,c96a3e9e40569b4ed5a546dff131c61d,2027-1-3,13:0,Washington Commanders,Jacksonville Jaguars,Washington Commanders,160,Jacksonville Jaguars,-192
520,2026-09-07 10:25:12 EDT,419106b9bcc9f7ef39cfc2d1ee9a3f87,2027-1-3,13:0,Los Angeles Rams,Tampa Bay Buccaneers,Tampa Bay Buccaneers,180,Los Angeles Rams,-218
521,2026-09-07 10:25:12 EDT,bfe51fa0034c9d22a69ffd80e2d717f5,2027-1-3,13:0,Minnesota Vikings,New York Jets,New York Jets,154,Minnesota Vikings,-185
522,2026-09-07 10:25:12 EDT,d0ffa5ed13cbd7610f9176041464404a,2027-1-3,13:0,Pittsburgh Steelers,Tennessee Titans,Tennessee Titans,102,Pittsburgh Steelers,-122
523,2026-09-07 10:25:12 EDT,08abdb683fcb6d77f66baed136f47283,2027-1-3,16:5,Las Vegas Raiders,Arizona Cardinals,Arizona Cardinals,110,Las Vegas Raiders,-130
524,2026-09-07 10:25:12 EDT,12089441cea51add4694cdde98b4a5b7,2027-1-3,16:25,Detroit Lions,Chicago Bears,Detroit Lions,102,Chicago Bears,-122
525,2026-09-07 10:25:12 EDT,67d842cb73300ef923959105698b63bb,2027-1-3,16:25,Kansas City Chiefs,Los Angeles Chargers,Kansas City Chiefs,105,Los Angeles Chargers,-125
526,2026-09-07 10:25:12 EDT,e7820b1226edbb1ef1fddce6b20f963d,2027-1-3,20:20,Philadelphia Eagles,San Francisco 49ers,Philadelphia Eagles,105,San Francisco 49ers,-125
527,2026-09-07 10:25:12 EDT,37bc346543da471e067b695b862ccfe9,2027-1-4,20:15,Houston Texans,Green Bay Packers,Houston Texans,114,Green Bay Packers,-135
528,2026-09-07 10:25:12 EDT,7f809a45bc8baedf0cb0259e7da7cd29,2027-1-10,13:0,Atlanta Falcons,Carolina Panthers,Atlanta Falcons,114,Carolina Panthers,-135
529,2026-09-07 10:25:12 EDT,d7da5587a88a7fc35c36b453d3264d5a,2027-1-10,13:0,Pittsburgh Steelers,Baltimore Ravens,Pittsburgh Steelers,195,Baltimore Ravens,-238
530,2026-09-07 10:25:12 EDT,97cbd9ad26dff1af47192120defe112d,2027-1-10,13:0,New York Jets,Buffalo Bills,New York Jets,360,Buffalo Bills,-470
531,2026-09-07 10:25:12 EDT,d190fb7ea85c33b96a495041dad22142,2027-1-10,13:0,Chicago Bears,Minnesota Vikings,Chicago Bears,105,Minnesota Vikings,-125
532,2026-09-07 10:25:12 EDT,8c16104c8afc72b583531508b2aa1c33,2027-1-10,13:0,Cleveland Browns,Cincinnati Bengals,Cleveland Browns,280,Cincinnati Bengals,-355
533,2026-09-07 10:25:12 EDT,3f460f14b810d7bf642bdf7b658530c0,2027-1-10,13:0,Dallas Cowboys,Washington Commanders,Washington Commanders,102,Dallas Cowboys,-122
534,2026-09-07 10:25:12 EDT,71d0d10e384393c1e071c39dd3931c19,2027-1-10,13:0,Los Angeles Chargers,Denver Broncos,Los Angeles Chargers,102,Denver Broncos,-122
535,2026-09-07 10:25:12 EDT,8f81778bbdb984be44e24a3d55a49b4d,2027-1-10,13:0,Detroit Lions,Green Bay Packers,Detroit Lions,114,Green Bay Packers,-135
536,2026-09-07 10:25:12 EDT,9bb63096709ba607443c454d2a813b14,2027-1-10,13:0,Tennessee Titans,Houston Texans,Tennessee Titans,235,Houston Texans,-290
537,2026-09-07 10:25:12 EDT,bea47af467e217653bba8d69888e4d95,2027-1-10,13:0,Jacksonville Jaguars,Indianapolis Colts,Jacksonville Jaguars,105,Indianapolis Colts,-125
538,2026-09-07 10:25:12 EDT,bb66a6f02c535c0cd8b9c689a5513687,2027-1-10,13:0,Las Vegas Raiders,Kansas City Chiefs,Las Vegas Raiders,310,Kansas City Chiefs,-395
539,2026-09-07 10:25:12 EDT,f370f9410ef82b37bd15d1719434370b,2027-1-10,13:0,Miami Dolphins,New England Patriots,Miami Dolphins,440,New England Patriots,-600
540,2026-09-07 10:25:12 EDT,7b8ce34c0e173e4ff6ccf8e8caa09113,2027-1-10,13:0,Tampa Bay Buccaneers,New Orleans Saints,New Orleans Saints,105,Tampa Bay Buccaneers,-125
541,2026-09-07 10:25:12 EDT,01baed6f9d6482c5d89d37379c7c63c7,2027-1-10,13:0,Philadelphia Eagles,New York Giants,New York Giants,130,Philadelphia Eagles,-155
542,2026-09-07 10:25:12 EDT,f1480276ab67dcf60686556ba9336695,2027-1-10,16:5,San Francisco 49ers,Arizona Cardinals,Arizona Cardinals,320,San Francisco 49ers,-410
543,2026-09-07 10:25:12 EDT,dc2d9177b48e6f3962dabb1407aba7d3,2027-1-10,16:5,Seattle Seahawks,Los Angeles Rams,Seattle Seahawks,130,Los Angeles Rams,-155
544,2026-09-08 10:19:43 EDT,8c94552d022acec4a0458d70c19d3da9,2026-9-9,20:20,New England Patriots,Seattle Seahawks,New England Patriots,142,Seattle Seahawks,-170
545,2026-09-08 10:19:43 EDT,acc580d74344ea3b31bbcdd057fe6a9c,2026-9-10,20:35,San Francisco 49ers,Los Angeles Rams,San Francisco 49ers,160,Los Angeles Rams,-192
546,2026-09-08 10:19:43 EDT,95c01d1bb797d6df14824b106c5a9130,2026-9-13,13:0,Atlanta Falcons,Pittsburgh Steelers,Atlanta Falcons,145,Pittsburgh Steelers,-175
547,2026-09-08 10:19:43 EDT,b6cfdcbafa61ce220ba87dc2d9b80c77,2026-9-13,13:0,Baltimore Ravens,Indianapolis Colts,Indianapolis Colts,145,Baltimore Ravens,-175
548,2026-09-08 10:19:43 EDT,7e09efed7e12c659b82740b67ce2f9a1,2026-9-13,13:0,Buffalo Bills,Houston Texans,Houston Texans,-105,Buffalo Bills,-115
549,2026-09-08 10:19:43 EDT,fc362aff0d889ec52d358307a70c32ed,2026-9-13,13:0,Chicago Bears,Carolina Panthers,Carolina Panthers,130,Chicago Bears,-155
550,2026-09-08 10:19:43 EDT,ed6d24ff979f9c71979fead577b0b3f7,2026-9-13,13:0,Tampa Bay Buccaneers,Cincinnati Bengals,Tampa Bay Buccaneers,164,Cincinnati Bengals,-198
551,2026-09-08 10:19:43 EDT,e55c6fe19fce094ce214c8b0e5b504e9,2026-9-13,13:0,Cleveland Browns,Jacksonville Jaguars,Cleveland Browns,340,Jacksonville Jaguars,-440
552,2026-09-08 10:19:43 EDT,c1d3fcec25aaeb06ebd2244d33d338e0,2026-9-13,13:0,New Orleans Saints,Detroit Lions,New Orleans Saints,245,Detroit Lions,-305
553,2026-09-08 10:19:43 EDT,7dddb296a42e7a41a774b24bd1709ce1,2026-9-13,13:0,New York Jets,Tennessee Titans,New York Jets,105,Tennessee Titans,-125
554,2026-09-08 10:19:43 EDT,1edfa5ceaa1ad2cb57df1c1b908731f6,2026-9-13,16:25,Arizona Cardinals,Los Angeles Chargers,Arizona Cardinals,380,Los Angeles Chargers,-500
555,2026-09-08 10:19:43 EDT,cb77efed7e711d25a72c1a2a0a1af119,2026-9-13,16:25,Green Bay Packers,Minnesota Vikings,Green Bay Packers,105,Minnesota Vikings,-125
556,2026-09-08 10:19:43 EDT,c5d95f48a16849ab6bebc68fbbfcb74a,2026-9-13,16:25,Miami Dolphins,Las Vegas Raiders,Miami Dolphins,154,Las Vegas Raiders,-185
557,2026-09-08 10:19:43 EDT,17885cb8dcade8f6c3bce14b2de805e8,2026-9-13,16:25,Washington Commanders,Philadelphia Eagles,Washington Commanders,180,Philadelphia Eagles,-218
558,2026-09-08 10:19:43 EDT,3e646c7479c57f5d9752d8c7dfe7059b,2026-9-13,20:20,Dallas Cowboys,New York Giants,New York Giants,136,Dallas Cowboys,-162
559,2026-09-08 10:19:43 EDT,5ad8135dc2b5f27de0b777acd317855a,2026-9-14,20:15,Denver Broncos,Kansas City Chiefs,Denver Broncos,124,Kansas City Chiefs,-148
560,2026-09-08 10:19:43 EDT,56e8897681915f7ec92baeee952bb1ae,2026-9-17,20:15,Detroit Lions,Buffalo Bills,Detroit Lions,136,Buffalo Bills,-162
561,2026-09-08 10:19:43 EDT,aee7eae1849ebb103b9bf233e9741392,2026-9-20,13:0,Carolina Panthers,Atlanta Falcons,Carolina Panthers,105,Atlanta Falcons,-125
562,2026-09-08 10:19:43 EDT,2143ade9684fd876b68a4e8cbf451f05,2026-9-20,13:0,New Orleans Saints,Baltimore Ravens,New Orleans Saints,280,Baltimore Ravens,-355
563,2026-09-08 10:19:43 EDT,0283a29e1b38ef78b29b904fd56a16dd,2026-9-20,13:0,Minnesota Vikings,Chicago Bears,Minnesota Vikings,160,Chicago Bears,-192
564,2026-09-08 10:19:43 EDT,36ad2fa722f4915ef23d2c81351261de,2026-9-20,13:0,Cincinnati Bengals,Houston Texans,Cincinnati Bengals,114,Houston Texans,-135
565,2026-09-08 10:19:43 EDT,0636ebff776d43f8c829a36713c80b22,2026-9-20,13:0,Cleveland Browns,Tampa Bay Buccaneers,Cleveland Browns,225,Tampa Bay Buccaneers,-278
566,2026-09-08 10:19:43 EDT,4aeee070bb6ec60bdfae4dede61b9014,2026-9-20,13:0,Green Bay Packers,New York Jets,New York Jets,200,Green Bay Packers,-245
567,2026-09-08 10:19:43 EDT,9d14f87600f6edc74dbcb5c74edf6246,2026-9-20,13:0,Pittsburgh Steelers,New England Patriots,Pittsburgh Steelers,180,New England Patriots,-218
568,2026-09-08 10:19:43 EDT,fafc649c455e32a0f2ba1bd06e2039bc,2026-9-20,13:0,Philadelphia Eagles,Tennessee Titans,Tennessee Titans,180,Philadelphia Eagles,-218
569,2026-09-08 10:19:43 EDT,1fd6628c781f556a7a19638e97d7107f,2026-9-20,16:5,Jacksonville Jaguars,Denver Broncos,Jacksonville Jaguars,130,Denver Broncos,-155
570,2026-09-08 10:19:43 EDT,71b3b83747589efdc5baef2c5cf811bf,2026-9-20,16:5,Las Vegas Raiders,Los Angeles Chargers,Las Vegas Raiders,285,Los Angeles Chargers,-360
571,2026-09-08 10:19:43 EDT,4dd8020192a544385db42374e5555303,2026-9-20,16:25,Seattle Seahawks,Arizona Cardinals,Arizona Cardinals,410,Seattle Seahawks,-550
572,2026-09-08 10:19:43 EDT,85ef85098ddd22fe4ecf45e7e3c0a9c0,2026-9-20,16:25,Washington Commanders,Dallas Cowboys,Washington Commanders,170,Dallas Cowboys,-205
573,2026-09-08 10:19:43 EDT,68bc55903f50af4af4766adcc89fcc61,2026-9-20,16:25,Miami Dolphins,San Francisco 49ers,Miami Dolphins,490,San Francisco 49ers,-675
574,2026-09-08 10:19:43 EDT,50bc247030707d823b9c3581d7eb5760,2026-9-20,20:20,Indianapolis Colts,Kansas City Chiefs,Indianapolis Colts,260,Kansas City Chiefs,-325
575,2026-09-08 10:19:43 EDT,32367f882fac1a0c20a6335619922025,2026-9-21,20:15,New York Giants,Los Angeles Rams,New York Giants,300,Los Angeles Rams,-380
576,2026-09-08 10:19:43 EDT,e5fbd3b3953b896b1bf897ddadb3cc4b,2026-9-24,20:15,Atlanta Falcons,Green Bay Packers,Atlanta Falcons,295,Green Bay Packers,-375
577,2026-09-08 10:19:43 EDT,b225458a282e140c44c45651255f2f6c,2026-9-27,13:0,Los Angeles Chargers,Buffalo Bills,Los Angeles Chargers,136,Buffalo Bills,-162
578,2026-09-08 10:19:43 EDT,613b8cd3a5fab58f7be4e3fd6f76223e,2026-9-27,13:0,Carolina Panthers,Cleveland Browns,Cleveland Browns,102,Carolina Panthers,-122
579,2026-09-08 10:19:43 EDT,71123be049587b6facce3a20c53e5d09,2026-9-27,13:0,Cincinnati Bengals,Pittsburgh Steelers,Pittsburgh Steelers,105,Cincinnati Bengals,-125
580,2026-09-08 10:19:43 EDT,07f552badfa8a565d1be22123713e4da,2026-9-27,13:0,New York Jets,Detroit Lions,New York Jets,320,Detroit Lions,-410
581,2026-09-08 10:19:43 EDT,17a730b7d399feeab6a78c30767c29d2,2026-9-27,13:0,Houston Texans,Indianapolis Colts,Indianapolis Colts,102,Houston Texans,-122
582,2026-09-08 10:19:43 EDT,1f3cfd315a24d1a7dd5859a8e6b88e18,2026-9-27,13:0,New England Patriots,Jacksonville Jaguars,New England Patriots,-102,Jacksonville Jaguars,-118
583,2026-09-08 10:19:43 EDT,0339a0e41bcee12820eb3e64bb5fadb4,2026-9-27,13:0,Kansas City Chiefs,Miami Dolphins,Miami Dolphins,340,Kansas City Chiefs,-440
584,2026-09-08 10:19:43 EDT,555afd4a27aaa392662881cffa8f2eef,2026-9-27,13:0,Tennessee Titans,New York Giants,Tennessee Titans,140,New York Giants,-166
585,2026-09-08 10:19:43 EDT,2a529c108305ffa049d8b6cfdbaa4d36,2026-9-27,13:0,Seattle Seahawks,Washington Commanders,Washington Commanders,160,Seattle Seahawks,-192
586,2026-09-08 10:19:43 EDT,9d2b09e0f9b6dd5ce0d985894f4f98fa,2026-9-27,16:5,Arizona Cardinals,San Francisco 49ers,Arizona Cardinals,470,San Francisco 49ers,-650
587,2026-09-08 10:19:43 EDT,f1724dead3eab61546033032fc782375,2026-9-27,16:5,Minnesota Vikings,Tampa Bay Buccaneers,Minnesota Vikings,105,Tampa Bay Buccaneers,-125
588,2026-09-08 10:19:43 EDT,84cfca14efc21363fd605508404cf1ff,2026-9-27,16:25,Baltimore Ravens,Dallas Cowboys,Dallas Cowboys,114,Baltimore Ravens,-135
589,2026-09-08 10:19:43 EDT,2e523fcb0497aa689473e290eb2b97de,2026-9-27,16:25,Las Vegas Raiders,New Orleans Saints,Las Vegas Raiders,154,New Orleans Saints,-185
590,2026-09-08 10:19:43 EDT,3bfd8bfb4b8e9a365a0877879b73b16b,2026-9-27,20:20,Los Angeles Rams,Denver Broncos,Denver Broncos,130,Los Angeles Rams,-155
591,2026-09-08 10:19:43 EDT,47dc7baa254659f3beb2ed2b38c207b6,2026-9-28,20:15,Philadelphia Eagles,Chicago Bears,Philadelphia Eagles,-102,Chicago Bears,-118
592,2026-09-08 10:19:43 EDT,d55cb69fed50a09170560b5b75d8de86,2026-10-1,20:15,Pittsburgh Steelers,Cleveland Browns,Cleveland Browns,114,Pittsburgh Steelers,-135
593,2026-09-08 10:19:43 EDT,c9d8ed8aa4889486eaf10a630138ede0,2026-10-4,9:30,Indianapolis Colts,Washington Commanders,Indianapolis Colts,-102,Washington Commanders,-118
594,2026-09-08 10:19:43 EDT,664e6bda5721dc63be16bcf7d962a436,2026-10-4,13:0,Arizona Cardinals,New York Giants,Arizona Cardinals,260,New York Giants,-325
595,2026-09-08 10:19:43 EDT,f01589b0e7e6dd4f4ac1220a1db81f53,2026-10-4,13:0,Tennessee Titans,Baltimore Ravens,Tennessee Titans,310,Baltimore Ravens,-395
596,2026-09-08 10:19:43 EDT,573cc0ef39631a4f6673ec843a8bedd4,2026-10-4,13:0,New England Patriots,Buffalo Bills,New England Patriots,136,Buffalo Bills,-162
597,2026-09-08 10:19:43 EDT,164e6eb68f31bac190381903c3cccd31,2026-10-4,13:0,New York Jets,Chicago Bears,New York Jets,330,Chicago Bears,-425
598,2026-09-08 10:19:43 EDT,2ea94ddf20f66432b9024fe2e2eaba5f,2026-10-4,13:0,Jacksonville Jaguars,Cincinnati Bengals,Jacksonville Jaguars,114,Cincinnati Bengals,-135
599,2026-09-08 10:19:43 EDT,daf55e2df5341c007fee5a0fc5bbc2d4,2026-10-4,13:0,Dallas Cowboys,Houston Texans,Dallas Cowboys,114,Houston Texans,-135
600,2026-09-08 10:19:43 EDT,99a9bae4dc0dc2590496bd3102b211f2,2026-10-4,13:0,Green Bay Packers,Tampa Bay Buccaneers,Tampa Bay Buccaneers,105,Green Bay Packers,-125
601,2026-09-08 10:19:43 EDT,1b4f2e60ce83fa1d63a5dff83769d27c,2026-10-4,13:0,Los Angeles Rams,Philadelphia Eagles,Philadelphia Eagles,105,Los Angeles Rams,-125
602,2026-09-08 10:19:43 EDT,c327223d76a3b7b0db8c6c104442f44b,2026-10-4,16:5,Miami Dolphins,Minnesota Vikings,Miami Dolphins,320,Minnesota Vikings,-410
603,2026-09-08 10:19:43 EDT,a7e7efb75a9792ac63480ae6328dca18,2026-10-4,16:25,Denver Broncos,San Francisco 49ers,Denver Broncos,114,San Francisco 49ers,-135
604,2026-09-08 10:19:43 EDT,e0cbd266dcf997089203a1b33ba0333d,2026-10-4,16:25,Kansas City Chiefs,Las Vegas Raiders,Las Vegas Raiders,205,Kansas City Chiefs,-250
605,2026-09-08 10:19:43 EDT,96d2373cda647873b971f268482bced0,2026-10-4,16:25,Los Angeles Chargers,Seattle Seahawks,Los Angeles Chargers,145,Seattle Seahawks,-175
606,2026-09-08 10:19:43 EDT,a73a76599a4f3422803e57bd8f61b626,2026-10-4,20:20,Detroit Lions,Carolina Panthers,Carolina Panthers,136,Detroit Lions,-162
607,2026-09-08 10:19:43 EDT,8bd90781e17e6d97df3941063cedae1e,2026-10-5,20:15,Atlanta Falcons,New Orleans Saints,Atlanta Falcons,114,New Orleans Saints,-135
608,2026-09-08 10:19:43 EDT,259b5df9aa0d10257f56de78523495e0,2026-10-8,20:15,Tampa Bay Buccaneers,Dallas Cowboys,Tampa Bay Buccaneers,170,Dallas Cowboys,-205
609,2026-09-08 10:19:43 EDT,21b26266f3d78af02eb672e606275d95,2026-10-11,9:30,Philadelphia Eagles,Jacksonville Jaguars,Jacksonville Jaguars,105,Philadelphia Eagles,-125
610,2026-09-08 10:19:43 EDT,c4647ca1201e6768501877267ca8251b,2026-10-11,13:0,Cincinnati Bengals,Miami Dolphins,Miami Dolphins,220,Cincinnati Bengals,-270
611,2026-09-08 10:19:43 EDT,9db4ed15fe34fca1fb62f040cd244591,2026-10-11,13:0,Cleveland Browns,New York Jets,Cleveland Browns,110,New York Jets,-130
612,2026-09-08 10:19:43 EDT,cc52bba56e74f5cddbe9011046181c3d,2026-10-11,13:0,Houston Texans,Tennessee Titans,Tennessee Titans,160,Houston Texans,-192
613,2026-09-08 10:19:43 EDT,448d7cf18c6db4c811ed82ded1b72867,2026-10-11,13:0,Indianapolis Colts,Pittsburgh Steelers,Indianapolis Colts,120,Pittsburgh Steelers,-142
614,2026-09-08 10:19:43 EDT,6b024bad1abb54f597225e4ab9b39d89,2026-10-11,13:0,Las Vegas Raiders,New England Patriots,Las Vegas Raiders,310,New England Patriots,-395
615,2026-09-08 10:19:43 EDT,2cda9bf0fbe35a2735f0dd8aaafe9eff,2026-10-11,13:0,Minnesota Vikings,New Orleans Saints,New Orleans Saints,105,Minnesota Vikings,-125
616,2026-09-08 10:19:43 EDT,fbffd0b7722fd81d68d5d62472dc80e8,2026-10-11,13:0,New York Giants,Washington Commanders,New York Giants,110,Washington Commanders,-130
617,2026-09-08 10:19:43 EDT,d1d408fdfd272046fb517fe992a1c5a0,2026-10-11,16:5,Denver Broncos,Los Angeles Chargers,Denver Broncos,114,Los Angeles Chargers,-135
618,2026-09-08 10:19:43 EDT,f8e7f43f73aa983c5c99c189587f0118,2026-10-11,16:25,Detroit Lions,Arizona Cardinals,Arizona Cardinals,310,Detroit Lions,-395
619,2026-09-08 10:19:43 EDT,2caea57b1e5cfbba1334cfbfd46f6771,2026-10-11,16:25,Chicago Bears,Green Bay Packers,Chicago Bears,140,Green Bay Packers,-166
620,2026-09-08 10:19:43 EDT,8e5d515b10d8a5ffb324640ed60bcc55,2026-10-11,16:25,San Francisco 49ers,Seattle Seahawks,San Francisco 49ers,170,Seattle Seahawks,-205
621,2026-09-08 10:19:43 EDT,86457f91112732f21ad4bb7d37bd291c,2026-10-11,20:20,Baltimore Ravens,Atlanta Falcons,Atlanta Falcons,170,Baltimore Ravens,-205
622,2026-09-08 10:19:43 EDT,e6d00eedd87d367e510314bd8cab8f6f,2026-10-12,20:15,Buffalo Bills,Los Angeles Rams,Buffalo Bills,140,Los Angeles Rams,-166
623,2026-09-08 10:19:43 EDT,855f58fad5f0f14b239f4f63df27998b,2026-10-15,20:15,Seattle Seahawks,Denver Broncos,Denver Broncos,110,Seattle Seahawks,-130
624,2026-09-08 10:19:43 EDT,57418b2cf5aca558b3c98eafac1e264a,2026-10-18,9:30,Houston Texans,Jacksonville Jaguars,Houston Texans,-108,Jacksonville Jaguars,-112
625,2026-09-08 10:19:43 EDT,7c312fdf24fb35f58b0e07c2932cc997,2026-10-18,13:0,Chicago Bears,Atlanta Falcons,Atlanta Falcons,130,Chicago Bears,-155
626,2026-09-08 10:19:43 EDT,e86227938fd3cf008fc5648fb5128344,2026-10-18,13:0,Baltimore Ravens,Cleveland Browns,Cleveland Browns,205,Baltimore Ravens,-250
627,2026-09-08 10:19:43 EDT,caca2d752fe1a1779029082e95332fcc,2026-10-18,13:0,Carolina Panthers,Philadelphia Eagles,Carolina Panthers,225,Philadelphia Eagles,-278
628,2026-09-08 10:19:43 EDT,84aa9e190e625d7e9cd67e1f157a45b4,2026-10-18,13:0,Tennessee Titans,Indianapolis Colts,Tennessee Titans,164,Indianapolis Colts,-198
629,2026-09-08 10:19:43 EDT,0b0b582b32b09ab6ff6664ffae0c9653,2026-10-18,13:0,New York Jets,New England Patriots,New York Jets,340,New England Patriots,-440
630,2026-09-08 10:19:43 EDT,1cf74afd313e9fd300e1462012b174cb,2026-10-18,13:0,New Orleans Saints,New York Giants,New Orleans Saints,120,New York Giants,-142
631,2026-09-08 10:19:43 EDT,27f3994841ce8081c0b7349cf3d1e3d7,2026-10-18,13:0,Pittsburgh Steelers,Tampa Bay Buccaneers,Pittsburgh Steelers,105,Tampa Bay Buccaneers,-125
632,2026-09-08 10:19:43 EDT,3729ac6d2a66b642850caf2044cdc658,2026-10-18,16:5,Arizona Cardinals,Los Angeles Rams,Arizona Cardinals,525,Los Angeles Rams,-750
633,2026-09-08 10:19:43 EDT,45b2690b350ed45145c7a716b18e8e66,2026-10-18,16:25,Buffalo Bills,Las Vegas Raiders,Las Vegas Raiders,220,Buffalo Bills,-270
634,2026-09-08 10:19:43 EDT,20fefae8c296247460ba5773caa42218,2026-10-18,16:25,Los Angeles Chargers,Kansas City Chiefs,Los Angeles Chargers,120,Kansas City Chiefs,-142
635,2026-09-08 10:19:43 EDT,82fd5a159fa130e67abab93a9537f70b,2026-10-18,20:20,Dallas Cowboys,Green Bay Packers,Dallas Cowboys,140,Green Bay Packers,-166
636,2026-09-08 10:19:43 EDT,f122527f003276d3bca19efa48c902c1,2026-10-19,20:15,Washington Commanders,San Francisco 49ers,Washington Commanders,200,San Francisco 49ers,-245
637,2026-09-08 10:19:43 EDT,ffebea881c1d7b2dfb85b3e590c35985,2026-10-22,20:15,New England Patriots,Chicago Bears,New England Patriots,105,Chicago Bears,-125
638,2026-09-08 10:19:43 EDT,2e710ea5a306b614f0f966e3d78732f8,2026-10-25,9:30,Pittsburgh Steelers,New Orleans Saints,New Orleans Saints,120,Pittsburgh Steelers,-142
639,2026-09-08 10:19:43 EDT,b1be064fb52a198a62109c279e7ab24c,2026-10-25,13:0,San Francisco 49ers,Atlanta Falcons,Atlanta Falcons,185,San Francisco 49ers,-225
640,2026-09-08 10:19:43 EDT,550ec5290f935d311995affbcb0b5c79,2026-10-25,13:0,Cincinnati Bengals,Baltimore Ravens,Cincinnati Bengals,154,Baltimore Ravens,-185
641,2026-09-08 10:19:43 EDT,2823e986597c449ab94126cd5ed3fae9,2026-10-25,13:0,Tampa Bay Buccaneers,Carolina Panthers,Carolina Panthers,105,Tampa Bay Buccaneers,-125
642,2026-09-08 10:19:43 EDT,5dce18baccec5d3ad5fb3a3ce52f7619,2026-10-25,13:0,Cleveland Browns,Tennessee Titans,Cleveland Browns,114,Tennessee Titans,-135
643,2026-09-08 10:19:43 EDT,2bba7fde6f97d0e54403d53676e4ab63,2026-10-25,13:0,New York Giants,Houston Texans,New York Giants,195,Houston Texans,-238
644,2026-09-08 10:19:43 EDT,f3992ad4496724baf7dcd1ef58245d6b,2026-10-25,13:0,Indianapolis Colts,Minnesota Vikings,Indianapolis Colts,120,Minnesota Vikings,-142
645,2026-09-08 10:19:43 EDT,be5dd120ca08b43d647b6caa8953500a,2026-10-25,13:0,Miami Dolphins,New York Jets,Miami Dolphins,120,New York Jets,-142
646,2026-09-08 10:19:43 EDT,436119bb3ccdaa6ed7808aa3ebd82b76,2026-10-25,16:5,Denver Broncos,Arizona Cardinals,Arizona Cardinals,285,Denver Broncos,-360
647,2026-09-08 10:19:43 EDT,e8e5715eefb6a9ce64765e9ddf49c0cc,2026-10-25,16:25,Green Bay Packers,Detroit Lions,Green Bay Packers,114,Detroit Lions,-135
648,2026-09-08 10:19:43 EDT,f7679cf18454e4d88a8f2b990c3f08ac,2026-10-25,16:25,Los Angeles Rams,Las Vegas Raiders,Las Vegas Raiders,275,Los Angeles Rams,-345
649,2026-09-08 10:19:43 EDT,176d474ed8b2bbf1eb4d7e9c56b4bf22,2026-10-25,20:20,Kansas City Chiefs,Seattle Seahawks,Kansas City Chiefs,145,Seattle Seahawks,-175
650,2026-09-08 10:19:43 EDT,4853610e63c246f2027a6a248e642c9a,2026-10-26,20:15,Dallas Cowboys,Philadelphia Eagles,Dallas Cowboys,136,Philadelphia Eagles,-162
651,2026-09-08 10:19:43 EDT,ab2865e9f2d4b012de8bc6fb6de11a7c,2026-10-29,20:15,Carolina Panthers,Green Bay Packers,Carolina Panthers,275,Green Bay Packers,-345
652,2026-09-08 10:19:43 EDT,9255ca8f32aea590d00aa57de79f6bb6,2026-11-1,13:0,Arizona Cardinals,Dallas Cowboys,Arizona Cardinals,410,Dallas Cowboys,-550
653,2026-09-08 10:19:43 EDT,921859689f5f8b3b8b1caf4248bdb1ec,2026-11-1,13:0,Atlanta Falcons,Tampa Bay Buccaneers,Atlanta Falcons,180,Tampa Bay Buccaneers,-218
654,2026-09-08 10:19:43 EDT,c93c421e5fa46031a43162d111d981d0,2026-11-1,13:0,Baltimore Ravens,Buffalo Bills,Baltimore Ravens,114,Buffalo Bills,-135
655,2026-09-08 10:19:43 EDT,9c5d8f57e0ba0fbd9ef436c1f0898f99,2026-11-1,13:0,Tennessee Titans,Cincinnati Bengals,Tennessee Titans,235,Cincinnati Bengals,-290
656,2026-09-08 10:19:43 EDT,ab5ab731ab655bd6308bc7a922275518,2026-11-1,13:0,Cleveland Browns,Pittsburgh Steelers,Cleveland Browns,215,Pittsburgh Steelers,-265
657,2026-09-08 10:19:43 EDT,52e7ee9c42525e6deec02da32dc2fad8,2026-11-1,13:0,Minnesota Vikings,Detroit Lions,Minnesota Vikings,185,Detroit Lions,-225
658,2026-09-08 10:19:43 EDT,159dbf0253dd2038eda2212f84387f0c,2026-11-1,13:0,Indianapolis Colts,Jacksonville Jaguars,Indianapolis Colts,185,Jacksonville Jaguars,-225
659,2026-09-08 10:19:43 EDT,98f1b121b793977434c046e76c707145,2026-11-1,13:0,Las Vegas Raiders,New York Jets,Las Vegas Raiders,105,New York Jets,-125
660,2026-09-08 10:19:43 EDT,2ff84d3f6053d083c8c0a5bebf7cdd4c,2026-11-1,16:5,Los Angeles Chargers,Los Angeles Rams,Los Angeles Chargers,164,Los Angeles Rams,-198
661,2026-09-08 10:19:43 EDT,f2a036d5edf483a277880014861e78ad,2026-11-1,16:25,Kansas City Chiefs,Denver Broncos,Kansas City Chiefs,105,Denver Broncos,-125
662,2026-09-08 10:19:43 EDT,05405af79752f5e742cdf50b61f6745e,2026-11-1,16:25,New England Patriots,Miami Dolphins,Miami Dolphins,280,New England Patriots,-355
663,2026-09-08 10:19:43 EDT,b9c60db63b1a19ad319f24b33c0defe8,2026-11-1,20:20,Philadelphia Eagles,Washington Commanders,Washington Commanders,105,Philadelphia Eagles,-125
664,2026-09-08 10:19:43 EDT,7d664fbcd39350e559d83c0068ba7169,2026-11-2,20:20,Chicago Bears,Seattle Seahawks,Chicago Bears,180,Seattle Seahawks,-218
665,2026-09-08 10:19:43 EDT,c75744790b7acf6260c78ba5e739c0e5,2026-11-5,20:15,Jacksonville Jaguars,Baltimore Ravens,Jacksonville Jaguars,170,Baltimore Ravens,-205
666,2026-09-08 10:19:43 EDT,dc56d980f527ffeef89940133b211b13,2026-11-8,9:30,Cincinnati Bengals,Atlanta Falcons,Atlanta Falcons,190,Cincinnati Bengals,-230
667,2026-09-08 10:19:43 EDT,014282b888c741b7d70c857c09f40aa7,2026-11-8,13:0,Denver Broncos,Carolina Panthers,Carolina Panthers,136,Denver Broncos,-162
668,2026-09-08 10:19:43 EDT,e571bab6736f9338130a78a4f75c3231,2026-11-8,13:0,Cleveland Browns,New Orleans Saints,Cleveland Browns,160,New Orleans Saints,-192
669,2026-09-08 10:19:43 EDT,415fc42e72888c63e82f7bce24c65391,2026-11-8,13:0,Dallas Cowboys,Indianapolis Colts,Indianapolis Colts,105,Dallas Cowboys,-125
670,2026-09-08 10:19:43 EDT,44d8c37868b700e90f816db7c5df5cdd,2026-11-8,13:0,Detroit Lions,Miami Dolphins,Miami Dolphins,225,Detroit Lions,-278
671,2026-09-08 10:19:43 EDT,e354e6a04b1cb9c96e549b863debb92e,2026-11-8,13:0,New York Jets,Kansas City Chiefs,New York Jets,360,Kansas City Chiefs,-470
672,2026-09-08 10:19:43 EDT,89de07377e0aa8ffaa2ae6a7dc0855cc,2026-11-8,13:0,Los Angeles Rams,Washington Commanders,Washington Commanders,185,Los Angeles Rams,-225
673,2026-09-08 10:19:43 EDT,fe93e6ab1e553c0169936a0a983c324f,2026-11-8,13:0,New York Giants,Philadelphia Eagles,New York Giants,195,Philadelphia Eagles,-238
674,2026-09-08 10:19:43 EDT,39aeac43cea7b12558b91cdab1255a10,2026-11-8,16:5,Houston Texans,Los Angeles Chargers,Houston Texans,120,Los Angeles Chargers,-142
675,2026-09-08 10:19:43 EDT,ac9d38a18d5c92814233a31aa9a48d78,2026-11-8,16:5,Las Vegas Raiders,San Francisco 49ers,Las Vegas Raiders,330,San Francisco 49ers,-425
676,2026-09-08 10:19:43 EDT,240e23b02b1e3fef655d04a286b5a623,2026-11-8,16:25,Arizona Cardinals,Seattle Seahawks,Arizona Cardinals,575,Seattle Seahawks,-850
677,2026-09-08 10:19:43 EDT,2922c573ec3df8466c4a34975e446898,2026-11-8,16:25,Green Bay Packers,New England Patriots,Green Bay Packers,105,New England Patriots,-125
678,2026-09-08 10:19:43 EDT,9760d8f19f84bfee300a74ceb656c95d,2026-11-8,20:20,Tampa Bay Buccaneers,Chicago Bears,Tampa Bay Buccaneers,160,Chicago Bears,-192
679,2026-09-08 10:19:43 EDT,17ad7eff2f7875e20a8109abe40470e3,2026-11-9,20:15,Buffalo Bills,Minnesota Vikings,Minnesota Vikings,142,Buffalo Bills,-170
680,2026-09-08 10:19:43 EDT,74d39e19225caf211ad2c8eb4110179f,2026-11-12,20:15,Washington Commanders,New York Giants,Washington Commanders,105,New York Giants,-125
681,2026-09-08 10:19:43 EDT,b8c10fdf1e0ac4e13deee7f7c0af0b0b,2026-11-15,9:30,New England Patriots,Detroit Lions,New England Patriots,105,Detroit Lions,-125
682,2026-09-08 10:19:43 EDT,3c71d515b726f1096aabb435badb83fd,2026-11-15,13:0,Kansas City Chiefs,Atlanta Falcons,Atlanta Falcons,185,Kansas City Chiefs,-225
683,2026-09-08 10:19:43 EDT,1057d50949844ddf483da9c8c20354be,2026-11-15,13:0,Buffalo Bills,New York Jets,New York Jets,270,Buffalo Bills,-340
684,2026-09-08 10:19:43 EDT,e5aa20e1364dd639f042af1c2281bbe2,2026-11-15,13:0,Carolina Panthers,New Orleans Saints,Carolina Panthers,-102,New Orleans Saints,-118
685,2026-09-08 10:19:43 EDT,be0e03cc42fbc9b6962467b22c7bf9dd,2026-11-15,13:0,Houston Texans,Cleveland Browns,Cleveland Browns,170,Houston Texans,-205
686,2026-09-08 10:19:43 EDT,5d8d85473b87f772a979ecf294acab94,2026-11-15,13:0,Minnesota Vikings,Green Bay Packers,Minnesota Vikings,200,Green Bay Packers,-245
687,2026-09-08 10:19:43 EDT,b5700b4d938fd94429f60d4622cc9c0a,2026-11-15,13:0,Miami Dolphins,Indianapolis Colts,Miami Dolphins,250,Indianapolis Colts,-310
688,2026-09-08 10:19:43 EDT,28800df7e768ecec14f116454d560f9b,2026-11-15,13:0,Jacksonville Jaguars,Tennessee Titans,Tennessee Titans,114,Jacksonville Jaguars,-135
689,2026-09-08 10:19:43 EDT,6c932a965110f3f89ec4a5f1a6ac256e,2026-11-15,16:5,Los Angeles Rams,Arizona Cardinals,Arizona Cardinals,360,Los Angeles Rams,-470
690,2026-09-08 10:19:43 EDT,6079a5cbabf99b265a17edfc92a1da60,2026-11-15,16:5,Seattle Seahawks,Las Vegas Raiders,Las Vegas Raiders,250,Seattle Seahawks,-310
691,2026-09-08 10:19:43 EDT,7627192fd89b05120ab6c712aa23fd81,2026-11-15,16:25,San Francisco 49ers,Dallas Cowboys,San Francisco 49ers,-102,Dallas Cowboys,-118
692,2026-09-08 10:19:43 EDT,48e497c230e6c9afcb3b600091d28e17,2026-11-15,20:20,Pittsburgh Steelers,Cincinnati Bengals,Pittsburgh Steelers,160,Cincinnati Bengals,-192
693,2026-09-08 10:19:43 EDT,35e3bdff558b5d1506251e814986f164,2026-11-16,20:15,Los Angeles Chargers,Baltimore Ravens,Los Angeles Chargers,150,Baltimore Ravens,-180
694,2026-09-08 10:19:43 EDT,66f9e83cf025d58acee12bce18661fb3,2026-11-19,20:15,Indianapolis Colts,Houston Texans,Indianapolis Colts,200,Houston Texans,-245
695,2026-09-08 10:19:43 EDT,403a88701352da05b0710a9e883b803e,2026-11-22,13:0,Arizona Cardinals,Kansas City Chiefs,Arizona Cardinals,440,Kansas City Chiefs,-600
696,2026-09-08 10:19:43 EDT,4527f57f5bc32742d8194af1ccf7da7e,2026-11-22,13:0,Baltimore Ravens,Carolina Panthers,Carolina Panthers,180,Baltimore Ravens,-218
697,2026-09-08 10:19:43 EDT,4c5b1c0843a260278e95eb93e7787576,2026-11-22,13:0,Miami Dolphins,Buffalo Bills,Miami Dolphins,470,Buffalo Bills,-650
698,2026-09-08 10:19:43 EDT,3ea90704fb576633bd1e2fa5aafd9ea3,2026-11-22,13:0,New Orleans Saints,Chicago Bears,New Orleans Saints,230,Chicago Bears,-285
699,2026-09-08 10:19:43 EDT,5e63079b678f8c13419adc169fff02d3,2026-11-22,13:0,Tennessee Titans,Dallas Cowboys,Tennessee Titans,230,Dallas Cowboys,-285
700,2026-09-08 10:19:43 EDT,41e2dd69bddd65d7e823d9ed61cc2afc,2026-11-22,13:0,Tampa Bay Buccaneers,Detroit Lions,Tampa Bay Buccaneers,185,Detroit Lions,-225
701,2026-09-08 10:19:43 EDT,8ba112fabf4e87639338a5f437c5abfe,2026-11-22,13:0,Jacksonville Jaguars,New York Giants,New York Giants,105,Jacksonville Jaguars,-125
702,2026-09-08 10:19:43 EDT,4b20b742b6168aaca4f25d87f11b1526,2026-11-22,16:5,New York Jets,Los Angeles Chargers,New York Jets,330,Los Angeles Chargers,-425
703,2026-09-08 10:19:43 EDT,1940706a79cbcbafacdcbf231069716b,2026-11-22,16:25,Las Vegas Raiders,Denver Broncos,Las Vegas Raiders,270,Denver Broncos,-340
704,2026-09-08 10:19:43 EDT,cbe45bafcc2615fc1d96cbc12840377a,2026-11-22,16:25,Pittsburgh Steelers,Philadelphia Eagles,Pittsburgh Steelers,200,Philadelphia Eagles,-245
705,2026-09-08 10:19:43 EDT,60e1d27b083a335b722c2c852ea85612,2026-11-22,20:20,Minnesota Vikings,San Francisco 49ers,Minnesota Vikings,160,San Francisco 49ers,-192
706,2026-09-08 10:19:43 EDT,3a60ed1d20004aa4d4772b2c1a2272e7,2026-11-23,20:15,Cincinnati Bengals,Washington Commanders,Washington Commanders,105,Cincinnati Bengals,-125
707,2026-09-08 10:19:43 EDT,5b612899d6dcdf998107f2c6c6e49a58,2026-11-25,20:0,Green Bay Packers,Los Angeles Rams,Green Bay Packers,185,Los Angeles Rams,-225
708,2026-09-08 10:19:43 EDT,9b825e6518156008da499be041975fdd,2026-11-26,13:0,Chicago Bears,Detroit Lions,Chicago Bears,120,Detroit Lions,-142
709,2026-09-08 10:19:43 EDT,ffaa06af56a7137d4b078c5c46c0b730,2026-11-26,15:30,Philadelphia Eagles,Dallas Cowboys,Philadelphia Eagles,105,Dallas Cowboys,-125
710,2026-09-08 10:19:43 EDT,f36f518585aec40e8cb40e071c0844aa,2026-11-26,20:20,Kansas City Chiefs,Buffalo Bills,Kansas City Chiefs,124,Buffalo Bills,-148
711,2026-09-08 10:19:43 EDT,44a3bcf5bd002583ddef2207a92dd977,2026-11-27,15:0,Denver Broncos,Pittsburgh Steelers,Pittsburgh Steelers,102,Denver Broncos,-122
712,2026-09-08 10:19:43 EDT,6a05021bdb6bab24b9bb381ffff10f0c,2026-11-29,13:0,Atlanta Falcons,Minnesota Vikings,Atlanta Falcons,180,Minnesota Vikings,-218
713,2026-09-08 10:19:43 EDT,60d0c074801985c1062795362a24200e,2026-11-29,13:0,Baltimore Ravens,Houston Texans,Baltimore Ravens,102,Houston Texans,-122
714,2026-09-08 10:19:43 EDT,f7d3ae7a8fe2438cef7d7d7bc67e31db,2026-11-29,13:0,New Orleans Saints,Cincinnati Bengals,New Orleans Saints,235,Cincinnati Bengals,-290
715,2026-09-08 10:19:43 EDT,eaa993c3d62d6b5aeb6142cdd7862fd5,2026-11-29,13:0,Las Vegas Raiders,Cleveland Browns,Las Vegas Raiders,102,Cleveland Browns,-122
716,2026-09-08 10:19:43 EDT,e9da808e36e1b7475698a57465ad4519,2026-11-29,13:0,New York Giants,Indianapolis Colts,New York Giants,114,Indianapolis Colts,-135
717,2026-09-08 10:19:43 EDT,81a8fee5b649a3ad5ad59e9528f2f376,2026-11-29,13:0,Tennessee Titans,Jacksonville Jaguars,Tennessee Titans,195,Jacksonville Jaguars,-238
718,2026-09-08 10:19:43 EDT,5ea0e3ea5944b0ad5169f21c0787b331,2026-11-29,13:0,New York Jets,Miami Dolphins,New York Jets,105,Miami Dolphins,-125
719,2026-09-08 10:19:43 EDT,69a1dbe9de3d3212c3a7a55be5d204ab,2026-11-29,16:25,Washington Commanders,Arizona Cardinals,Arizona Cardinals,180,Washington Commanders,-218
720,2026-09-08 10:19:43 EDT,d68dced0b26726890b9c79bd19a5ffe5,2026-11-29,16:25,Seattle Seahawks,San Francisco 49ers,Seattle Seahawks,-110,San Francisco 49ers,-110
721,2026-09-08 10:19:43 EDT,c64ceba13ede564e8658693e3171e7f9,2026-11-29,20:20,New England Patriots,Los Angeles Chargers,New England Patriots,105,Los Angeles Chargers,-125
722,2026-09-08 10:19:43 EDT,2cdaecba7c0bff9b58a48a82e6ee17a7,2026-11-30,20:15,Carolina Panthers,Tampa Bay Buccaneers,Carolina Panthers,160,Tampa Bay Buccaneers,-192
723,2026-09-08 10:19:43 EDT,06e52a676b516186989e3b181a37c8a7,2026-12-3,20:15,Kansas City Chiefs,Los Angeles Rams,Kansas City Chiefs,170,Los Angeles Rams,-205
724,2026-09-08 10:19:43 EDT,c94419ba8fb818fc36a5b21b526aab75,2026-12-6,13:0,Detroit Lions,Atlanta Falcons,Atlanta Falcons,154,Detroit Lions,-185
725,2026-09-08 10:19:43 EDT,0236f9aa68d65ea03bd1ca025b749c20,2026-12-6,13:0,Jacksonville Jaguars,Chicago Bears,Jacksonville Jaguars,130,Chicago Bears,-155
726,2026-09-08 10:19:43 EDT,b447fab53534af892f98a74eae26c1c6,2026-12-6,13:0,Cincinnati Bengals,Cleveland Browns,Cleveland Browns,180,Cincinnati Bengals,-218
727,2026-09-08 10:19:43 EDT,9a55467e1cd6310ae2af20d8154612e1,2026-12-6,13:0,Miami Dolphins,Denver Broncos,Miami Dolphins,350,Denver Broncos,-455
728,2026-09-08 10:19:43 EDT,1ccb61b811b7aae4270df22a67e6459f,2026-12-6,13:0,Green Bay Packers,New Orleans Saints,New Orleans Saints,185,Green Bay Packers,-225
729,2026-09-08 10:19:43 EDT,f8a92363386bd337975650879086cca6,2026-12-6,13:0,Los Angeles Chargers,Tampa Bay Buccaneers,Tampa Bay Buccaneers,120,Los Angeles Chargers,-142
730,2026-09-08 10:19:43 EDT,a5495c3360b3bb13da76ba23a675c9ef,2026-12-6,13:0,San Francisco 49ers,New York Giants,New York Giants,140,San Francisco 49ers,-166
731,2026-09-08 10:19:43 EDT,ae3429e95ee704c7fd001cade20072d0,2026-12-6,13:0,Washington Commanders,Tennessee Titans,Tennessee Titans,105,Washington Commanders,-125
732,2026-09-08 10:19:43 EDT,f4897f48a5351881280f7598bd826408,2026-12-6,16:5,Philadelphia Eagles,Arizona Cardinals,Arizona Cardinals,310,Philadelphia Eagles,-395
733,2026-09-08 10:19:43 EDT,4116dbff75ab7957b69c2152f204b74d,2026-12-6,16:25,Buffalo Bills,New England Patriots,Buffalo Bills,102,New England Patriots,-122
734,2026-09-08 10:19:43 EDT,c186c605febd6370b292469c9151cfb3,2026-12-6,16:25,Carolina Panthers,Minnesota Vikings,Carolina Panthers,160,Minnesota Vikings,-192
735,2026-09-08 10:19:43 EDT,26bf8e165d2d273ed0772a355f07ab16,2026-12-6,20:20,Houston Texans,Pittsburgh Steelers,Pittsburgh Steelers,102,Houston Texans,-122
736,2026-09-08 10:19:43 EDT,0db4646c964ecdff19957373fe707546,2026-12-7,20:15,Dallas Cowboys,Seattle Seahawks,Dallas Cowboys,185,Seattle Seahawks,-225
737,2026-09-08 10:19:43 EDT,01548e41e7ba5318bb25c9bc2a32f73d,2026-12-10,20:15,Minnesota Vikings,New England Patriots,Minnesota Vikings,180,New England Patriots,-218
738,2026-09-08 10:19:43 EDT,f7fba6b1804e02292ee0ce4738484258,2026-12-13,13:0,Atlanta Falcons,Cleveland Browns,Atlanta Falcons,105,Cleveland Browns,-125
739,2026-09-08 10:19:43 EDT,bec99e2f2b4c80e345731d69ee38d831,2026-12-13,13:0,Tampa Bay Buccaneers,Baltimore Ravens,Tampa Bay Buccaneers,210,Baltimore Ravens,-258
740,2026-09-08 10:19:43 EDT,dcc7b377d3b3ec990304612bbef47d3d,2026-12-13,13:0,New Orleans Saints,Carolina Panthers,New Orleans Saints,114,Carolina Panthers,-135
741,2026-09-08 10:19:43 EDT,2c6added7199a59f1e9dae8492c29da4,2026-12-13,13:0,Chicago Bears,Miami Dolphins,Miami Dolphins,200,Chicago Bears,-245
742,2026-09-08 10:19:43 EDT,5185ace33aebc87d39074147940f2fa5,2026-12-13,13:0,Denver Broncos,New York Jets,New York Jets,190,Denver Broncos,-230
743,2026-09-08 10:19:43 EDT,a31f461ccd92e1072f23ccfae281ae9a,2026-12-13,13:0,Tennessee Titans,Detroit Lions,Tennessee Titans,285,Detroit Lions,-360
744,2026-09-08 10:19:43 EDT,5dc9cb8fba610d682dc670ae4e7d59f3,2026-12-13,13:0,Houston Texans,Washington Commanders,Washington Commanders,102,Houston Texans,-122
745,2026-09-08 10:19:43 EDT,45203f985f8d1567ad19b0617dd267f8,2026-12-13,13:0,Indianapolis Colts,Philadelphia Eagles,Indianapolis Colts,200,Philadelphia Eagles,-245
746,2026-09-08 10:19:43 EDT,484c491dc1dee090d740ba077b7d9709,2026-12-13,16:5,Los Angeles Chargers,Las Vegas Raiders,Las Vegas Raiders,190,Los Angeles Chargers,-230
747,2026-09-08 10:19:43 EDT,180b5fa7ea6bd0d2d9ddb9ba5ee38cc0,2026-12-13,16:25,Kansas City Chiefs,Cincinnati Bengals,Kansas City Chiefs,105,Cincinnati Bengals,-125
748,2026-09-08 10:19:43 EDT,6174916c7e2df8d1b80a88cfbd259d44,2026-12-13,16:25,Los Angeles Rams,San Francisco 49ers,San Francisco 49ers,110,Los Angeles Rams,-130
749,2026-09-08 10:19:43 EDT,f5ab9d8455daf9e2a6c4c443fe0cd19f,2026-12-13,16:25,New York Giants,Seattle Seahawks,New York Giants,295,Seattle Seahawks,-375
750,2026-09-08 10:19:43 EDT,c4877c048defcb80e0ab37c0688f37f6,2026-12-13,20:20,Buffalo Bills,Green Bay Packers,Buffalo Bills,105,Green Bay Packers,-125
751,2026-09-08 10:19:43 EDT,690e2ee2ed5f0875f7cbaecdc51373f5,2026-12-14,20:15,Pittsburgh Steelers,Jacksonville Jaguars,Pittsburgh Steelers,136,Jacksonville Jaguars,-162
752,2026-09-08 10:19:43 EDT,790af233087803c297861901ffa271d7,2026-12-17,20:15,San Francisco 49ers,Los Angeles Chargers,San Francisco 49ers,120,Los Angeles Chargers,-142
753,2026-09-08 10:19:43 EDT,171aba127aaad3dcbe32a02fc194eb32,2026-12-19,17:0,Seattle Seahawks,Philadelphia Eagles,Seattle Seahawks,105,Philadelphia Eagles,-125
754,2026-09-08 10:19:43 EDT,784568b1df055bf7eb8780c110d5e910,2026-12-19,20:20,Chicago Bears,Buffalo Bills,Chicago Bears,154,Buffalo Bills,-185
755,2026-09-08 10:19:43 EDT,5931eee49f5f2656a5344e1388a68816,2026-12-20,13:0,Atlanta Falcons,Washington Commanders,Atlanta Falcons,154,Washington Commanders,-185
756,2026-09-08 10:19:43 EDT,2f4b1899c1c278947920e0254b682d90,2026-12-20,13:0,Baltimore Ravens,Pittsburgh Steelers,Pittsburgh Steelers,124,Baltimore Ravens,-148
757,2026-09-08 10:19:43 EDT,000fc688beb4fc004ecdad115d9adb1c,2026-12-20,13:0,Cincinnati Bengals,Carolina Panthers,Carolina Panthers,124,Cincinnati Bengals,-148
758,2026-09-08 10:19:43 EDT,1cb23c83ae4af84cffcdae6b31d06e83,2026-12-20,13:0,Cleveland Browns,New York Giants,Cleveland Browns,180,New York Giants,-218
759,2026-09-08 10:19:43 EDT,99719df35bc2efdcc72096f865ed8841,2026-12-20,13:0,Miami Dolphins,Green Bay Packers,Miami Dolphins,470,Green Bay Packers,-650
760,2026-09-08 10:19:43 EDT,29211b6e78461220a2833184233f70e5,2026-12-20,13:0,Jacksonville Jaguars,Houston Texans,Jacksonville Jaguars,136,Houston Texans,-162
761,2026-09-08 10:19:43 EDT,3b696c07ff6a1ef461d023a73db17584,2026-12-20,13:0,Indianapolis Colts,Tennessee Titans,Tennessee Titans,105,Indianapolis Colts,-125
762,2026-09-08 10:19:43 EDT,e15a91cebf3480ff0b93b4fbacb09797,2026-12-20,13:0,New Orleans Saints,Tampa Bay Buccaneers,New Orleans Saints,164,Tampa Bay Buccaneers,-198
763,2026-09-08 10:19:43 EDT,d8cd12e7684fa2aa39f5b188ef6e62e0,2026-12-20,16:5,New York Jets,Arizona Cardinals,New York Jets,-110,Arizona Cardinals,-110
764,2026-09-08 10:19:43 EDT,77396e9d565860fbfd05779028223a8a,2026-12-20,16:25,Dallas Cowboys,Los Angeles Rams,Dallas Cowboys,200,Los Angeles Rams,-245
765,2026-09-08 10:19:43 EDT,9f507007b9c0a7082c1471a5fa841336,2026-12-20,16:25,Denver Broncos,Las Vegas Raiders,Las Vegas Raiders,170,Denver Broncos,-205
766,2026-09-08 10:19:43 EDT,b34897a0368d570291d44e176c0c2331,2026-12-20,20:20,Detroit Lions,Minnesota Vikings,Minnesota Vikings,105,Detroit Lions,-125
767,2026-09-08 10:19:43 EDT,b2759105c27a25289ea1938f290c50fd,2026-12-21,20:15,New England Patriots,Kansas City Chiefs,New England Patriots,120,Kansas City Chiefs,-142
768,2026-09-08 10:19:43 EDT,3f226ec5402c6ec4d84a59be80c2fa67,2026-12-24,20:15,Houston Texans,Philadelphia Eagles,Houston Texans,114,Philadelphia Eagles,-135
769,2026-09-08 10:19:43 EDT,2828c07018dfafbe96aba205809cc7ac,2026-12-25,13:0,Green Bay Packers,Chicago Bears,Green Bay Packers,-102,Chicago Bears,-118
770,2026-09-08 10:19:43 EDT,126f27c71e8130ef87de0d137e833d9b,2026-12-25,16:30,Buffalo Bills,Denver Broncos,Denver Broncos,110,Buffalo Bills,-130
771,2026-09-08 10:19:43 EDT,f1af9705dbd2bbe4f1555f080ad06ba2,2026-12-25,20:15,Los Angeles Rams,Seattle Seahawks,Los Angeles Rams,110,Seattle Seahawks,-130
772,2026-09-08 10:19:43 EDT,8fd00347b6d77ce384d83cba814430d7,2026-12-27,13:0,Arizona Cardinals,New Orleans Saints,Arizona Cardinals,205,New Orleans Saints,-250
773,2026-09-08 10:19:43 EDT,bd13d00f06ad222b0a1b6ea4d0add763,2026-12-27,13:0,Tampa Bay Buccaneers,Atlanta Falcons,Atlanta Falcons,105,Tampa Bay Buccaneers,-125
774,2026-09-08 10:19:43 EDT,0f23afce92c2f0af28973c0a7533763e,2026-12-27,13:0,Cleveland Browns,Baltimore Ravens,Cleveland Browns,330,Baltimore Ravens,-425
775,2026-09-08 10:19:43 EDT,74cb0e112d069cdbda1671ae85531f43,2026-12-27,13:0,Carolina Panthers,Pittsburgh Steelers,Carolina Panthers,160,Pittsburgh Steelers,-192
776,2026-09-08 10:19:43 EDT,ca8982dccb6c3ae01525800317287f02,2026-12-27,13:0,Cincinnati Bengals,Indianapolis Colts,Indianapolis Colts,105,Cincinnati Bengals,-125
777,2026-09-08 10:19:43 EDT,29425f5c68826d615277cf9be2b82e00,2026-12-27,13:0,Tennessee Titans,Las Vegas Raiders,Tennessee Titans,105,Las Vegas Raiders,-125
778,2026-09-08 10:19:43 EDT,fe2eb511d4c2da3a8e88b85b4f4e9f7e,2026-12-27,13:0,Los Angeles Chargers,Miami Dolphins,Miami Dolphins,285,Los Angeles Chargers,-360
779,2026-09-08 10:19:43 EDT,cf5cefa5556bcd0156bd394171ef6c8e,2026-12-27,13:0,Washington Commanders,Minnesota Vikings,Washington Commanders,114,Minnesota Vikings,-135
780,2026-09-08 10:19:43 EDT,669a7b568c2a64f9a136dadb0eda1da8,2026-12-27,13:0,New England Patriots,New York Jets,New York Jets,220,New England Patriots,-270
781,2026-09-08 10:19:43 EDT,fc7cce3ae7c73cc7151357829e11b6d5,2026-12-27,16:25,San Francisco 49ers,Kansas City Chiefs,San Francisco 49ers,136,Kansas City Chiefs,-162
782,2026-09-08 10:19:43 EDT,b1c4ec04c3398a9efa25492000858384,2026-12-27,20:20,Jacksonville Jaguars,Dallas Cowboys,Jacksonville Jaguars,136,Dallas Cowboys,-162
783,2026-09-08 10:19:43 EDT,ca92c191ebf7361ea56f9bbc09a5f51b,2026-12-28,20:15,New York Giants,Detroit Lions,New York Giants,170,Detroit Lions,-205
784,2026-09-08 10:19:43 EDT,be268ce293cf4fad1c0c867a3ca4c257,2026-12-31,20:15,Baltimore Ravens,Cincinnati Bengals,Baltimore Ravens,114,Cincinnati Bengals,-135
785,2026-09-08 10:19:43 EDT,e5dd9cc3fd5452d55c250949e946743d,2027-1-3,13:0,New Orleans Saints,Atlanta Falcons,New Orleans Saints,102,Atlanta Falcons,-122
786,2026-09-08 10:19:43 EDT,d9a186d988a3ede2a33e504f4890fe52,2027-1-3,13:0,Buffalo Bills,Miami Dolphins,Miami Dolphins,300,Buffalo Bills,-380
787,2026-09-08 10:19:43 EDT,b009f04b4f61b264a5163157c3439dc1,2027-1-3,13:0,Seattle Seahawks,Carolina Panthers,Carolina Panthers,200,Seattle Seahawks,-245
788,2026-09-08 10:19:43 EDT,f2e03f9b857485bb13211ee0f5eb5935,2027-1-3,13:0,Indianapolis Colts,Cleveland Browns,Cleveland Browns,114,Indianapolis Colts,-135
789,2026-09-08 10:19:43 EDT,c8945d476449633912cf51a346ac98ca,2027-1-3,13:0,New York Giants,Dallas Cowboys,New York Giants,180,Dallas Cowboys,-218
790,2026-09-08 10:19:43 EDT,f62dba1e231083f489c391271a1f171c,2027-1-3,13:0,Denver Broncos,New England Patriots,Denver Broncos,114,New England Patriots,-135
791,2026-09-08 10:19:43 EDT,c96a3e9e40569b4ed5a546dff131c61d,2027-1-3,13:0,Washington Commanders,Jacksonville Jaguars,Washington Commanders,154,Jacksonville Jaguars,-185
792,2026-09-08 10:19:43 EDT,419106b9bcc9f7ef39cfc2d1ee9a3f87,2027-1-3,13:0,Los Angeles Rams,Tampa Bay Buccaneers,Tampa Bay Buccaneers,180,Los Angeles Rams,-218
793,2026-09-08 10:19:43 EDT,bfe51fa0034c9d22a69ffd80e2d717f5,2027-1-3,13:0,Minnesota Vikings,New York Jets,New York Jets,154,Minnesota Vikings,-185
794,2026-09-08 10:19:43 EDT,d0ffa5ed13cbd7610f9176041464404a,2027-1-3,13:0,Pittsburgh Steelers,Tennessee Titans,Tennessee Titans,105,Pittsburgh Steelers,-125
795,2026-09-08 10:19:43 EDT,08abdb683fcb6d77f66baed136f47283,2027-1-3,16:5,Las Vegas Raiders,Arizona Cardinals,Arizona Cardinals,110,Las Vegas Raiders,-130
796,2026-09-08 10:19:43 EDT,12089441cea51add4694cdde98b4a5b7,2027-1-3,16:25,Detroit Lions,Chicago Bears,Detroit Lions,102,Chicago Bears,-122
797,2026-09-08 10:19:43 EDT,67d842cb73300ef923959105698b63bb,2027-1-3,16:25,Kansas City Chiefs,Los Angeles Chargers,Kansas City Chiefs,105,Los Angeles Chargers,-125
798,2026-09-08 10:19:43 EDT,e7820b1226edbb1ef1fddce6b20f963d,2027-1-3,20:20,Philadelphia Eagles,San Francisco 49ers,Philadelphia Eagles,105,San Francisco 49ers,-125
799,2026-09-08 10:19:43 EDT,37bc346543da471e067b695b862ccfe9,2027-1-4,20:15,Houston Texans,Green Bay Packers,Houston Texans,114,Green Bay Packers,-135
800,2026-09-08 10:19:43 EDT,7f809a45bc8baedf0cb0259e7da7cd29,2027-1-10,13:0,Atlanta Falcons,Carolina Panthers,Atlanta Falcons,114,Carolina Panthers,-135
801,2026-09-08 10:19:43 EDT,d7da5587a88a7fc35c36b453d3264d5a,2027-1-10,13:0,Pittsburgh Steelers,Baltimore Ravens,Pittsburgh Steelers,190,Baltimore Ravens,-230
802,2026-09-08 10:19:43 EDT,97cbd9ad26dff1af47192120defe112d,2027-1-10,13:0,New York Jets,Buffalo Bills,New York Jets,360,Buffalo Bills,-470
803,2026-09-08 10:19:43 EDT,d190fb7ea85c33b96a495041dad22142,2027-1-10,13:0,Chicago Bears,Minnesota Vikings,Chicago Bears,102,Minnesota Vikings,-122
804,2026-09-08 10:19:43 EDT,8c16104c8afc72b583531508b2aa1c33,2027-1-10,13:0,Cleveland Browns,Cincinnati Bengals,Cleveland Browns,285,Cincinnati Bengals,-360
805,2026-09-08 10:19:43 EDT,3f460f14b810d7bf642bdf7b658530c0,2027-1-10,13:0,Dallas Cowboys,Washington Commanders,Washington Commanders,102,Dallas Cowboys,-122
806,2026-09-08 10:19:43 EDT,71d0d10e384393c1e071c39dd3931c19,2027-1-10,13:0,Los Angeles Chargers,Denver Broncos,Los Angeles Chargers,102,Denver Broncos,-122
807,2026-09-08 10:19:43 EDT,8f81778bbdb984be44e24a3d55a49b4d,2027-1-10,13:0,Detroit Lions,Green Bay Packers,Detroit Lions,114,Green Bay Packers,-135
808,2026-09-08 10:19:43 EDT,9bb63096709ba607443c454d2a813b14,2027-1-10,13:0,Tennessee Titans,Houston Texans,Tennessee Titans,240,Houston Texans,-298
809,2026-09-08 10:19:43 EDT,bea47af467e217653bba8d69888e4d95,2027-1-10,13:0,Jacksonville Jaguars,Indianapolis Colts,Jacksonville Jaguars,105,Indianapolis Colts,-125
810,2026-09-08 10:19:43 EDT,bb66a6f02c535c0cd8b9c689a5513687,2027-1-10,13:0,Las Vegas Raiders,Kansas City Chiefs,Las Vegas Raiders,310,Kansas City Chiefs,-395
811,2026-09-08 10:19:43 EDT,f370f9410ef82b37bd15d1719434370b,2027-1-10,13:0,Miami Dolphins,New England Patriots,Miami Dolphins,425,New England Patriots,-575
812,2026-09-08 10:19:43 EDT,7b8ce34c0e173e4ff6ccf8e8caa09113,2027-1-10,13:0,Tampa Bay Buccaneers,New Orleans Saints,New Orleans Saints,102,Tampa Bay Buccaneers,-122
813,2026-09-08 10:19:43 EDT,01baed6f9d6482c5d89d37379c7c63c7,2027-1-10,13:0,Philadelphia Eagles,New York Giants,New York Giants,130,Philadelphia Eagles,-155
814,2026-09-08 10:19:43 EDT,f1480276ab67dcf60686556ba9336695,2027-1-10,16:5,San Francisco 49ers,Arizona Cardinals,Arizona Cardinals,320,San Francisco 49ers,-410
815,2026-09-08 10:19:43 EDT,dc2d9177b48e6f3962dabb1407aba7d3,2027-1-10,16:5,Seattle Seahawks,Los Angeles Rams,Seattle Seahawks,130,Los Angeles Rams,-155
816,2026-09-08 13:26:00 EDT,8c94552d022acec4a0458d70c19d3da9,2026-9-9,20:20,New England Patriots,Seattle Seahawks,New England Patriots,142,Seattle Seahawks,-170
817,2026-09-08 13:26:00 EDT,acc580d74344ea3b31bbcdd057fe6a9c,2026-9-10,20:35,San Francisco 49ers,Los Angeles Rams,San Francisco 49ers,164,Los Angeles Rams,-198
818,2026-09-08 13:26:00 EDT,95c01d1bb797d6df14824b106c5a9130,2026-9-13,13:0,Atlanta Falcons,Pittsburgh Steelers,Atlanta Falcons,154,Pittsburgh Steelers,-185
819,2026-09-08 13:26:00 EDT,b6cfdcbafa61ce220ba87dc2d9b80c77,2026-9-13,13:0,Baltimore Ravens,Indianapolis Colts,Indianapolis Colts,145,Baltimore Ravens,-175
820,2026-09-08 13:26:00 EDT,7e09efed7e12c659b82740b67ce2f9a1,2026-9-13,13:0,Buffalo Bills,Houston Texans,Houston Texans,-105,Buffalo Bills,-115
821,2026-09-08 13:26:00 EDT,fc362aff0d889ec52d358307a70c32ed,2026-9-13,13:0,Chicago Bears,Carolina Panthers,Carolina Panthers,130,Chicago Bears,-155
822,2026-09-08 13:26:00 EDT,ed6d24ff979f9c71979fead577b0b3f7,2026-9-13,13:0,Tampa Bay Buccaneers,Cincinnati Bengals,Tampa Bay Buccaneers,164,Cincinnati Bengals,-198
823,2026-09-08 13:26:00 EDT,e55c6fe19fce094ce214c8b0e5b504e9,2026-9-13,13:0,Cleveland Browns,Jacksonville Jaguars,Cleveland Browns,350,Jacksonville Jaguars,-455
824,2026-09-08 13:26:00 EDT,c1d3fcec25aaeb06ebd2244d33d338e0,2026-9-13,13:0,New Orleans Saints,Detroit Lions,New Orleans Saints,245,Detroit Lions,-305
825,2026-09-08 13:26:00 EDT,7dddb296a42e7a41a774b24bd1709ce1,2026-9-13,13:0,New York Jets,Tennessee Titans,New York Jets,105,Tennessee Titans,-125
826,2026-09-08 13:26:00 EDT,1edfa5ceaa1ad2cb57df1c1b908731f6,2026-9-13,16:25,Arizona Cardinals,Los Angeles Chargers,Arizona Cardinals,370,Los Angeles Chargers,-485
827,2026-09-08 13:26:00 EDT,cb77efed7e711d25a72c1a2a0a1af119,2026-9-13,16:25,Green Bay Packers,Minnesota Vikings,Green Bay Packers,102,Minnesota Vikings,-122
828,2026-09-08 13:26:00 EDT,c5d95f48a16849ab6bebc68fbbfcb74a,2026-9-13,16:25,Miami Dolphins,Las Vegas Raiders,Miami Dolphins,154,Las Vegas Raiders,-185
829,2026-09-08 13:26:00 EDT,17885cb8dcade8f6c3bce14b2de805e8,2026-9-13,16:25,Washington Commanders,Philadelphia Eagles,Washington Commanders,180,Philadelphia Eagles,-218
830,2026-09-08 13:26:00 EDT,3e646c7479c57f5d9752d8c7dfe7059b,2026-9-13,20:20,Dallas Cowboys,New York Giants,New York Giants,136,Dallas Cowboys,-162
831,2026-09-08 13:26:00 EDT,5ad8135dc2b5f27de0b777acd317855a,2026-9-14,20:15,Denver Broncos,Kansas City Chiefs,Denver Broncos,124,Kansas City Chiefs,-148
832,2026-09-08 13:26:00 EDT,56e8897681915f7ec92baeee952bb1ae,2026-9-17,20:15,Detroit Lions,Buffalo Bills,Detroit Lions,136,Buffalo Bills,-162
833,2026-09-08 13:26:00 EDT,aee7eae1849ebb103b9bf233e9741392,2026-9-20,13:0,Carolina Panthers,Atlanta Falcons,Carolina Panthers,105,Atlanta Falcons,-125
834,2026-09-08 13:26:00 EDT,2143ade9684fd876b68a4e8cbf451f05,2026-9-20,13:0,New Orleans Saints,Baltimore Ravens,New Orleans Saints,280,Baltimore Ravens,-355
835,2026-09-08 13:26:00 EDT,0283a29e1b38ef78b29b904fd56a16dd,2026-9-20,13:0,Minnesota Vikings,Chicago Bears,Minnesota Vikings,160,Chicago Bears,-192
836,2026-09-08 13:26:00 EDT,36ad2fa722f4915ef23d2c81351261de,2026-9-20,13:0,Cincinnati Bengals,Houston Texans,Cincinnati Bengals,114,Houston Texans,-135
837,2026-09-08 13:26:00 EDT,0636ebff776d43f8c829a36713c80b22,2026-9-20,13:0,Cleveland Browns,Tampa Bay Buccaneers,Cleveland Browns,225,Tampa Bay Buccaneers,-278
838,2026-09-08 13:26:00 EDT,4aeee070bb6ec60bdfae4dede61b9014,2026-9-20,13:0,Green Bay Packers,New York Jets,New York Jets,200,Green Bay Packers,-245
839,2026-09-08 13:26:00 EDT,9d14f87600f6edc74dbcb5c74edf6246,2026-9-20,13:0,Pittsburgh Steelers,New England Patriots,Pittsburgh Steelers,180,New England Patriots,-218
840,2026-09-08 13:26:00 EDT,fafc649c455e32a0f2ba1bd06e2039bc,2026-9-20,13:0,Philadelphia Eagles,Tennessee Titans,Tennessee Titans,180,Philadelphia Eagles,-218
841,2026-09-08 13:26:00 EDT,1fd6628c781f556a7a19638e97d7107f,2026-9-20,16:5,Jacksonville Jaguars,Denver Broncos,Jacksonville Jaguars,130,Denver Broncos,-155
842,2026-09-08 13:26:00 EDT,71b3b83747589efdc5baef2c5cf811bf,2026-9-20,16:5,Las Vegas Raiders,Los Angeles Chargers,Las Vegas Raiders,285,Los Angeles Chargers,-360
843,2026-09-08 13:26:00 EDT,4dd8020192a544385db42374e5555303,2026-9-20,16:25,Seattle Seahawks,Arizona Cardinals,Arizona Cardinals,410,Seattle Seahawks,-550
844,2026-09-08 13:26:00 EDT,85ef85098ddd22fe4ecf45e7e3c0a9c0,2026-9-20,16:25,Washington Commanders,Dallas Cowboys,Washington Commanders,170,Dallas Cowboys,-205
845,2026-09-08 13:26:00 EDT,68bc55903f50af4af4766adcc89fcc61,2026-9-20,16:25,Miami Dolphins,San Francisco 49ers,Miami Dolphins,490,San Francisco 49ers,-675
846,2026-09-08 13:26:00 EDT,50bc247030707d823b9c3581d7eb5760,2026-9-20,20:20,Indianapolis Colts,Kansas City Chiefs,Indianapolis Colts,260,Kansas City Chiefs,-325
847,2026-09-08 13:26:00 EDT,32367f882fac1a0c20a6335619922025,2026-9-21,20:15,New York Giants,Los Angeles Rams,New York Giants,300,Los Angeles Rams,-380
848,2026-09-08 13:26:00 EDT,e5fbd3b3953b896b1bf897ddadb3cc4b,2026-9-24,20:15,Atlanta Falcons,Green Bay Packers,Atlanta Falcons,295,Green Bay Packers,-375
849,2026-09-08 13:26:00 EDT,b225458a282e140c44c45651255f2f6c,2026-9-27,13:0,Los Angeles Chargers,Buffalo Bills,Los Angeles Chargers,136,Buffalo Bills,-162
850,2026-09-08 13:26:00 EDT,613b8cd3a5fab58f7be4e3fd6f76223e,2026-9-27,13:0,Carolina Panthers,Cleveland Browns,Cleveland Browns,102,Carolina Panthers,-122
851,2026-09-08 13:26:00 EDT,71123be049587b6facce3a20c53e5d09,2026-9-27,13:0,Cincinnati Bengals,Pittsburgh Steelers,Pittsburgh Steelers,105,Cincinnati Bengals,-125
852,2026-09-08 13:26:00 EDT,07f552badfa8a565d1be22123713e4da,2026-9-27,13:0,New York Jets,Detroit Lions,New York Jets,320,Detroit Lions,-410
853,2026-09-08 13:26:00 EDT,17a730b7d399feeab6a78c30767c29d2,2026-9-27,13:0,Houston Texans,Indianapolis Colts,Indianapolis Colts,102,Houston Texans,-122
854,2026-09-08 13:26:00 EDT,1f3cfd315a24d1a7dd5859a8e6b88e18,2026-9-27,13:0,New England Patriots,Jacksonville Jaguars,New England Patriots,-102,Jacksonville Jaguars,-118
855,2026-09-08 13:26:00 EDT,0339a0e41bcee12820eb3e64bb5fadb4,2026-9-27,13:0,Kansas City Chiefs,Miami Dolphins,Miami Dolphins,340,Kansas City Chiefs,-440
856,2026-09-08 13:26:00 EDT,555afd4a27aaa392662881cffa8f2eef,2026-9-27,13:0,Tennessee Titans,New York Giants,Tennessee Titans,140,New York Giants,-166
857,2026-09-08 13:26:00 EDT,2a529c108305ffa049d8b6cfdbaa4d36,2026-9-27,13:0,Seattle Seahawks,Washington Commanders,Washington Commanders,160,Seattle Seahawks,-192
858,2026-09-08 13:26:00 EDT,9d2b09e0f9b6dd5ce0d985894f4f98fa,2026-9-27,16:5,Arizona Cardinals,San Francisco 49ers,Arizona Cardinals,470,San Francisco 49ers,-650
859,2026-09-08 13:26:00 EDT,f1724dead3eab61546033032fc782375,2026-9-27,16:5,Minnesota Vikings,Tampa Bay Buccaneers,Minnesota Vikings,105,Tampa Bay Buccaneers,-125
860,2026-09-08 13:26:00 EDT,84cfca14efc21363fd605508404cf1ff,2026-9-27,16:25,Baltimore Ravens,Dallas Cowboys,Dallas Cowboys,114,Baltimore Ravens,-135
861,2026-09-08 13:26:00 EDT,2e523fcb0497aa689473e290eb2b97de,2026-9-27,16:25,Las Vegas Raiders,New Orleans Saints,Las Vegas Raiders,154,New Orleans Saints,-185
862,2026-09-08 13:26:00 EDT,3bfd8bfb4b8e9a365a0877879b73b16b,2026-9-27,20:20,Los Angeles Rams,Denver Broncos,Denver Broncos,130,Los Angeles Rams,-155
863,2026-09-08 13:26:00 EDT,47dc7baa254659f3beb2ed2b38c207b6,2026-9-28,20:15,Philadelphia Eagles,Chicago Bears,Philadelphia Eagles,-102,Chicago Bears,-118
864,2026-09-08 13:26:00 EDT,d55cb69fed50a09170560b5b75d8de86,2026-10-1,20:15,Pittsburgh Steelers,Cleveland Browns,Cleveland Browns,114,Pittsburgh Steelers,-135
865,2026-09-08 13:26:00 EDT,c9d8ed8aa4889486eaf10a630138ede0,2026-10-4,9:30,Indianapolis Colts,Washington Commanders,Indianapolis Colts,-102,Washington Commanders,-118
866,2026-09-08 13:26:00 EDT,664e6bda5721dc63be16bcf7d962a436,2026-10-4,13:0,Arizona Cardinals,New York Giants,Arizona Cardinals,260,New York Giants,-325
867,2026-09-08 13:26:00 EDT,f01589b0e7e6dd4f4ac1220a1db81f53,2026-10-4,13:0,Tennessee Titans,Baltimore Ravens,Tennessee Titans,310,Baltimore Ravens,-395
868,2026-09-08 13:26:00 EDT,573cc0ef39631a4f6673ec843a8bedd4,2026-10-4,13:0,New England Patriots,Buffalo Bills,New England Patriots,136,Buffalo Bills,-162
869,2026-09-08 13:26:00 EDT,164e6eb68f31bac190381903c3cccd31,2026-10-4,13:0,New York Jets,Chicago Bears,New York Jets,330,Chicago Bears,-425
870,2026-09-08 13:26:00 EDT,2ea94ddf20f66432b9024fe2e2eaba5f,2026-10-4,13:0,Jacksonville Jaguars,Cincinnati Bengals,Jacksonville Jaguars,114,Cincinnati Bengals,-135
871,2026-09-08 13:26:00 EDT,daf55e2df5341c007fee5a0fc5bbc2d4,2026-10-4,13:0,Dallas Cowboys,Houston Texans,Dallas Cowboys,114,Houston Texans,-135
872,2026-09-08 13:26:00 EDT,99a9bae4dc0dc2590496bd3102b211f2,2026-10-4,13:0,Green Bay Packers,Tampa Bay Buccaneers,Tampa Bay Buccaneers,105,Green Bay Packers,-125
873,2026-09-08 13:26:00 EDT,1b4f2e60ce83fa1d63a5dff83769d27c,2026-10-4,13:0,Los Angeles Rams,Philadelphia Eagles,Philadelphia Eagles,105,Los Angeles Rams,-125
874,2026-09-08 13:26:00 EDT,c327223d76a3b7b0db8c6c104442f44b,2026-10-4,16:5,Miami Dolphins,Minnesota Vikings,Miami Dolphins,320,Minnesota Vikings,-410
875,2026-09-08 13:26:00 EDT,a7e7efb75a9792ac63480ae6328dca18,2026-10-4,16:25,Denver Broncos,San Francisco 49ers,Denver Broncos,114,San Francisco 49ers,-135
876,2026-09-08 13:26:00 EDT,e0cbd266dcf997089203a1b33ba0333d,2026-10-4,16:25,Kansas City Chiefs,Las Vegas Raiders,Las Vegas Raiders,205,Kansas City Chiefs,-250
877,2026-09-08 13:26:00 EDT,96d2373cda647873b971f268482bced0,2026-10-4,16:25,Los Angeles Chargers,Seattle Seahawks,Los Angeles Chargers,145,Seattle Seahawks,-175
878,2026-09-08 13:26:00 EDT,a73a76599a4f3422803e57bd8f61b626,2026-10-4,20:20,Detroit Lions,Carolina Panthers,Carolina Panthers,136,Detroit Lions,-162
879,2026-09-08 13:26:00 EDT,8bd90781e17e6d97df3941063cedae1e,2026-10-5,20:15,Atlanta Falcons,New Orleans Saints,Atlanta Falcons,114,New Orleans Saints,-135
880,2026-09-08 13:26:00 EDT,259b5df9aa0d10257f56de78523495e0,2026-10-8,20:15,Tampa Bay Buccaneers,Dallas Cowboys,Tampa Bay Buccaneers,170,Dallas Cowboys,-205
881,2026-09-08 13:26:00 EDT,21b26266f3d78af02eb672e606275d95,2026-10-11,9:30,Philadelphia Eagles,Jacksonville Jaguars,Jacksonville Jaguars,105,Philadelphia Eagles,-125
882,2026-09-08 13:26:00 EDT,c4647ca1201e6768501877267ca8251b,2026-10-11,13:0,Cincinnati Bengals,Miami Dolphins,Miami Dolphins,220,Cincinnati Bengals,-270
883,2026-09-08 13:26:00 EDT,9db4ed15fe34fca1fb62f040cd244591,2026-10-11,13:0,Cleveland Browns,New York Jets,Cleveland Browns,110,New York Jets,-130
884,2026-09-08 13:26:00 EDT,cc52bba56e74f5cddbe9011046181c3d,2026-10-11,13:0,Houston Texans,Tennessee Titans,Tennessee Titans,160,Houston Texans,-192
885,2026-09-08 13:26:00 EDT,448d7cf18c6db4c811ed82ded1b72867,2026-10-11,13:0,Indianapolis Colts,Pittsburgh Steelers,Indianapolis Colts,120,Pittsburgh Steelers,-142
886,2026-09-08 13:26:00 EDT,6b024bad1abb54f597225e4ab9b39d89,2026-10-11,13:0,Las Vegas Raiders,New England Patriots,Las Vegas Raiders,310,New England Patriots,-395
887,2026-09-08 13:26:00 EDT,2cda9bf0fbe35a2735f0dd8aaafe9eff,2026-10-11,13:0,Minnesota Vikings,New Orleans Saints,New Orleans Saints,105,Minnesota Vikings,-125
888,2026-09-08 13:26:00 EDT,fbffd0b7722fd81d68d5d62472dc80e8,2026-10-11,13:0,New York Giants,Washington Commanders,New York Giants,110,Washington Commanders,-130
889,2026-09-08 13:26:00 EDT,d1d408fdfd272046fb517fe992a1c5a0,2026-10-11,16:5,Denver Broncos,Los Angeles Chargers,Denver Broncos,114,Los Angeles Chargers,-135
890,2026-09-08 13:26:00 EDT,f8e7f43f73aa983c5c99c189587f0118,2026-10-11,16:25,Detroit Lions,Arizona Cardinals,Arizona Cardinals,310,Detroit Lions,-395
891,2026-09-08 13:26:00 EDT,2caea57b1e5cfbba1334cfbfd46f6771,2026-10-11,16:25,Chicago Bears,Green Bay Packers,Chicago Bears,140,Green Bay Packers,-166
892,2026-09-08 13:26:00 EDT,8e5d515b10d8a5ffb324640ed60bcc55,2026-10-11,16:25,San Francisco 49ers,Seattle Seahawks,San Francisco 49ers,170,Seattle Seahawks,-205
893,2026-09-08 13:26:00 EDT,86457f91112732f21ad4bb7d37bd291c,2026-10-11,20:20,Baltimore Ravens,Atlanta Falcons,Atlanta Falcons,170,Baltimore Ravens,-205
894,2026-09-08 13:26:00 EDT,e6d00eedd87d367e510314bd8cab8f6f,2026-10-12,20:15,Buffalo Bills,Los Angeles Rams,Buffalo Bills,140,Los Angeles Rams,-166
895,2026-09-08 13:26:00 EDT,855f58fad5f0f14b239f4f63df27998b,2026-10-15,20:15,Seattle Seahawks,Denver Broncos,Denver Broncos,110,Seattle Seahawks,-130
896,2026-09-08 13:26:00 EDT,57418b2cf5aca558b3c98eafac1e264a,2026-10-18,9:30,Houston Texans,Jacksonville Jaguars,Houston Texans,-108,Jacksonville Jaguars,-112
897,2026-09-08 13:26:00 EDT,7c312fdf24fb35f58b0e07c2932cc997,2026-10-18,13:0,Chicago Bears,Atlanta Falcons,Atlanta Falcons,130,Chicago Bears,-155
898,2026-09-08 13:26:00 EDT,e86227938fd3cf008fc5648fb5128344,2026-10-18,13:0,Baltimore Ravens,Cleveland Browns,Cleveland Browns,205,Baltimore Ravens,-250
899,2026-09-08 13:26:00 EDT,caca2d752fe1a1779029082e95332fcc,2026-10-18,13:0,Carolina Panthers,Philadelphia Eagles,Carolina Panthers,230,Philadelphia Eagles,-285
900,2026-09-08 13:26:00 EDT,84aa9e190e625d7e9cd67e1f157a45b4,2026-10-18,13:0,Tennessee Titans,Indianapolis Colts,Tennessee Titans,164,Indianapolis Colts,-198
901,2026-09-08 13:26:00 EDT,0b0b582b32b09ab6ff6664ffae0c9653,2026-10-18,13:0,New York Jets,New England Patriots,New York Jets,340,New England Patriots,-440
902,2026-09-08 13:26:00 EDT,1cf74afd313e9fd300e1462012b174cb,2026-10-18,13:0,New Orleans Saints,New York Giants,New Orleans Saints,120,New York Giants,-142
903,2026-09-08 13:26:00 EDT,27f3994841ce8081c0b7349cf3d1e3d7,2026-10-18,13:0,Pittsburgh Steelers,Tampa Bay Buccaneers,Pittsburgh Steelers,105,Tampa Bay Buccaneers,-125
904,2026-09-08 13:26:00 EDT,3729ac6d2a66b642850caf2044cdc658,2026-10-18,16:5,Arizona Cardinals,Los Angeles Rams,Arizona Cardinals,525,Los Angeles Rams,-750
905,2026-09-08 13:26:00 EDT,45b2690b350ed45145c7a716b18e8e66,2026-10-18,16:25,Buffalo Bills,Las Vegas Raiders,Las Vegas Raiders,215,Buffalo Bills,-265
906,2026-09-08 13:26:00 EDT,20fefae8c296247460ba5773caa42218,2026-10-18,16:25,Los Angeles Chargers,Kansas City Chiefs,Los Angeles Chargers,120,Kansas City Chiefs,-142
907,2026-09-08 13:26:00 EDT,82fd5a159fa130e67abab93a9537f70b,2026-10-18,20:20,Dallas Cowboys,Green Bay Packers,Dallas Cowboys,140,Green Bay Packers,-166
908,2026-09-08 13:26:00 EDT,f122527f003276d3bca19efa48c902c1,2026-10-19,20:15,Washington Commanders,San Francisco 49ers,Washington Commanders,200,San Francisco 49ers,-245
909,2026-09-08 13:26:00 EDT,ffebea881c1d7b2dfb85b3e590c35985,2026-10-22,20:15,New England Patriots,Chicago Bears,New England Patriots,105,Chicago Bears,-125
910,2026-09-08 13:26:00 EDT,2e710ea5a306b614f0f966e3d78732f8,2026-10-25,9:30,Pittsburgh Steelers,New Orleans Saints,New Orleans Saints,120,Pittsburgh Steelers,-142
911,2026-09-08 13:26:00 EDT,b1be064fb52a198a62109c279e7ab24c,2026-10-25,13:0,San Francisco 49ers,Atlanta Falcons,Atlanta Falcons,185,San Francisco 49ers,-225
912,2026-09-08 13:26:00 EDT,550ec5290f935d311995affbcb0b5c79,2026-10-25,13:0,Cincinnati Bengals,Baltimore Ravens,Cincinnati Bengals,154,Baltimore Ravens,-185
913,2026-09-08 13:26:00 EDT,2823e986597c449ab94126cd5ed3fae9,2026-10-25,13:0,Tampa Bay Buccaneers,Carolina Panthers,Carolina Panthers,105,Tampa Bay Buccaneers,-125
914,2026-09-08 13:26:00 EDT,5dce18baccec5d3ad5fb3a3ce52f7619,2026-10-25,13:0,Cleveland Browns,Tennessee Titans,Cleveland Browns,114,Tennessee Titans,-135
915,2026-09-08 13:26:00 EDT,2bba7fde6f97d0e54403d53676e4ab63,2026-10-25,13:0,New York Giants,Houston Texans,New York Giants,195,Houston Texans,-238
916,2026-09-08 13:26:00 EDT,f3992ad4496724baf7dcd1ef58245d6b,2026-10-25,13:0,Indianapolis Colts,Minnesota Vikings,Indianapolis Colts,120,Minnesota Vikings,-142
917,2026-09-08 13:26:00 EDT,be5dd120ca08b43d647b6caa8953500a,2026-10-25,13:0,Miami Dolphins,New York Jets,Miami Dolphins,120,New York Jets,-142
918,2026-09-08 13:26:00 EDT,436119bb3ccdaa6ed7808aa3ebd82b76,2026-10-25,16:5,Denver Broncos,Arizona Cardinals,Arizona Cardinals,285,Denver Broncos,-360
919,2026-09-08 13:26:00 EDT,e8e5715eefb6a9ce64765e9ddf49c0cc,2026-10-25,16:25,Green Bay Packers,Detroit Lions,Green Bay Packers,114,Detroit Lions,-135
920,2026-09-08 13:26:00 EDT,f7679cf18454e4d88a8f2b990c3f08ac,2026-10-25,16:25,Los Angeles Rams,Las Vegas Raiders,Las Vegas Raiders,275,Los Angeles Rams,-345
921,2026-09-08 13:26:00 EDT,176d474ed8b2bbf1eb4d7e9c56b4bf22,2026-10-25,20:20,Kansas City Chiefs,Seattle Seahawks,Kansas City Chiefs,145,Seattle Seahawks,-175
922,2026-09-08 13:26:00 EDT,4853610e63c246f2027a6a248e642c9a,2026-10-26,20:15,Dallas Cowboys,Philadelphia Eagles,Dallas Cowboys,136,Philadelphia Eagles,-162
923,2026-09-08 13:26:00 EDT,ab2865e9f2d4b012de8bc6fb6de11a7c,2026-10-29,20:15,Carolina Panthers,Green Bay Packers,Carolina Panthers,275,Green Bay Packers,-345
924,2026-09-08 13:26:00 EDT,9255ca8f32aea590d00aa57de79f6bb6,2026-11-1,13:0,Arizona Cardinals,Dallas Cowboys,Arizona Cardinals,410,Dallas Cowboys,-550
925,2026-09-08 13:26:00 EDT,921859689f5f8b3b8b1caf4248bdb1ec,2026-11-1,13:0,Atlanta Falcons,Tampa Bay Buccaneers,Atlanta Falcons,180,Tampa Bay Buccaneers,-218
926,2026-09-08 13:26:00 EDT,c93c421e5fa46031a43162d111d981d0,2026-11-1,13:0,Baltimore Ravens,Buffalo Bills,Baltimore Ravens,114,Buffalo Bills,-135
927,2026-09-08 13:26:00 EDT,9c5d8f57e0ba0fbd9ef436c1f0898f99,2026-11-1,13:0,Tennessee Titans,Cincinnati Bengals,Tennessee Titans,235,Cincinnati Bengals,-290
928,2026-09-08 13:26:00 EDT,ab5ab731ab655bd6308bc7a922275518,2026-11-1,13:0,Cleveland Browns,Pittsburgh Steelers,Cleveland Browns,215,Pittsburgh Steelers,-265
929,2026-09-08 13:26:00 EDT,52e7ee9c42525e6deec02da32dc2fad8,2026-11-1,13:0,Minnesota Vikings,Detroit Lions,Minnesota Vikings,185,Detroit Lions,-225
930,2026-09-08 13:26:00 EDT,159dbf0253dd2038eda2212f84387f0c,2026-11-1,13:0,Indianapolis Colts,Jacksonville Jaguars,Indianapolis Colts,185,Jacksonville Jaguars,-225
931,2026-09-08 13:26:00 EDT,98f1b121b793977434c046e76c707145,2026-11-1,13:0,Las Vegas Raiders,New York Jets,Las Vegas Raiders,105,New York Jets,-125
932,2026-09-08 13:26:00 EDT,2ff84d3f6053d083c8c0a5bebf7cdd4c,2026-11-1,16:5,Los Angeles Chargers,Los Angeles Rams,Los Angeles Chargers,164,Los Angeles Rams,-198
933,2026-09-08 13:26:00 EDT,f2a036d5edf483a277880014861e78ad,2026-11-1,16:25,Kansas City Chiefs,Denver Broncos,Kansas City Chiefs,105,Denver Broncos,-125
934,2026-09-08 13:26:00 EDT,05405af79752f5e742cdf50b61f6745e,2026-11-1,16:25,New England Patriots,Miami Dolphins,Miami Dolphins,280,New England Patriots,-355
935,2026-09-08 13:26:00 EDT,b9c60db63b1a19ad319f24b33c0defe8,2026-11-1,20:20,Philadelphia Eagles,Washington Commanders,Washington Commanders,105,Philadelphia Eagles,-125
936,2026-09-08 13:26:00 EDT,7d664fbcd39350e559d83c0068ba7169,2026-11-2,20:20,Chicago Bears,Seattle Seahawks,Chicago Bears,180,Seattle Seahawks,-218
937,2026-09-08 13:26:00 EDT,c75744790b7acf6260c78ba5e739c0e5,2026-11-5,20:15,Jacksonville Jaguars,Baltimore Ravens,Jacksonville Jaguars,170,Baltimore Ravens,-205
938,2026-09-08 13:26:00 EDT,dc56d980f527ffeef89940133b211b13,2026-11-8,9:30,Cincinnati Bengals,Atlanta Falcons,Atlanta Falcons,190,Cincinnati Bengals,-230
939,2026-09-08 13:26:00 EDT,014282b888c741b7d70c857c09f40aa7,2026-11-8,13:0,Denver Broncos,Carolina Panthers,Carolina Panthers,136,Denver Broncos,-162
940,2026-09-08 13:26:00 EDT,e571bab6736f9338130a78a4f75c3231,2026-11-8,13:0,Cleveland Browns,New Orleans Saints,Cleveland Browns,160,New Orleans Saints,-192
941,2026-09-08 13:26:00 EDT,415fc42e72888c63e82f7bce24c65391,2026-11-8,13:0,Dallas Cowboys,Indianapolis Colts,Indianapolis Colts,105,Dallas Cowboys,-125
942,2026-09-08 13:26:00 EDT,44d8c37868b700e90f816db7c5df5cdd,2026-11-8,13:0,Detroit Lions,Miami Dolphins,Miami Dolphins,225,Detroit Lions,-278
943,2026-09-08 13:26:00 EDT,e354e6a04b1cb9c96e549b863debb92e,2026-11-8,13:0,New York Jets,Kansas City Chiefs,New York Jets,360,Kansas City Chiefs,-470
944,2026-09-08 13:26:00 EDT,89de07377e0aa8ffaa2ae6a7dc0855cc,2026-11-8,13:0,Los Angeles Rams,Washington Commanders,Washington Commanders,185,Los Angeles Rams,-225
945,2026-09-08 13:26:00 EDT,fe93e6ab1e553c0169936a0a983c324f,2026-11-8,13:0,New York Giants,Philadelphia Eagles,New York Giants,195,Philadelphia Eagles,-238
946,2026-09-08 13:26:00 EDT,39aeac43cea7b12558b91cdab1255a10,2026-11-8,16:5,Houston Texans,Los Angeles Chargers,Houston Texans,120,Los Angeles Chargers,-142
947,2026-09-08 13:26:00 EDT,ac9d38a18d5c92814233a31aa9a48d78,2026-11-8,16:5,Las Vegas Raiders,San Francisco 49ers,Las Vegas Raiders,330,San Francisco 49ers,-425
948,2026-09-08 13:26:00 EDT,240e23b02b1e3fef655d04a286b5a623,2026-11-8,16:25,Arizona Cardinals,Seattle Seahawks,Arizona Cardinals,575,Seattle Seahawks,-850
949,2026-09-08 13:26:00 EDT,2922c573ec3df8466c4a34975e446898,2026-11-8,16:25,Green Bay Packers,New England Patriots,Green Bay Packers,105,New England Patriots,-125
950,2026-09-08 13:26:00 EDT,9760d8f19f84bfee300a74ceb656c95d,2026-11-8,20:20,Tampa Bay Buccaneers,Chicago Bears,Tampa Bay Buccaneers,160,Chicago Bears,-192
951,2026-09-08 13:26:00 EDT,17ad7eff2f7875e20a8109abe40470e3,2026-11-9,20:15,Buffalo Bills,Minnesota Vikings,Minnesota Vikings,142,Buffalo Bills,-170
952,2026-09-08 13:26:00 EDT,74d39e19225caf211ad2c8eb4110179f,2026-11-12,20:15,Washington Commanders,New York Giants,Washington Commanders,105,New York Giants,-125
953,2026-09-08 13:26:00 EDT,b8c10fdf1e0ac4e13deee7f7c0af0b0b,2026-11-15,9:30,New England Patriots,Detroit Lions,New England Patriots,105,Detroit Lions,-125
954,2026-09-08 13:26:00 EDT,3c71d515b726f1096aabb435badb83fd,2026-11-15,13:0,Kansas City Chiefs,Atlanta Falcons,Atlanta Falcons,185,Kansas City Chiefs,-225
955,2026-09-08 13:26:00 EDT,1057d50949844ddf483da9c8c20354be,2026-11-15,13:0,Buffalo Bills,New York Jets,New York Jets,270,Buffalo Bills,-340
956,2026-09-08 13:26:00 EDT,e5aa20e1364dd639f042af1c2281bbe2,2026-11-15,13:0,Carolina Panthers,New Orleans Saints,Carolina Panthers,100,New Orleans Saints,-120
957,2026-09-08 13:26:00 EDT,be0e03cc42fbc9b6962467b22c7bf9dd,2026-11-15,13:0,Houston Texans,Cleveland Browns,Cleveland Browns,170,Houston Texans,-205
958,2026-09-08 13:26:00 EDT,5d8d85473b87f772a979ecf294acab94,2026-11-15,13:0,Minnesota Vikings,Green Bay Packers,Minnesota Vikings,200,Green Bay Packers,-245
959,2026-09-08 13:26:00 EDT,b5700b4d938fd94429f60d4622cc9c0a,2026-11-15,13:0,Miami Dolphins,Indianapolis Colts,Miami Dolphins,245,Indianapolis Colts,-305
960,2026-09-08 13:26:00 EDT,28800df7e768ecec14f116454d560f9b,2026-11-15,13:0,Jacksonville Jaguars,Tennessee Titans,Tennessee Titans,114,Jacksonville Jaguars,-135
961,2026-09-08 13:26:00 EDT,6c932a965110f3f89ec4a5f1a6ac256e,2026-11-15,16:5,Los Angeles Rams,Arizona Cardinals,Arizona Cardinals,360,Los Angeles Rams,-470
962,2026-09-08 13:26:00 EDT,6079a5cbabf99b265a17edfc92a1da60,2026-11-15,16:5,Seattle Seahawks,Las Vegas Raiders,Las Vegas Raiders,250,Seattle Seahawks,-310
963,2026-09-08 13:26:00 EDT,7627192fd89b05120ab6c712aa23fd81,2026-11-15,16:25,San Francisco 49ers,Dallas Cowboys,San Francisco 49ers,-102,Dallas Cowboys,-118
964,2026-09-08 13:26:00 EDT,48e497c230e6c9afcb3b600091d28e17,2026-11-15,20:20,Pittsburgh Steelers,Cincinnati Bengals,Pittsburgh Steelers,160,Cincinnati Bengals,-192
965,2026-09-08 13:26:00 EDT,35e3bdff558b5d1506251e814986f164,2026-11-16,20:15,Los Angeles Chargers,Baltimore Ravens,Los Angeles Chargers,150,Baltimore Ravens,-180
966,2026-09-08 13:26:00 EDT,66f9e83cf025d58acee12bce18661fb3,2026-11-19,20:15,Indianapolis Colts,Houston Texans,Indianapolis Colts,195,Houston Texans,-238
967,2026-09-08 13:26:00 EDT,403a88701352da05b0710a9e883b803e,2026-11-22,13:0,Arizona Cardinals,Kansas City Chiefs,Arizona Cardinals,440,Kansas City Chiefs,-600
968,2026-09-08 13:26:00 EDT,4527f57f5bc32742d8194af1ccf7da7e,2026-11-22,13:0,Baltimore Ravens,Carolina Panthers,Carolina Panthers,180,Baltimore Ravens,-218
969,2026-09-08 13:26:00 EDT,4c5b1c0843a260278e95eb93e7787576,2026-11-22,13:0,Miami Dolphins,Buffalo Bills,Miami Dolphins,470,Buffalo Bills,-650
970,2026-09-08 13:26:00 EDT,3ea90704fb576633bd1e2fa5aafd9ea3,2026-11-22,13:0,New Orleans Saints,Chicago Bears,New Orleans Saints,230,Chicago Bears,-285
971,2026-09-08 13:26:00 EDT,5e63079b678f8c13419adc169fff02d3,2026-11-22,13:0,Tennessee Titans,Dallas Cowboys,Tennessee Titans,230,Dallas Cowboys,-285
972,2026-09-08 13:26:00 EDT,41e2dd69bddd65d7e823d9ed61cc2afc,2026-11-22,13:0,Tampa Bay Buccaneers,Detroit Lions,Tampa Bay Buccaneers,185,Detroit Lions,-225
973,2026-09-08 13:26:00 EDT,8ba112fabf4e87639338a5f437c5abfe,2026-11-22,13:0,Jacksonville Jaguars,New York Giants,New York Giants,105,Jacksonville Jaguars,-125
974,2026-09-08 13:26:00 EDT,4b20b742b6168aaca4f25d87f11b1526,2026-11-22,16:5,New York Jets,Los Angeles Chargers,New York Jets,330,Los Angeles Chargers,-425
975,2026-09-08 13:26:00 EDT,1940706a79cbcbafacdcbf231069716b,2026-11-22,16:25,Las Vegas Raiders,Denver Broncos,Las Vegas Raiders,270,Denver Broncos,-340
976,2026-09-08 13:26:00 EDT,cbe45bafcc2615fc1d96cbc12840377a,2026-11-22,16:25,Pittsburgh Steelers,Philadelphia Eagles,Pittsburgh Steelers,200,Philadelphia Eagles,-245
977,2026-09-08 13:26:00 EDT,60e1d27b083a335b722c2c852ea85612,2026-11-22,20:20,Minnesota Vikings,San Francisco 49ers,Minnesota Vikings,160,San Francisco 49ers,-192
978,2026-09-08 13:26:00 EDT,3a60ed1d20004aa4d4772b2c1a2272e7,2026-11-23,20:15,Cincinnati Bengals,Washington Commanders,Washington Commanders,105,Cincinnati Bengals,-125
979,2026-09-08 13:26:00 EDT,5b612899d6dcdf998107f2c6c6e49a58,2026-11-25,20:0,Green Bay Packers,Los Angeles Rams,Green Bay Packers,185,Los Angeles Rams,-225
980,2026-09-08 13:26:00 EDT,9b825e6518156008da499be041975fdd,2026-11-26,13:0,Chicago Bears,Detroit Lions,Chicago Bears,120,Detroit Lions,-142
981,2026-09-08 13:26:00 EDT,ffaa06af56a7137d4b078c5c46c0b730,2026-11-26,15:30,Philadelphia Eagles,Dallas Cowboys,Philadelphia Eagles,105,Dallas Cowboys,-125
982,2026-09-08 13:26:00 EDT,f36f518585aec40e8cb40e071c0844aa,2026-11-26,20:20,Kansas City Chiefs,Buffalo Bills,Kansas City Chiefs,124,Buffalo Bills,-148
983,2026-09-08 13:26:00 EDT,44a3bcf5bd002583ddef2207a92dd977,2026-11-27,15:0,Denver Broncos,Pittsburgh Steelers,Pittsburgh Steelers,102,Denver Broncos,-122
984,2026-09-08 13:26:00 EDT,6a05021bdb6bab24b9bb381ffff10f0c,2026-11-29,13:0,Atlanta Falcons,Minnesota Vikings,Atlanta Falcons,180,Minnesota Vikings,-218
985,2026-09-08 13:26:00 EDT,60d0c074801985c1062795362a24200e,2026-11-29,13:0,Baltimore Ravens,Houston Texans,Baltimore Ravens,102,Houston Texans,-122
986,2026-09-08 13:26:00 EDT,f7d3ae7a8fe2438cef7d7d7bc67e31db,2026-11-29,13:0,New Orleans Saints,Cincinnati Bengals,New Orleans Saints,235,Cincinnati Bengals,-290
987,2026-09-08 13:26:00 EDT,eaa993c3d62d6b5aeb6142cdd7862fd5,2026-11-29,13:0,Las Vegas Raiders,Cleveland Browns,Las Vegas Raiders,102,Cleveland Browns,-122
988,2026-09-08 13:26:00 EDT,e9da808e36e1b7475698a57465ad4519,2026-11-29,13:0,New York Giants,Indianapolis Colts,New York Giants,114,Indianapolis Colts,-135
989,2026-09-08 13:26:00 EDT,81a8fee5b649a3ad5ad59e9528f2f376,2026-11-29,13:0,Tennessee Titans,Jacksonville Jaguars,Tennessee Titans,195,Jacksonville Jaguars,-238
990,2026-09-08 13:26:00 EDT,5ea0e3ea5944b0ad5169f21c0787b331,2026-11-29,13:0,New York Jets,Miami Dolphins,New York Jets,105,Miami Dolphins,-125
991,2026-09-08 13:26:00 EDT,69a1dbe9de3d3212c3a7a55be5d204ab,2026-11-29,16:25,Washington Commanders,Arizona Cardinals,Arizona Cardinals,180,Washington Commanders,-218
992,2026-09-08 13:26:00 EDT,d68dced0b26726890b9c79bd19a5ffe5,2026-11-29,16:25,Seattle Seahawks,San Francisco 49ers,Seattle Seahawks,-110,San Francisco 49ers,-110
993,2026-09-08 13:26:00 EDT,c64ceba13ede564e8658693e3171e7f9,2026-11-29,20:20,New England Patriots,Los Angeles Chargers,New England Patriots,105,Los Angeles Chargers,-125
994,2026-09-08 13:26:00 EDT,2cdaecba7c0bff9b58a48a82e6ee17a7,2026-11-30,20:15,Carolina Panthers,Tampa Bay Buccaneers,Carolina Panthers,160,Tampa Bay Buccaneers,-192
995,2026-09-08 13:26:00 EDT,06e52a676b516186989e3b181a37c8a7,2026-12-3,20:15,Kansas City Chiefs,Los Angeles Rams,Kansas City Chiefs,170,Los Angeles Rams,-205
996,2026-09-08 13:26:00 EDT,c94419ba8fb818fc36a5b21b526aab75,2026-12-6,13:0,Detroit Lions,Atlanta Falcons,Atlanta Falcons,154,Detroit Lions,-185
997,2026-09-08 13:26:00 EDT,0236f9aa68d65ea03bd1ca025b749c20,2026-12-6,13:0,Jacksonville Jaguars,Chicago Bears,Jacksonville Jaguars,130,Chicago Bears,-155
998,2026-09-08 13:26:00 EDT,b447fab53534af892f98a74eae26c1c6,2026-12-6,13:0,Cincinnati Bengals,Cleveland Browns,Cleveland Browns,185,Cincinnati Bengals,-225
999,2026-09-08 13:26:00 EDT,9a55467e1cd6310ae2af20d8154612e1,2026-12-6,13:0,Miami Dolphins,Denver Broncos,Miami Dolphins,350,Denver Broncos,-455
1000,2026-09-08 13:26:00 EDT,1ccb61b811b7aae4270df22a67e6459f,2026-12-6,13:0,Green Bay Packers,New Orleans Saints,New Orleans Saints,185,Green Bay Packers,-225
1001,2026-09-08 13:26:00 EDT,f8a92363386bd337975650879086cca6,2026-12-6,13:0,Los Angeles Chargers,Tampa Bay Buccaneers,Tampa Bay Buccaneers,120,Los Angeles Chargers,-142
1002,2026-09-08 13:26:00 EDT,a5495c3360b3bb13da76ba23a675c9ef,2026-12-6,13:0,San Francisco 49ers,New York Giants,New York Giants,140,San Francisco 49ers,-166
1003,2026-09-08 13:26:00 EDT,ae3429e95ee704c7fd001cade20072d0,2026-12-6,13:0,Washington Commanders,Tennessee Titans,Tennessee Titans,105,Washington Commanders,-125
1004,2026-09-08 13:26:00 EDT,f4897f48a5351881280f7598bd826408,2026-12-6,16:5,Philadelphia Eagles,Arizona Cardinals,Arizona Cardinals,310,Philadelphia Eagles,-395
1005,2026-09-08 13:26:00 EDT,4116dbff75ab7957b69c2152f204b74d,2026-12-6,16:25,Buffalo Bills,New England Patriots,Buffalo Bills,102,New England Patriots,-122
1006,2026-09-08 13:26:00 EDT,c186c605febd6370b292469c9151cfb3,2026-12-6,16:25,Carolina Panthers,Minnesota Vikings,Carolina Panthers,160,Minnesota Vikings,-192
1007,2026-09-08 13:26:00 EDT,26bf8e165d2d273ed0772a355f07ab16,2026-12-6,20:20,Houston Texans,Pittsburgh Steelers,Pittsburgh Steelers,105,Houston Texans,-125
1008,2026-09-08 13:26:00 EDT,0db4646c964ecdff19957373fe707546,2026-12-7,20:15,Dallas Cowboys,Seattle Seahawks,Dallas Cowboys,185,Seattle Seahawks,-225
1009,2026-09-08 13:26:00 EDT,01548e41e7ba5318bb25c9bc2a32f73d,2026-12-10,20:15,Minnesota Vikings,New England Patriots,Minnesota Vikings,185,New England Patriots,-225
1010,2026-09-08 13:26:00 EDT,f7fba6b1804e02292ee0ce4738484258,2026-12-13,13:0,Atlanta Falcons,Cleveland Browns,Atlanta Falcons,105,Cleveland Browns,-125
1011,2026-09-08 13:26:00 EDT,bec99e2f2b4c80e345731d69ee38d831,2026-12-13,13:0,Tampa Bay Buccaneers,Baltimore Ravens,Tampa Bay Buccaneers,210,Baltimore Ravens,-258
1012,2026-09-08 13:26:00 EDT,dcc7b377d3b3ec990304612bbef47d3d,2026-12-13,13:0,New Orleans Saints,Carolina Panthers,New Orleans Saints,114,Carolina Panthers,-135
1013,2026-09-08 13:26:00 EDT,2c6added7199a59f1e9dae8492c29da4,2026-12-13,13:0,Chicago Bears,Miami Dolphins,Miami Dolphins,200,Chicago Bears,-245
1014,2026-09-08 13:26:00 EDT,5185ace33aebc87d39074147940f2fa5,2026-12-13,13:0,Denver Broncos,New York Jets,New York Jets,190,Denver Broncos,-230
1015,2026-09-08 13:26:00 EDT,a31f461ccd92e1072f23ccfae281ae9a,2026-12-13,13:0,Tennessee Titans,Detroit Lions,Tennessee Titans,285,Detroit Lions,-360
1016,2026-09-08 13:26:00 EDT,5dc9cb8fba610d682dc670ae4e7d59f3,2026-12-13,13:0,Houston Texans,Washington Commanders,Washington Commanders,102,Houston Texans,-122
1017,2026-09-08 13:26:00 EDT,45203f985f8d1567ad19b0617dd267f8,2026-12-13,13:0,Indianapolis Colts,Philadelphia Eagles,Indianapolis Colts,200,Philadelphia Eagles,-245
1018,2026-09-08 13:26:00 EDT,484c491dc1dee090d740ba077b7d9709,2026-12-13,16:5,Los Angeles Chargers,Las Vegas Raiders,Las Vegas Raiders,190,Los Angeles Chargers,-230
1019,2026-09-08 13:26:00 EDT,180b5fa7ea6bd0d2d9ddb9ba5ee38cc0,2026-12-13,16:25,Kansas City Chiefs,Cincinnati Bengals,Kansas City Chiefs,105,Cincinnati Bengals,-125
1020,2026-09-08 13:26:00 EDT,6174916c7e2df8d1b80a88cfbd259d44,2026-12-13,16:25,Los Angeles Rams,San Francisco 49ers,San Francisco 49ers,110,Los Angeles Rams,-130
1021,2026-09-08 13:26:00 EDT,f5ab9d8455daf9e2a6c4c443fe0cd19f,2026-12-13,16:25,New York Giants,Seattle Seahawks,New York Giants,295,Seattle Seahawks,-375
1022,2026-09-08 13:26:00 EDT,c4877c048defcb80e0ab37c0688f37f6,2026-12-13,20:20,Buffalo Bills,Green Bay Packers,Buffalo Bills,105,Green Bay Packers,-125
1023,2026-09-08 13:26:00 EDT,690e2ee2ed5f0875f7cbaecdc51373f5,2026-12-14,20:15,Pittsburgh Steelers,Jacksonville Jaguars,Pittsburgh Steelers,136,Jacksonville Jaguars,-162
1024,2026-09-08 13:26:00 EDT,790af233087803c297861901ffa271d7,2026-12-17,20:15,San Francisco 49ers,Los Angeles Chargers,San Francisco 49ers,120,Los Angeles Chargers,-142
1025,2026-09-08 13:26:00 EDT,171aba127aaad3dcbe32a02fc194eb32,2026-12-19,17:0,Seattle Seahawks,Philadelphia Eagles,Seattle Seahawks,105,Philadelphia Eagles,-125
1026,2026-09-08 13:26:00 EDT,784568b1df055bf7eb8780c110d5e910,2026-12-19,20:20,Chicago Bears,Buffalo Bills,Chicago Bears,154,Buffalo Bills,-185
1027,2026-09-08 13:26:00 EDT,5931eee49f5f2656a5344e1388a68816,2026-12-20,13:0,Atlanta Falcons,Washington Commanders,Atlanta Falcons,154,Washington Commanders,-185
1028,2026-09-08 13:26:00 EDT,2f4b1899c1c278947920e0254b682d90,2026-12-20,13:0,Baltimore Ravens,Pittsburgh Steelers,Pittsburgh Steelers,124,Baltimore Ravens,-148
1029,2026-09-08 13:26:00 EDT,000fc688beb4fc004ecdad115d9adb1c,2026-12-20,13:0,Cincinnati Bengals,Carolina Panthers,Carolina Panthers,124,Cincinnati Bengals,-148
1030,2026-09-08 13:26:00 EDT,1cb23c83ae4af84cffcdae6b31d06e83,2026-12-20,13:0,Cleveland Browns,New York Giants,Cleveland Browns,180,New York Giants,-218
1031,2026-09-08 13:26:00 EDT,99719df35bc2efdcc72096f865ed8841,2026-12-20,13:0,Miami Dolphins,Green Bay Packers,Miami Dolphins,470,Green Bay Packers,-650
1032,2026-09-08 13:26:00 EDT,29211b6e78461220a2833184233f70e5,2026-12-20,13:0,Jacksonville Jaguars,Houston Texans,Jacksonville Jaguars,136,Houston Texans,-162
1033,2026-09-08 13:26:00 EDT,3b696c07ff6a1ef461d023a73db17584,2026-12-20,13:0,Indianapolis Colts,Tennessee Titans,Tennessee Titans,105,Indianapolis Colts,-125
1034,2026-09-08 13:26:00 EDT,e15a91cebf3480ff0b93b4fbacb09797,2026-12-20,13:0,New Orleans Saints,Tampa Bay Buccaneers,New Orleans Saints,164,Tampa Bay Buccaneers,-198
1035,2026-09-08 13:26:00 EDT,d8cd12e7684fa2aa39f5b188ef6e62e0,2026-12-20,16:5,New York Jets,Arizona Cardinals,New York Jets,-110,Arizona Cardinals,-110
1036,2026-09-08 13:26:00 EDT,77396e9d565860fbfd05779028223a8a,2026-12-20,16:25,Dallas Cowboys,Los Angeles Rams,Dallas Cowboys,200,Los Angeles Rams,-245
1037,2026-09-08 13:26:00 EDT,9f507007b9c0a7082c1471a5fa841336,2026-12-20,16:25,Denver Broncos,Las Vegas Raiders,Las Vegas Raiders,170,Denver Broncos,-205
1038,2026-09-08 13:26:00 EDT,b34897a0368d570291d44e176c0c2331,2026-12-20,20:20,Detroit Lions,Minnesota Vikings,Minnesota Vikings,105,Detroit Lions,-125
1039,2026-09-08 13:26:00 EDT,b2759105c27a25289ea1938f290c50fd,2026-12-21,20:15,New England Patriots,Kansas City Chiefs,New England Patriots,120,Kansas City Chiefs,-142
1040,2026-09-08 13:26:00 EDT,3f226ec5402c6ec4d84a59be80c2fa67,2026-12-24,20:15,Houston Texans,Philadelphia Eagles,Houston Texans,114,Philadelphia Eagles,-135
1041,2026-09-08 13:26:00 EDT,2828c07018dfafbe96aba205809cc7ac,2026-12-25,13:0,Green Bay Packers,Chicago Bears,Green Bay Packers,-102,Chicago Bears,-118
1042,2026-09-08 13:26:00 EDT,126f27c71e8130ef87de0d137e833d9b,2026-12-25,16:30,Buffalo Bills,Denver Broncos,Denver Broncos,110,Buffalo Bills,-130
1043,2026-09-08 13:26:00 EDT,f1af9705dbd2bbe4f1555f080ad06ba2,2026-12-25,20:15,Los Angeles Rams,Seattle Seahawks,Los Angeles Rams,110,Seattle Seahawks,-130
1044,2026-09-08 13:26:00 EDT,8fd00347b6d77ce384d83cba814430d7,2026-12-27,13:0,Arizona Cardinals,New Orleans Saints,Arizona Cardinals,205,New Orleans Saints,-250
1045,2026-09-08 13:26:00 EDT,bd13d00f06ad222b0a1b6ea4d0add763,2026-12-27,13:0,Tampa Bay Buccaneers,Atlanta Falcons,Atlanta Falcons,105,Tampa Bay Buccaneers,-125
1046,2026-09-08 13:26:00 EDT,0f23afce92c2f0af28973c0a7533763e,2026-12-27,13:0,Cleveland Browns,Baltimore Ravens,Cleveland Browns,330,Baltimore Ravens,-425
1047,2026-09-08 13:26:00 EDT,74cb0e112d069cdbda1671ae85531f43,2026-12-27,13:0,Carolina Panthers,Pittsburgh Steelers,Carolina Panthers,160,Pittsburgh Steelers,-192
1048,2026-09-08 13:26:00 EDT,ca8982dccb6c3ae01525800317287f02,2026-12-27,13:0,Cincinnati Bengals,Indianapolis Colts,Indianapolis Colts,105,Cincinnati Bengals,-125
1049,2026-09-08 13:26:00 EDT,29425f5c68826d615277cf9be2b82e00,2026-12-27,13:0,Tennessee Titans,Las Vegas Raiders,Tennessee Titans,105,Las Vegas Raiders,-125
1050,2026-09-08 13:26:00 EDT,fe2eb511d4c2da3a8e88b85b4f4e9f7e,2026-12-27,13:0,Los Angeles Chargers,Miami Dolphins,Miami Dolphins,285,Los Angeles Chargers,-360
1051,2026-09-08 13:26:00 EDT,cf5cefa5556bcd0156bd394171ef6c8e,2026-12-27,13:0,Washington Commanders,Minnesota Vikings,Washington Commanders,114,Minnesota Vikings,-135
1052,2026-09-08 13:26:00 EDT,669a7b568c2a64f9a136dadb0eda1da8,2026-12-27,13:0,New England Patriots,New York Jets,New York Jets,225,New England Patriots,-278
1053,2026-09-08 13:26:00 EDT,fc7cce3ae7c73cc7151357829e11b6d5,2026-12-27,16:25,San Francisco 49ers,Kansas City Chiefs,San Francisco 49ers,136,Kansas City Chiefs,-162
1054,2026-09-08 13:26:00 EDT,b1c4ec04c3398a9efa25492000858384,2026-12-27,20:20,Jacksonville Jaguars,Dallas Cowboys,Jacksonville Jaguars,136,Dallas Cowboys,-162
1055,2026-09-08 13:26:00 EDT,ca92c191ebf7361ea56f9bbc09a5f51b,2026-12-28,20:15,New York Giants,Detroit Lions,New York Giants,170,Detroit Lions,-205
1056,2026-09-08 13:26:00 EDT,be268ce293cf4fad1c0c867a3ca4c257,2026-12-31,20:15,Baltimore Ravens,Cincinnati Bengals,Baltimore Ravens,114,Cincinnati Bengals,-135
1057,2026-09-08 13:26:00 EDT,e5dd9cc3fd5452d55c250949e946743d,2027-1-3,13:0,New Orleans Saints,Atlanta Falcons,New Orleans Saints,102,Atlanta Falcons,-122
1058,2026-09-08 13:26:00 EDT,d9a186d988a3ede2a33e504f4890fe52,2027-1-3,13:0,Buffalo Bills,Miami Dolphins,Miami Dolphins,300,Buffalo Bills,-380
1059,2026-09-08 13:26:00 EDT,b009f04b4f61b264a5163157c3439dc1,2027-1-3,13:0,Seattle Seahawks,Carolina Panthers,Carolina Panthers,200,Seattle Seahawks,-245
1060,2026-09-08 13:26:00 EDT,f2e03f9b857485bb13211ee0f5eb5935,2027-1-3,13:0,Indianapolis Colts,Cleveland Browns,Cleveland Browns,114,Indianapolis Colts,-135
1061,2026-09-08 13:26:00 EDT,c8945d476449633912cf51a346ac98ca,2027-1-3,13:0,New York Giants,Dallas Cowboys,New York Giants,180,Dallas Cowboys,-218
1062,2026-09-08 13:26:00 EDT,f62dba1e231083f489c391271a1f171c,2027-1-3,13:0,Denver Broncos,New England Patriots,Denver Broncos,114,New England Patriots,-135
1063,2026-09-08 13:26:00 EDT,c96a3e9e40569b4ed5a546dff131c61d,2027-1-3,13:0,Washington Commanders,Jacksonville Jaguars,Washington Commanders,154,Jacksonville Jaguars,-185
1064,2026-09-08 13:26:00 EDT,419106b9bcc9f7ef39cfc2d1ee9a3f87,2027-1-3,13:0,Los Angeles Rams,Tampa Bay Buccaneers,Tampa Bay Buccaneers,180,Los Angeles Rams,-218
1065,2026-09-08 13:26:00 EDT,bfe51fa0034c9d22a69ffd80e2d717f5,2027-1-3,13:0,Minnesota Vikings,New York Jets,New York Jets,154,Minnesota Vikings,-185
1066,2026-09-08 13:26:00 EDT,d0ffa5ed13cbd7610f9176041464404a,2027-1-3,13:0,Pittsburgh Steelers,Tennessee Titans,Tennessee Titans,102,Pittsburgh Steelers,-122
1067,2026-09-08 13:26:00 EDT,08abdb683fcb6d77f66baed136f47283,2027-1-3,16:5,Las Vegas Raiders,Arizona Cardinals,Arizona Cardinals,110,Las Vegas Raiders,-130
1068,2026-09-08 13:26:00 EDT,12089441cea51add4694cdde98b4a5b7,2027-1-3,16:25,Detroit Lions,Chicago Bears,Detroit Lions,102,Chicago Bears,-122
1069,2026-09-08 13:26:00 EDT,67d842cb73300ef923959105698b63bb,2027-1-3,16:25,Kansas City Chiefs,Los Angeles Chargers,Kansas City Chiefs,105,Los Angeles Chargers,-125
1070,2026-09-08 13:26:00 EDT,e7820b1226edbb1ef1fddce6b20f963d,2027-1-3,20:20,Philadelphia Eagles,San Francisco 49ers,Philadelphia Eagles,105,San Francisco 49ers,-125
1071,2026-09-08 13:26:00 EDT,37bc346543da471e067b695b862ccfe9,2027-1-4,20:15,Houston Texans,Green Bay Packers,Houston Texans,114,Green Bay Packers,-135
1072,2026-09-08 13:26:00 EDT,7f809a45bc8baedf0cb0259e7da7cd29,2027-1-10,13:0,Atlanta Falcons,Carolina Panthers,Atlanta Falcons,114,Carolina Panthers,-135
1073,2026-09-08 13:26:00 EDT,d7da5587a88a7fc35c36b453d3264d5a,2027-1-10,13:0,Pittsburgh Steelers,Baltimore Ravens,Pittsburgh Steelers,190,Baltimore Ravens,-230
1074,2026-09-08 13:26:00 EDT,97cbd9ad26dff1af47192120defe112d,2027-1-10,13:0,New York Jets,Buffalo Bills,New York Jets,360,Buffalo Bills,-470
1075,2026-09-08 13:26:00 EDT,d190fb7ea85c33b96a495041dad22142,2027-1-10,13:0,Chicago Bears,Minnesota Vikings,Chicago Bears,102,Minnesota Vikings,-122
1076,2026-09-08 13:26:00 EDT,8c16104c8afc72b583531508b2aa1c33,2027-1-10,13:0,Cleveland Browns,Cincinnati Bengals,Cleveland Browns,285,Cincinnati Bengals,-360
1077,2026-09-08 13:26:00 EDT,3f460f14b810d7bf642bdf7b658530c0,2027-1-10,13:0,Dallas Cowboys,Washington Commanders,Washington Commanders,102,Dallas Cowboys,-122
1078,2026-09-08 13:26:00 EDT,71d0d10e384393c1e071c39dd3931c19,2027-1-10,13:0,Los Angeles Chargers,Denver Broncos,Los Angeles Chargers,102,Denver Broncos,-122
1079,2026-09-08 13:26:00 EDT,8f81778bbdb984be44e24a3d55a49b4d,2027-1-10,13:0,Detroit Lions,Green Bay Packers,Detroit Lions,114,Green Bay Packers,-135
1080,2026-09-08 13:26:00 EDT,9bb63096709ba607443c454d2a813b14,2027-1-10,13:0,Tennessee Titans,Houston Texans,Tennessee Titans,240,Houston Texans,-298
1081,2026-09-08 13:26:00 EDT,bea47af467e217653bba8d69888e4d95,2027-1-10,13:0,Jacksonville Jaguars,Indianapolis Colts,Jacksonville Jaguars,102,Indianapolis Colts,-122
1082,2026-09-08 13:26:00 EDT,bb66a6f02c535c0cd8b9c689a5513687,2027-1-10,13:0,Las Vegas Raiders,Kansas City Chiefs,Las Vegas Raiders,300,Kansas City Chiefs,-380
1083,2026-09-08 13:26:00 EDT,f370f9410ef82b37bd15d1719434370b,2027-1-10,13:0,Miami Dolphins,New England Patriots,Miami Dolphins,425,New England Patriots,-575
1084,2026-09-08 13:26:00 EDT,7b8ce34c0e173e4ff6ccf8e8caa09113,2027-1-10,13:0,Tampa Bay Buccaneers,New Orleans Saints,New Orleans Saints,102,Tampa Bay Buccaneers,-122
1085,2026-09-08 13:26:00 EDT,01baed6f9d6482c5d89d37379c7c63c7,2027-1-10,13:0,Philadelphia Eagles,New York Giants,New York Giants,130,Philadelphia Eagles,-155
1086,2026-09-08 13:26:00 EDT,f1480276ab67dcf60686556ba9336695,2027-1-10,16:5,San Francisco 49ers,Arizona Cardinals,Arizona Cardinals,320,San Francisco 49ers,-410
1087,2026-09-08 13:26:00 EDT,dc2d9177b48e6f3962dabb1407aba7d3,2027-1-10,16:5,Seattle Seahawks,Los Angeles Rams,Seattle Seahawks,130,Los Angeles Rams,-155
1088,2026-09-09 10:44:35 EDT,8c94552d022acec4a0458d70c19d3da9,2026-9-9,20:20,New England Patriots,Seattle Seahawks,New England Patriots,142,Seattle Seahawks,-170
1089,2026-09-09 10:44:35 EDT,acc580d74344ea3b31bbcdd057fe6a9c,2026-9-10,20:35,San Francisco 49ers,Los Angeles Rams,San Francisco 49ers,164,Los Angeles Rams,-198
1090,2026-09-09 10:44:35 EDT,95c01d1bb797d6df14824b106c5a9130,2026-9-13,13:0,Atlanta Falcons,Pittsburgh Steelers,Atlanta Falcons,154,Pittsburgh Steelers,-185
1091,2026-09-09 10:44:35 EDT,b6cfdcbafa61ce220ba87dc2d9b80c77,2026-9-13,13:0,Baltimore Ravens,Indianapolis Colts,Indianapolis Colts,145,Baltimore Ravens,-175
1092,2026-09-09 10:44:35 EDT,7e09efed7e12c659b82740b67ce2f9a1,2026-9-13,13:0,Buffalo Bills,Houston Texans,Houston Texans,-102,Buffalo Bills,-118
1093,2026-09-09 10:44:35 EDT,fc362aff0d889ec52d358307a70c32ed,2026-9-13,13:0,Chicago Bears,Carolina Panthers,Carolina Panthers,136,Chicago Bears,-162
1094,2026-09-09 10:44:35 EDT,ed6d24ff979f9c71979fead577b0b3f7,2026-9-13,13:0,Tampa Bay Buccaneers,Cincinnati Bengals,Tampa Bay Buccaneers,170,Cincinnati Bengals,-205
1095,2026-09-09 10:44:35 EDT,e55c6fe19fce094ce214c8b0e5b504e9,2026-9-13,13:0,Cleveland Browns,Jacksonville Jaguars,Cleveland Browns,360,Jacksonville Jaguars,-470
1096,2026-09-09 10:44:35 EDT,c1d3fcec25aaeb06ebd2244d33d338e0,2026-9-13,13:0,New Orleans Saints,Detroit Lions,New Orleans Saints,250,Detroit Lions,-310
1097,2026-09-09 10:44:35 EDT,7dddb296a42e7a41a774b24bd1709ce1,2026-9-13,13:0,New York Jets,Tennessee Titans,New York Jets,102,Tennessee Titans,-122
1098,2026-09-09 10:44:35 EDT,1edfa5ceaa1ad2cb57df1c1b908731f6,2026-9-13,16:25,Arizona Cardinals,Los Angeles Chargers,Arizona Cardinals,390,Los Angeles Chargers,-520
1099,2026-09-09 10:44:35 EDT,cb77efed7e711d25a72c1a2a0a1af119,2026-9-13,16:25,Green Bay Packers,Minnesota Vikings,Green Bay Packers,102,Minnesota Vikings,-122
1100,2026-09-09 10:44:35 EDT,c5d95f48a16849ab6bebc68fbbfcb74a,2026-9-13,16:25,Miami Dolphins,Las Vegas Raiders,Miami Dolphins,154,Las Vegas Raiders,-185
1101,2026-09-09 10:44:35 EDT,17885cb8dcade8f6c3bce14b2de805e8,2026-9-13,16:25,Washington Commanders,Philadelphia Eagles,Washington Commanders,180,Philadelphia Eagles,-218
1102,2026-09-09 10:44:35 EDT,3e646c7479c57f5d9752d8c7dfe7059b,2026-9-13,20:20,Dallas Cowboys,New York Giants,New York Giants,136,Dallas Cowboys,-162
1103,2026-09-09 10:44:35 EDT,5ad8135dc2b5f27de0b777acd317855a,2026-9-14,20:15,Denver Broncos,Kansas City Chiefs,Denver Broncos,130,Kansas City Chiefs,-155
1104,2026-09-09 10:44:35 EDT,56e8897681915f7ec92baeee952bb1ae,2026-9-17,20:15,Detroit Lions,Buffalo Bills,Detroit Lions,136,Buffalo Bills,-162
1105,2026-09-09 10:44:35 EDT,aee7eae1849ebb103b9bf233e9741392,2026-9-20,13:0,Carolina Panthers,Atlanta Falcons,Carolina Panthers,105,Atlanta Falcons,-125
1106,2026-09-09 10:44:35 EDT,2143ade9684fd876b68a4e8cbf451f05,2026-9-20,13:0,New Orleans Saints,Baltimore Ravens,New Orleans Saints,280,Baltimore Ravens,-355
1107,2026-09-09 10:44:35 EDT,0283a29e1b38ef78b29b904fd56a16dd,2026-9-20,13:0,Minnesota Vikings,Chicago Bears,Minnesota Vikings,140,Chicago Bears,-166
1108,2026-09-09 10:44:35 EDT,36ad2fa722f4915ef23d2c81351261de,2026-9-20,13:0,Cincinnati Bengals,Houston Texans,Cincinnati Bengals,124,Houston Texans,-148
1109,2026-09-09 10:44:35 EDT,0636ebff776d43f8c829a36713c80b22,2026-9-20,13:0,Cleveland Browns,Tampa Bay Buccaneers,Cleveland Browns,225,Tampa Bay Buccaneers,-278
1110,2026-09-09 10:44:35 EDT,4aeee070bb6ec60bdfae4dede61b9014,2026-9-20,13:0,Green Bay Packers,New York Jets,New York Jets,200,Green Bay Packers,-245
1111,2026-09-09 10:44:35 EDT,9d14f87600f6edc74dbcb5c74edf6246,2026-9-20,13:0,Pittsburgh Steelers,New England Patriots,Pittsburgh Steelers,180,New England Patriots,-218
1112,2026-09-09 10:44:35 EDT,fafc649c455e32a0f2ba1bd06e2039bc,2026-9-20,13:0,Philadelphia Eagles,Tennessee Titans,Tennessee Titans,190,Philadelphia Eagles,-230
1113,2026-09-09 10:44:35 EDT,1fd6628c781f556a7a19638e97d7107f,2026-9-20,16:5,Jacksonville Jaguars,Denver Broncos,Jacksonville Jaguars,130,Denver Broncos,-155
1114,2026-09-09 10:44:35 EDT,71b3b83747589efdc5baef2c5cf811bf,2026-9-20,16:5,Las Vegas Raiders,Los Angeles Chargers,Las Vegas Raiders,285,Los Angeles Chargers,-360
1115,2026-09-09 10:44:35 EDT,4dd8020192a544385db42374e5555303,2026-9-20,16:25,Seattle Seahawks,Arizona Cardinals,Arizona Cardinals,410,Seattle Seahawks,-550
1116,2026-09-09 10:44:35 EDT,85ef85098ddd22fe4ecf45e7e3c0a9c0,2026-9-20,16:25,Washington Commanders,Dallas Cowboys,Washington Commanders,170,Dallas Cowboys,-205
1117,2026-09-09 10:44:35 EDT,68bc55903f50af4af4766adcc89fcc61,2026-9-20,16:25,Miami Dolphins,San Francisco 49ers,Miami Dolphins,490,San Francisco 49ers,-675
1118,2026-09-09 10:44:35 EDT,50bc247030707d823b9c3581d7eb5760,2026-9-20,20:20,Indianapolis Colts,Kansas City Chiefs,Indianapolis Colts,250,Kansas City Chiefs,-310
1119,2026-09-09 10:44:35 EDT,32367f882fac1a0c20a6335619922025,2026-9-21,20:15,New York Giants,Los Angeles Rams,New York Giants,370,Los Angeles Rams,-485
1120,2026-09-09 10:44:35 EDT,e5fbd3b3953b896b1bf897ddadb3cc4b,2026-9-24,20:15,Atlanta Falcons,Green Bay Packers,Atlanta Falcons,295,Green Bay Packers,-375
1121,2026-09-09 10:44:35 EDT,b225458a282e140c44c45651255f2f6c,2026-9-27,13:0,Los Angeles Chargers,Buffalo Bills,Los Angeles Chargers,136,Buffalo Bills,-162
1122,2026-09-09 10:44:35 EDT,613b8cd3a5fab58f7be4e3fd6f76223e,2026-9-27,13:0,Carolina Panthers,Cleveland Browns,Cleveland Browns,102,Carolina Panthers,-122
1123,2026-09-09 10:44:35 EDT,71123be049587b6facce3a20c53e5d09,2026-9-27,13:0,Cincinnati Bengals,Pittsburgh Steelers,Pittsburgh Steelers,105,Cincinnati Bengals,-125
1124,2026-09-09 10:44:35 EDT,07f552badfa8a565d1be22123713e4da,2026-9-27,13:0,New York Jets,Detroit Lions,New York Jets,320,Detroit Lions,-410
1125,2026-09-09 10:44:35 EDT,17a730b7d399feeab6a78c30767c29d2,2026-9-27,13:0,Houston Texans,Indianapolis Colts,Indianapolis Colts,102,Houston Texans,-122
1126,2026-09-09 10:44:35 EDT,0339a0e41bcee12820eb3e64bb5fadb4,2026-9-27,13:0,Kansas City Chiefs,Miami Dolphins,Miami Dolphins,340,Kansas City Chiefs,-440
1127,2026-09-09 10:44:35 EDT,555afd4a27aaa392662881cffa8f2eef,2026-9-27,13:0,Tennessee Titans,New York Giants,Tennessee Titans,140,New York Giants,-166
1128,2026-09-09 10:44:35 EDT,2a529c108305ffa049d8b6cfdbaa4d36,2026-9-27,13:0,Seattle Seahawks,Washington Commanders,Washington Commanders,160,Seattle Seahawks,-192
1129,2026-09-09 10:44:35 EDT,9d2b09e0f9b6dd5ce0d985894f4f98fa,2026-9-27,16:5,Arizona Cardinals,San Francisco 49ers,Arizona Cardinals,470,San Francisco 49ers,-650
1130,2026-09-09 10:44:35 EDT,f1724dead3eab61546033032fc782375,2026-9-27,16:5,Minnesota Vikings,Tampa Bay Buccaneers,Minnesota Vikings,105,Tampa Bay Buccaneers,-125
1131,2026-09-09 10:44:35 EDT,84cfca14efc21363fd605508404cf1ff,2026-9-27,16:25,Baltimore Ravens,Dallas Cowboys,Dallas Cowboys,114,Baltimore Ravens,-135
1132,2026-09-09 10:44:35 EDT,2e523fcb0497aa689473e290eb2b97de,2026-9-27,16:25,Las Vegas Raiders,New Orleans Saints,Las Vegas Raiders,154,New Orleans Saints,-185
1133,2026-09-09 10:44:35 EDT,3bfd8bfb4b8e9a365a0877879b73b16b,2026-9-27,20:20,Los Angeles Rams,Denver Broncos,Denver Broncos,130,Los Angeles Rams,-155
1134,2026-09-09 10:44:35 EDT,47dc7baa254659f3beb2ed2b38c207b6,2026-9-28,20:15,Philadelphia Eagles,Chicago Bears,Philadelphia Eagles,-102,Chicago Bears,-118
1135,2026-09-09 10:44:35 EDT,d55cb69fed50a09170560b5b75d8de86,2026-10-1,20:15,Pittsburgh Steelers,Cleveland Browns,Cleveland Browns,114,Pittsburgh Steelers,-135
1136,2026-09-09 10:44:35 EDT,c9d8ed8aa4889486eaf10a630138ede0,2026-10-4,9:30,Indianapolis Colts,Washington Commanders,Indianapolis Colts,-102,Washington Commanders,-118
1137,2026-09-09 10:44:35 EDT,664e6bda5721dc63be16bcf7d962a436,2026-10-4,13:0,Arizona Cardinals,New York Giants,Arizona Cardinals,260,New York Giants,-325
1138,2026-09-09 10:44:35 EDT,f01589b0e7e6dd4f4ac1220a1db81f53,2026-10-4,13:0,Tennessee Titans,Baltimore Ravens,Tennessee Titans,310,Baltimore Ravens,-395
1139,2026-09-09 10:44:35 EDT,573cc0ef39631a4f6673ec843a8bedd4,2026-10-4,13:0,New England Patriots,Buffalo Bills,New England Patriots,136,Buffalo Bills,-162
1140,2026-09-09 10:44:35 EDT,164e6eb68f31bac190381903c3cccd31,2026-10-4,13:0,New York Jets,Chicago Bears,New York Jets,330,Chicago Bears,-425
1141,2026-09-09 10:44:35 EDT,2ea94ddf20f66432b9024fe2e2eaba5f,2026-10-4,13:0,Jacksonville Jaguars,Cincinnati Bengals,Jacksonville Jaguars,114,Cincinnati Bengals,-135
1142,2026-09-09 10:44:35 EDT,daf55e2df5341c007fee5a0fc5bbc2d4,2026-10-4,13:0,Dallas Cowboys,Houston Texans,Dallas Cowboys,114,Houston Texans,-135
1143,2026-09-09 10:44:35 EDT,99a9bae4dc0dc2590496bd3102b211f2,2026-10-4,13:0,Green Bay Packers,Tampa Bay Buccaneers,Tampa Bay Buccaneers,105,Green Bay Packers,-125
1144,2026-09-09 10:44:35 EDT,1b4f2e60ce83fa1d63a5dff83769d27c,2026-10-4,13:0,Los Angeles Rams,Philadelphia Eagles,Philadelphia Eagles,105,Los Angeles Rams,-125
1145,2026-09-09 10:44:35 EDT,c327223d76a3b7b0db8c6c104442f44b,2026-10-4,16:5,Miami Dolphins,Minnesota Vikings,Miami Dolphins,320,Minnesota Vikings,-410
1146,2026-09-09 10:44:35 EDT,a7e7efb75a9792ac63480ae6328dca18,2026-10-4,16:25,Denver Broncos,San Francisco 49ers,Denver Broncos,114,San Francisco 49ers,-135
1147,2026-09-09 10:44:35 EDT,e0cbd266dcf997089203a1b33ba0333d,2026-10-4,16:25,Kansas City Chiefs,Las Vegas Raiders,Las Vegas Raiders,205,Kansas City Chiefs,-250
1148,2026-09-09 10:44:35 EDT,96d2373cda647873b971f268482bced0,2026-10-4,16:25,Los Angeles Chargers,Seattle Seahawks,Los Angeles Chargers,145,Seattle Seahawks,-175
1149,2026-09-09 10:44:35 EDT,a73a76599a4f3422803e57bd8f61b626,2026-10-4,20:20,Detroit Lions,Carolina Panthers,Carolina Panthers,136,Detroit Lions,-162
1150,2026-09-09 10:44:35 EDT,8bd90781e17e6d97df3941063cedae1e,2026-10-5,20:15,Atlanta Falcons,New Orleans Saints,Atlanta Falcons,114,New Orleans Saints,-135
1151,2026-09-09 10:44:35 EDT,259b5df9aa0d10257f56de78523495e0,2026-10-8,20:15,Tampa Bay Buccaneers,Dallas Cowboys,Tampa Bay Buccaneers,170,Dallas Cowboys,-205
1152,2026-09-09 10:44:35 EDT,21b26266f3d78af02eb672e606275d95,2026-10-11,9:30,Philadelphia Eagles,Jacksonville Jaguars,Jacksonville Jaguars,105,Philadelphia Eagles,-125
1153,2026-09-09 10:44:35 EDT,c4647ca1201e6768501877267ca8251b,2026-10-11,13:0,Cincinnati Bengals,Miami Dolphins,Miami Dolphins,220,Cincinnati Bengals,-270
1154,2026-09-09 10:44:35 EDT,9db4ed15fe34fca1fb62f040cd244591,2026-10-11,13:0,Cleveland Browns,New York Jets,Cleveland Browns,110,New York Jets,-130
1155,2026-09-09 10:44:35 EDT,cc52bba56e74f5cddbe9011046181c3d,2026-10-11,13:0,Houston Texans,Tennessee Titans,Tennessee Titans,154,Houston Texans,-185
1156,2026-09-09 10:44:35 EDT,448d7cf18c6db4c811ed82ded1b72867,2026-10-11,13:0,Indianapolis Colts,Pittsburgh Steelers,Indianapolis Colts,120,Pittsburgh Steelers,-142
1157,2026-09-09 10:44:35 EDT,6b024bad1abb54f597225e4ab9b39d89,2026-10-11,13:0,Las Vegas Raiders,New England Patriots,Las Vegas Raiders,310,New England Patriots,-395
1158,2026-09-09 10:44:35 EDT,2cda9bf0fbe35a2735f0dd8aaafe9eff,2026-10-11,13:0,Minnesota Vikings,New Orleans Saints,New Orleans Saints,105,Minnesota Vikings,-125
1159,2026-09-09 10:44:35 EDT,fbffd0b7722fd81d68d5d62472dc80e8,2026-10-11,13:0,New York Giants,Washington Commanders,New York Giants,110,Washington Commanders,-130
1160,2026-09-09 10:44:35 EDT,d1d408fdfd272046fb517fe992a1c5a0,2026-10-11,16:5,Denver Broncos,Los Angeles Chargers,Denver Broncos,114,Los Angeles Chargers,-135
1161,2026-09-09 10:44:35 EDT,f8e7f43f73aa983c5c99c189587f0118,2026-10-11,16:25,Detroit Lions,Arizona Cardinals,Arizona Cardinals,310,Detroit Lions,-395
1162,2026-09-09 10:44:35 EDT,2caea57b1e5cfbba1334cfbfd46f6771,2026-10-11,16:25,Chicago Bears,Green Bay Packers,Chicago Bears,140,Green Bay Packers,-166
1163,2026-09-09 10:44:35 EDT,8e5d515b10d8a5ffb324640ed60bcc55,2026-10-11,16:25,San Francisco 49ers,Seattle Seahawks,San Francisco 49ers,170,Seattle Seahawks,-205
1164,2026-09-09 10:44:35 EDT,86457f91112732f21ad4bb7d37bd291c,2026-10-11,20:20,Baltimore Ravens,Atlanta Falcons,Atlanta Falcons,170,Baltimore Ravens,-205
1165,2026-09-09 10:44:35 EDT,e6d00eedd87d367e510314bd8cab8f6f,2026-10-12,20:15,Buffalo Bills,Los Angeles Rams,Buffalo Bills,140,Los Angeles Rams,-166
1166,2026-09-09 10:44:35 EDT,855f58fad5f0f14b239f4f63df27998b,2026-10-15,20:15,Seattle Seahawks,Denver Broncos,Denver Broncos,110,Seattle Seahawks,-130
1167,2026-09-09 10:44:35 EDT,57418b2cf5aca558b3c98eafac1e264a,2026-10-18,9:30,Houston Texans,Jacksonville Jaguars,Houston Texans,-108,Jacksonville Jaguars,-112
1168,2026-09-09 10:44:35 EDT,7c312fdf24fb35f58b0e07c2932cc997,2026-10-18,13:0,Chicago Bears,Atlanta Falcons,Atlanta Falcons,130,Chicago Bears,-155
1169,2026-09-09 10:44:35 EDT,e86227938fd3cf008fc5648fb5128344,2026-10-18,13:0,Baltimore Ravens,Cleveland Browns,Cleveland Browns,205,Baltimore Ravens,-250
1170,2026-09-09 10:44:35 EDT,caca2d752fe1a1779029082e95332fcc,2026-10-18,13:0,Carolina Panthers,Philadelphia Eagles,Carolina Panthers,230,Philadelphia Eagles,-285
1171,2026-09-09 10:44:35 EDT,84aa9e190e625d7e9cd67e1f157a45b4,2026-10-18,13:0,Tennessee Titans,Indianapolis Colts,Tennessee Titans,164,Indianapolis Colts,-198
1172,2026-09-09 10:44:35 EDT,0b0b582b32b09ab6ff6664ffae0c9653,2026-10-18,13:0,New York Jets,New England Patriots,New York Jets,330,New England Patriots,-425
1173,2026-09-09 10:44:35 EDT,1cf74afd313e9fd300e1462012b174cb,2026-10-18,13:0,New Orleans Saints,New York Giants,New Orleans Saints,120,New York Giants,-142
1174,2026-09-09 10:44:35 EDT,27f3994841ce8081c0b7349cf3d1e3d7,2026-10-18,13:0,Pittsburgh Steelers,Tampa Bay Buccaneers,Pittsburgh Steelers,105,Tampa Bay Buccaneers,-125
1175,2026-09-09 10:44:35 EDT,3729ac6d2a66b642850caf2044cdc658,2026-10-18,16:5,Arizona Cardinals,Los Angeles Rams,Arizona Cardinals,525,Los Angeles Rams,-750
1176,2026-09-09 10:44:35 EDT,45b2690b350ed45145c7a716b18e8e66,2026-10-18,16:25,Buffalo Bills,Las Vegas Raiders,Las Vegas Raiders,215,Buffalo Bills,-265
1177,2026-09-09 10:44:35 EDT,20fefae8c296247460ba5773caa42218,2026-10-18,16:25,Los Angeles Chargers,Kansas City Chiefs,Los Angeles Chargers,120,Kansas City Chiefs,-142
1178,2026-09-09 10:44:35 EDT,82fd5a159fa130e67abab93a9537f70b,2026-10-18,20:20,Dallas Cowboys,Green Bay Packers,Dallas Cowboys,140,Green Bay Packers,-166
1179,2026-09-09 10:44:35 EDT,f122527f003276d3bca19efa48c902c1,2026-10-19,20:15,Washington Commanders,San Francisco 49ers,Washington Commanders,200,San Francisco 49ers,-245
1180,2026-09-09 10:44:35 EDT,ffebea881c1d7b2dfb85b3e590c35985,2026-10-22,20:15,New England Patriots,Chicago Bears,New England Patriots,105,Chicago Bears,-125
1181,2026-09-09 10:44:35 EDT,2e710ea5a306b614f0f966e3d78732f8,2026-10-25,9:30,Pittsburgh Steelers,New Orleans Saints,New Orleans Saints,120,Pittsburgh Steelers,-142
1182,2026-09-09 10:44:35 EDT,b1be064fb52a198a62109c279e7ab24c,2026-10-25,13:0,San Francisco 49ers,Atlanta Falcons,Atlanta Falcons,185,San Francisco 49ers,-225
1183,2026-09-09 10:44:35 EDT,550ec5290f935d311995affbcb0b5c79,2026-10-25,13:0,Cincinnati Bengals,Baltimore Ravens,Cincinnati Bengals,154,Baltimore Ravens,-185
1184,2026-09-09 10:44:35 EDT,2823e986597c449ab94126cd5ed3fae9,2026-10-25,13:0,Tampa Bay Buccaneers,Carolina Panthers,Carolina Panthers,105,Tampa Bay Buccaneers,-125
1185,2026-09-09 10:44:35 EDT,5dce18baccec5d3ad5fb3a3ce52f7619,2026-10-25,13:0,Cleveland Browns,Tennessee Titans,Cleveland Browns,114,Tennessee Titans,-135
1186,2026-09-09 10:44:35 EDT,2bba7fde6f97d0e54403d53676e4ab63,2026-10-25,13:0,New York Giants,Houston Texans,New York Giants,200,Houston Texans,-245
1187,2026-09-09 10:44:35 EDT,f3992ad4496724baf7dcd1ef58245d6b,2026-10-25,13:0,Indianapolis Colts,Minnesota Vikings,Indianapolis Colts,120,Minnesota Vikings,-142
1188,2026-09-09 10:44:35 EDT,be5dd120ca08b43d647b6caa8953500a,2026-10-25,13:0,Miami Dolphins,New York Jets,Miami Dolphins,120,New York Jets,-142
1189,2026-09-09 10:44:35 EDT,436119bb3ccdaa6ed7808aa3ebd82b76,2026-10-25,16:5,Denver Broncos,Arizona Cardinals,Arizona Cardinals,295,Denver Broncos,-375
1190,2026-09-09 10:44:35 EDT,e8e5715eefb6a9ce64765e9ddf49c0cc,2026-10-25,16:25,Green Bay Packers,Detroit Lions,Green Bay Packers,120,Detroit Lions,-142
1191,2026-09-09 10:44:35 EDT,f7679cf18454e4d88a8f2b990c3f08ac,2026-10-25,16:25,Los Angeles Rams,Las Vegas Raiders,Las Vegas Raiders,275,Los Angeles Rams,-345
1192,2026-09-09 10:44:35 EDT,176d474ed8b2bbf1eb4d7e9c56b4bf22,2026-10-25,20:20,Kansas City Chiefs,Seattle Seahawks,Kansas City Chiefs,145,Seattle Seahawks,-175
1193,2026-09-09 10:44:35 EDT,4853610e63c246f2027a6a248e642c9a,2026-10-26,20:15,Dallas Cowboys,Philadelphia Eagles,Dallas Cowboys,136,Philadelphia Eagles,-162
1194,2026-09-09 10:44:35 EDT,ab2865e9f2d4b012de8bc6fb6de11a7c,2026-10-29,20:15,Carolina Panthers,Green Bay Packers,Carolina Panthers,275,Green Bay Packers,-345
1195,2026-09-09 10:44:35 EDT,9255ca8f32aea590d00aa57de79f6bb6,2026-11-1,13:0,Arizona Cardinals,Dallas Cowboys,Arizona Cardinals,410,Dallas Cowboys,-550
1196,2026-09-09 10:44:35 EDT,921859689f5f8b3b8b1caf4248bdb1ec,2026-11-1,13:0,Atlanta Falcons,Tampa Bay Buccaneers,Atlanta Falcons,180,Tampa Bay Buccaneers,-218
1197,2026-09-09 10:44:35 EDT,c93c421e5fa46031a43162d111d981d0,2026-11-1,13:0,Baltimore Ravens,Buffalo Bills,Baltimore Ravens,114,Buffalo Bills,-135
1198,2026-09-09 10:44:35 EDT,9c5d8f57e0ba0fbd9ef436c1f0898f99,2026-11-1,13:0,Tennessee Titans,Cincinnati Bengals,Tennessee Titans,235,Cincinnati Bengals,-290
1199,2026-09-09 10:44:35 EDT,ab5ab731ab655bd6308bc7a922275518,2026-11-1,13:0,Cleveland Browns,Pittsburgh Steelers,Cleveland Browns,215,Pittsburgh Steelers,-265
1200,2026-09-09 10:44:35 EDT,52e7ee9c42525e6deec02da32dc2fad8,2026-11-1,13:0,Minnesota Vikings,Detroit Lions,Minnesota Vikings,185,Detroit Lions,-225
1201,2026-09-09 10:44:35 EDT,159dbf0253dd2038eda2212f84387f0c,2026-11-1,13:0,Indianapolis Colts,Jacksonville Jaguars,Indianapolis Colts,185,Jacksonville Jaguars,-225
1202,2026-09-09 10:44:35 EDT,98f1b121b793977434c046e76c707145,2026-11-1,13:0,Las Vegas Raiders,New York Jets,Las Vegas Raiders,105,New York Jets,-125
1203,2026-09-09 10:44:35 EDT,2ff84d3f6053d083c8c0a5bebf7cdd4c,2026-11-1,16:5,Los Angeles Chargers,Los Angeles Rams,Los Angeles Chargers,164,Los Angeles Rams,-198
1204,2026-09-09 10:44:35 EDT,f2a036d5edf483a277880014861e78ad,2026-11-1,16:25,Kansas City Chiefs,Denver Broncos,Kansas City Chiefs,105,Denver Broncos,-125
1205,2026-09-09 10:44:35 EDT,05405af79752f5e742cdf50b61f6745e,2026-11-1,16:25,New England Patriots,Miami Dolphins,Miami Dolphins,280,New England Patriots,-355
1206,2026-09-09 10:44:35 EDT,b9c60db63b1a19ad319f24b33c0defe8,2026-11-1,20:20,Philadelphia Eagles,Washington Commanders,Washington Commanders,105,Philadelphia Eagles,-125
1207,2026-09-09 10:44:35 EDT,7d664fbcd39350e559d83c0068ba7169,2026-11-2,20:20,Chicago Bears,Seattle Seahawks,Chicago Bears,180,Seattle Seahawks,-218
1208,2026-09-09 10:44:35 EDT,c75744790b7acf6260c78ba5e739c0e5,2026-11-5,20:15,Jacksonville Jaguars,Baltimore Ravens,Jacksonville Jaguars,170,Baltimore Ravens,-205
1209,2026-09-09 10:44:35 EDT,dc56d980f527ffeef89940133b211b13,2026-11-8,9:30,Cincinnati Bengals,Atlanta Falcons,Atlanta Falcons,190,Cincinnati Bengals,-230
1210,2026-09-09 10:44:35 EDT,014282b888c741b7d70c857c09f40aa7,2026-11-8,13:0,Denver Broncos,Carolina Panthers,Carolina Panthers,136,Denver Broncos,-162
1211,2026-09-09 10:44:35 EDT,e571bab6736f9338130a78a4f75c3231,2026-11-8,13:0,Cleveland Browns,New Orleans Saints,Cleveland Browns,160,New Orleans Saints,-192
1212,2026-09-09 10:44:35 EDT,415fc42e72888c63e82f7bce24c65391,2026-11-8,13:0,Dallas Cowboys,Indianapolis Colts,Indianapolis Colts,105,Dallas Cowboys,-125
1213,2026-09-09 10:44:35 EDT,44d8c37868b700e90f816db7c5df5cdd,2026-11-8,13:0,Detroit Lions,Miami Dolphins,Miami Dolphins,225,Detroit Lions,-278
1214,2026-09-09 10:44:35 EDT,e354e6a04b1cb9c96e549b863debb92e,2026-11-8,13:0,New York Jets,Kansas City Chiefs,New York Jets,350,Kansas City Chiefs,-455
1215,2026-09-09 10:44:35 EDT,89de07377e0aa8ffaa2ae6a7dc0855cc,2026-11-8,13:0,Los Angeles Rams,Washington Commanders,Washington Commanders,185,Los Angeles Rams,-225
1216,2026-09-09 10:44:35 EDT,fe93e6ab1e553c0169936a0a983c324f,2026-11-8,13:0,New York Giants,Philadelphia Eagles,New York Giants,195,Philadelphia Eagles,-238
1217,2026-09-09 10:44:35 EDT,39aeac43cea7b12558b91cdab1255a10,2026-11-8,16:5,Houston Texans,Los Angeles Chargers,Houston Texans,120,Los Angeles Chargers,-142
1218,2026-09-09 10:44:35 EDT,ac9d38a18d5c92814233a31aa9a48d78,2026-11-8,16:5,Las Vegas Raiders,San Francisco 49ers,Las Vegas Raiders,330,San Francisco 49ers,-425
1219,2026-09-09 10:44:35 EDT,240e23b02b1e3fef655d04a286b5a623,2026-11-8,16:25,Arizona Cardinals,Seattle Seahawks,Arizona Cardinals,575,Seattle Seahawks,-850
1220,2026-09-09 10:44:35 EDT,2922c573ec3df8466c4a34975e446898,2026-11-8,16:25,Green Bay Packers,New England Patriots,Green Bay Packers,105,New England Patriots,-125
1221,2026-09-09 10:44:35 EDT,9760d8f19f84bfee300a74ceb656c95d,2026-11-8,20:20,Tampa Bay Buccaneers,Chicago Bears,Tampa Bay Buccaneers,160,Chicago Bears,-192
1222,2026-09-09 10:44:35 EDT,17ad7eff2f7875e20a8109abe40470e3,2026-11-9,20:15,Buffalo Bills,Minnesota Vikings,Minnesota Vikings,142,Buffalo Bills,-170
1223,2026-09-09 10:44:35 EDT,74d39e19225caf211ad2c8eb4110179f,2026-11-12,20:15,Washington Commanders,New York Giants,Washington Commanders,105,New York Giants,-125
1224,2026-09-09 10:44:35 EDT,3c71d515b726f1096aabb435badb83fd,2026-11-15,13:0,Kansas City Chiefs,Atlanta Falcons,Atlanta Falcons,185,Kansas City Chiefs,-225
1225,2026-09-09 10:44:35 EDT,1057d50949844ddf483da9c8c20354be,2026-11-15,13:0,Buffalo Bills,New York Jets,New York Jets,275,Buffalo Bills,-345
1226,2026-09-09 10:44:35 EDT,e5aa20e1364dd639f042af1c2281bbe2,2026-11-15,13:0,Carolina Panthers,New Orleans Saints,Carolina Panthers,100,New Orleans Saints,-120
1227,2026-09-09 10:44:35 EDT,be0e03cc42fbc9b6962467b22c7bf9dd,2026-11-15,13:0,Houston Texans,Cleveland Browns,Cleveland Browns,170,Houston Texans,-205
1228,2026-09-09 10:44:35 EDT,5d8d85473b87f772a979ecf294acab94,2026-11-15,13:0,Minnesota Vikings,Green Bay Packers,Minnesota Vikings,200,Green Bay Packers,-245
1229,2026-09-09 10:44:35 EDT,b5700b4d938fd94429f60d4622cc9c0a,2026-11-15,13:0,Miami Dolphins,Indianapolis Colts,Miami Dolphins,245,Indianapolis Colts,-305
1230,2026-09-09 10:44:35 EDT,28800df7e768ecec14f116454d560f9b,2026-11-15,13:0,Jacksonville Jaguars,Tennessee Titans,Tennessee Titans,114,Jacksonville Jaguars,-135
1231,2026-09-09 10:44:35 EDT,6c932a965110f3f89ec4a5f1a6ac256e,2026-11-15,16:5,Los Angeles Rams,Arizona Cardinals,Arizona Cardinals,360,Los Angeles Rams,-470
1232,2026-09-09 10:44:35 EDT,6079a5cbabf99b265a17edfc92a1da60,2026-11-15,16:5,Seattle Seahawks,Las Vegas Raiders,Las Vegas Raiders,250,Seattle Seahawks,-310
1233,2026-09-09 10:44:35 EDT,7627192fd89b05120ab6c712aa23fd81,2026-11-15,16:25,San Francisco 49ers,Dallas Cowboys,San Francisco 49ers,100,Dallas Cowboys,-120
1234,2026-09-09 10:44:35 EDT,48e497c230e6c9afcb3b600091d28e17,2026-11-15,20:20,Pittsburgh Steelers,Cincinnati Bengals,Pittsburgh Steelers,160,Cincinnati Bengals,-192
1235,2026-09-09 10:44:35 EDT,35e3bdff558b5d1506251e814986f164,2026-11-16,20:15,Los Angeles Chargers,Baltimore Ravens,Los Angeles Chargers,150,Baltimore Ravens,-180
1236,2026-09-09 10:44:35 EDT,66f9e83cf025d58acee12bce18661fb3,2026-11-19,20:15,Indianapolis Colts,Houston Texans,Indianapolis Colts,195,Houston Texans,-238
1237,2026-09-09 10:44:35 EDT,403a88701352da05b0710a9e883b803e,2026-11-22,13:0,Arizona Cardinals,Kansas City Chiefs,Arizona Cardinals,440,Kansas City Chiefs,-600
1238,2026-09-09 10:44:35 EDT,4527f57f5bc32742d8194af1ccf7da7e,2026-11-22,13:0,Baltimore Ravens,Carolina Panthers,Carolina Panthers,180,Baltimore Ravens,-218
1239,2026-09-09 10:44:35 EDT,4c5b1c0843a260278e95eb93e7787576,2026-11-22,13:0,Miami Dolphins,Buffalo Bills,Miami Dolphins,470,Buffalo Bills,-650
1240,2026-09-09 10:44:35 EDT,3ea90704fb576633bd1e2fa5aafd9ea3,2026-11-22,13:0,New Orleans Saints,Chicago Bears,New Orleans Saints,230,Chicago Bears,-285
1241,2026-09-09 10:44:35 EDT,5e63079b678f8c13419adc169fff02d3,2026-11-22,13:0,Tennessee Titans,Dallas Cowboys,Tennessee Titans,230,Dallas Cowboys,-285
1242,2026-09-09 10:44:35 EDT,41e2dd69bddd65d7e823d9ed61cc2afc,2026-11-22,13:0,Tampa Bay Buccaneers,Detroit Lions,Tampa Bay Buccaneers,185,Detroit Lions,-225
1243,2026-09-09 10:44:35 EDT,8ba112fabf4e87639338a5f437c5abfe,2026-11-22,13:0,Jacksonville Jaguars,New York Giants,New York Giants,105,Jacksonville Jaguars,-125
1244,2026-09-09 10:44:35 EDT,4b20b742b6168aaca4f25d87f11b1526,2026-11-22,16:5,New York Jets,Los Angeles Chargers,New York Jets,330,Los Angeles Chargers,-425
1245,2026-09-09 10:44:35 EDT,1940706a79cbcbafacdcbf231069716b,2026-11-22,16:25,Las Vegas Raiders,Denver Broncos,Las Vegas Raiders,270,Denver Broncos,-340
1246,2026-09-09 10:44:35 EDT,cbe45bafcc2615fc1d96cbc12840377a,2026-11-22,16:25,Pittsburgh Steelers,Philadelphia Eagles,Pittsburgh Steelers,200,Philadelphia Eagles,-245
1247,2026-09-09 10:44:35 EDT,60e1d27b083a335b722c2c852ea85612,2026-11-22,20:20,Minnesota Vikings,San Francisco 49ers,Minnesota Vikings,160,San Francisco 49ers,-192
1248,2026-09-09 10:44:35 EDT,3a60ed1d20004aa4d4772b2c1a2272e7,2026-11-23,20:15,Cincinnati Bengals,Washington Commanders,Washington Commanders,105,Cincinnati Bengals,-125
1249,2026-09-09 10:44:35 EDT,5b612899d6dcdf998107f2c6c6e49a58,2026-11-25,20:0,Green Bay Packers,Los Angeles Rams,Green Bay Packers,185,Los Angeles Rams,-225
1250,2026-09-09 10:44:35 EDT,9b825e6518156008da499be041975fdd,2026-11-26,13:0,Chicago Bears,Detroit Lions,Chicago Bears,120,Detroit Lions,-142
1251,2026-09-09 10:44:35 EDT,ffaa06af56a7137d4b078c5c46c0b730,2026-11-26,15:30,Philadelphia Eagles,Dallas Cowboys,Philadelphia Eagles,105,Dallas Cowboys,-125
1252,2026-09-09 10:44:35 EDT,f36f518585aec40e8cb40e071c0844aa,2026-11-26,20:20,Kansas City Chiefs,Buffalo Bills,Kansas City Chiefs,124,Buffalo Bills,-148
1253,2026-09-09 10:44:35 EDT,44a3bcf5bd002583ddef2207a92dd977,2026-11-27,15:0,Denver Broncos,Pittsburgh Steelers,Pittsburgh Steelers,102,Denver Broncos,-122
1254,2026-09-09 10:44:35 EDT,6a05021bdb6bab24b9bb381ffff10f0c,2026-11-29,13:0,Atlanta Falcons,Minnesota Vikings,Atlanta Falcons,180,Minnesota Vikings,-218
1255,2026-09-09 10:44:35 EDT,60d0c074801985c1062795362a24200e,2026-11-29,13:0,Baltimore Ravens,Houston Texans,Baltimore Ravens,102,Houston Texans,-122
1256,2026-09-09 10:44:35 EDT,f7d3ae7a8fe2438cef7d7d7bc67e31db,2026-11-29,13:0,New Orleans Saints,Cincinnati Bengals,New Orleans Saints,235,Cincinnati Bengals,-290
1257,2026-09-09 10:44:35 EDT,eaa993c3d62d6b5aeb6142cdd7862fd5,2026-11-29,13:0,Las Vegas Raiders,Cleveland Browns,Las Vegas Raiders,102,Cleveland Browns,-122
1258,2026-09-09 10:44:35 EDT,e9da808e36e1b7475698a57465ad4519,2026-11-29,13:0,New York Giants,Indianapolis Colts,New York Giants,114,Indianapolis Colts,-135
1259,2026-09-09 10:44:35 EDT,81a8fee5b649a3ad5ad59e9528f2f376,2026-11-29,13:0,Tennessee Titans,Jacksonville Jaguars,Tennessee Titans,195,Jacksonville Jaguars,-238
1260,2026-09-09 10:44:35 EDT,5ea0e3ea5944b0ad5169f21c0787b331,2026-11-29,13:0,New York Jets,Miami Dolphins,New York Jets,105,Miami Dolphins,-125
1261,2026-09-09 10:44:35 EDT,69a1dbe9de3d3212c3a7a55be5d204ab,2026-11-29,16:25,Washington Commanders,Arizona Cardinals,Arizona Cardinals,180,Washington Commanders,-218
1262,2026-09-09 10:44:35 EDT,d68dced0b26726890b9c79bd19a5ffe5,2026-11-29,16:25,Seattle Seahawks,San Francisco 49ers,Seattle Seahawks,-110,San Francisco 49ers,-110
1263,2026-09-09 10:44:35 EDT,c64ceba13ede564e8658693e3171e7f9,2026-11-29,20:20,New England Patriots,Los Angeles Chargers,New England Patriots,105,Los Angeles Chargers,-125
1264,2026-09-09 10:44:35 EDT,2cdaecba7c0bff9b58a48a82e6ee17a7,2026-11-30,20:15,Carolina Panthers,Tampa Bay Buccaneers,Carolina Panthers,160,Tampa Bay Buccaneers,-192
1265,2026-09-09 10:44:35 EDT,06e52a676b516186989e3b181a37c8a7,2026-12-3,20:15,Kansas City Chiefs,Los Angeles Rams,Kansas City Chiefs,170,Los Angeles Rams,-205
1266,2026-09-09 10:44:35 EDT,c94419ba8fb818fc36a5b21b526aab75,2026-12-6,13:0,Detroit Lions,Atlanta Falcons,Atlanta Falcons,154,Detroit Lions,-185
1267,2026-09-09 10:44:35 EDT,0236f9aa68d65ea03bd1ca025b749c20,2026-12-6,13:0,Jacksonville Jaguars,Chicago Bears,Jacksonville Jaguars,130,Chicago Bears,-155
1268,2026-09-09 10:44:35 EDT,b447fab53534af892f98a74eae26c1c6,2026-12-6,13:0,Cincinnati Bengals,Cleveland Browns,Cleveland Browns,185,Cincinnati Bengals,-225
1269,2026-09-09 10:44:35 EDT,9a55467e1cd6310ae2af20d8154612e1,2026-12-6,13:0,Miami Dolphins,Denver Broncos,Miami Dolphins,350,Denver Broncos,-455
1270,2026-09-09 10:44:35 EDT,1ccb61b811b7aae4270df22a67e6459f,2026-12-6,13:0,Green Bay Packers,New Orleans Saints,New Orleans Saints,185,Green Bay Packers,-225
1271,2026-09-09 10:44:35 EDT,f8a92363386bd337975650879086cca6,2026-12-6,13:0,Los Angeles Chargers,Tampa Bay Buccaneers,Tampa Bay Buccaneers,120,Los Angeles Chargers,-142
1272,2026-09-09 10:44:35 EDT,a5495c3360b3bb13da76ba23a675c9ef,2026-12-6,13:0,San Francisco 49ers,New York Giants,New York Giants,140,San Francisco 49ers,-166
1273,2026-09-09 10:44:35 EDT,ae3429e95ee704c7fd001cade20072d0,2026-12-6,13:0,Washington Commanders,Tennessee Titans,Tennessee Titans,105,Washington Commanders,-125
1274,2026-09-09 10:44:35 EDT,f4897f48a5351881280f7598bd826408,2026-12-6,16:5,Philadelphia Eagles,Arizona Cardinals,Arizona Cardinals,310,Philadelphia Eagles,-395
1275,2026-09-09 10:44:35 EDT,4116dbff75ab7957b69c2152f204b74d,2026-12-6,16:25,Buffalo Bills,New England Patriots,Buffalo Bills,102,New England Patriots,-122
1276,2026-09-09 10:44:35 EDT,c186c605febd6370b292469c9151cfb3,2026-12-6,16:25,Carolina Panthers,Minnesota Vikings,Carolina Panthers,160,Minnesota Vikings,-192
1277,2026-09-09 10:44:35 EDT,26bf8e165d2d273ed0772a355f07ab16,2026-12-6,20:20,Houston Texans,Pittsburgh Steelers,Pittsburgh Steelers,105,Houston Texans,-125
1278,2026-09-09 10:44:35 EDT,0db4646c964ecdff19957373fe707546,2026-12-7,20:15,Dallas Cowboys,Seattle Seahawks,Dallas Cowboys,185,Seattle Seahawks,-225
1279,2026-09-09 10:44:35 EDT,01548e41e7ba5318bb25c9bc2a32f73d,2026-12-10,20:15,Minnesota Vikings,New England Patriots,Minnesota Vikings,180,New England Patriots,-218
1280,2026-09-09 10:44:35 EDT,f7fba6b1804e02292ee0ce4738484258,2026-12-13,13:0,Atlanta Falcons,Cleveland Browns,Atlanta Falcons,105,Cleveland Browns,-125
1281,2026-09-09 10:44:35 EDT,bec99e2f2b4c80e345731d69ee38d831,2026-12-13,13:0,Tampa Bay Buccaneers,Baltimore Ravens,Tampa Bay Buccaneers,210,Baltimore Ravens,-258
1282,2026-09-09 10:44:35 EDT,dcc7b377d3b3ec990304612bbef47d3d,2026-12-13,13:0,New Orleans Saints,Carolina Panthers,New Orleans Saints,114,Carolina Panthers,-135
1283,2026-09-09 10:44:35 EDT,2c6added7199a59f1e9dae8492c29da4,2026-12-13,13:0,Chicago Bears,Miami Dolphins,Miami Dolphins,200,Chicago Bears,-245
1284,2026-09-09 10:44:35 EDT,5185ace33aebc87d39074147940f2fa5,2026-12-13,13:0,Denver Broncos,New York Jets,New York Jets,190,Denver Broncos,-230
1285,2026-09-09 10:44:35 EDT,a31f461ccd92e1072f23ccfae281ae9a,2026-12-13,13:0,Tennessee Titans,Detroit Lions,Tennessee Titans,285,Detroit Lions,-360
1286,2026-09-09 10:44:35 EDT,5dc9cb8fba610d682dc670ae4e7d59f3,2026-12-13,13:0,Houston Texans,Washington Commanders,Washington Commanders,102,Houston Texans,-122
1287,2026-09-09 10:44:35 EDT,45203f985f8d1567ad19b0617dd267f8,2026-12-13,13:0,Indianapolis Colts,Philadelphia Eagles,Indianapolis Colts,200,Philadelphia Eagles,-245
1288,2026-09-09 10:44:35 EDT,484c491dc1dee090d740ba077b7d9709,2026-12-13,16:5,Los Angeles Chargers,Las Vegas Raiders,Las Vegas Raiders,190,Los Angeles Chargers,-230
1289,2026-09-09 10:44:35 EDT,180b5fa7ea6bd0d2d9ddb9ba5ee38cc0,2026-12-13,16:25,Kansas City Chiefs,Cincinnati Bengals,Kansas City Chiefs,105,Cincinnati Bengals,-125
1290,2026-09-09 10:44:35 EDT,6174916c7e2df8d1b80a88cfbd259d44,2026-12-13,16:25,Los Angeles Rams,San Francisco 49ers,San Francisco 49ers,110,Los Angeles Rams,-130
1291,2026-09-09 10:44:35 EDT,f5ab9d8455daf9e2a6c4c443fe0cd19f,2026-12-13,16:25,New York Giants,Seattle Seahawks,New York Giants,295,Seattle Seahawks,-375
1292,2026-09-09 10:44:35 EDT,c4877c048defcb80e0ab37c0688f37f6,2026-12-13,20:20,Buffalo Bills,Green Bay Packers,Buffalo Bills,105,Green Bay Packers,-125
1293,2026-09-09 10:44:35 EDT,690e2ee2ed5f0875f7cbaecdc51373f5,2026-12-14,20:15,Pittsburgh Steelers,Jacksonville Jaguars,Pittsburgh Steelers,136,Jacksonville Jaguars,-162
1294,2026-09-09 10:44:35 EDT,790af233087803c297861901ffa271d7,2026-12-17,20:15,San Francisco 49ers,Los Angeles Chargers,San Francisco 49ers,120,Los Angeles Chargers,-142
1295,2026-09-09 10:44:35 EDT,171aba127aaad3dcbe32a02fc194eb32,2026-12-19,17:0,Seattle Seahawks,Philadelphia Eagles,Seattle Seahawks,105,Philadelphia Eagles,-125
1296,2026-09-09 10:44:35 EDT,784568b1df055bf7eb8780c110d5e910,2026-12-19,20:20,Chicago Bears,Buffalo Bills,Chicago Bears,154,Buffalo Bills,-185
1297,2026-09-09 10:44:35 EDT,5931eee49f5f2656a5344e1388a68816,2026-12-20,13:0,Atlanta Falcons,Washington Commanders,Atlanta Falcons,154,Washington Commanders,-185
1298,2026-09-09 10:44:35 EDT,2f4b1899c1c278947920e0254b682d90,2026-12-20,13:0,Baltimore Ravens,Pittsburgh Steelers,Pittsburgh Steelers,124,Baltimore Ravens,-148
1299,2026-09-09 10:44:35 EDT,000fc688beb4fc004ecdad115d9adb1c,2026-12-20,13:0,Cincinnati Bengals,Carolina Panthers,Carolina Panthers,124,Cincinnati Bengals,-148
1300,2026-09-09 10:44:35 EDT,1cb23c83ae4af84cffcdae6b31d06e83,2026-12-20,13:0,Cleveland Browns,New York Giants,Cleveland Browns,180,New York Giants,-218
1301,2026-09-09 10:44:35 EDT,99719df35bc2efdcc72096f865ed8841,2026-12-20,13:0,Miami Dolphins,Green Bay Packers,Miami Dolphins,470,Green Bay Packers,-650
1302,2026-09-09 10:44:35 EDT,29211b6e78461220a2833184233f70e5,2026-12-20,13:0,Jacksonville Jaguars,Houston Texans,Jacksonville Jaguars,136,Houston Texans,-162
1303,2026-09-09 10:44:35 EDT,3b696c07ff6a1ef461d023a73db17584,2026-12-20,13:0,Indianapolis Colts,Tennessee Titans,Tennessee Titans,105,Indianapolis Colts,-125
1304,2026-09-09 10:44:35 EDT,e15a91cebf3480ff0b93b4fbacb09797,2026-12-20,13:0,New Orleans Saints,Tampa Bay Buccaneers,New Orleans Saints,164,Tampa Bay Buccaneers,-198
1305,2026-09-09 10:44:35 EDT,d8cd12e7684fa2aa39f5b188ef6e62e0,2026-12-20,16:5,New York Jets,Arizona Cardinals,New York Jets,-110,Arizona Cardinals,-110
1306,2026-09-09 10:44:35 EDT,77396e9d565860fbfd05779028223a8a,2026-12-20,16:25,Dallas Cowboys,Los Angeles Rams,Dallas Cowboys,200,Los Angeles Rams,-245
1307,2026-09-09 10:44:35 EDT,9f507007b9c0a7082c1471a5fa841336,2026-12-20,16:25,Denver Broncos,Las Vegas Raiders,Las Vegas Raiders,170,Denver Broncos,-205
1308,2026-09-09 10:44:35 EDT,b34897a0368d570291d44e176c0c2331,2026-12-20,20:20,Detroit Lions,Minnesota Vikings,Minnesota Vikings,102,Detroit Lions,-122
1309,2026-09-09 10:44:35 EDT,b2759105c27a25289ea1938f290c50fd,2026-12-21,20:15,New England Patriots,Kansas City Chiefs,New England Patriots,120,Kansas City Chiefs,-142
1310,2026-09-09 10:44:35 EDT,3f226ec5402c6ec4d84a59be80c2fa67,2026-12-24,20:15,Houston Texans,Philadelphia Eagles,Houston Texans,114,Philadelphia Eagles,-135
1311,2026-09-09 10:44:35 EDT,2828c07018dfafbe96aba205809cc7ac,2026-12-25,13:0,Green Bay Packers,Chicago Bears,Green Bay Packers,-102,Chicago Bears,-118
1312,2026-09-09 10:44:35 EDT,126f27c71e8130ef87de0d137e833d9b,2026-12-25,16:30,Buffalo Bills,Denver Broncos,Denver Broncos,110,Buffalo Bills,-130
1313,2026-09-09 10:44:35 EDT,f1af9705dbd2bbe4f1555f080ad06ba2,2026-12-25,20:15,Los Angeles Rams,Seattle Seahawks,Los Angeles Rams,110,Seattle Seahawks,-130
1314,2026-09-09 10:44:35 EDT,8fd00347b6d77ce384d83cba814430d7,2026-12-27,13:0,Arizona Cardinals,New Orleans Saints,Arizona Cardinals,205,New Orleans Saints,-250
1315,2026-09-09 10:44:35 EDT,bd13d00f06ad222b0a1b6ea4d0add763,2026-12-27,13:0,Tampa Bay Buccaneers,Atlanta Falcons,Atlanta Falcons,105,Tampa Bay Buccaneers,-125
1316,2026-09-09 10:44:35 EDT,0f23afce92c2f0af28973c0a7533763e,2026-12-27,13:0,Cleveland Browns,Baltimore Ravens,Cleveland Browns,330,Baltimore Ravens,-425
1317,2026-09-09 10:44:35 EDT,74cb0e112d069cdbda1671ae85531f43,2026-12-27,13:0,Carolina Panthers,Pittsburgh Steelers,Carolina Panthers,160,Pittsburgh Steelers,-192
1318,2026-09-09 10:44:35 EDT,ca8982dccb6c3ae01525800317287f02,2026-12-27,13:0,Cincinnati Bengals,Indianapolis Colts,Indianapolis Colts,105,Cincinnati Bengals,-125
1319,2026-09-09 10:44:35 EDT,29425f5c68826d615277cf9be2b82e00,2026-12-27,13:0,Tennessee Titans,Las Vegas Raiders,Tennessee Titans,105,Las Vegas Raiders,-125
1320,2026-09-09 10:44:35 EDT,fe2eb511d4c2da3a8e88b85b4f4e9f7e,2026-12-27,13:0,Los Angeles Chargers,Miami Dolphins,Miami Dolphins,285,Los Angeles Chargers,-360
1321,2026-09-09 10:44:35 EDT,cf5cefa5556bcd0156bd394171ef6c8e,2026-12-27,13:0,Washington Commanders,Minnesota Vikings,Washington Commanders,120,Minnesota Vikings,-142
1322,2026-09-09 10:44:35 EDT,669a7b568c2a64f9a136dadb0eda1da8,2026-12-27,13:0,New England Patriots,New York Jets,New York Jets,225,New England Patriots,-278
1323,2026-09-09 10:44:35 EDT,fc7cce3ae7c73cc7151357829e11b6d5,2026-12-27,16:25,San Francisco 49ers,Kansas City Chiefs,San Francisco 49ers,130,Kansas City Chiefs,-155
1324,2026-09-09 10:44:35 EDT,b1c4ec04c3398a9efa25492000858384,2026-12-27,20:20,Jacksonville Jaguars,Dallas Cowboys,Jacksonville Jaguars,136,Dallas Cowboys,-162
1325,2026-09-09 10:44:35 EDT,ca92c191ebf7361ea56f9bbc09a5f51b,2026-12-28,20:15,New York Giants,Detroit Lions,New York Giants,170,Detroit Lions,-205
1326,2026-09-09 10:44:35 EDT,be268ce293cf4fad1c0c867a3ca4c257,2026-12-31,20:15,Baltimore Ravens,Cincinnati Bengals,Baltimore Ravens,114,Cincinnati Bengals,-135
1327,2026-09-09 10:44:35 EDT,e5dd9cc3fd5452d55c250949e946743d,2027-1-3,13:0,New Orleans Saints,Atlanta Falcons,New Orleans Saints,102,Atlanta Falcons,-122
1328,2026-09-09 10:44:35 EDT,d9a186d988a3ede2a33e504f4890fe52,2027-1-3,13:0,Buffalo Bills,Miami Dolphins,Miami Dolphins,300,Buffalo Bills,-380
1329,2026-09-09 10:44:35 EDT,b009f04b4f61b264a5163157c3439dc1,2027-1-3,13:0,Seattle Seahawks,Carolina Panthers,Carolina Panthers,200,Seattle Seahawks,-245
1330,2026-09-09 10:44:35 EDT,f2e03f9b857485bb13211ee0f5eb5935,2027-1-3,13:0,Indianapolis Colts,Cleveland Browns,Cleveland Browns,114,Indianapolis Colts,-135
1331,2026-09-09 10:44:35 EDT,c8945d476449633912cf51a346ac98ca,2027-1-3,13:0,New York Giants,Dallas Cowboys,New York Giants,180,Dallas Cowboys,-218
1332,2026-09-09 10:44:35 EDT,f62dba1e231083f489c391271a1f171c,2027-1-3,13:0,Denver Broncos,New England Patriots,Denver Broncos,114,New England Patriots,-135
1333,2026-09-09 10:44:35 EDT,c96a3e9e40569b4ed5a546dff131c61d,2027-1-3,13:0,Washington Commanders,Jacksonville Jaguars,Washington Commanders,154,Jacksonville Jaguars,-185
1334,2026-09-09 10:44:35 EDT,419106b9bcc9f7ef39cfc2d1ee9a3f87,2027-1-3,13:0,Los Angeles Rams,Tampa Bay Buccaneers,Tampa Bay Buccaneers,170,Los Angeles Rams,-205
1335,2026-09-09 10:44:35 EDT,bfe51fa0034c9d22a69ffd80e2d717f5,2027-1-3,13:0,Minnesota Vikings,New York Jets,New York Jets,154,Minnesota Vikings,-185
1336,2026-09-09 10:44:35 EDT,d0ffa5ed13cbd7610f9176041464404a,2027-1-3,13:0,Pittsburgh Steelers,Tennessee Titans,Tennessee Titans,105,Pittsburgh Steelers,-125
1337,2026-09-09 10:44:35 EDT,08abdb683fcb6d77f66baed136f47283,2027-1-3,16:5,Las Vegas Raiders,Arizona Cardinals,Arizona Cardinals,110,Las Vegas Raiders,-130
1338,2026-09-09 10:44:35 EDT,12089441cea51add4694cdde98b4a5b7,2027-1-3,16:25,Detroit Lions,Chicago Bears,Detroit Lions,102,Chicago Bears,-122
1339,2026-09-09 10:44:35 EDT,67d842cb73300ef923959105698b63bb,2027-1-3,16:25,Kansas City Chiefs,Los Angeles Chargers,Kansas City Chiefs,105,Los Angeles Chargers,-125
1340,2026-09-09 10:44:35 EDT,e7820b1226edbb1ef1fddce6b20f963d,2027-1-3,20:20,Philadelphia Eagles,San Francisco 49ers,Philadelphia Eagles,105,San Francisco 49ers,-125
1341,2026-09-09 10:44:35 EDT,37bc346543da471e067b695b862ccfe9,2027-1-4,20:15,Houston Texans,Green Bay Packers,Houston Texans,114,Green Bay Packers,-135
1342,2026-09-09 10:44:35 EDT,7f809a45bc8baedf0cb0259e7da7cd29,2027-1-10,13:0,Atlanta Falcons,Carolina Panthers,Atlanta Falcons,114,Carolina Panthers,-135
1343,2026-09-09 10:44:35 EDT,d7da5587a88a7fc35c36b453d3264d5a,2027-1-10,13:0,Pittsburgh Steelers,Baltimore Ravens,Pittsburgh Steelers,190,Baltimore Ravens,-230
1344,2026-09-09 10:44:35 EDT,97cbd9ad26dff1af47192120defe112d,2027-1-10,13:0,New York Jets,Buffalo Bills,New York Jets,370,Buffalo Bills,-485
1345,2026-09-09 10:44:35 EDT,d190fb7ea85c33b96a495041dad22142,2027-1-10,13:0,Chicago Bears,Minnesota Vikings,Chicago Bears,105,Minnesota Vikings,-125
1346,2026-09-09 10:44:35 EDT,8c16104c8afc72b583531508b2aa1c33,2027-1-10,13:0,Cleveland Browns,Cincinnati Bengals,Cleveland Browns,285,Cincinnati Bengals,-360
1347,2026-09-09 10:44:35 EDT,3f460f14b810d7bf642bdf7b658530c0,2027-1-10,13:0,Dallas Cowboys,Washington Commanders,Washington Commanders,102,Dallas Cowboys,-122
1348,2026-09-09 10:44:35 EDT,71d0d10e384393c1e071c39dd3931c19,2027-1-10,13:0,Los Angeles Chargers,Denver Broncos,Los Angeles Chargers,102,Denver Broncos,-122
1349,2026-09-09 10:44:35 EDT,8f81778bbdb984be44e24a3d55a49b4d,2027-1-10,13:0,Detroit Lions,Green Bay Packers,Detroit Lions,114,Green Bay Packers,-135
1350,2026-09-09 10:44:35 EDT,9bb63096709ba607443c454d2a813b14,2027-1-10,13:0,Tennessee Titans,Houston Texans,Tennessee Titans,240,Houston Texans,-298
1351,2026-09-09 10:44:35 EDT,bea47af467e217653bba8d69888e4d95,2027-1-10,13:0,Jacksonville Jaguars,Indianapolis Colts,Jacksonville Jaguars,102,Indianapolis Colts,-122
1352,2026-09-09 10:44:35 EDT,bb66a6f02c535c0cd8b9c689a5513687,2027-1-10,13:0,Las Vegas Raiders,Kansas City Chiefs,Las Vegas Raiders,300,Kansas City Chiefs,-380
1353,2026-09-09 10:44:35 EDT,f370f9410ef82b37bd15d1719434370b,2027-1-10,13:0,Miami Dolphins,New England Patriots,Miami Dolphins,425,New England Patriots,-575
1354,2026-09-09 10:44:35 EDT,7b8ce34c0e173e4ff6ccf8e8caa09113,2027-1-10,13:0,Tampa Bay Buccaneers,New Orleans Saints,New Orleans Saints,102,Tampa Bay Buccaneers,-122
1355,2026-09-09 10:44:35 EDT,01baed6f9d6482c5d89d37379c7c63c7,2027-1-10,13:0,Philadelphia Eagles,New York Giants,New York Giants,130,Philadelphia Eagles,-155
1356,2026-09-09 10:44:35 EDT,f1480276ab67dcf60686556ba9336695,2027-1-10,16:5,San Francisco 49ers,Arizona Cardinals,Arizona Cardinals,320,San Francisco 49ers,-410
1357,2026-09-09 10:44:35 EDT,dc2d9177b48e6f3962dabb1407aba7d3,2027-1-10,16:5,Seattle Seahawks,Los Angeles Rams,Seattle Seahawks,136,Los Angeles Rams,-162
1358,2026-09-10 09:42:32 EDT,acc580d74344ea3b31bbcdd057fe6a9c,2026-9-10,20:35,San Francisco 49ers,Los Angeles Rams,San Francisco 49ers,164,Los Angeles Rams,-198
1359,2026-09-10 09:42:32 EDT,95c01d1bb797d6df14824b106c5a9130,2026-9-13,13:0,Atlanta Falcons,Pittsburgh Steelers,Atlanta Falcons,154,Pittsburgh Steelers,-185
1360,2026-09-10 09:42:32 EDT,b6cfdcbafa61ce220ba87dc2d9b80c77,2026-9-13,13:0,Baltimore Ravens,Indianapolis Colts,Indianapolis Colts,145,Baltimore Ravens,-175
1361,2026-09-10 09:42:32 EDT,7e09efed7e12c659b82740b67ce2f9a1,2026-9-13,13:0,Buffalo Bills,Houston Texans,Houston Texans,100,Buffalo Bills,-120
1362,2026-09-10 09:42:32 EDT,fc362aff0d889ec52d358307a70c32ed,2026-9-13,13:0,Chicago Bears,Carolina Panthers,Carolina Panthers,136,Chicago Bears,-162
1363,2026-09-10 09:42:32 EDT,ed6d24ff979f9c71979fead577b0b3f7,2026-9-13,13:0,Tampa Bay Buccaneers,Cincinnati Bengals,Tampa Bay Buccaneers,164,Cincinnati Bengals,-198
1364,2026-09-10 09:42:32 EDT,e55c6fe19fce094ce214c8b0e5b504e9,2026-9-13,13:0,Cleveland Browns,Jacksonville Jaguars,Cleveland Browns,350,Jacksonville Jaguars,-455
1365,2026-09-10 09:42:32 EDT,c1d3fcec25aaeb06ebd2244d33d338e0,2026-9-13,13:0,New Orleans Saints,Detroit Lions,New Orleans Saints,250,Detroit Lions,-310
1366,2026-09-10 09:42:32 EDT,7dddb296a42e7a41a774b24bd1709ce1,2026-9-13,13:0,New York Jets,Tennessee Titans,New York Jets,105,Tennessee Titans,-125
1367,2026-09-10 09:42:32 EDT,1edfa5ceaa1ad2cb57df1c1b908731f6,2026-9-13,16:25,Arizona Cardinals,Los Angeles Chargers,Arizona Cardinals,380,Los Angeles Chargers,-500
1368,2026-09-10 09:42:32 EDT,cb77efed7e711d25a72c1a2a0a1af119,2026-9-13,16:25,Green Bay Packers,Minnesota Vikings,Green Bay Packers,102,Minnesota Vikings,-122
1369,2026-09-10 09:42:32 EDT,c5d95f48a16849ab6bebc68fbbfcb74a,2026-9-13,16:25,Miami Dolphins,Las Vegas Raiders,Miami Dolphins,140,Las Vegas Raiders,-166
1370,2026-09-10 09:42:32 EDT,17885cb8dcade8f6c3bce14b2de805e8,2026-9-13,16:25,Washington Commanders,Philadelphia Eagles,Washington Commanders,180,Philadelphia Eagles,-218
1371,2026-09-10 09:42:32 EDT,3e646c7479c57f5d9752d8c7dfe7059b,2026-9-13,20:20,Dallas Cowboys,New York Giants,New York Giants,136,Dallas Cowboys,-162
1372,2026-09-10 09:42:32 EDT,5ad8135dc2b5f27de0b777acd317855a,2026-9-14,20:15,Denver Broncos,Kansas City Chiefs,Denver Broncos,124,Kansas City Chiefs,-148
1373,2026-09-10 09:42:32 EDT,56e8897681915f7ec92baeee952bb1ae,2026-9-17,20:15,Detroit Lions,Buffalo Bills,Detroit Lions,136,Buffalo Bills,-162
1374,2026-09-10 09:42:32 EDT,aee7eae1849ebb103b9bf233e9741392,2026-9-20,13:0,Carolina Panthers,Atlanta Falcons,Carolina Panthers,102,Atlanta Falcons,-122
1375,2026-09-10 09:42:32 EDT,2143ade9684fd876b68a4e8cbf451f05,2026-9-20,13:0,New Orleans Saints,Baltimore Ravens,New Orleans Saints,280,Baltimore Ravens,-355
1376,2026-09-10 09:42:32 EDT,0283a29e1b38ef78b29b904fd56a16dd,2026-9-20,13:0,Minnesota Vikings,Chicago Bears,Minnesota Vikings,142,Chicago Bears,-170
1377,2026-09-10 09:42:32 EDT,36ad2fa722f4915ef23d2c81351261de,2026-9-20,13:0,Cincinnati Bengals,Houston Texans,Cincinnati Bengals,124,Houston Texans,-148
1378,2026-09-10 09:42:32 EDT,0636ebff776d43f8c829a36713c80b22,2026-9-20,13:0,Cleveland Browns,Tampa Bay Buccaneers,Cleveland Browns,230,Tampa Bay Buccaneers,-285
1379,2026-09-10 09:42:32 EDT,4aeee070bb6ec60bdfae4dede61b9014,2026-9-20,13:0,Green Bay Packers,New York Jets,New York Jets,200,Green Bay Packers,-245
1380,2026-09-10 09:42:32 EDT,fafc649c455e32a0f2ba1bd06e2039bc,2026-9-20,13:0,Philadelphia Eagles,Tennessee Titans,Tennessee Titans,190,Philadelphia Eagles,-230
1381,2026-09-10 09:42:32 EDT,1fd6628c781f556a7a19638e97d7107f,2026-9-20,16:5,Jacksonville Jaguars,Denver Broncos,Jacksonville Jaguars,130,Denver Broncos,-155
1382,2026-09-10 09:42:32 EDT,71b3b83747589efdc5baef2c5cf811bf,2026-9-20,16:5,Las Vegas Raiders,Los Angeles Chargers,Las Vegas Raiders,310,Los Angeles Chargers,-395
1383,2026-09-10 09:42:32 EDT,85ef85098ddd22fe4ecf45e7e3c0a9c0,2026-9-20,16:25,Washington Commanders,Dallas Cowboys,Washington Commanders,170,Dallas Cowboys,-205
1384,2026-09-10 09:42:32 EDT,68bc55903f50af4af4766adcc89fcc61,2026-9-20,16:25,Miami Dolphins,San Francisco 49ers,Miami Dolphins,490,San Francisco 49ers,-675
1385,2026-09-10 09:42:32 EDT,50bc247030707d823b9c3581d7eb5760,2026-9-20,20:20,Indianapolis Colts,Kansas City Chiefs,Indianapolis Colts,260,Kansas City Chiefs,-325
1386,2026-09-10 09:42:32 EDT,32367f882fac1a0c20a6335619922025,2026-9-21,20:15,New York Giants,Los Angeles Rams,New York Giants,370,Los Angeles Rams,-485
1387,2026-09-10 09:42:32 EDT,e5fbd3b3953b896b1bf897ddadb3cc4b,2026-9-24,20:15,Atlanta Falcons,Green Bay Packers,Atlanta Falcons,295,Green Bay Packers,-375
1388,2026-09-10 09:42:32 EDT,b225458a282e140c44c45651255f2f6c,2026-9-27,13:0,Los Angeles Chargers,Buffalo Bills,Los Angeles Chargers,136,Buffalo Bills,-162
1389,2026-09-10 09:42:32 EDT,613b8cd3a5fab58f7be4e3fd6f76223e,2026-9-27,13:0,Carolina Panthers,Cleveland Browns,Cleveland Browns,105,Carolina Panthers,-125
1390,2026-09-10 09:42:32 EDT,71123be049587b6facce3a20c53e5d09,2026-9-27,13:0,Cincinnati Bengals,Pittsburgh Steelers,Pittsburgh Steelers,105,Cincinnati Bengals,-125
1391,2026-09-10 09:42:32 EDT,07f552badfa8a565d1be22123713e4da,2026-9-27,13:0,New York Jets,Detroit Lions,New York Jets,320,Detroit Lions,-410
1392,2026-09-10 09:42:32 EDT,17a730b7d399feeab6a78c30767c29d2,2026-9-27,13:0,Houston Texans,Indianapolis Colts,Indianapolis Colts,102,Houston Texans,-122
1393,2026-09-10 09:42:32 EDT,0339a0e41bcee12820eb3e64bb5fadb4,2026-9-27,13:0,Kansas City Chiefs,Miami Dolphins,Miami Dolphins,340,Kansas City Chiefs,-440
1394,2026-09-10 09:42:32 EDT,555afd4a27aaa392662881cffa8f2eef,2026-9-27,13:0,Tennessee Titans,New York Giants,Tennessee Titans,140,New York Giants,-166
1395,2026-09-10 09:42:32 EDT,9d2b09e0f9b6dd5ce0d985894f4f98fa,2026-9-27,16:5,Arizona Cardinals,San Francisco 49ers,Arizona Cardinals,490,San Francisco 49ers,-675
1396,2026-09-10 09:42:32 EDT,f1724dead3eab61546033032fc782375,2026-9-27,16:5,Minnesota Vikings,Tampa Bay Buccaneers,Minnesota Vikings,105,Tampa Bay Buccaneers,-125
1397,2026-09-10 09:42:32 EDT,84cfca14efc21363fd605508404cf1ff,2026-9-27,16:25,Baltimore Ravens,Dallas Cowboys,Dallas Cowboys,114,Baltimore Ravens,-135
1398,2026-09-10 09:42:32 EDT,2e523fcb0497aa689473e290eb2b97de,2026-9-27,16:25,Las Vegas Raiders,New Orleans Saints,Las Vegas Raiders,154,New Orleans Saints,-185
1399,2026-09-10 09:42:32 EDT,3bfd8bfb4b8e9a365a0877879b73b16b,2026-9-27,20:20,Los Angeles Rams,Denver Broncos,Denver Broncos,130,Los Angeles Rams,-155
1400,2026-09-10 09:42:32 EDT,47dc7baa254659f3beb2ed2b38c207b6,2026-9-28,20:15,Philadelphia Eagles,Chicago Bears,Philadelphia Eagles,-102,Chicago Bears,-118
1401,2026-09-10 09:42:32 EDT,d55cb69fed50a09170560b5b75d8de86,2026-10-1,20:15,Pittsburgh Steelers,Cleveland Browns,Cleveland Browns,114,Pittsburgh Steelers,-135
1402,2026-09-10 09:42:32 EDT,c9d8ed8aa4889486eaf10a630138ede0,2026-10-4,9:30,Indianapolis Colts,Washington Commanders,Indianapolis Colts,-102,Washington Commanders,-118
1403,2026-09-10 09:42:32 EDT,664e6bda5721dc63be16bcf7d962a436,2026-10-4,13:0,Arizona Cardinals,New York Giants,Arizona Cardinals,260,New York Giants,-325
1404,2026-09-10 09:42:32 EDT,f01589b0e7e6dd4f4ac1220a1db81f53,2026-10-4,13:0,Tennessee Titans,Baltimore Ravens,Tennessee Titans,300,Baltimore Ravens,-380
1405,2026-09-10 09:42:32 EDT,164e6eb68f31bac190381903c3cccd31,2026-10-4,13:0,New York Jets,Chicago Bears,New York Jets,330,Chicago Bears,-425
1406,2026-09-10 09:42:32 EDT,2ea94ddf20f66432b9024fe2e2eaba5f,2026-10-4,13:0,Jacksonville Jaguars,Cincinnati Bengals,Jacksonville Jaguars,114,Cincinnati Bengals,-135
1407,2026-09-10 09:42:32 EDT,daf55e2df5341c007fee5a0fc5bbc2d4,2026-10-4,13:0,Dallas Cowboys,Houston Texans,Dallas Cowboys,114,Houston Texans,-135
1408,2026-09-10 09:42:32 EDT,99a9bae4dc0dc2590496bd3102b211f2,2026-10-4,13:0,Green Bay Packers,Tampa Bay Buccaneers,Tampa Bay Buccaneers,105,Green Bay Packers,-125
1409,2026-09-10 09:42:32 EDT,1b4f2e60ce83fa1d63a5dff83769d27c,2026-10-4,13:0,Los Angeles Rams,Philadelphia Eagles,Philadelphia Eagles,105,Los Angeles Rams,-125
1410,2026-09-10 09:42:32 EDT,c327223d76a3b7b0db8c6c104442f44b,2026-10-4,16:5,Miami Dolphins,Minnesota Vikings,Miami Dolphins,310,Minnesota Vikings,-395
1411,2026-09-10 09:42:32 EDT,a7e7efb75a9792ac63480ae6328dca18,2026-10-4,16:25,Denver Broncos,San Francisco 49ers,Denver Broncos,120,San Francisco 49ers,-142
1412,2026-09-10 09:42:32 EDT,e0cbd266dcf997089203a1b33ba0333d,2026-10-4,16:25,Kansas City Chiefs,Las Vegas Raiders,Las Vegas Raiders,205,Kansas City Chiefs,-250
1413,2026-09-10 09:42:32 EDT,a73a76599a4f3422803e57bd8f61b626,2026-10-4,20:20,Detroit Lions,Carolina Panthers,Carolina Panthers,136,Detroit Lions,-162
1414,2026-09-10 09:42:32 EDT,8bd90781e17e6d97df3941063cedae1e,2026-10-5,20:15,Atlanta Falcons,New Orleans Saints,Atlanta Falcons,120,New Orleans Saints,-142
1415,2026-09-10 09:42:32 EDT,259b5df9aa0d10257f56de78523495e0,2026-10-8,20:15,Tampa Bay Buccaneers,Dallas Cowboys,Tampa Bay Buccaneers,170,Dallas Cowboys,-205
1416,2026-09-10 09:42:32 EDT,21b26266f3d78af02eb672e606275d95,2026-10-11,9:30,Philadelphia Eagles,Jacksonville Jaguars,Jacksonville Jaguars,105,Philadelphia Eagles,-125
1417,2026-09-10 09:42:32 EDT,c4647ca1201e6768501877267ca8251b,2026-10-11,13:0,Cincinnati Bengals,Miami Dolphins,Miami Dolphins,225,Cincinnati Bengals,-278
1418,2026-09-10 09:42:32 EDT,9db4ed15fe34fca1fb62f040cd244591,2026-10-11,13:0,Cleveland Browns,New York Jets,Cleveland Browns,110,New York Jets,-130
1419,2026-09-10 09:42:32 EDT,cc52bba56e74f5cddbe9011046181c3d,2026-10-11,13:0,Houston Texans,Tennessee Titans,Tennessee Titans,154,Houston Texans,-185
1420,2026-09-10 09:42:32 EDT,448d7cf18c6db4c811ed82ded1b72867,2026-10-11,13:0,Indianapolis Colts,Pittsburgh Steelers,Indianapolis Colts,120,Pittsburgh Steelers,-142
1421,2026-09-10 09:42:32 EDT,2cda9bf0fbe35a2735f0dd8aaafe9eff,2026-10-11,13:0,Minnesota Vikings,New Orleans Saints,New Orleans Saints,105,Minnesota Vikings,-125
1422,2026-09-10 09:42:32 EDT,fbffd0b7722fd81d68d5d62472dc80e8,2026-10-11,13:0,New York Giants,Washington Commanders,New York Giants,110,Washington Commanders,-130
1423,2026-09-10 09:42:32 EDT,d1d408fdfd272046fb517fe992a1c5a0,2026-10-11,16:5,Denver Broncos,Los Angeles Chargers,Denver Broncos,120,Los Angeles Chargers,-142
1424,2026-09-10 09:42:32 EDT,f8e7f43f73aa983c5c99c189587f0118,2026-10-11,16:25,Detroit Lions,Arizona Cardinals,Arizona Cardinals,310,Detroit Lions,-395
1425,2026-09-10 09:42:32 EDT,2caea57b1e5cfbba1334cfbfd46f6771,2026-10-11,16:25,Chicago Bears,Green Bay Packers,Chicago Bears,140,Green Bay Packers,-166
1426,2026-09-10 09:42:32 EDT,86457f91112732f21ad4bb7d37bd291c,2026-10-11,20:20,Baltimore Ravens,Atlanta Falcons,Atlanta Falcons,170,Baltimore Ravens,-205
1427,2026-09-10 09:42:32 EDT,e6d00eedd87d367e510314bd8cab8f6f,2026-10-12,20:15,Buffalo Bills,Los Angeles Rams,Buffalo Bills,142,Los Angeles Rams,-170
1428,2026-09-10 09:42:32 EDT,57418b2cf5aca558b3c98eafac1e264a,2026-10-18,9:30,Houston Texans,Jacksonville Jaguars,Houston Texans,-108,Jacksonville Jaguars,-112
1429,2026-09-10 09:42:32 EDT,7c312fdf24fb35f58b0e07c2932cc997,2026-10-18,13:0,Chicago Bears,Atlanta Falcons,Atlanta Falcons,130,Chicago Bears,-155
1430,2026-09-10 09:42:32 EDT,e86227938fd3cf008fc5648fb5128344,2026-10-18,13:0,Baltimore Ravens,Cleveland Browns,Cleveland Browns,205,Baltimore Ravens,-250
1431,2026-09-10 09:42:32 EDT,caca2d752fe1a1779029082e95332fcc,2026-10-18,13:0,Carolina Panthers,Philadelphia Eagles,Carolina Panthers,225,Philadelphia Eagles,-278
1432,2026-09-10 09:42:32 EDT,84aa9e190e625d7e9cd67e1f157a45b4,2026-10-18,13:0,Tennessee Titans,Indianapolis Colts,Tennessee Titans,164,Indianapolis Colts,-198
1433,2026-09-10 09:42:32 EDT,1cf74afd313e9fd300e1462012b174cb,2026-10-18,13:0,New Orleans Saints,New York Giants,New Orleans Saints,120,New York Giants,-142
1434,2026-09-10 09:42:32 EDT,27f3994841ce8081c0b7349cf3d1e3d7,2026-10-18,13:0,Pittsburgh Steelers,Tampa Bay Buccaneers,Pittsburgh Steelers,105,Tampa Bay Buccaneers,-125
1435,2026-09-10 09:42:32 EDT,3729ac6d2a66b642850caf2044cdc658,2026-10-18,16:5,Arizona Cardinals,Los Angeles Rams,Arizona Cardinals,525,Los Angeles Rams,-750
1436,2026-09-10 09:42:32 EDT,45b2690b350ed45145c7a716b18e8e66,2026-10-18,16:25,Buffalo Bills,Las Vegas Raiders,Las Vegas Raiders,220,Buffalo Bills,-270
1437,2026-09-10 09:42:32 EDT,20fefae8c296247460ba5773caa42218,2026-10-18,16:25,Los Angeles Chargers,Kansas City Chiefs,Los Angeles Chargers,120,Kansas City Chiefs,-142
1438,2026-09-10 09:42:32 EDT,82fd5a159fa130e67abab93a9537f70b,2026-10-18,20:20,Dallas Cowboys,Green Bay Packers,Dallas Cowboys,140,Green Bay Packers,-166
1439,2026-09-10 09:42:32 EDT,f122527f003276d3bca19efa48c902c1,2026-10-19,20:15,Washington Commanders,San Francisco 49ers,Washington Commanders,200,San Francisco 49ers,-245
1440,2026-09-10 09:42:32 EDT,2e710ea5a306b614f0f966e3d78732f8,2026-10-25,9:30,Pittsburgh Steelers,New Orleans Saints,New Orleans Saints,120,Pittsburgh Steelers,-142
1441,2026-09-10 09:42:32 EDT,b1be064fb52a198a62109c279e7ab24c,2026-10-25,13:0,San Francisco 49ers,Atlanta Falcons,Atlanta Falcons,185,San Francisco 49ers,-225
1442,2026-09-10 09:42:32 EDT,550ec5290f935d311995affbcb0b5c79,2026-10-25,13:0,Cincinnati Bengals,Baltimore Ravens,Cincinnati Bengals,154,Baltimore Ravens,-185
1443,2026-09-10 09:42:32 EDT,2823e986597c449ab94126cd5ed3fae9,2026-10-25,13:0,Tampa Bay Buccaneers,Carolina Panthers,Carolina Panthers,105,Tampa Bay Buccaneers,-125
1444,2026-09-10 09:42:32 EDT,5dce18baccec5d3ad5fb3a3ce52f7619,2026-10-25,13:0,Cleveland Browns,Tennessee Titans,Cleveland Browns,114,Tennessee Titans,-135
1445,2026-09-10 09:42:32 EDT,2bba7fde6f97d0e54403d53676e4ab63,2026-10-25,13:0,New York Giants,Houston Texans,New York Giants,195,Houston Texans,-238
1446,2026-09-10 09:42:32 EDT,f3992ad4496724baf7dcd1ef58245d6b,2026-10-25,13:0,Indianapolis Colts,Minnesota Vikings,Indianapolis Colts,120,Minnesota Vikings,-142
1447,2026-09-10 09:42:32 EDT,be5dd120ca08b43d647b6caa8953500a,2026-10-25,13:0,Miami Dolphins,New York Jets,Miami Dolphins,114,New York Jets,-135
1448,2026-09-10 09:42:32 EDT,436119bb3ccdaa6ed7808aa3ebd82b76,2026-10-25,16:5,Denver Broncos,Arizona Cardinals,Arizona Cardinals,295,Denver Broncos,-375
1449,2026-09-10 09:42:32 EDT,e8e5715eefb6a9ce64765e9ddf49c0cc,2026-10-25,16:25,Green Bay Packers,Detroit Lions,Green Bay Packers,120,Detroit Lions,-142
1450,2026-09-10 09:42:32 EDT,f7679cf18454e4d88a8f2b990c3f08ac,2026-10-25,16:25,Los Angeles Rams,Las Vegas Raiders,Las Vegas Raiders,275,Los Angeles Rams,-345
1451,2026-09-10 09:42:32 EDT,4853610e63c246f2027a6a248e642c9a,2026-10-26,20:15,Dallas Cowboys,Philadelphia Eagles,Dallas Cowboys,136,Philadelphia Eagles,-162
1452,2026-09-10 09:42:32 EDT,ab2865e9f2d4b012de8bc6fb6de11a7c,2026-10-29,20:15,Carolina Panthers,Green Bay Packers,Carolina Panthers,280,Green Bay Packers,-355
1453,2026-09-10 09:42:32 EDT,9255ca8f32aea590d00aa57de79f6bb6,2026-11-1,13:0,Arizona Cardinals,Dallas Cowboys,Arizona Cardinals,410,Dallas Cowboys,-550
1454,2026-09-10 09:42:32 EDT,921859689f5f8b3b8b1caf4248bdb1ec,2026-11-1,13:0,Atlanta Falcons,Tampa Bay Buccaneers,Atlanta Falcons,185,Tampa Bay Buccaneers,-225
1455,2026-09-10 09:42:32 EDT,c93c421e5fa46031a43162d111d981d0,2026-11-1,13:0,Baltimore Ravens,Buffalo Bills,Baltimore Ravens,114,Buffalo Bills,-135
1456,2026-09-10 09:42:32 EDT,9c5d8f57e0ba0fbd9ef436c1f0898f99,2026-11-1,13:0,Tennessee Titans,Cincinnati Bengals,Tennessee Titans,235,Cincinnati Bengals,-290
1457,2026-09-10 09:42:32 EDT,ab5ab731ab655bd6308bc7a922275518,2026-11-1,13:0,Cleveland Browns,Pittsburgh Steelers,Cleveland Browns,210,Pittsburgh Steelers,-258
1458,2026-09-10 09:42:32 EDT,52e7ee9c42525e6deec02da32dc2fad8,2026-11-1,13:0,Minnesota Vikings,Detroit Lions,Minnesota Vikings,185,Detroit Lions,-225
1459,2026-09-10 09:42:32 EDT,159dbf0253dd2038eda2212f84387f0c,2026-11-1,13:0,Indianapolis Colts,Jacksonville Jaguars,Indianapolis Colts,185,Jacksonville Jaguars,-225
1460,2026-09-10 09:42:32 EDT,98f1b121b793977434c046e76c707145,2026-11-1,13:0,Las Vegas Raiders,New York Jets,Las Vegas Raiders,102,New York Jets,-122
1461,2026-09-10 09:42:32 EDT,2ff84d3f6053d083c8c0a5bebf7cdd4c,2026-11-1,16:5,Los Angeles Chargers,Los Angeles Rams,Los Angeles Chargers,164,Los Angeles Rams,-198
1462,2026-09-10 09:42:32 EDT,f2a036d5edf483a277880014861e78ad,2026-11-1,16:25,Kansas City Chiefs,Denver Broncos,Kansas City Chiefs,105,Denver Broncos,-125
1463,2026-09-10 09:42:32 EDT,b9c60db63b1a19ad319f24b33c0defe8,2026-11-1,20:20,Philadelphia Eagles,Washington Commanders,Washington Commanders,105,Philadelphia Eagles,-125
1464,2026-09-10 09:42:32 EDT,c75744790b7acf6260c78ba5e739c0e5,2026-11-5,20:15,Jacksonville Jaguars,Baltimore Ravens,Jacksonville Jaguars,170,Baltimore Ravens,-205
1465,2026-09-10 09:42:32 EDT,dc56d980f527ffeef89940133b211b13,2026-11-8,9:30,Cincinnati Bengals,Atlanta Falcons,Atlanta Falcons,190,Cincinnati Bengals,-230
1466,2026-09-10 09:42:32 EDT,014282b888c741b7d70c857c09f40aa7,2026-11-8,13:0,Denver Broncos,Carolina Panthers,Carolina Panthers,136,Denver Broncos,-162
1467,2026-09-10 09:42:32 EDT,e571bab6736f9338130a78a4f75c3231,2026-11-8,13:0,Cleveland Browns,New Orleans Saints,Cleveland Browns,160,New Orleans Saints,-192
1468,2026-09-10 09:42:32 EDT,415fc42e72888c63e82f7bce24c65391,2026-11-8,13:0,Dallas Cowboys,Indianapolis Colts,Indianapolis Colts,105,Dallas Cowboys,-125
1469,2026-09-10 09:42:32 EDT,44d8c37868b700e90f816db7c5df5cdd,2026-11-8,13:0,Detroit Lions,Miami Dolphins,Miami Dolphins,225,Detroit Lions,-278
1470,2026-09-10 09:42:32 EDT,e354e6a04b1cb9c96e549b863debb92e,2026-11-8,13:0,New York Jets,Kansas City Chiefs,New York Jets,350,Kansas City Chiefs,-455
1471,2026-09-10 09:42:32 EDT,89de07377e0aa8ffaa2ae6a7dc0855cc,2026-11-8,13:0,Los Angeles Rams,Washington Commanders,Washington Commanders,185,Los Angeles Rams,-225
1472,2026-09-10 09:42:32 EDT,fe93e6ab1e553c0169936a0a983c324f,2026-11-8,13:0,New York Giants,Philadelphia Eagles,New York Giants,195,Philadelphia Eagles,-238
1473,2026-09-10 09:42:32 EDT,39aeac43cea7b12558b91cdab1255a10,2026-11-8,16:5,Houston Texans,Los Angeles Chargers,Houston Texans,114,Los Angeles Chargers,-135
1474,2026-09-10 09:42:32 EDT,ac9d38a18d5c92814233a31aa9a48d78,2026-11-8,16:5,Las Vegas Raiders,San Francisco 49ers,Las Vegas Raiders,330,San Francisco 49ers,-425
1475,2026-09-10 09:42:32 EDT,9760d8f19f84bfee300a74ceb656c95d,2026-11-8,20:20,Tampa Bay Buccaneers,Chicago Bears,Tampa Bay Buccaneers,160,Chicago Bears,-192
1476,2026-09-10 09:42:32 EDT,17ad7eff2f7875e20a8109abe40470e3,2026-11-9,20:15,Buffalo Bills,Minnesota Vikings,Minnesota Vikings,142,Buffalo Bills,-170
1477,2026-09-10 09:42:32 EDT,74d39e19225caf211ad2c8eb4110179f,2026-11-12,20:15,Washington Commanders,New York Giants,Washington Commanders,105,New York Giants,-125
1478,2026-09-10 09:42:32 EDT,3c71d515b726f1096aabb435badb83fd,2026-11-15,13:0,Kansas City Chiefs,Atlanta Falcons,Atlanta Falcons,185,Kansas City Chiefs,-225
1479,2026-09-10 09:42:32 EDT,1057d50949844ddf483da9c8c20354be,2026-11-15,13:0,Buffalo Bills,New York Jets,New York Jets,270,Buffalo Bills,-340
1480,2026-09-10 09:42:32 EDT,e5aa20e1364dd639f042af1c2281bbe2,2026-11-15,13:0,Carolina Panthers,New Orleans Saints,Carolina Panthers,-102,New Orleans Saints,-118
1481,2026-09-10 09:42:32 EDT,be0e03cc42fbc9b6962467b22c7bf9dd,2026-11-15,13:0,Houston Texans,Cleveland Browns,Cleveland Browns,170,Houston Texans,-205
1482,2026-09-10 09:42:32 EDT,5d8d85473b87f772a979ecf294acab94,2026-11-15,13:0,Minnesota Vikings,Green Bay Packers,Minnesota Vikings,200,Green Bay Packers,-245
1483,2026-09-10 09:42:32 EDT,b5700b4d938fd94429f60d4622cc9c0a,2026-11-15,13:0,Miami Dolphins,Indianapolis Colts,Miami Dolphins,250,Indianapolis Colts,-310
1484,2026-09-10 09:42:32 EDT,28800df7e768ecec14f116454d560f9b,2026-11-15,13:0,Jacksonville Jaguars,Tennessee Titans,Tennessee Titans,114,Jacksonville Jaguars,-135
1485,2026-09-10 09:42:32 EDT,6c932a965110f3f89ec4a5f1a6ac256e,2026-11-15,16:5,Los Angeles Rams,Arizona Cardinals,Arizona Cardinals,360,Los Angeles Rams,-470
1486,2026-09-10 09:42:32 EDT,7627192fd89b05120ab6c712aa23fd81,2026-11-15,16:25,San Francisco 49ers,Dallas Cowboys,San Francisco 49ers,100,Dallas Cowboys,-120
1487,2026-09-10 09:42:32 EDT,48e497c230e6c9afcb3b600091d28e17,2026-11-15,20:20,Pittsburgh Steelers,Cincinnati Bengals,Pittsburgh Steelers,164,Cincinnati Bengals,-198
1488,2026-09-10 09:42:32 EDT,35e3bdff558b5d1506251e814986f164,2026-11-16,20:15,Los Angeles Chargers,Baltimore Ravens,Los Angeles Chargers,150,Baltimore Ravens,-180
1489,2026-09-10 09:42:32 EDT,66f9e83cf025d58acee12bce18661fb3,2026-11-19,20:15,Indianapolis Colts,Houston Texans,Indianapolis Colts,195,Houston Texans,-238
1490,2026-09-10 09:42:32 EDT,403a88701352da05b0710a9e883b803e,2026-11-22,13:0,Arizona Cardinals,Kansas City Chiefs,Arizona Cardinals,440,Kansas City Chiefs,-600
1491,2026-09-10 09:42:32 EDT,4527f57f5bc32742d8194af1ccf7da7e,2026-11-22,13:0,Baltimore Ravens,Carolina Panthers,Carolina Panthers,180,Baltimore Ravens,-218
1492,2026-09-10 09:42:32 EDT,4c5b1c0843a260278e95eb93e7787576,2026-11-22,13:0,Miami Dolphins,Buffalo Bills,Miami Dolphins,470,Buffalo Bills,-650
1493,2026-09-10 09:42:32 EDT,3ea90704fb576633bd1e2fa5aafd9ea3,2026-11-22,13:0,New Orleans Saints,Chicago Bears,New Orleans Saints,235,Chicago Bears,-290
1494,2026-09-10 09:42:32 EDT,5e63079b678f8c13419adc169fff02d3,2026-11-22,13:0,Tennessee Titans,Dallas Cowboys,Tennessee Titans,230,Dallas Cowboys,-285
1495,2026-09-10 09:42:32 EDT,41e2dd69bddd65d7e823d9ed61cc2afc,2026-11-22,13:0,Tampa Bay Buccaneers,Detroit Lions,Tampa Bay Buccaneers,180,Detroit Lions,-218
1496,2026-09-10 09:42:32 EDT,8ba112fabf4e87639338a5f437c5abfe,2026-11-22,13:0,Jacksonville Jaguars,New York Giants,New York Giants,105,Jacksonville Jaguars,-125
1497,2026-09-10 09:42:32 EDT,4b20b742b6168aaca4f25d87f11b1526,2026-11-22,16:5,New York Jets,Los Angeles Chargers,New York Jets,330,Los Angeles Chargers,-425
1498,2026-09-10 09:42:32 EDT,1940706a79cbcbafacdcbf231069716b,2026-11-22,16:25,Las Vegas Raiders,Denver Broncos,Las Vegas Raiders,260,Denver Broncos,-325
1499,2026-09-10 09:42:32 EDT,cbe45bafcc2615fc1d96cbc12840377a,2026-11-22,16:25,Pittsburgh Steelers,Philadelphia Eagles,Pittsburgh Steelers,195,Philadelphia Eagles,-238
1500,2026-09-10 09:42:32 EDT,60e1d27b083a335b722c2c852ea85612,2026-11-22,20:20,Minnesota Vikings,San Francisco 49ers,Minnesota Vikings,160,San Francisco 49ers,-192
1501,2026-09-10 09:42:32 EDT,3a60ed1d20004aa4d4772b2c1a2272e7,2026-11-23,20:15,Cincinnati Bengals,Washington Commanders,Washington Commanders,102,Cincinnati Bengals,-122
1502,2026-09-10 09:42:32 EDT,5b612899d6dcdf998107f2c6c6e49a58,2026-11-25,20:0,Green Bay Packers,Los Angeles Rams,Green Bay Packers,185,Los Angeles Rams,-225
1503,2026-09-10 09:42:32 EDT,9b825e6518156008da499be041975fdd,2026-11-26,13:0,Chicago Bears,Detroit Lions,Chicago Bears,120,Detroit Lions,-142
1504,2026-09-10 09:42:32 EDT,ffaa06af56a7137d4b078c5c46c0b730,2026-11-26,15:30,Philadelphia Eagles,Dallas Cowboys,Philadelphia Eagles,105,Dallas Cowboys,-125
1505,2026-09-10 09:42:32 EDT,f36f518585aec40e8cb40e071c0844aa,2026-11-26,20:20,Kansas City Chiefs,Buffalo Bills,Kansas City Chiefs,124,Buffalo Bills,-148
1506,2026-09-10 09:42:32 EDT,44a3bcf5bd002583ddef2207a92dd977,2026-11-27,15:0,Denver Broncos,Pittsburgh Steelers,Pittsburgh Steelers,102,Denver Broncos,-122
1507,2026-09-10 09:42:32 EDT,6a05021bdb6bab24b9bb381ffff10f0c,2026-11-29,13:0,Atlanta Falcons,Minnesota Vikings,Atlanta Falcons,180,Minnesota Vikings,-218
1508,2026-09-10 09:42:32 EDT,60d0c074801985c1062795362a24200e,2026-11-29,13:0,Baltimore Ravens,Houston Texans,Baltimore Ravens,102,Houston Texans,-122
1509,2026-09-10 09:42:32 EDT,f7d3ae7a8fe2438cef7d7d7bc67e31db,2026-11-29,13:0,New Orleans Saints,Cincinnati Bengals,New Orleans Saints,235,Cincinnati Bengals,-290
1510,2026-09-10 09:42:32 EDT,eaa993c3d62d6b5aeb6142cdd7862fd5,2026-11-29,13:0,Las Vegas Raiders,Cleveland Browns,Las Vegas Raiders,102,Cleveland Browns,-122
1511,2026-09-10 09:42:32 EDT,e9da808e36e1b7475698a57465ad4519,2026-11-29,13:0,New York Giants,Indianapolis Colts,New York Giants,120,Indianapolis Colts,-142
1512,2026-09-10 09:42:32 EDT,81a8fee5b649a3ad5ad59e9528f2f376,2026-11-29,13:0,Tennessee Titans,Jacksonville Jaguars,Tennessee Titans,195,Jacksonville Jaguars,-238
1513,2026-09-10 09:42:32 EDT,5ea0e3ea5944b0ad5169f21c0787b331,2026-11-29,13:0,New York Jets,Miami Dolphins,New York Jets,105,Miami Dolphins,-125
1514,2026-09-10 09:42:32 EDT,69a1dbe9de3d3212c3a7a55be5d204ab,2026-11-29,16:25,Washington Commanders,Arizona Cardinals,Arizona Cardinals,180,Washington Commanders,-218
1515,2026-09-10 09:42:32 EDT,2cdaecba7c0bff9b58a48a82e6ee17a7,2026-11-30,20:15,Carolina Panthers,Tampa Bay Buccaneers,Carolina Panthers,160,Tampa Bay Buccaneers,-192
1516,2026-09-10 09:42:32 EDT,06e52a676b516186989e3b181a37c8a7,2026-12-3,20:15,Kansas City Chiefs,Los Angeles Rams,Kansas City Chiefs,170,Los Angeles Rams,-205
1517,2026-09-10 09:42:32 EDT,c94419ba8fb818fc36a5b21b526aab75,2026-12-6,13:0,Detroit Lions,Atlanta Falcons,Atlanta Falcons,154,Detroit Lions,-185
1518,2026-09-10 09:42:32 EDT,0236f9aa68d65ea03bd1ca025b749c20,2026-12-6,13:0,Jacksonville Jaguars,Chicago Bears,Jacksonville Jaguars,130,Chicago Bears,-155
1519,2026-09-10 09:42:32 EDT,b447fab53534af892f98a74eae26c1c6,2026-12-6,13:0,Cincinnati Bengals,Cleveland Browns,Cleveland Browns,180,Cincinnati Bengals,-218
1520,2026-09-10 09:42:32 EDT,9a55467e1cd6310ae2af20d8154612e1,2026-12-6,13:0,Miami Dolphins,Denver Broncos,Miami Dolphins,350,Denver Broncos,-455
1521,2026-09-10 09:42:32 EDT,1ccb61b811b7aae4270df22a67e6459f,2026-12-6,13:0,Green Bay Packers,New Orleans Saints,New Orleans Saints,185,Green Bay Packers,-225
1522,2026-09-10 09:42:32 EDT,f8a92363386bd337975650879086cca6,2026-12-6,13:0,Los Angeles Chargers,Tampa Bay Buccaneers,Tampa Bay Buccaneers,120,Los Angeles Chargers,-142
1523,2026-09-10 09:42:32 EDT,a5495c3360b3bb13da76ba23a675c9ef,2026-12-6,13:0,San Francisco 49ers,New York Giants,New York Giants,140,San Francisco 49ers,-166
1524,2026-09-10 09:42:32 EDT,ae3429e95ee704c7fd001cade20072d0,2026-12-6,13:0,Washington Commanders,Tennessee Titans,Tennessee Titans,105,Washington Commanders,-125
1525,2026-09-10 09:42:32 EDT,f4897f48a5351881280f7598bd826408,2026-12-6,16:5,Philadelphia Eagles,Arizona Cardinals,Arizona Cardinals,310,Philadelphia Eagles,-395
1526,2026-09-10 09:42:32 EDT,c186c605febd6370b292469c9151cfb3,2026-12-6,16:25,Carolina Panthers,Minnesota Vikings,Carolina Panthers,160,Minnesota Vikings,-192
1527,2026-09-10 09:42:32 EDT,26bf8e165d2d273ed0772a355f07ab16,2026-12-6,20:20,Houston Texans,Pittsburgh Steelers,Pittsburgh Steelers,102,Houston Texans,-122
1528,2026-09-10 09:42:32 EDT,f7fba6b1804e02292ee0ce4738484258,2026-12-13,13:0,Atlanta Falcons,Cleveland Browns,Atlanta Falcons,105,Cleveland Browns,-125
1529,2026-09-10 09:42:32 EDT,bec99e2f2b4c80e345731d69ee38d831,2026-12-13,13:0,Tampa Bay Buccaneers,Baltimore Ravens,Tampa Bay Buccaneers,210,Baltimore Ravens,-258
1530,2026-09-10 09:42:32 EDT,dcc7b377d3b3ec990304612bbef47d3d,2026-12-13,13:0,New Orleans Saints,Carolina Panthers,New Orleans Saints,114,Carolina Panthers,-135
1531,2026-09-10 09:42:32 EDT,2c6added7199a59f1e9dae8492c29da4,2026-12-13,13:0,Chicago Bears,Miami Dolphins,Miami Dolphins,205,Chicago Bears,-250
1532,2026-09-10 09:42:32 EDT,5185ace33aebc87d39074147940f2fa5,2026-12-13,13:0,Denver Broncos,New York Jets,New York Jets,190,Denver Broncos,-230
1533,2026-09-10 09:42:32 EDT,a31f461ccd92e1072f23ccfae281ae9a,2026-12-13,13:0,Tennessee Titans,Detroit Lions,Tennessee Titans,285,Detroit Lions,-360
1534,2026-09-10 09:42:32 EDT,5dc9cb8fba610d682dc670ae4e7d59f3,2026-12-13,13:0,Houston Texans,Washington Commanders,Washington Commanders,105,Houston Texans,-125
1535,2026-09-10 09:42:32 EDT,45203f985f8d1567ad19b0617dd267f8,2026-12-13,13:0,Indianapolis Colts,Philadelphia Eagles,Indianapolis Colts,200,Philadelphia Eagles,-245
1536,2026-09-10 09:42:32 EDT,484c491dc1dee090d740ba077b7d9709,2026-12-13,16:5,Los Angeles Chargers,Las Vegas Raiders,Las Vegas Raiders,185,Los Angeles Chargers,-225
1537,2026-09-10 09:42:32 EDT,180b5fa7ea6bd0d2d9ddb9ba5ee38cc0,2026-12-13,16:25,Kansas City Chiefs,Cincinnati Bengals,Kansas City Chiefs,105,Cincinnati Bengals,-125
1538,2026-09-10 09:42:32 EDT,6174916c7e2df8d1b80a88cfbd259d44,2026-12-13,16:25,Los Angeles Rams,San Francisco 49ers,San Francisco 49ers,110,Los Angeles Rams,-130
1539,2026-09-10 09:42:32 EDT,c4877c048defcb80e0ab37c0688f37f6,2026-12-13,20:20,Buffalo Bills,Green Bay Packers,Buffalo Bills,105,Green Bay Packers,-125
1540,2026-09-10 09:42:32 EDT,690e2ee2ed5f0875f7cbaecdc51373f5,2026-12-14,20:15,Pittsburgh Steelers,Jacksonville Jaguars,Pittsburgh Steelers,136,Jacksonville Jaguars,-162
1541,2026-09-10 09:42:32 EDT,790af233087803c297861901ffa271d7,2026-12-17,20:15,San Francisco 49ers,Los Angeles Chargers,San Francisco 49ers,120,Los Angeles Chargers,-142
1542,2026-09-10 09:42:32 EDT,784568b1df055bf7eb8780c110d5e910,2026-12-19,20:20,Chicago Bears,Buffalo Bills,Chicago Bears,154,Buffalo Bills,-185
1543,2026-09-10 09:42:32 EDT,5931eee49f5f2656a5344e1388a68816,2026-12-20,13:0,Atlanta Falcons,Washington Commanders,Atlanta Falcons,150,Washington Commanders,-180
1544,2026-09-10 09:42:32 EDT,2f4b1899c1c278947920e0254b682d90,2026-12-20,13:0,Baltimore Ravens,Pittsburgh Steelers,Pittsburgh Steelers,124,Baltimore Ravens,-148
1545,2026-09-10 09:42:32 EDT,000fc688beb4fc004ecdad115d9adb1c,2026-12-20,13:0,Cincinnati Bengals,Carolina Panthers,Carolina Panthers,124,Cincinnati Bengals,-148
1546,2026-09-10 09:42:32 EDT,1cb23c83ae4af84cffcdae6b31d06e83,2026-12-20,13:0,Cleveland Browns,New York Giants,Cleveland Browns,180,New York Giants,-218
1547,2026-09-10 09:42:32 EDT,99719df35bc2efdcc72096f865ed8841,2026-12-20,13:0,Miami Dolphins,Green Bay Packers,Miami Dolphins,470,Green Bay Packers,-650
1548,2026-09-10 09:42:32 EDT,29211b6e78461220a2833184233f70e5,2026-12-20,13:0,Jacksonville Jaguars,Houston Texans,Jacksonville Jaguars,130,Houston Texans,-155
1549,2026-09-10 09:42:32 EDT,3b696c07ff6a1ef461d023a73db17584,2026-12-20,13:0,Indianapolis Colts,Tennessee Titans,Tennessee Titans,105,Indianapolis Colts,-125
1550,2026-09-10 09:42:32 EDT,e15a91cebf3480ff0b93b4fbacb09797,2026-12-20,13:0,New Orleans Saints,Tampa Bay Buccaneers,New Orleans Saints,160,Tampa Bay Buccaneers,-192
1551,2026-09-10 09:42:32 EDT,d8cd12e7684fa2aa39f5b188ef6e62e0,2026-12-20,16:5,New York Jets,Arizona Cardinals,New York Jets,-110,Arizona Cardinals,-110
1552,2026-09-10 09:42:32 EDT,77396e9d565860fbfd05779028223a8a,2026-12-20,16:25,Dallas Cowboys,Los Angeles Rams,Dallas Cowboys,200,Los Angeles Rams,-245
1553,2026-09-10 09:42:32 EDT,9f507007b9c0a7082c1471a5fa841336,2026-12-20,16:25,Denver Broncos,Las Vegas Raiders,Las Vegas Raiders,170,Denver Broncos,-205
1554,2026-09-10 09:42:32 EDT,b34897a0368d570291d44e176c0c2331,2026-12-20,20:20,Detroit Lions,Minnesota Vikings,Minnesota Vikings,102,Detroit Lions,-122
1555,2026-09-10 09:42:32 EDT,3f226ec5402c6ec4d84a59be80c2fa67,2026-12-24,20:15,Houston Texans,Philadelphia Eagles,Houston Texans,114,Philadelphia Eagles,-135
1556,2026-09-10 09:42:32 EDT,2828c07018dfafbe96aba205809cc7ac,2026-12-25,13:0,Green Bay Packers,Chicago Bears,Green Bay Packers,-102,Chicago Bears,-118
1557,2026-09-10 09:42:32 EDT,126f27c71e8130ef87de0d137e833d9b,2026-12-25,16:30,Buffalo Bills,Denver Broncos,Denver Broncos,110,Buffalo Bills,-130
1558,2026-09-10 09:42:32 EDT,8fd00347b6d77ce384d83cba814430d7,2026-12-27,13:0,Arizona Cardinals,New Orleans Saints,Arizona Cardinals,200,New Orleans Saints,-245
1559,2026-09-10 09:42:32 EDT,bd13d00f06ad222b0a1b6ea4d0add763,2026-12-27,13:0,Tampa Bay Buccaneers,Atlanta Falcons,Atlanta Falcons,105,Tampa Bay Buccaneers,-125
1560,2026-09-10 09:42:32 EDT,0f23afce92c2f0af28973c0a7533763e,2026-12-27,13:0,Cleveland Browns,Baltimore Ravens,Cleveland Browns,330,Baltimore Ravens,-425
1561,2026-09-10 09:42:32 EDT,74cb0e112d069cdbda1671ae85531f43,2026-12-27,13:0,Carolina Panthers,Pittsburgh Steelers,Carolina Panthers,160,Pittsburgh Steelers,-192
1562,2026-09-10 09:42:32 EDT,ca8982dccb6c3ae01525800317287f02,2026-12-27,13:0,Cincinnati Bengals,Indianapolis Colts,Indianapolis Colts,105,Cincinnati Bengals,-125
1563,2026-09-10 09:42:32 EDT,29425f5c68826d615277cf9be2b82e00,2026-12-27,13:0,Tennessee Titans,Las Vegas Raiders,Tennessee Titans,105,Las Vegas Raiders,-125
1564,2026-09-10 09:42:32 EDT,fe2eb511d4c2da3a8e88b85b4f4e9f7e,2026-12-27,13:0,Los Angeles Chargers,Miami Dolphins,Miami Dolphins,285,Los Angeles Chargers,-360
1565,2026-09-10 09:42:32 EDT,cf5cefa5556bcd0156bd394171ef6c8e,2026-12-27,13:0,Washington Commanders,Minnesota Vikings,Washington Commanders,114,Minnesota Vikings,-135
1566,2026-09-10 09:42:32 EDT,fc7cce3ae7c73cc7151357829e11b6d5,2026-12-27,16:25,San Francisco 49ers,Kansas City Chiefs,San Francisco 49ers,130,Kansas City Chiefs,-155
1567,2026-09-10 09:42:32 EDT,b1c4ec04c3398a9efa25492000858384,2026-12-27,20:20,Jacksonville Jaguars,Dallas Cowboys,Jacksonville Jaguars,136,Dallas Cowboys,-162
1568,2026-09-10 09:42:32 EDT,ca92c191ebf7361ea56f9bbc09a5f51b,2026-12-28,20:15,New York Giants,Detroit Lions,New York Giants,170,Detroit Lions,-205
1569,2026-09-10 09:42:32 EDT,be268ce293cf4fad1c0c867a3ca4c257,2026-12-31,20:15,Baltimore Ravens,Cincinnati Bengals,Baltimore Ravens,114,Cincinnati Bengals,-135
1570,2026-09-10 09:42:32 EDT,e5dd9cc3fd5452d55c250949e946743d,2027-1-3,13:0,New Orleans Saints,Atlanta Falcons,New Orleans Saints,105,Atlanta Falcons,-125
1571,2026-09-10 09:42:32 EDT,d9a186d988a3ede2a33e504f4890fe52,2027-1-3,13:0,Buffalo Bills,Miami Dolphins,Miami Dolphins,300,Buffalo Bills,-380
1572,2026-09-10 09:42:32 EDT,f2e03f9b857485bb13211ee0f5eb5935,2027-1-3,13:0,Indianapolis Colts,Cleveland Browns,Cleveland Browns,114,Indianapolis Colts,-135
1573,2026-09-10 09:42:32 EDT,c8945d476449633912cf51a346ac98ca,2027-1-3,13:0,New York Giants,Dallas Cowboys,New York Giants,180,Dallas Cowboys,-218
1574,2026-09-10 09:42:32 EDT,c96a3e9e40569b4ed5a546dff131c61d,2027-1-3,13:0,Washington Commanders,Jacksonville Jaguars,Washington Commanders,154,Jacksonville Jaguars,-185
1575,2026-09-10 09:42:32 EDT,419106b9bcc9f7ef39cfc2d1ee9a3f87,2027-1-3,13:0,Los Angeles Rams,Tampa Bay Buccaneers,Tampa Bay Buccaneers,170,Los Angeles Rams,-205
1576,2026-09-10 09:42:32 EDT,bfe51fa0034c9d22a69ffd80e2d717f5,2027-1-3,13:0,Minnesota Vikings,New York Jets,New York Jets,154,Minnesota Vikings,-185
1577,2026-09-10 09:42:32 EDT,d0ffa5ed13cbd7610f9176041464404a,2027-1-3,13:0,Pittsburgh Steelers,Tennessee Titans,Tennessee Titans,105,Pittsburgh Steelers,-125
1578,2026-09-10 09:42:32 EDT,08abdb683fcb6d77f66baed136f47283,2027-1-3,16:5,Las Vegas Raiders,Arizona Cardinals,Arizona Cardinals,110,Las Vegas Raiders,-130
1579,2026-09-10 09:42:32 EDT,12089441cea51add4694cdde98b4a5b7,2027-1-3,16:25,Detroit Lions,Chicago Bears,Detroit Lions,102,Chicago Bears,-122
1580,2026-09-10 09:42:32 EDT,67d842cb73300ef923959105698b63bb,2027-1-3,16:25,Kansas City Chiefs,Los Angeles Chargers,Kansas City Chiefs,105,Los Angeles Chargers,-125
1581,2026-09-10 09:42:32 EDT,e7820b1226edbb1ef1fddce6b20f963d,2027-1-3,20:20,Philadelphia Eagles,San Francisco 49ers,Philadelphia Eagles,105,San Francisco 49ers,-125
1582,2026-09-10 09:42:32 EDT,37bc346543da471e067b695b862ccfe9,2027-1-4,20:15,Houston Texans,Green Bay Packers,Houston Texans,114,Green Bay Packers,-135
1583,2026-09-10 09:42:32 EDT,7f809a45bc8baedf0cb0259e7da7cd29,2027-1-10,13:0,Atlanta Falcons,Carolina Panthers,Atlanta Falcons,114,Carolina Panthers,-135
1584,2026-09-10 09:42:32 EDT,d7da5587a88a7fc35c36b453d3264d5a,2027-1-10,13:0,Pittsburgh Steelers,Baltimore Ravens,Pittsburgh Steelers,190,Baltimore Ravens,-230
1585,2026-09-10 09:42:32 EDT,97cbd9ad26dff1af47192120defe112d,2027-1-10,13:0,New York Jets,Buffalo Bills,New York Jets,370,Buffalo Bills,-485
1586,2026-09-10 09:42:32 EDT,d190fb7ea85c33b96a495041dad22142,2027-1-10,13:0,Chicago Bears,Minnesota Vikings,Chicago Bears,102,Minnesota Vikings,-122
1587,2026-09-10 09:42:32 EDT,8c16104c8afc72b583531508b2aa1c33,2027-1-10,13:0,Cleveland Browns,Cincinnati Bengals,Cleveland Browns,285,Cincinnati Bengals,-360
1588,2026-09-10 09:42:32 EDT,3f460f14b810d7bf642bdf7b658530c0,2027-1-10,13:0,Dallas Cowboys,Washington Commanders,Washington Commanders,102,Dallas Cowboys,-122
1589,2026-09-10 09:42:32 EDT,71d0d10e384393c1e071c39dd3931c19,2027-1-10,13:0,Los Angeles Chargers,Denver Broncos,Los Angeles Chargers,102,Denver Broncos,-122
1590,2026-09-10 09:42:32 EDT,8f81778bbdb984be44e24a3d55a49b4d,2027-1-10,13:0,Detroit Lions,Green Bay Packers,Detroit Lions,114,Green Bay Packers,-135
1591,2026-09-10 09:42:32 EDT,9bb63096709ba607443c454d2a813b14,2027-1-10,13:0,Tennessee Titans,Houston Texans,Tennessee Titans,240,Houston Texans,-298
1592,2026-09-10 09:42:32 EDT,bea47af467e217653bba8d69888e4d95,2027-1-10,13:0,Jacksonville Jaguars,Indianapolis Colts,Jacksonville Jaguars,102,Indianapolis Colts,-122
1593,2026-09-10 09:42:32 EDT,bb66a6f02c535c0cd8b9c689a5513687,2027-1-10,13:0,Las Vegas Raiders,Kansas City Chiefs,Las Vegas Raiders,310,Kansas City Chiefs,-395
1594,2026-09-10 09:42:32 EDT,7b8ce34c0e173e4ff6ccf8e8caa09113,2027-1-10,13:0,Tampa Bay Buccaneers,New Orleans Saints,New Orleans Saints,105,Tampa Bay Buccaneers,-125
1595,2026-09-10 09:42:32 EDT,01baed6f9d6482c5d89d37379c7c63c7,2027-1-10,13:0,Philadelphia Eagles,New York Giants,New York Giants,136,Philadelphia Eagles,-162
1596,2026-09-10 09:42:32 EDT,f1480276ab67dcf60686556ba9336695,2027-1-10,16:5,San Francisco 49ers,Arizona Cardinals,Arizona Cardinals,330,San Francisco 49ers,-425
0,2026-09-11 09:23:04 EDT,95c01d1bb797d6df14824b106c5a9130,2026-9-13,13:0,Atlanta Falcons,Pittsburgh Steelers,Atlanta Falcons,190,Pittsburgh Steelers,-230
1,2026-09-11 09:23:04 EDT,b6cfdcbafa61ce220ba87dc2d9b80c77,2026-9-13,13:0,Baltimore Ravens,Indianapolis Colts,Indianapolis Colts,145,Baltimore Ravens,-175
2,2026-09-11 09:23:04 EDT,7e09efed7e12c659b82740b67ce2f9a1,2026-9-13,13:0,Buffalo Bills,Houston Texans,Houston Texans,-102,Buffalo Bills,-118
3,2026-09-11 09:23:04 EDT,fc362aff0d889ec52d358307a70c32ed,2026-9-13,13:0,Chicago Bears,Carolina Panthers,Carolina Panthers,142,Chicago Bears,-170
4,2026-09-11 09:23:04 EDT,ed6d24ff979f9c71979fead577b0b3f7,2026-9-13,13:0,Tampa Bay Buccaneers,Cincinnati Bengals,Tampa Bay Buccaneers,164,Cincinnati Bengals,-198
5,2026-09-11 09:23:04 EDT,e55c6fe19fce094ce214c8b0e5b504e9,2026-9-13,13:0,Cleveland Browns,Jacksonville Jaguars,Cleveland Browns,350,Jacksonville Jaguars,-455
6,2026-09-11 09:23:04 EDT,c1d3fcec25aaeb06ebd2244d33d338e0,2026-9-13,13:0,New Orleans Saints,Detroit Lions,New Orleans Saints,250,Detroit Lions,-310
7,2026-09-11 09:23:04 EDT,7dddb296a42e7a41a774b24bd1709ce1,2026-9-13,13:0,New York Jets,Tennessee Titans,New York Jets,105,Tennessee Titans,-125
8,2026-09-11 09:23:04 EDT,1edfa5ceaa1ad2cb57df1c1b908731f6,2026-9-13,16:25,Arizona Cardinals,Los Angeles Chargers,Arizona Cardinals,380,Los Angeles Chargers,-500
9,2026-09-11 09:23:04 EDT,cb77efed7e711d25a72c1a2a0a1af119,2026-9-13,16:25,Green Bay Packers,Minnesota Vikings,Green Bay Packers,102,Minnesota Vikings,-122
10,2026-09-11 09:23:04 EDT,c5d95f48a16849ab6bebc68fbbfcb74a,2026-9-13,16:25,Miami Dolphins,Las Vegas Raiders,Miami Dolphins,142,Las Vegas Raiders,-170
11,2026-09-11 09:23:04 EDT,17885cb8dcade8f6c3bce14b2de805e8,2026-9-13,16:25,Washington Commanders,Philadelphia Eagles,Washington Commanders,205,Philadelphia Eagles,-250
12,2026-09-11 09:23:04 EDT,3e646c7479c57f5d9752d8c7dfe7059b,2026-9-13,20:20,Dallas Cowboys,New York Giants,New York Giants,136,Dallas Cowboys,-162
13,2026-09-11 09:23:04 EDT,5ad8135dc2b5f27de0b777acd317855a,2026-9-14,20:15,Denver Broncos,Kansas City Chiefs,Denver Broncos,124,Kansas City Chiefs,-148
14,2026-09-11 09:23:04 EDT,56e8897681915f7ec92baeee952bb1ae,2026-9-17,20:15,Detroit Lions,Buffalo Bills,Detroit Lions,136,Buffalo Bills,-162
15,2026-09-11 09:23:04 EDT,aee7eae1849ebb103b9bf233e9741392,2026-9-20,13:0,Carolina Panthers,Atlanta Falcons,Carolina Panthers,105,Atlanta Falcons,-125
16,2026-09-11 09:23:04 EDT,2143ade9684fd876b68a4e8cbf451f05,2026-9-20,13:0,New Orleans Saints,Baltimore Ravens,New Orleans Saints,295,Baltimore Ravens,-375
17,2026-09-11 09:23:04 EDT,0283a29e1b38ef78b29b904fd56a16dd,2026-9-20,13:0,Minnesota Vikings,Chicago Bears,Minnesota Vikings,142,Chicago Bears,-170
18,2026-09-11 09:23:04 EDT,36ad2fa722f4915ef23d2c81351261de,2026-9-20,13:0,Cincinnati Bengals,Houston Texans,Cincinnati Bengals,124,Houston Texans,-148
19,2026-09-11 09:23:04 EDT,0636ebff776d43f8c829a36713c80b22,2026-9-20,13:0,Cleveland Browns,Tampa Bay Buccaneers,Cleveland Browns,230,Tampa Bay Buccaneers,-285
20,2026-09-11 09:23:04 EDT,4aeee070bb6ec60bdfae4dede61b9014,2026-9-20,13:0,Green Bay Packers,New York Jets,New York Jets,200,Green Bay Packers,-245
21,2026-09-11 09:23:04 EDT,9d14f87600f6edc74dbcb5c74edf6246,2026-9-20,13:0,Pittsburgh Steelers,New England Patriots,Pittsburgh Steelers,170,New England Patriots,-205
22,2026-09-11 09:23:04 EDT,fafc649c455e32a0f2ba1bd06e2039bc,2026-9-20,13:0,Philadelphia Eagles,Tennessee Titans,Tennessee Titans,190,Philadelphia Eagles,-230
23,2026-09-11 09:23:04 EDT,1fd6628c781f556a7a19638e97d7107f,2026-9-20,16:5,Jacksonville Jaguars,Denver Broncos,Jacksonville Jaguars,130,Denver Broncos,-155
24,2026-09-11 09:23:04 EDT,71b3b83747589efdc5baef2c5cf811bf,2026-9-20,16:5,Las Vegas Raiders,Los Angeles Chargers,Las Vegas Raiders,310,Los Angeles Chargers,-395
25,2026-09-11 09:23:04 EDT,85ef85098ddd22fe4ecf45e7e3c0a9c0,2026-9-20,16:25,Washington Commanders,Dallas Cowboys,Washington Commanders,170,Dallas Cowboys,-205
26,2026-09-11 09:23:04 EDT,50bc247030707d823b9c3581d7eb5760,2026-9-20,20:20,Indianapolis Colts,Kansas City Chiefs,Indianapolis Colts,250,Kansas City Chiefs,-310
27,2026-09-11 09:23:04 EDT,e5fbd3b3953b896b1bf897ddadb3cc4b,2026-9-24,20:15,Atlanta Falcons,Green Bay Packers,Atlanta Falcons,295,Green Bay Packers,-375
28,2026-09-11 09:23:04 EDT,b225458a282e140c44c45651255f2f6c,2026-9-27,13:0,Los Angeles Chargers,Buffalo Bills,Los Angeles Chargers,136,Buffalo Bills,-162
29,2026-09-11 09:23:04 EDT,613b8cd3a5fab58f7be4e3fd6f76223e,2026-9-27,13:0,Carolina Panthers,Cleveland Browns,Cleveland Browns,105,Carolina Panthers,-125
30,2026-09-11 09:23:04 EDT,71123be049587b6facce3a20c53e5d09,2026-9-27,13:0,Cincinnati Bengals,Pittsburgh Steelers,Pittsburgh Steelers,105,Cincinnati Bengals,-125
31,2026-09-11 09:23:04 EDT,07f552badfa8a565d1be22123713e4da,2026-9-27,13:0,New York Jets,Detroit Lions,New York Jets,320,Detroit Lions,-410
32,2026-09-11 09:23:04 EDT,17a730b7d399feeab6a78c30767c29d2,2026-9-27,13:0,Houston Texans,Indianapolis Colts,Indianapolis Colts,102,Houston Texans,-122
33,2026-09-11 09:23:04 EDT,0339a0e41bcee12820eb3e64bb5fadb4,2026-9-27,13:0,Kansas City Chiefs,Miami Dolphins,Miami Dolphins,340,Kansas City Chiefs,-440
34,2026-09-11 09:23:04 EDT,555afd4a27aaa392662881cffa8f2eef,2026-9-27,13:0,Tennessee Titans,New York Giants,Tennessee Titans,140,New York Giants,-166
35,2026-09-11 09:23:04 EDT,f1724dead3eab61546033032fc782375,2026-9-27,16:5,Minnesota Vikings,Tampa Bay Buccaneers,Minnesota Vikings,105,Tampa Bay Buccaneers,-125
36,2026-09-11 09:23:04 EDT,84cfca14efc21363fd605508404cf1ff,2026-9-27,16:25,Baltimore Ravens,Dallas Cowboys,Dallas Cowboys,114,Baltimore Ravens,-135
37,2026-09-11 09:23:04 EDT,2e523fcb0497aa689473e290eb2b97de,2026-9-27,16:25,Las Vegas Raiders,New Orleans Saints,Las Vegas Raiders,154,New Orleans Saints,-185
38,2026-09-11 09:23:04 EDT,47dc7baa254659f3beb2ed2b38c207b6,2026-9-28,20:15,Philadelphia Eagles,Chicago Bears,Philadelphia Eagles,-102,Chicago Bears,-118
39,2026-09-11 09:23:04 EDT,d55cb69fed50a09170560b5b75d8de86,2026-10-1,20:15,Pittsburgh Steelers,Cleveland Browns,Cleveland Browns,114,Pittsburgh Steelers,-135
40,2026-09-11 09:23:04 EDT,c9d8ed8aa4889486eaf10a630138ede0,2026-10-4,9:30,Indianapolis Colts,Washington Commanders,Indianapolis Colts,-102,Washington Commanders,-118
41,2026-09-11 09:23:04 EDT,664e6bda5721dc63be16bcf7d962a436,2026-10-4,13:0,Arizona Cardinals,New York Giants,Arizona Cardinals,260,New York Giants,-325
42,2026-09-11 09:23:04 EDT,f01589b0e7e6dd4f4ac1220a1db81f53,2026-10-4,13:0,Tennessee Titans,Baltimore Ravens,Tennessee Titans,310,Baltimore Ravens,-395
43,2026-09-11 09:23:04 EDT,164e6eb68f31bac190381903c3cccd31,2026-10-4,13:0,New York Jets,Chicago Bears,New York Jets,330,Chicago Bears,-425
44,2026-09-11 09:23:04 EDT,2ea94ddf20f66432b9024fe2e2eaba5f,2026-10-4,13:0,Jacksonville Jaguars,Cincinnati Bengals,Jacksonville Jaguars,114,Cincinnati Bengals,-135
45,2026-09-11 09:23:04 EDT,daf55e2df5341c007fee5a0fc5bbc2d4,2026-10-4,13:0,Dallas Cowboys,Houston Texans,Dallas Cowboys,114,Houston Texans,-135
46,2026-09-11 09:23:04 EDT,99a9bae4dc0dc2590496bd3102b211f2,2026-10-4,13:0,Green Bay Packers,Tampa Bay Buccaneers,Tampa Bay Buccaneers,105,Green Bay Packers,-125
47,2026-09-11 09:23:04 EDT,c327223d76a3b7b0db8c6c104442f44b,2026-10-4,16:5,Miami Dolphins,Minnesota Vikings,Miami Dolphins,310,Minnesota Vikings,-395
48,2026-09-11 09:23:04 EDT,e0cbd266dcf997089203a1b33ba0333d,2026-10-4,16:25,Kansas City Chiefs,Las Vegas Raiders,Las Vegas Raiders,205,Kansas City Chiefs,-250
49,2026-09-11 09:23:04 EDT,a73a76599a4f3422803e57bd8f61b626,2026-10-4,20:20,Detroit Lions,Carolina Panthers,Carolina Panthers,136,Detroit Lions,-162
50,2026-09-11 09:23:04 EDT,8bd90781e17e6d97df3941063cedae1e,2026-10-5,20:15,Atlanta Falcons,New Orleans Saints,Atlanta Falcons,114,New Orleans Saints,-135
51,2026-09-11 09:23:04 EDT,259b5df9aa0d10257f56de78523495e0,2026-10-8,20:15,Tampa Bay Buccaneers,Dallas Cowboys,Tampa Bay Buccaneers,170,Dallas Cowboys,-205
52,2026-09-11 09:23:04 EDT,21b26266f3d78af02eb672e606275d95,2026-10-11,9:30,Philadelphia Eagles,Jacksonville Jaguars,Jacksonville Jaguars,105,Philadelphia Eagles,-125
53,2026-09-11 09:23:04 EDT,c4647ca1201e6768501877267ca8251b,2026-10-11,13:0,Cincinnati Bengals,Miami Dolphins,Miami Dolphins,225,Cincinnati Bengals,-278
54,2026-09-11 09:23:04 EDT,9db4ed15fe34fca1fb62f040cd244591,2026-10-11,13:0,Cleveland Browns,New York Jets,Cleveland Browns,110,New York Jets,-130
55,2026-09-11 09:23:04 EDT,cc52bba56e74f5cddbe9011046181c3d,2026-10-11,13:0,Houston Texans,Tennessee Titans,Tennessee Titans,154,Houston Texans,-185
56,2026-09-11 09:23:04 EDT,448d7cf18c6db4c811ed82ded1b72867,2026-10-11,13:0,Indianapolis Colts,Pittsburgh Steelers,Indianapolis Colts,120,Pittsburgh Steelers,-142
57,2026-09-11 09:23:04 EDT,2cda9bf0fbe35a2735f0dd8aaafe9eff,2026-10-11,13:0,Minnesota Vikings,New Orleans Saints,New Orleans Saints,105,Minnesota Vikings,-125
58,2026-09-11 09:23:04 EDT,fbffd0b7722fd81d68d5d62472dc80e8,2026-10-11,13:0,New York Giants,Washington Commanders,New York Giants,110,Washington Commanders,-130
59,2026-09-11 09:23:04 EDT,d1d408fdfd272046fb517fe992a1c5a0,2026-10-11,16:5,Denver Broncos,Los Angeles Chargers,Denver Broncos,120,Los Angeles Chargers,-142
60,2026-09-11 09:23:04 EDT,f8e7f43f73aa983c5c99c189587f0118,2026-10-11,16:25,Detroit Lions,Arizona Cardinals,Arizona Cardinals,310,Detroit Lions,-395
61,2026-09-11 09:23:04 EDT,2caea57b1e5cfbba1334cfbfd46f6771,2026-10-11,16:25,Chicago Bears,Green Bay Packers,Chicago Bears,140,Green Bay Packers,-166
62,2026-09-11 09:23:04 EDT,86457f91112732f21ad4bb7d37bd291c,2026-10-11,20:20,Baltimore Ravens,Atlanta Falcons,Atlanta Falcons,164,Baltimore Ravens,-198
63,2026-09-11 09:23:04 EDT,57418b2cf5aca558b3c98eafac1e264a,2026-10-18,9:30,Houston Texans,Jacksonville Jaguars,Houston Texans,-108,Jacksonville Jaguars,-112
64,2026-09-11 09:23:04 EDT,7c312fdf24fb35f58b0e07c2932cc997,2026-10-18,13:0,Chicago Bears,Atlanta Falcons,Atlanta Falcons,130,Chicago Bears,-155
65,2026-09-11 09:23:04 EDT,e86227938fd3cf008fc5648fb5128344,2026-10-18,13:0,Baltimore Ravens,Cleveland Browns,Cleveland Browns,205,Baltimore Ravens,-250
66,2026-09-11 09:23:04 EDT,caca2d752fe1a1779029082e95332fcc,2026-10-18,13:0,Carolina Panthers,Philadelphia Eagles,Carolina Panthers,225,Philadelphia Eagles,-278
67,2026-09-11 09:23:04 EDT,84aa9e190e625d7e9cd67e1f157a45b4,2026-10-18,13:0,Tennessee Titans,Indianapolis Colts,Tennessee Titans,164,Indianapolis Colts,-198
68,2026-09-11 09:23:04 EDT,1cf74afd313e9fd300e1462012b174cb,2026-10-18,13:0,New Orleans Saints,New York Giants,New Orleans Saints,120,New York Giants,-142
69,2026-09-11 09:23:04 EDT,27f3994841ce8081c0b7349cf3d1e3d7,2026-10-18,13:0,Pittsburgh Steelers,Tampa Bay Buccaneers,Pittsburgh Steelers,105,Tampa Bay Buccaneers,-125
70,2026-09-11 09:23:04 EDT,45b2690b350ed45145c7a716b18e8e66,2026-10-18,16:25,Buffalo Bills,Las Vegas Raiders,Las Vegas Raiders,220,Buffalo Bills,-270
71,2026-09-11 09:23:04 EDT,20fefae8c296247460ba5773caa42218,2026-10-18,16:25,Los Angeles Chargers,Kansas City Chiefs,Los Angeles Chargers,120,Kansas City Chiefs,-142
72,2026-09-11 09:23:04 EDT,82fd5a159fa130e67abab93a9537f70b,2026-10-18,20:20,Dallas Cowboys,Green Bay Packers,Dallas Cowboys,140,Green Bay Packers,-166
73,2026-09-11 09:23:04 EDT,2e710ea5a306b614f0f966e3d78732f8,2026-10-25,9:30,Pittsburgh Steelers,New Orleans Saints,New Orleans Saints,120,Pittsburgh Steelers,-142
74,2026-09-11 09:23:04 EDT,550ec5290f935d311995affbcb0b5c79,2026-10-25,13:0,Cincinnati Bengals,Baltimore Ravens,Cincinnati Bengals,150,Baltimore Ravens,-180
75,2026-09-11 09:23:04 EDT,2823e986597c449ab94126cd5ed3fae9,2026-10-25,13:0,Tampa Bay Buccaneers,Carolina Panthers,Carolina Panthers,105,Tampa Bay Buccaneers,-125
76,2026-09-11 09:23:04 EDT,5dce18baccec5d3ad5fb3a3ce52f7619,2026-10-25,13:0,Cleveland Browns,Tennessee Titans,Cleveland Browns,114,Tennessee Titans,-135
77,2026-09-11 09:23:04 EDT,2bba7fde6f97d0e54403d53676e4ab63,2026-10-25,13:0,New York Giants,Houston Texans,New York Giants,195,Houston Texans,-238
78,2026-09-11 09:23:04 EDT,f3992ad4496724baf7dcd1ef58245d6b,2026-10-25,13:0,Indianapolis Colts,Minnesota Vikings,Indianapolis Colts,120,Minnesota Vikings,-142
79,2026-09-11 09:23:04 EDT,be5dd120ca08b43d647b6caa8953500a,2026-10-25,13:0,Miami Dolphins,New York Jets,Miami Dolphins,114,New York Jets,-135
80,2026-09-11 09:23:04 EDT,436119bb3ccdaa6ed7808aa3ebd82b76,2026-10-25,16:5,Denver Broncos,Arizona Cardinals,Arizona Cardinals,295,Denver Broncos,-375
81,2026-09-11 09:23:04 EDT,e8e5715eefb6a9ce64765e9ddf49c0cc,2026-10-25,16:25,Green Bay Packers,Detroit Lions,Green Bay Packers,120,Detroit Lions,-142
82,2026-09-11 09:23:04 EDT,4853610e63c246f2027a6a248e642c9a,2026-10-26,20:15,Dallas Cowboys,Philadelphia Eagles,Dallas Cowboys,136,Philadelphia Eagles,-162
83,2026-09-11 09:23:04 EDT,ab2865e9f2d4b012de8bc6fb6de11a7c,2026-10-29,20:15,Carolina Panthers,Green Bay Packers,Carolina Panthers,280,Green Bay Packers,-355
84,2026-09-11 09:23:04 EDT,9255ca8f32aea590d00aa57de79f6bb6,2026-11-1,13:0,Arizona Cardinals,Dallas Cowboys,Arizona Cardinals,410,Dallas Cowboys,-550
85,2026-09-11 09:23:04 EDT,921859689f5f8b3b8b1caf4248bdb1ec,2026-11-1,13:0,Atlanta Falcons,Tampa Bay Buccaneers,Atlanta Falcons,185,Tampa Bay Buccaneers,-225
86,2026-09-11 09:23:04 EDT,c93c421e5fa46031a43162d111d981d0,2026-11-1,13:0,Baltimore Ravens,Buffalo Bills,Baltimore Ravens,114,Buffalo Bills,-135
87,2026-09-11 09:23:04 EDT,9c5d8f57e0ba0fbd9ef436c1f0898f99,2026-11-1,13:0,Tennessee Titans,Cincinnati Bengals,Tennessee Titans,235,Cincinnati Bengals,-290
88,2026-09-11 09:23:04 EDT,ab5ab731ab655bd6308bc7a922275518,2026-11-1,13:0,Cleveland Browns,Pittsburgh Steelers,Cleveland Browns,210,Pittsburgh Steelers,-258
89,2026-09-11 09:23:04 EDT,52e7ee9c42525e6deec02da32dc2fad8,2026-11-1,13:0,Minnesota Vikings,Detroit Lions,Minnesota Vikings,185,Detroit Lions,-225
90,2026-09-11 09:23:04 EDT,159dbf0253dd2038eda2212f84387f0c,2026-11-1,13:0,Indianapolis Colts,Jacksonville Jaguars,Indianapolis Colts,185,Jacksonville Jaguars,-225
91,2026-09-11 09:23:04 EDT,98f1b121b793977434c046e76c707145,2026-11-1,13:0,Las Vegas Raiders,New York Jets,Las Vegas Raiders,102,New York Jets,-122
92,2026-09-11 09:23:04 EDT,f2a036d5edf483a277880014861e78ad,2026-11-1,16:25,Kansas City Chiefs,Denver Broncos,Kansas City Chiefs,105,Denver Broncos,-125
93,2026-09-11 09:23:04 EDT,b9c60db63b1a19ad319f24b33c0defe8,2026-11-1,20:20,Philadelphia Eagles,Washington Commanders,Washington Commanders,105,Philadelphia Eagles,-125
94,2026-09-11 09:23:04 EDT,c75744790b7acf6260c78ba5e739c0e5,2026-11-5,20:15,Jacksonville Jaguars,Baltimore Ravens,Jacksonville Jaguars,170,Baltimore Ravens,-205
95,2026-09-11 09:23:04 EDT,dc56d980f527ffeef89940133b211b13,2026-11-8,9:30,Cincinnati Bengals,Atlanta Falcons,Atlanta Falcons,190,Cincinnati Bengals,-230
96,2026-09-11 09:23:04 EDT,014282b888c741b7d70c857c09f40aa7,2026-11-8,13:0,Denver Broncos,Carolina Panthers,Carolina Panthers,136,Denver Broncos,-162
97,2026-09-11 09:23:04 EDT,e571bab6736f9338130a78a4f75c3231,2026-11-8,13:0,Cleveland Browns,New Orleans Saints,Cleveland Browns,160,New Orleans Saints,-192
98,2026-09-11 09:23:04 EDT,415fc42e72888c63e82f7bce24c65391,2026-11-8,13:0,Dallas Cowboys,Indianapolis Colts,Indianapolis Colts,105,Dallas Cowboys,-125
99,2026-09-11 09:23:04 EDT,44d8c37868b700e90f816db7c5df5cdd,2026-11-8,13:0,Detroit Lions,Miami Dolphins,Miami Dolphins,225,Detroit Lions,-278
100,2026-09-11 09:23:04 EDT,e354e6a04b1cb9c96e549b863debb92e,2026-11-8,13:0,New York Jets,Kansas City Chiefs,New York Jets,350,Kansas City Chiefs,-455
101,2026-09-11 09:23:04 EDT,fe93e6ab1e553c0169936a0a983c324f,2026-11-8,13:0,New York Giants,Philadelphia Eagles,New York Giants,195,Philadelphia Eagles,-238
102,2026-09-11 09:23:04 EDT,39aeac43cea7b12558b91cdab1255a10,2026-11-8,16:5,Houston Texans,Los Angeles Chargers,Houston Texans,114,Los Angeles Chargers,-135
103,2026-09-11 09:23:04 EDT,9760d8f19f84bfee300a74ceb656c95d,2026-11-8,20:20,Tampa Bay Buccaneers,Chicago Bears,Tampa Bay Buccaneers,160,Chicago Bears,-192
104,2026-09-11 09:23:04 EDT,17ad7eff2f7875e20a8109abe40470e3,2026-11-9,20:15,Buffalo Bills,Minnesota Vikings,Minnesota Vikings,142,Buffalo Bills,-170
105,2026-09-11 09:23:04 EDT,74d39e19225caf211ad2c8eb4110179f,2026-11-12,20:15,Washington Commanders,New York Giants,Washington Commanders,105,New York Giants,-125
106,2026-09-11 09:23:04 EDT,3c71d515b726f1096aabb435badb83fd,2026-11-15,13:0,Kansas City Chiefs,Atlanta Falcons,Atlanta Falcons,185,Kansas City Chiefs,-225
107,2026-09-11 09:23:04 EDT,1057d50949844ddf483da9c8c20354be,2026-11-15,13:0,Buffalo Bills,New York Jets,New York Jets,270,Buffalo Bills,-340
108,2026-09-11 09:23:04 EDT,e5aa20e1364dd639f042af1c2281bbe2,2026-11-15,13:0,Carolina Panthers,New Orleans Saints,Carolina Panthers,-102,New Orleans Saints,-118
109,2026-09-11 09:23:04 EDT,be0e03cc42fbc9b6962467b22c7bf9dd,2026-11-15,13:0,Houston Texans,Cleveland Browns,Cleveland Browns,170,Houston Texans,-205
110,2026-09-11 09:23:04 EDT,5d8d85473b87f772a979ecf294acab94,2026-11-15,13:0,Minnesota Vikings,Green Bay Packers,Minnesota Vikings,200,Green Bay Packers,-245
111,2026-09-11 09:23:04 EDT,b5700b4d938fd94429f60d4622cc9c0a,2026-11-15,13:0,Miami Dolphins,Indianapolis Colts,Miami Dolphins,245,Indianapolis Colts,-305
112,2026-09-11 09:23:04 EDT,28800df7e768ecec14f116454d560f9b,2026-11-15,13:0,Jacksonville Jaguars,Tennessee Titans,Tennessee Titans,114,Jacksonville Jaguars,-135
113,2026-09-11 09:23:04 EDT,48e497c230e6c9afcb3b600091d28e17,2026-11-15,20:20,Pittsburgh Steelers,Cincinnati Bengals,Pittsburgh Steelers,164,Cincinnati Bengals,-198
114,2026-09-11 09:23:04 EDT,35e3bdff558b5d1506251e814986f164,2026-11-16,20:15,Los Angeles Chargers,Baltimore Ravens,Los Angeles Chargers,150,Baltimore Ravens,-180
115,2026-09-11 09:23:04 EDT,66f9e83cf025d58acee12bce18661fb3,2026-11-19,20:15,Indianapolis Colts,Houston Texans,Indianapolis Colts,195,Houston Texans,-238
116,2026-09-11 09:23:04 EDT,403a88701352da05b0710a9e883b803e,2026-11-22,13:0,Arizona Cardinals,Kansas City Chiefs,Arizona Cardinals,440,Kansas City Chiefs,-600
117,2026-09-11 09:23:04 EDT,4527f57f5bc32742d8194af1ccf7da7e,2026-11-22,13:0,Baltimore Ravens,Carolina Panthers,Carolina Panthers,180,Baltimore Ravens,-218
118,2026-09-11 09:23:04 EDT,4c5b1c0843a260278e95eb93e7787576,2026-11-22,13:0,Miami Dolphins,Buffalo Bills,Miami Dolphins,470,Buffalo Bills,-650
119,2026-09-11 09:23:04 EDT,3ea90704fb576633bd1e2fa5aafd9ea3,2026-11-22,13:0,New Orleans Saints,Chicago Bears,New Orleans Saints,235,Chicago Bears,-290
120,2026-09-11 09:23:04 EDT,5e63079b678f8c13419adc169fff02d3,2026-11-22,13:0,Tennessee Titans,Dallas Cowboys,Tennessee Titans,230,Dallas Cowboys,-285
121,2026-09-11 09:23:04 EDT,41e2dd69bddd65d7e823d9ed61cc2afc,2026-11-22,13:0,Tampa Bay Buccaneers,Detroit Lions,Tampa Bay Buccaneers,180,Detroit Lions,-218
122,2026-09-11 09:23:04 EDT,8ba112fabf4e87639338a5f437c5abfe,2026-11-22,13:0,Jacksonville Jaguars,New York Giants,New York Giants,105,Jacksonville Jaguars,-125
123,2026-09-11 09:23:04 EDT,4b20b742b6168aaca4f25d87f11b1526,2026-11-22,16:5,New York Jets,Los Angeles Chargers,New York Jets,330,Los Angeles Chargers,-425
124,2026-09-11 09:23:04 EDT,1940706a79cbcbafacdcbf231069716b,2026-11-22,16:25,Las Vegas Raiders,Denver Broncos,Las Vegas Raiders,270,Denver Broncos,-340
125,2026-09-11 09:23:04 EDT,cbe45bafcc2615fc1d96cbc12840377a,2026-11-22,16:25,Pittsburgh Steelers,Philadelphia Eagles,Pittsburgh Steelers,195,Philadelphia Eagles,-238
126,2026-09-11 09:23:04 EDT,3a60ed1d20004aa4d4772b2c1a2272e7,2026-11-23,20:15,Cincinnati Bengals,Washington Commanders,Washington Commanders,102,Cincinnati Bengals,-122
127,2026-09-11 09:23:04 EDT,9b825e6518156008da499be041975fdd,2026-11-26,13:0,Chicago Bears,Detroit Lions,Chicago Bears,120,Detroit Lions,-142
128,2026-09-11 09:23:04 EDT,ffaa06af56a7137d4b078c5c46c0b730,2026-11-26,15:30,Philadelphia Eagles,Dallas Cowboys,Philadelphia Eagles,105,Dallas Cowboys,-125
129,2026-09-11 09:23:04 EDT,f36f518585aec40e8cb40e071c0844aa,2026-11-26,20:20,Kansas City Chiefs,Buffalo Bills,Kansas City Chiefs,124,Buffalo Bills,-148
130,2026-09-11 09:23:04 EDT,44a3bcf5bd002583ddef2207a92dd977,2026-11-27,15:0,Denver Broncos,Pittsburgh Steelers,Pittsburgh Steelers,102,Denver Broncos,-122
131,2026-09-11 09:23:04 EDT,6a05021bdb6bab24b9bb381ffff10f0c,2026-11-29,13:0,Atlanta Falcons,Minnesota Vikings,Atlanta Falcons,180,Minnesota Vikings,-218
132,2026-09-11 09:23:04 EDT,60d0c074801985c1062795362a24200e,2026-11-29,13:0,Baltimore Ravens,Houston Texans,Baltimore Ravens,102,Houston Texans,-122
133,2026-09-11 09:23:04 EDT,f7d3ae7a8fe2438cef7d7d7bc67e31db,2026-11-29,13:0,New Orleans Saints,Cincinnati Bengals,New Orleans Saints,235,Cincinnati Bengals,-290
134,2026-09-11 09:23:04 EDT,eaa993c3d62d6b5aeb6142cdd7862fd5,2026-11-29,13:0,Las Vegas Raiders,Cleveland Browns,Las Vegas Raiders,102,Cleveland Browns,-122
135,2026-09-11 09:23:04 EDT,e9da808e36e1b7475698a57465ad4519,2026-11-29,13:0,New York Giants,Indianapolis Colts,New York Giants,114,Indianapolis Colts,-135
136,2026-09-11 09:23:04 EDT,81a8fee5b649a3ad5ad59e9528f2f376,2026-11-29,13:0,Tennessee Titans,Jacksonville Jaguars,Tennessee Titans,195,Jacksonville Jaguars,-238
137,2026-09-11 09:23:04 EDT,5ea0e3ea5944b0ad5169f21c0787b331,2026-11-29,13:0,New York Jets,Miami Dolphins,New York Jets,105,Miami Dolphins,-125
138,2026-09-11 09:23:04 EDT,69a1dbe9de3d3212c3a7a55be5d204ab,2026-11-29,16:25,Washington Commanders,Arizona Cardinals,Arizona Cardinals,180,Washington Commanders,-218
139,2026-09-11 09:23:04 EDT,2cdaecba7c0bff9b58a48a82e6ee17a7,2026-11-30,20:15,Carolina Panthers,Tampa Bay Buccaneers,Carolina Panthers,160,Tampa Bay Buccaneers,-192
140,2026-09-11 09:23:04 EDT,c94419ba8fb818fc36a5b21b526aab75,2026-12-6,13:0,Detroit Lions,Atlanta Falcons,Atlanta Falcons,154,Detroit Lions,-185
141,2026-09-11 09:23:04 EDT,0236f9aa68d65ea03bd1ca025b749c20,2026-12-6,13:0,Jacksonville Jaguars,Chicago Bears,Jacksonville Jaguars,130,Chicago Bears,-155
142,2026-09-11 09:23:04 EDT,b447fab53534af892f98a74eae26c1c6,2026-12-6,13:0,Cincinnati Bengals,Cleveland Browns,Cleveland Browns,180,Cincinnati Bengals,-218
143,2026-09-11 09:23:04 EDT,9a55467e1cd6310ae2af20d8154612e1,2026-12-6,13:0,Miami Dolphins,Denver Broncos,Miami Dolphins,360,Denver Broncos,-470
144,2026-09-11 09:23:04 EDT,1ccb61b811b7aae4270df22a67e6459f,2026-12-6,13:0,Green Bay Packers,New Orleans Saints,New Orleans Saints,185,Green Bay Packers,-225
145,2026-09-11 09:23:04 EDT,f8a92363386bd337975650879086cca6,2026-12-6,13:0,Los Angeles Chargers,Tampa Bay Buccaneers,Tampa Bay Buccaneers,120,Los Angeles Chargers,-142
146,2026-09-11 09:23:04 EDT,ae3429e95ee704c7fd001cade20072d0,2026-12-6,13:0,Washington Commanders,Tennessee Titans,Tennessee Titans,105,Washington Commanders,-125
147,2026-09-11 09:23:04 EDT,f4897f48a5351881280f7598bd826408,2026-12-6,16:5,Philadelphia Eagles,Arizona Cardinals,Arizona Cardinals,310,Philadelphia Eagles,-395
148,2026-09-11 09:23:04 EDT,c186c605febd6370b292469c9151cfb3,2026-12-6,16:25,Carolina Panthers,Minnesota Vikings,Carolina Panthers,160,Minnesota Vikings,-192
149,2026-09-11 09:23:04 EDT,26bf8e165d2d273ed0772a355f07ab16,2026-12-6,20:20,Houston Texans,Pittsburgh Steelers,Pittsburgh Steelers,102,Houston Texans,-122
150,2026-09-11 09:23:04 EDT,f7fba6b1804e02292ee0ce4738484258,2026-12-13,13:0,Atlanta Falcons,Cleveland Browns,Atlanta Falcons,105,Cleveland Browns,-125
151,2026-09-11 09:23:04 EDT,bec99e2f2b4c80e345731d69ee38d831,2026-12-13,13:0,Tampa Bay Buccaneers,Baltimore Ravens,Tampa Bay Buccaneers,210,Baltimore Ravens,-258
152,2026-09-11 09:23:04 EDT,dcc7b377d3b3ec990304612bbef47d3d,2026-12-13,13:0,New Orleans Saints,Carolina Panthers,New Orleans Saints,114,Carolina Panthers,-135
153,2026-09-11 09:23:04 EDT,2c6added7199a59f1e9dae8492c29da4,2026-12-13,13:0,Chicago Bears,Miami Dolphins,Miami Dolphins,205,Chicago Bears,-250
154,2026-09-11 09:23:04 EDT,5185ace33aebc87d39074147940f2fa5,2026-12-13,13:0,Denver Broncos,New York Jets,New York Jets,195,Denver Broncos,-238
155,2026-09-11 09:23:04 EDT,a31f461ccd92e1072f23ccfae281ae9a,2026-12-13,13:0,Tennessee Titans,Detroit Lions,Tennessee Titans,285,Detroit Lions,-360
156,2026-09-11 09:23:04 EDT,5dc9cb8fba610d682dc670ae4e7d59f3,2026-12-13,13:0,Houston Texans,Washington Commanders,Washington Commanders,105,Houston Texans,-125
157,2026-09-11 09:23:04 EDT,45203f985f8d1567ad19b0617dd267f8,2026-12-13,13:0,Indianapolis Colts,Philadelphia Eagles,Indianapolis Colts,205,Philadelphia Eagles,-250
158,2026-09-11 09:23:04 EDT,484c491dc1dee090d740ba077b7d9709,2026-12-13,16:5,Los Angeles Chargers,Las Vegas Raiders,Las Vegas Raiders,190,Los Angeles Chargers,-230
159,2026-09-11 09:23:04 EDT,180b5fa7ea6bd0d2d9ddb9ba5ee38cc0,2026-12-13,16:25,Kansas City Chiefs,Cincinnati Bengals,Kansas City Chiefs,105,Cincinnati Bengals,-125
160,2026-09-11 09:23:04 EDT,c4877c048defcb80e0ab37c0688f37f6,2026-12-13,20:20,Buffalo Bills,Green Bay Packers,Buffalo Bills,105,Green Bay Packers,-125
161,2026-09-11 09:23:04 EDT,690e2ee2ed5f0875f7cbaecdc51373f5,2026-12-14,20:15,Pittsburgh Steelers,Jacksonville Jaguars,Pittsburgh Steelers,136,Jacksonville Jaguars,-162
162,2026-09-11 09:23:04 EDT,784568b1df055bf7eb8780c110d5e910,2026-12-19,20:20,Chicago Bears,Buffalo Bills,Chicago Bears,154,Buffalo Bills,-185
163,2026-09-11 09:23:04 EDT,5931eee49f5f2656a5344e1388a68816,2026-12-20,13:0,Atlanta Falcons,Washington Commanders,Atlanta Falcons,150,Washington Commanders,-180
164,2026-09-11 09:23:04 EDT,2f4b1899c1c278947920e0254b682d90,2026-12-20,13:0,Baltimore Ravens,Pittsburgh Steelers,Pittsburgh Steelers,124,Baltimore Ravens,-148
165,2026-09-11 09:23:04 EDT,000fc688beb4fc004ecdad115d9adb1c,2026-12-20,13:0,Cincinnati Bengals,Carolina Panthers,Carolina Panthers,124,Cincinnati Bengals,-148
166,2026-09-11 09:23:04 EDT,1cb23c83ae4af84cffcdae6b31d06e83,2026-12-20,13:0,Cleveland Browns,New York Giants,Cleveland Browns,180,New York Giants,-218
167,2026-09-11 09:23:04 EDT,99719df35bc2efdcc72096f865ed8841,2026-12-20,13:0,Miami Dolphins,Green Bay Packers,Miami Dolphins,470,Green Bay Packers,-650
168,2026-09-11 09:23:04 EDT,29211b6e78461220a2833184233f70e5,2026-12-20,13:0,Jacksonville Jaguars,Houston Texans,Jacksonville Jaguars,130,Houston Texans,-155
169,2026-09-11 09:23:04 EDT,3b696c07ff6a1ef461d023a73db17584,2026-12-20,13:0,Indianapolis Colts,Tennessee Titans,Tennessee Titans,105,Indianapolis Colts,-125
170,2026-09-11 09:23:04 EDT,e15a91cebf3480ff0b93b4fbacb09797,2026-12-20,13:0,New Orleans Saints,Tampa Bay Buccaneers,New Orleans Saints,160,Tampa Bay Buccaneers,-192
171,2026-09-11 09:23:04 EDT,d8cd12e7684fa2aa39f5b188ef6e62e0,2026-12-20,16:5,New York Jets,Arizona Cardinals,New York Jets,-110,Arizona Cardinals,-110
172,2026-09-11 09:23:04 EDT,9f507007b9c0a7082c1471a5fa841336,2026-12-20,16:25,Denver Broncos,Las Vegas Raiders,Las Vegas Raiders,170,Denver Broncos,-205
173,2026-09-11 09:23:04 EDT,b34897a0368d570291d44e176c0c2331,2026-12-20,20:20,Detroit Lions,Minnesota Vikings,Minnesota Vikings,102,Detroit Lions,-122
174,2026-09-11 09:23:04 EDT,3f226ec5402c6ec4d84a59be80c2fa67,2026-12-24,20:15,Houston Texans,Philadelphia Eagles,Houston Texans,114,Philadelphia Eagles,-135
175,2026-09-11 09:23:04 EDT,2828c07018dfafbe96aba205809cc7ac,2026-12-25,13:0,Green Bay Packers,Chicago Bears,Green Bay Packers,-102,Chicago Bears,-118
176,2026-09-11 09:23:04 EDT,126f27c71e8130ef87de0d137e833d9b,2026-12-25,16:30,Buffalo Bills,Denver Broncos,Denver Broncos,110,Buffalo Bills,-130
177,2026-09-11 09:23:04 EDT,8fd00347b6d77ce384d83cba814430d7,2026-12-27,13:0,Arizona Cardinals,New Orleans Saints,Arizona Cardinals,200,New Orleans Saints,-245
178,2026-09-11 09:23:04 EDT,bd13d00f06ad222b0a1b6ea4d0add763,2026-12-27,13:0,Tampa Bay Buccaneers,Atlanta Falcons,Atlanta Falcons,105,Tampa Bay Buccaneers,-125
179,2026-09-11 09:23:04 EDT,0f23afce92c2f0af28973c0a7533763e,2026-12-27,13:0,Cleveland Browns,Baltimore Ravens,Cleveland Browns,330,Baltimore Ravens,-425
180,2026-09-11 09:23:04 EDT,74cb0e112d069cdbda1671ae85531f43,2026-12-27,13:0,Carolina Panthers,Pittsburgh Steelers,Carolina Panthers,160,Pittsburgh Steelers,-192
181,2026-09-11 09:23:04 EDT,ca8982dccb6c3ae01525800317287f02,2026-12-27,13:0,Cincinnati Bengals,Indianapolis Colts,Indianapolis Colts,105,Cincinnati Bengals,-125
182,2026-09-11 09:23:04 EDT,29425f5c68826d615277cf9be2b82e00,2026-12-27,13:0,Tennessee Titans,Las Vegas Raiders,Tennessee Titans,105,Las Vegas Raiders,-125
183,2026-09-11 09:23:04 EDT,fe2eb511d4c2da3a8e88b85b4f4e9f7e,2026-12-27,13:0,Los Angeles Chargers,Miami Dolphins,Miami Dolphins,285,Los Angeles Chargers,-360
184,2026-09-11 09:23:04 EDT,cf5cefa5556bcd0156bd394171ef6c8e,2026-12-27,13:0,Washington Commanders,Minnesota Vikings,Washington Commanders,114,Minnesota Vikings,-135
185,2026-09-11 09:23:04 EDT,b1c4ec04c3398a9efa25492000858384,2026-12-27,20:20,Jacksonville Jaguars,Dallas Cowboys,Jacksonville Jaguars,136,Dallas Cowboys,-162
186,2026-09-11 09:23:04 EDT,ca92c191ebf7361ea56f9bbc09a5f51b,2026-12-28,20:15,New York Giants,Detroit Lions,New York Giants,170,Detroit Lions,-205
187,2026-09-11 09:23:04 EDT,be268ce293cf4fad1c0c867a3ca4c257,2026-12-31,20:15,Baltimore Ravens,Cincinnati Bengals,Baltimore Ravens,114,Cincinnati Bengals,-135
188,2026-09-11 09:23:04 EDT,e5dd9cc3fd5452d55c250949e946743d,2027-1-3,13:0,New Orleans Saints,Atlanta Falcons,New Orleans Saints,105,Atlanta Falcons,-125
189,2026-09-11 09:23:04 EDT,d9a186d988a3ede2a33e504f4890fe52,2027-1-3,13:0,Buffalo Bills,Miami Dolphins,Miami Dolphins,300,Buffalo Bills,-380
190,2026-09-11 09:23:04 EDT,f2e03f9b857485bb13211ee0f5eb5935,2027-1-3,13:0,Indianapolis Colts,Cleveland Browns,Cleveland Browns,114,Indianapolis Colts,-135
191,2026-09-11 09:23:04 EDT,c8945d476449633912cf51a346ac98ca,2027-1-3,13:0,New York Giants,Dallas Cowboys,New York Giants,180,Dallas Cowboys,-218
192,2026-09-11 09:23:04 EDT,c96a3e9e40569b4ed5a546dff131c61d,2027-1-3,13:0,Washington Commanders,Jacksonville Jaguars,Washington Commanders,154,Jacksonville Jaguars,-185
193,2026-09-11 09:23:04 EDT,bfe51fa0034c9d22a69ffd80e2d717f5,2027-1-3,13:0,Minnesota Vikings,New York Jets,New York Jets,154,Minnesota Vikings,-185
194,2026-09-11 09:23:04 EDT,d0ffa5ed13cbd7610f9176041464404a,2027-1-3,13:0,Pittsburgh Steelers,Tennessee Titans,Tennessee Titans,105,Pittsburgh Steelers,-125
195,2026-09-11 09:23:04 EDT,08abdb683fcb6d77f66baed136f47283,2027-1-3,16:5,Las Vegas Raiders,Arizona Cardinals,Arizona Cardinals,110,Las Vegas Raiders,-130
196,2026-09-11 09:23:04 EDT,12089441cea51add4694cdde98b4a5b7,2027-1-3,16:25,Detroit Lions,Chicago Bears,Detroit Lions,102,Chicago Bears,-122
197,2026-09-11 09:23:04 EDT,67d842cb73300ef923959105698b63bb,2027-1-3,16:25,Kansas City Chiefs,Los Angeles Chargers,Kansas City Chiefs,105,Los Angeles Chargers,-125
198,2026-09-11 09:23:04 EDT,37bc346543da471e067b695b862ccfe9,2027-1-4,20:15,Houston Texans,Green Bay Packers,Houston Texans,114,Green Bay Packers,-135
199,2026-09-11 09:23:04 EDT,7f809a45bc8baedf0cb0259e7da7cd29,2027-1-10,13:0,Atlanta Falcons,Carolina Panthers,Atlanta Falcons,114,Carolina Panthers,-135
200,2026-09-11 09:23:04 EDT,d7da5587a88a7fc35c36b453d3264d5a,2027-1-10,13:0,Pittsburgh Steelers,Baltimore Ravens,Pittsburgh Steelers,190,Baltimore Ravens,-230
201,2026-09-11 09:23:04 EDT,97cbd9ad26dff1af47192120defe112d,2027-1-10,13:0,New York Jets,Buffalo Bills,New York Jets,370,Buffalo Bills,-485
202,2026-09-11 09:23:04 EDT,d190fb7ea85c33b96a495041dad22142,2027-1-10,13:0,Chicago Bears,Minnesota Vikings,Chicago Bears,102,Minnesota Vikings,-122
203,2026-09-11 09:23:04 EDT,8c16104c8afc72b583531508b2aa1c33,2027-1-10,13:0,Cleveland Browns,Cincinnati Bengals,Cleveland Browns,285,Cincinnati Bengals,-360
204,2026-09-11 09:23:04 EDT,3f460f14b810d7bf642bdf7b658530c0,2027-1-10,13:0,Dallas Cowboys,Washington Commanders,Washington Commanders,102,Dallas Cowboys,-122
205,2026-09-11 09:23:04 EDT,71d0d10e384393c1e071c39dd3931c19,2027-1-10,13:0,Los Angeles Chargers,Denver Broncos,Los Angeles Chargers,102,Denver Broncos,-122
206,2026-09-11 09:23:04 EDT,8f81778bbdb984be44e24a3d55a49b4d,2027-1-10,13:0,Detroit Lions,Green Bay Packers,Detroit Lions,114,Green Bay Packers,-135
207,2026-09-11 09:23:04 EDT,9bb63096709ba607443c454d2a813b14,2027-1-10,13:0,Tennessee Titans,Houston Texans,Tennessee Titans,240,Houston Texans,-298
208,2026-09-11 09:23:04 EDT,bea47af467e217653bba8d69888e4d95,2027-1-10,13:0,Jacksonville Jaguars,Indianapolis Colts,Jacksonville Jaguars,102,Indianapolis Colts,-122
209,2026-09-11 09:23:04 EDT,bb66a6f02c535c0cd8b9c689a5513687,2027-1-10,13:0,Las Vegas Raiders,Kansas City Chiefs,Las Vegas Raiders,320,Kansas City Chiefs,-410
210,2026-09-11 09:23:04 EDT,7b8ce34c0e173e4ff6ccf8e8caa09113,2027-1-10,13:0,Tampa Bay Buccaneers,New Orleans Saints,New Orleans Saints,105,Tampa Bay Buccaneers,-125
211,2026-09-11 09:23:04 EDT,01baed6f9d6482c5d89d37379c7c63c7,2027-1-10,13:0,Philadelphia Eagles,New York Giants,New York Giants,136,Philadelphia Eagles,-162
