,Timestamp,ID,Date,Time,Away,Home,Favorite,Favorite Odds,Underdog,Underdog Odds,OU,Away Spread,Away Price,Home Spread,Home Price
0,2026-09-07 10:22:52 EDT,8c94552d022acec4a0458d70c19d3da9,2026-9-9,20:20,New England Patriots,Seattle Seahawks,New England Patriots,150,Seattle Seahawks,-180,44.5,3.5,-118,-3.5,-102
1,2026-09-07 10:22:52 EDT,acc580d74344ea3b31bbcdd057fe6a9c,2026-9-10,20:35,San Francisco 49ers,Los Angeles Rams,San Francisco 49ers,154,Los Angeles Rams,-185,48.5,3.5,-112,-3.5,-108
2,2026-09-07 10:22:52 EDT,95c01d1bb797d6df14824b106c5a9130,2026-9-13,13:0,Atlanta Falcons,Pittsburgh Steelers,Atlanta Falcons,154,Pittsburgh Steelers,-185,42.5,3.5,-118,-3.5,-102
3,2026-09-07 10:22:52 EDT,b6cfdcbafa61ce220ba87dc2d9b80c77,2026-9-13,13:0,Baltimore Ravens,Indianapolis Colts,Indianapolis Colts,136,Baltimore Ravens,-162,47.5,-3.0,-118,3.0,-102
4,2026-09-07 10:22:52 EDT,7e09efed7e12c659b82740b67ce2f9a1,2026-9-13,13:0,Buffalo Bills,Houston Texans,Houston Texans,-110,Buffalo Bills,-110,44.5,1.5,-122,-1.5,102
5,2026-09-07 10:22:52 EDT,fc362aff0d889ec52d358307a70c32ed,2026-9-13,13:0,Chicago Bears,Carolina Panthers,Carolina Panthers,124,Chicago Bears,-148,46.5,-3.0,-102,3.0,-118
6,2026-09-07 10:22:52 EDT,ed6d24ff979f9c71979fead577b0b3f7,2026-9-13,13:0,Tampa Bay Buccaneers,Cincinnati Bengals,Tampa Bay Buccaneers,164,Cincinnati Bengals,-198,50.5,3.5,-105,-3.5,-115
7,2026-09-07 10:22:52 EDT,e55c6fe19fce094ce214c8b0e5b504e9,2026-9-13,13:0,Cleveland Browns,Jacksonville Jaguars,Cleveland Browns,330,Jacksonville Jaguars,-425,40.5,7.5,-105,-7.5,-115
8,2026-09-07 10:22:52 EDT,c1d3fcec25aaeb06ebd2244d33d338e0,2026-9-13,13:0,New Orleans Saints,Detroit Lions,New Orleans Saints,235,Detroit Lions,-290,49.5,7.0,-115,-7.0,-105
9,2026-09-07 10:22:52 EDT,7dddb296a42e7a41a774b24bd1709ce1,2026-9-13,13:0,New York Jets,Tennessee Titans,New York Jets,105,Tennessee Titans,-125,39.5,1.5,-110,-1.5,-110
10,2026-09-07 10:22:52 EDT,1edfa5ceaa1ad2cb57df1c1b908731f6,2026-9-13,16:25,Arizona Cardinals,Los Angeles Chargers,Arizona Cardinals,380,Los Angeles Chargers,-500,47.5,10.0,-115,-10.0,-105
11,2026-09-07 10:22:52 EDT,cb77efed7e711d25a72c1a2a0a1af119,2026-9-13,16:25,Green Bay Packers,Minnesota Vikings,Green Bay Packers,102,Minnesota Vikings,-122,46.5,1.5,-112,-1.5,-108
12,2026-09-07 10:22:52 EDT,c5d95f48a16849ab6bebc68fbbfcb74a,2026-9-13,16:25,Miami Dolphins,Las Vegas Raiders,Miami Dolphins,154,Las Vegas Raiders,-185,40.5,3.5,-115,-3.5,-105
13,2026-09-07 10:22:52 EDT,17885cb8dcade8f6c3bce14b2de805e8,2026-9-13,16:25,Washington Commanders,Philadelphia Eagles,Washington Commanders,170,Philadelphia Eagles,-205,44.5,4.5,-108,-4.5,-112
14,2026-09-07 10:22:52 EDT,3e646c7479c57f5d9752d8c7dfe7059b,2026-9-13,20:20,Dallas Cowboys,New York Giants,New York Giants,136,Dallas Cowboys,-162,48.5,-3.0,-108,3.0,-112
15,2026-09-07 10:22:52 EDT,5ad8135dc2b5f27de0b777acd317855a,2026-9-14,20:15,Denver Broncos,Kansas City Chiefs,Denver Broncos,124,Kansas City Chiefs,-148,43.5,3.0,-120,-3.0,100
16,2026-09-07 10:22:52 EDT,56e8897681915f7ec92baeee952bb1ae,2026-9-17,20:15,Detroit Lions,Buffalo Bills,Detroit Lions,130,Buffalo Bills,-155,52.5,3.0,-110,-3.0,-110
17,2026-09-07 10:22:52 EDT,aee7eae1849ebb103b9bf233e9741392,2026-9-20,13:0,Carolina Panthers,Atlanta Falcons,Carolina Panthers,105,Atlanta Falcons,-125,44.5,1.5,-110,-1.5,-110
18,2026-09-07 10:22:52 EDT,2143ade9684fd876b68a4e8cbf451f05,2026-9-20,13:0,New Orleans Saints,Baltimore Ravens,New Orleans Saints,285,Baltimore Ravens,-360,46.5,7.5,-110,-7.5,-110
19,2026-09-07 10:22:52 EDT,0283a29e1b38ef78b29b904fd56a16dd,2026-9-20,13:0,Minnesota Vikings,Chicago Bears,Minnesota Vikings,160,Chicago Bears,-192,45.5,3.5,-115,-3.5,-105
20,2026-09-07 10:22:52 EDT,36ad2fa722f4915ef23d2c81351261de,2026-9-20,13:0,Cincinnati Bengals,Houston Texans,Cincinnati Bengals,114,Houston Texans,-135,46.5,2.5,-110,-2.5,-110
21,2026-09-07 10:22:52 EDT,0636ebff776d43f8c829a36713c80b22,2026-9-20,13:0,Cleveland Browns,Tampa Bay Buccaneers,Cleveland Browns,225,Tampa Bay Buccaneers,-278,42.5,6.5,-110,-6.5,-110
22,2026-09-07 10:22:52 EDT,4aeee070bb6ec60bdfae4dede61b9014,2026-9-20,13:0,Green Bay Packers,New York Jets,New York Jets,200,Green Bay Packers,-245,42.5,-5.5,-110,5.5,-110
23,2026-09-07 10:22:52 EDT,9d14f87600f6edc74dbcb5c74edf6246,2026-9-20,13:0,Pittsburgh Steelers,New England Patriots,Pittsburgh Steelers,180,New England Patriots,-218,43.5,4.5,-110,-4.5,-110
24,2026-09-07 10:22:52 EDT,fafc649c455e32a0f2ba1bd06e2039bc,2026-9-20,13:0,Philadelphia Eagles,Tennessee Titans,Tennessee Titans,180,Philadelphia Eagles,-218,42.5,-4.5,-110,4.5,-110
25,2026-09-07 10:22:52 EDT,1fd6628c781f556a7a19638e97d7107f,2026-9-20,16:5,Jacksonville Jaguars,Denver Broncos,Jacksonville Jaguars,130,Denver Broncos,-155,43.5,3.0,-110,-3.0,-110
26,2026-09-07 10:22:52 EDT,71b3b83747589efdc5baef2c5cf811bf,2026-9-20,16:5,Las Vegas Raiders,Los Angeles Chargers,Las Vegas Raiders,285,Los Angeles Chargers,-360,42.5,8.5,-110,-8.5,-110
27,2026-09-07 10:22:52 EDT,4dd8020192a544385db42374e5555303,2026-9-20,16:25,Seattle Seahawks,Arizona Cardinals,Arizona Cardinals,400,Seattle Seahawks,-535,44.5,-10.0,-110,10.0,-110
28,2026-09-07 10:22:52 EDT,85ef85098ddd22fe4ecf45e7e3c0a9c0,2026-9-20,16:25,Washington Commanders,Dallas Cowboys,Washington Commanders,170,Dallas Cowboys,-205,51.5,4.5,-115,-4.5,-105
29,2026-09-07 10:22:52 EDT,68bc55903f50af4af4766adcc89fcc61,2026-9-20,16:25,Miami Dolphins,San Francisco 49ers,Miami Dolphins,490,San Francisco 49ers,-675,46.5,10.5,-110,-10.5,-110
30,2026-09-07 10:22:52 EDT,50bc247030707d823b9c3581d7eb5760,2026-9-20,20:20,Indianapolis Colts,Kansas City Chiefs,Indianapolis Colts,260,Kansas City Chiefs,-325,47.5,6.5,-110,-6.5,-110
31,2026-09-07 10:22:52 EDT,32367f882fac1a0c20a6335619922025,2026-9-21,20:15,New York Giants,Los Angeles Rams,New York Giants,310,Los Angeles Rams,-395,48.5,8.5,-110,-8.5,-110
32,2026-09-07 10:22:52 EDT,e5fbd3b3953b896b1bf897ddadb3cc4b,2026-9-24,20:15,Atlanta Falcons,Green Bay Packers,Atlanta Falcons,300,Green Bay Packers,-380,46.5,7.5,-110,-7.5,-110
33,2026-09-07 10:22:52 EDT,b225458a282e140c44c45651255f2f6c,2026-9-27,13:0,Los Angeles Chargers,Buffalo Bills,Los Angeles Chargers,136,Buffalo Bills,-162,48.5,3.0,-110,-3.0,-110
34,2026-09-07 10:22:52 EDT,613b8cd3a5fab58f7be4e3fd6f76223e,2026-9-27,13:0,Carolina Panthers,Cleveland Browns,Cleveland Browns,102,Carolina Panthers,-122,39.5,-1.5,-110,1.5,-110
35,2026-09-07 10:22:52 EDT,71123be049587b6facce3a20c53e5d09,2026-9-27,13:0,Cincinnati Bengals,Pittsburgh Steelers,Pittsburgh Steelers,105,Cincinnati Bengals,-125,46.5,-1.5,-110,1.5,-110
36,2026-09-07 10:22:52 EDT,07f552badfa8a565d1be22123713e4da,2026-9-27,13:0,New York Jets,Detroit Lions,New York Jets,320,Detroit Lions,-410,45.5,9.5,-110,-9.5,-110
37,2026-09-07 10:22:52 EDT,17a730b7d399feeab6a78c30767c29d2,2026-9-27,13:0,Houston Texans,Indianapolis Colts,Indianapolis Colts,102,Houston Texans,-122,45.5,-1.5,-110,1.5,-110
38,2026-09-07 10:22:52 EDT,1f3cfd315a24d1a7dd5859a8e6b88e18,2026-9-27,13:0,New England Patriots,Jacksonville Jaguars,New England Patriots,-102,Jacksonville Jaguars,-118,45.5,1.5,-115,-1.5,-105
39,2026-09-07 10:22:52 EDT,0339a0e41bcee12820eb3e64bb5fadb4,2026-9-27,13:0,Kansas City Chiefs,Miami Dolphins,Miami Dolphins,340,Kansas City Chiefs,-440,44.5,-7.5,-110,7.5,-110
40,2026-09-07 10:22:52 EDT,555afd4a27aaa392662881cffa8f2eef,2026-9-27,13:0,Tennessee Titans,New York Giants,Tennessee Titans,140,New York Giants,-166,44.5,3.0,-105,-3.0,-115
41,2026-09-07 10:22:52 EDT,2a529c108305ffa049d8b6cfdbaa4d36,2026-9-27,13:0,Seattle Seahawks,Washington Commanders,Washington Commanders,154,Seattle Seahawks,-185,46.5,-3.5,-110,3.5,-110
42,2026-09-07 10:22:52 EDT,9d2b09e0f9b6dd5ce0d985894f4f98fa,2026-9-27,16:5,Arizona Cardinals,San Francisco 49ers,Arizona Cardinals,470,San Francisco 49ers,-650,46.5,11.5,-110,-11.5,-110
43,2026-09-07 10:22:52 EDT,f1724dead3eab61546033032fc782375,2026-9-27,16:5,Minnesota Vikings,Tampa Bay Buccaneers,Minnesota Vikings,105,Tampa Bay Buccaneers,-125,44.5,1.5,-110,-1.5,-110
44,2026-09-07 10:22:52 EDT,84cfca14efc21363fd605508404cf1ff,2026-9-27,16:25,Baltimore Ravens,Dallas Cowboys,Dallas Cowboys,114,Baltimore Ravens,-135,51.5,-2.5,-110,2.5,-110
45,2026-09-07 10:22:52 EDT,2e523fcb0497aa689473e290eb2b97de,2026-9-27,16:25,Las Vegas Raiders,New Orleans Saints,Las Vegas Raiders,160,New Orleans Saints,-192,42.5,3.5,-110,-3.5,-110
46,2026-09-07 10:22:52 EDT,3bfd8bfb4b8e9a365a0877879b73b16b,2026-9-27,20:20,Los Angeles Rams,Denver Broncos,Denver Broncos,130,Los Angeles Rams,-155,45.5,-3.0,-110,3.0,-110
47,2026-09-07 10:22:52 EDT,47dc7baa254659f3beb2ed2b38c207b6,2026-9-28,20:15,Philadelphia Eagles,Chicago Bears,Philadelphia Eagles,-102,Chicago Bears,-118,46.5,1.5,-115,-1.5,-105
48,2026-09-07 10:22:52 EDT,d55cb69fed50a09170560b5b75d8de86,2026-10-1,20:15,Pittsburgh Steelers,Cleveland Browns,Cleveland Browns,114,Pittsburgh Steelers,-135,40.5,-2.5,-110,2.5,-110
49,2026-09-07 10:22:52 EDT,c9d8ed8aa4889486eaf10a630138ede0,2026-10-4,9:30,Indianapolis Colts,Washington Commanders,Indianapolis Colts,-102,Washington Commanders,-118,50.5,1.5,-115,-1.5,-105
50,2026-09-07 10:22:52 EDT,664e6bda5721dc63be16bcf7d962a436,2026-10-4,13:0,Arizona Cardinals,New York Giants,Arizona Cardinals,260,New York Giants,-325,45.5,7.0,-110,-7.0,-110
51,2026-09-07 10:22:52 EDT,f01589b0e7e6dd4f4ac1220a1db81f53,2026-10-4,13:0,Tennessee Titans,Baltimore Ravens,Tennessee Titans,310,Baltimore Ravens,-395,47.5,8.5,-110,-8.5,-110
52,2026-09-07 10:22:52 EDT,573cc0ef39631a4f6673ec843a8bedd4,2026-10-4,13:0,New England Patriots,Buffalo Bills,New England Patriots,140,Buffalo Bills,-166,49.5,3.0,-110,-3.0,-110
53,2026-09-07 10:22:52 EDT,164e6eb68f31bac190381903c3cccd31,2026-10-4,13:0,New York Jets,Chicago Bears,New York Jets,330,Chicago Bears,-425,45.5,8.5,-110,-8.5,-110
54,2026-09-07 10:22:52 EDT,2ea94ddf20f66432b9024fe2e2eaba5f,2026-10-4,13:0,Jacksonville Jaguars,Cincinnati Bengals,Jacksonville Jaguars,114,Cincinnati Bengals,-135,51.5,2.5,-110,-2.5,-110
55,2026-09-07 10:22:52 EDT,daf55e2df5341c007fee5a0fc5bbc2d4,2026-10-4,13:0,Dallas Cowboys,Houston Texans,Dallas Cowboys,114,Houston Texans,-135,47.5,2.5,-110,-2.5,-110
56,2026-09-07 10:22:52 EDT,99a9bae4dc0dc2590496bd3102b211f2,2026-10-4,13:0,Green Bay Packers,Tampa Bay Buccaneers,Tampa Bay Buccaneers,105,Green Bay Packers,-125,47.5,-1.5,-110,1.5,-110
57,2026-09-07 10:22:52 EDT,1b4f2e60ce83fa1d63a5dff83769d27c,2026-10-4,13:0,Los Angeles Rams,Philadelphia Eagles,Philadelphia Eagles,105,Los Angeles Rams,-125,47.5,-1.5,-110,1.5,-110
58,2026-09-07 10:22:52 EDT,c327223d76a3b7b0db8c6c104442f44b,2026-10-4,16:5,Miami Dolphins,Minnesota Vikings,Miami Dolphins,320,Minnesota Vikings,-410,43.5,7.5,-110,-7.5,-110
59,2026-09-07 10:22:52 EDT,a7e7efb75a9792ac63480ae6328dca18,2026-10-4,16:25,Denver Broncos,San Francisco 49ers,Denver Broncos,114,San Francisco 49ers,-135,46.5,2.5,-110,-2.5,-110
60,2026-09-07 10:22:52 EDT,e0cbd266dcf997089203a1b33ba0333d,2026-10-4,16:25,Kansas City Chiefs,Las Vegas Raiders,Las Vegas Raiders,205,Kansas City Chiefs,-250,43.5,-5.5,-110,5.5,-110
61,2026-09-07 10:22:52 EDT,96d2373cda647873b971f268482bced0,2026-10-4,16:25,Los Angeles Chargers,Seattle Seahawks,Los Angeles Chargers,145,Seattle Seahawks,-175,45.5,3.0,-105,-3.0,-115
62,2026-09-07 10:22:52 EDT,a73a76599a4f3422803e57bd8f61b626,2026-10-4,20:20,Detroit Lions,Carolina Panthers,Carolina Panthers,136,Detroit Lions,-162,47.5,-3.0,-110,3.0,-110
63,2026-09-07 10:22:52 EDT,8bd90781e17e6d97df3941063cedae1e,2026-10-5,20:15,Atlanta Falcons,New Orleans Saints,Atlanta Falcons,114,New Orleans Saints,-135,45.5,2.5,-110,-2.5,-110
64,2026-09-07 10:22:52 EDT,259b5df9aa0d10257f56de78523495e0,2026-10-8,20:15,Tampa Bay Buccaneers,Dallas Cowboys,Tampa Bay Buccaneers,170,Dallas Cowboys,-205,52.5,3.5,-110,-3.5,-110
65,2026-09-07 10:22:52 EDT,21b26266f3d78af02eb672e606275d95,2026-10-11,9:30,Philadelphia Eagles,Jacksonville Jaguars,Jacksonville Jaguars,105,Philadelphia Eagles,-125,45.5,-1.5,-110,1.5,-110
66,2026-09-07 10:22:52 EDT,c4647ca1201e6768501877267ca8251b,2026-10-11,13:0,Cincinnati Bengals,Miami Dolphins,Miami Dolphins,225,Cincinnati Bengals,-278,49.5,-6.0,-110,6.0,-110
67,2026-09-07 10:22:52 EDT,9db4ed15fe34fca1fb62f040cd244591,2026-10-11,13:0,Cleveland Browns,New York Jets,Cleveland Browns,110,New York Jets,-130,39.5,1.5,-105,-1.5,-115
68,2026-09-07 10:22:52 EDT,cc52bba56e74f5cddbe9011046181c3d,2026-10-11,13:0,Houston Texans,Tennessee Titans,Tennessee Titans,154,Houston Texans,-185,43.5,-3.5,-110,3.5,-110
69,2026-09-07 10:22:52 EDT,448d7cf18c6db4c811ed82ded1b72867,2026-10-11,13:0,Indianapolis Colts,Pittsburgh Steelers,Indianapolis Colts,120,Pittsburgh Steelers,-142,47.5,2.5,-110,-2.5,-110
70,2026-09-07 10:22:52 EDT,6b024bad1abb54f597225e4ab9b39d89,2026-10-11,13:0,Las Vegas Raiders,New England Patriots,Las Vegas Raiders,310,New England Patriots,-395,44.5,8.5,-110,-8.5,-110
71,2026-09-07 10:22:52 EDT,2cda9bf0fbe35a2735f0dd8aaafe9eff,2026-10-11,13:0,Minnesota Vikings,New Orleans Saints,New Orleans Saints,105,Minnesota Vikings,-125,44.5,-1.5,-110,1.5,-110
72,2026-09-07 10:22:52 EDT,fbffd0b7722fd81d68d5d62472dc80e8,2026-10-11,13:0,New York Giants,Washington Commanders,New York Giants,110,Washington Commanders,-130,48.5,1.5,-105,-1.5,-115
73,2026-09-07 10:22:52 EDT,d1d408fdfd272046fb517fe992a1c5a0,2026-10-11,16:5,Denver Broncos,Los Angeles Chargers,Denver Broncos,120,Los Angeles Chargers,-142,44.5,2.5,-110,-2.5,-110
74,2026-09-07 10:22:52 EDT,f8e7f43f73aa983c5c99c189587f0118,2026-10-11,16:25,Detroit Lions,Arizona Cardinals,Arizona Cardinals,300,Detroit Lions,-380,48.5,-8.5,-110,8.5,-110
75,2026-09-07 10:22:52 EDT,2caea57b1e5cfbba1334cfbfd46f6771,2026-10-11,16:25,Chicago Bears,Green Bay Packers,Chicago Bears,140,Green Bay Packers,-166,49.5,3.0,-110,-3.0,-110
76,2026-09-07 10:22:52 EDT,8e5d515b10d8a5ffb324640ed60bcc55,2026-10-11,16:25,San Francisco 49ers,Seattle Seahawks,San Francisco 49ers,170,Seattle Seahawks,-205,48.5,3.5,-110,-3.5,-110
77,2026-09-07 10:22:52 EDT,86457f91112732f21ad4bb7d37bd291c,2026-10-11,20:20,Baltimore Ravens,Atlanta Falcons,Atlanta Falcons,170,Baltimore Ravens,-205,48.5,-4.5,-110,4.5,-110
78,2026-09-07 10:22:52 EDT,e6d00eedd87d367e510314bd8cab8f6f,2026-10-12,20:15,Buffalo Bills,Los Angeles Rams,Buffalo Bills,140,Los Angeles Rams,-166,53.5,3.0,-110,-3.0,-110
79,2026-09-07 10:22:52 EDT,855f58fad5f0f14b239f4f63df27998b,2026-10-15,20:15,Seattle Seahawks,Denver Broncos,Denver Broncos,110,Seattle Seahawks,-130,43.5,-1.5,-115,1.5,-105
80,2026-09-07 10:22:52 EDT,57418b2cf5aca558b3c98eafac1e264a,2026-10-18,9:30,Houston Texans,Jacksonville Jaguars,Houston Texans,-108,Jacksonville Jaguars,-112,42.5,1.5,-122,-1.5,102
81,2026-09-07 10:22:52 EDT,7c312fdf24fb35f58b0e07c2932cc997,2026-10-18,13:0,Chicago Bears,Atlanta Falcons,Atlanta Falcons,136,Chicago Bears,-162,47.5,-3.0,-110,3.0,-110
82,2026-09-07 10:22:52 EDT,e86227938fd3cf008fc5648fb5128344,2026-10-18,13:0,Baltimore Ravens,Cleveland Browns,Cleveland Browns,205,Baltimore Ravens,-250,44.5,-6.5,-110,6.5,-110
83,2026-09-07 10:22:52 EDT,caca2d752fe1a1779029082e95332fcc,2026-10-18,13:0,Carolina Panthers,Philadelphia Eagles,Carolina Panthers,225,Philadelphia Eagles,-278,43.5,6.5,-110,-6.5,-110
84,2026-09-07 10:22:52 EDT,84aa9e190e625d7e9cd67e1f157a45b4,2026-10-18,13:0,Tennessee Titans,Indianapolis Colts,Tennessee Titans,160,Indianapolis Colts,-192,47.5,3.5,-110,-3.5,-110
85,2026-09-07 10:22:52 EDT,0b0b582b32b09ab6ff6664ffae0c9653,2026-10-18,13:0,New York Jets,New England Patriots,New York Jets,340,New England Patriots,-440,42.5,9.5,-110,-9.5,-110
86,2026-09-07 10:22:52 EDT,1cf74afd313e9fd300e1462012b174cb,2026-10-18,13:0,New Orleans Saints,New York Giants,New Orleans Saints,114,New York Giants,-135,44.5,2.5,-110,-2.5,-110
87,2026-09-07 10:22:52 EDT,27f3994841ce8081c0b7349cf3d1e3d7,2026-10-18,13:0,Pittsburgh Steelers,Tampa Bay Buccaneers,Pittsburgh Steelers,105,Tampa Bay Buccaneers,-125,45.5,1.5,-110,-1.5,-110
88,2026-09-07 10:22:52 EDT,3729ac6d2a66b642850caf2044cdc658,2026-10-18,16:5,Arizona Cardinals,Los Angeles Rams,Arizona Cardinals,550,Los Angeles Rams,-800,47.5,13.5,-108,-13.5,-112
89,2026-09-07 10:22:52 EDT,45b2690b350ed45145c7a716b18e8e66,2026-10-18,16:25,Buffalo Bills,Las Vegas Raiders,Las Vegas Raiders,215,Buffalo Bills,-265,47.5,-6.5,-110,6.5,-110
90,2026-09-07 10:22:52 EDT,20fefae8c296247460ba5773caa42218,2026-10-18,16:25,Los Angeles Chargers,Kansas City Chiefs,Los Angeles Chargers,120,Kansas City Chiefs,-142,46.5,2.5,-110,-2.5,-110
91,2026-09-07 10:22:52 EDT,82fd5a159fa130e67abab93a9537f70b,2026-10-18,20:20,Dallas Cowboys,Green Bay Packers,Dallas Cowboys,140,Green Bay Packers,-166,51.5,3.0,-110,-3.0,-110
92,2026-09-07 10:22:52 EDT,f122527f003276d3bca19efa48c902c1,2026-10-19,20:15,Washington Commanders,San Francisco 49ers,Washington Commanders,205,San Francisco 49ers,-250,50.5,5.5,-110,-5.5,-110
93,2026-09-07 10:22:52 EDT,ffebea881c1d7b2dfb85b3e590c35985,2026-10-22,20:15,New England Patriots,Chicago Bears,New England Patriots,102,Chicago Bears,-122,47.5,1.5,-110,-1.5,-110
94,2026-09-07 10:22:52 EDT,2e710ea5a306b614f0f966e3d78732f8,2026-10-25,9:30,Pittsburgh Steelers,New Orleans Saints,New Orleans Saints,120,Pittsburgh Steelers,-142,42.5,-2.5,-110,2.5,-110
95,2026-09-07 10:22:52 EDT,b1be064fb52a198a62109c279e7ab24c,2026-10-25,13:0,San Francisco 49ers,Atlanta Falcons,Atlanta Falcons,185,San Francisco 49ers,-225,47.5,-4.5,-110,4.5,-110
96,2026-09-07 10:22:52 EDT,550ec5290f935d311995affbcb0b5c79,2026-10-25,13:0,Cincinnati Bengals,Baltimore Ravens,Cincinnati Bengals,154,Baltimore Ravens,-185,51.5,3.5,-110,-3.5,-110
97,2026-09-07 10:22:52 EDT,2823e986597c449ab94126cd5ed3fae9,2026-10-25,13:0,Tampa Bay Buccaneers,Carolina Panthers,Carolina Panthers,105,Tampa Bay Buccaneers,-125,45.5,-1.5,-110,1.5,-110
98,2026-09-07 10:22:52 EDT,5dce18baccec5d3ad5fb3a3ce52f7619,2026-10-25,13:0,Cleveland Browns,Tennessee Titans,Cleveland Browns,114,Tennessee Titans,-135,40.5,2.5,-110,-2.5,-110
99,2026-09-07 10:22:52 EDT,2bba7fde6f97d0e54403d53676e4ab63,2026-10-25,13:0,New York Giants,Houston Texans,New York Giants,200,Houston Texans,-245,43.5,5.5,-110,-5.5,-110
100,2026-09-07 10:22:52 EDT,f3992ad4496724baf7dcd1ef58245d6b,2026-10-25,13:0,Indianapolis Colts,Minnesota Vikings,Indianapolis Colts,120,Minnesota Vikings,-142,46.5,2.5,-110,-2.5,-110
101,2026-09-07 10:22:52 EDT,be5dd120ca08b43d647b6caa8953500a,2026-10-25,13:0,Miami Dolphins,New York Jets,Miami Dolphins,120,New York Jets,-142,41.5,2.5,-110,-2.5,-110
102,2026-09-07 10:22:52 EDT,436119bb3ccdaa6ed7808aa3ebd82b76,2026-10-25,16:5,Denver Broncos,Arizona Cardinals,Arizona Cardinals,285,Denver Broncos,-360,43.5,-7.5,-110,7.5,-110
103,2026-09-07 10:22:52 EDT,e8e5715eefb6a9ce64765e9ddf49c0cc,2026-10-25,16:25,Green Bay Packers,Detroit Lions,Green Bay Packers,120,Detroit Lions,-142,50.5,2.5,-110,-2.5,-110
104,2026-09-07 10:22:52 EDT,f7679cf18454e4d88a8f2b990c3f08ac,2026-10-25,16:25,Los Angeles Rams,Las Vegas Raiders,Las Vegas Raiders,275,Los Angeles Rams,-345,46.5,-7.5,-110,7.5,-110
105,2026-09-07 10:22:52 EDT,176d474ed8b2bbf1eb4d7e9c56b4bf22,2026-10-25,20:20,Kansas City Chiefs,Seattle Seahawks,Kansas City Chiefs,145,Seattle Seahawks,-175,45.5,3.0,-110,-3.0,-110
106,2026-09-07 10:22:52 EDT,4853610e63c246f2027a6a248e642c9a,2026-10-26,20:15,Dallas Cowboys,Philadelphia Eagles,Dallas Cowboys,136,Philadelphia Eagles,-162,48.5,3.0,-110,-3.0,-110
107,2026-09-07 10:22:52 EDT,ab2865e9f2d4b012de8bc6fb6de11a7c,2026-10-29,20:15,Carolina Panthers,Green Bay Packers,Carolina Panthers,270,Green Bay Packers,-340,45.5,7.0,-110,-7.0,-110
108,2026-09-07 10:22:52 EDT,9255ca8f32aea590d00aa57de79f6bb6,2026-11-1,13:0,Arizona Cardinals,Dallas Cowboys,Arizona Cardinals,380,Dallas Cowboys,-500,47.5,10.5,-110,-10.5,-110
109,2026-09-07 10:22:52 EDT,921859689f5f8b3b8b1caf4248bdb1ec,2026-11-1,13:0,Atlanta Falcons,Tampa Bay Buccaneers,Atlanta Falcons,185,Tampa Bay Buccaneers,-225,46.5,4.5,-110,-4.5,-110
110,2026-09-07 10:22:52 EDT,c93c421e5fa46031a43162d111d981d0,2026-11-1,13:0,Baltimore Ravens,Buffalo Bills,Baltimore Ravens,114,Buffalo Bills,-135,51.5,2.5,-110,-2.5,-110
111,2026-09-07 10:22:52 EDT,9c5d8f57e0ba0fbd9ef436c1f0898f99,2026-11-1,13:0,Tennessee Titans,Cincinnati Bengals,Tennessee Titans,240,Cincinnati Bengals,-298,49.5,6.5,-110,-6.5,-110
112,2026-09-07 10:22:52 EDT,ab5ab731ab655bd6308bc7a922275518,2026-11-1,13:0,Cleveland Browns,Pittsburgh Steelers,Cleveland Browns,210,Pittsburgh Steelers,-258,39.5,6.0,-110,-6.0,-110
113,2026-09-07 10:22:52 EDT,52e7ee9c42525e6deec02da32dc2fad8,2026-11-1,13:0,Minnesota Vikings,Detroit Lions,Minnesota Vikings,185,Detroit Lions,-225,47.5,4.5,-110,-4.5,-110
114,2026-09-07 10:22:52 EDT,159dbf0253dd2038eda2212f84387f0c,2026-11-1,13:0,Indianapolis Colts,Jacksonville Jaguars,Indianapolis Colts,185,Jacksonville Jaguars,-225,49.5,4.5,-110,-4.5,-110
115,2026-09-07 10:22:52 EDT,98f1b121b793977434c046e76c707145,2026-11-1,13:0,Las Vegas Raiders,New York Jets,Las Vegas Raiders,105,New York Jets,-125,40.5,1.5,-110,-1.5,-110
116,2026-09-07 10:22:52 EDT,2ff84d3f6053d083c8c0a5bebf7cdd4c,2026-11-1,16:5,Los Angeles Chargers,Los Angeles Rams,Los Angeles Chargers,160,Los Angeles Rams,-192,48.5,3.5,-102,-3.5,-118
117,2026-09-07 10:22:52 EDT,f2a036d5edf483a277880014861e78ad,2026-11-1,16:25,Kansas City Chiefs,Denver Broncos,Kansas City Chiefs,105,Denver Broncos,-125,43.5,1.5,-110,-1.5,-110
118,2026-09-07 10:22:52 EDT,05405af79752f5e742cdf50b61f6745e,2026-11-1,16:25,New England Patriots,Miami Dolphins,Miami Dolphins,280,New England Patriots,-355,45.5,-7.0,-110,7.0,-110
119,2026-09-07 10:22:52 EDT,b9c60db63b1a19ad319f24b33c0defe8,2026-11-1,20:20,Philadelphia Eagles,Washington Commanders,Washington Commanders,105,Philadelphia Eagles,-125,46.5,-1.5,-110,1.5,-110
120,2026-09-07 10:22:52 EDT,7d664fbcd39350e559d83c0068ba7169,2026-11-2,20:20,Chicago Bears,Seattle Seahawks,Chicago Bears,185,Seattle Seahawks,-225,47.5,4.5,-110,-4.5,-110
121,2026-09-07 10:22:52 EDT,c75744790b7acf6260c78ba5e739c0e5,2026-11-5,20:15,Jacksonville Jaguars,Baltimore Ravens,Jacksonville Jaguars,170,Baltimore Ravens,-205,49.5,4.5,-110,-4.5,-110
122,2026-09-07 10:22:52 EDT,dc56d980f527ffeef89940133b211b13,2026-11-8,9:30,Cincinnati Bengals,Atlanta Falcons,Atlanta Falcons,190,Cincinnati Bengals,-230,49.5,-5.5,-110,5.5,-110
123,2026-09-07 10:22:52 EDT,014282b888c741b7d70c857c09f40aa7,2026-11-8,13:0,Denver Broncos,Carolina Panthers,Carolina Panthers,136,Denver Broncos,-162,42.5,-3.0,-110,3.0,-110
124,2026-09-07 10:22:52 EDT,e571bab6736f9338130a78a4f75c3231,2026-11-8,13:0,Cleveland Browns,New Orleans Saints,Cleveland Browns,170,New Orleans Saints,-205,41.5,3.5,-105,-3.5,-115
125,2026-09-07 10:22:52 EDT,415fc42e72888c63e82f7bce24c65391,2026-11-8,13:0,Dallas Cowboys,Indianapolis Colts,Indianapolis Colts,105,Dallas Cowboys,-125,52.5,-1.5,-110,1.5,-110
126,2026-09-07 10:22:52 EDT,44d8c37868b700e90f816db7c5df5cdd,2026-11-8,13:0,Detroit Lions,Miami Dolphins,Miami Dolphins,225,Detroit Lions,-278,47.5,-6.5,-110,6.5,-110
127,2026-09-07 10:22:52 EDT,e354e6a04b1cb9c96e549b863debb92e,2026-11-8,13:0,New York Jets,Kansas City Chiefs,New York Jets,360,Kansas City Chiefs,-470,41.5,9.5,-110,-9.5,-110
128,2026-09-07 10:22:52 EDT,89de07377e0aa8ffaa2ae6a7dc0855cc,2026-11-8,13:0,Los Angeles Rams,Washington Commanders,Washington Commanders,180,Los Angeles Rams,-218,50.5,-5.5,-105,5.5,-115
129,2026-09-07 10:22:52 EDT,fe93e6ab1e553c0169936a0a983c324f,2026-11-8,13:0,New York Giants,Philadelphia Eagles,New York Giants,195,Philadelphia Eagles,-238,44.5,5.5,-110,-5.5,-110
130,2026-09-07 10:22:52 EDT,39aeac43cea7b12558b91cdab1255a10,2026-11-8,16:5,Houston Texans,Los Angeles Chargers,Houston Texans,120,Los Angeles Chargers,-142,43.5,2.5,-110,-2.5,-110
131,2026-09-07 10:22:52 EDT,ac9d38a18d5c92814233a31aa9a48d78,2026-11-8,16:5,Las Vegas Raiders,San Francisco 49ers,Las Vegas Raiders,340,San Francisco 49ers,-440,46.5,8.5,-110,-8.5,-110
132,2026-09-07 10:22:52 EDT,240e23b02b1e3fef655d04a286b5a623,2026-11-8,16:25,Arizona Cardinals,Seattle Seahawks,Arizona Cardinals,575,Seattle Seahawks,-850,45.5,13.5,-110,-13.5,-110
133,2026-09-07 10:22:52 EDT,2922c573ec3df8466c4a34975e446898,2026-11-8,16:25,Green Bay Packers,New England Patriots,Green Bay Packers,105,New England Patriots,-125,46.5,1.5,-110,-1.5,-110
134,2026-09-07 10:22:52 EDT,9760d8f19f84bfee300a74ceb656c95d,2026-11-8,20:20,Tampa Bay Buccaneers,Chicago Bears,Tampa Bay Buccaneers,164,Chicago Bears,-198,48.5,3.5,-110,-3.5,-110
135,2026-09-07 10:22:52 EDT,17ad7eff2f7875e20a8109abe40470e3,2026-11-9,20:15,Buffalo Bills,Minnesota Vikings,Minnesota Vikings,142,Buffalo Bills,-170,48.5,-3.0,-110,3.0,-110
136,2026-09-07 10:22:52 EDT,74d39e19225caf211ad2c8eb4110179f,2026-11-12,20:15,Washington Commanders,New York Giants,Washington Commanders,105,New York Giants,-125,47.5,1.5,-110,-1.5,-110
137,2026-09-07 10:22:52 EDT,b8c10fdf1e0ac4e13deee7f7c0af0b0b,2026-11-15,9:30,New England Patriots,Detroit Lions,New England Patriots,105,Detroit Lions,-125,48.5,1.5,-108,-1.5,-112
138,2026-09-07 10:22:52 EDT,3c71d515b726f1096aabb435badb83fd,2026-11-15,13:0,Kansas City Chiefs,Atlanta Falcons,Atlanta Falcons,185,Kansas City Chiefs,-225,45.5,-4.5,-110,4.5,-110
139,2026-09-07 10:22:52 EDT,1057d50949844ddf483da9c8c20354be,2026-11-15,13:0,Buffalo Bills,New York Jets,New York Jets,270,Buffalo Bills,-340,46.5,-7.0,-115,7.0,-105
140,2026-09-07 10:22:52 EDT,e5aa20e1364dd639f042af1c2281bbe2,2026-11-15,13:0,Carolina Panthers,New Orleans Saints,Carolina Panthers,-102,New Orleans Saints,-118,43.5,1.5,-115,-1.5,-105
141,2026-09-07 10:22:52 EDT,be0e03cc42fbc9b6962467b22c7bf9dd,2026-11-15,13:0,Houston Texans,Cleveland Browns,Cleveland Browns,170,Houston Texans,-205,38.5,-4.5,-110,4.5,-110
142,2026-09-07 10:22:52 EDT,5d8d85473b87f772a979ecf294acab94,2026-11-15,13:0,Minnesota Vikings,Green Bay Packers,Minnesota Vikings,200,Green Bay Packers,-245,45.5,4.5,-110,-4.5,-110
143,2026-09-07 10:22:52 EDT,b5700b4d938fd94429f60d4622cc9c0a,2026-11-15,13:0,Miami Dolphins,Indianapolis Colts,Miami Dolphins,245,Indianapolis Colts,-305,47.5,6.5,-110,-6.5,-110
144,2026-09-07 10:22:52 EDT,28800df7e768ecec14f116454d560f9b,2026-11-15,13:0,Jacksonville Jaguars,Tennessee Titans,Tennessee Titans,114,Jacksonville Jaguars,-135,45.5,-2.5,-110,2.5,-110
145,2026-09-07 10:22:52 EDT,6c932a965110f3f89ec4a5f1a6ac256e,2026-11-15,16:5,Los Angeles Rams,Arizona Cardinals,Arizona Cardinals,360,Los Angeles Rams,-470,47.5,-10.5,-110,10.5,-110
146,2026-09-07 10:22:52 EDT,6079a5cbabf99b265a17edfc92a1da60,2026-11-15,16:5,Seattle Seahawks,Las Vegas Raiders,Las Vegas Raiders,250,Seattle Seahawks,-310,43.5,-7.0,-110,7.0,-110
147,2026-09-07 10:22:52 EDT,7627192fd89b05120ab6c712aa23fd81,2026-11-15,16:25,San Francisco 49ers,Dallas Cowboys,San Francisco 49ers,-102,Dallas Cowboys,-118,52.5,1.5,-115,-1.5,-105
148,2026-09-07 10:22:52 EDT,48e497c230e6c9afcb3b600091d28e17,2026-11-15,20:20,Pittsburgh Steelers,Cincinnati Bengals,Pittsburgh Steelers,160,Cincinnati Bengals,-192,47.5,3.5,-110,-3.5,-110
149,2026-09-07 10:22:52 EDT,35e3bdff558b5d1506251e814986f164,2026-11-16,20:15,Los Angeles Chargers,Baltimore Ravens,Los Angeles Chargers,150,Baltimore Ravens,-180,47.5,3.5,-110,-3.5,-110
150,2026-09-07 10:22:52 EDT,66f9e83cf025d58acee12bce18661fb3,2026-11-19,20:15,Indianapolis Colts,Houston Texans,Indianapolis Colts,200,Houston Texans,-245,45.5,5.5,-110,-5.5,-110
151,2026-09-07 10:22:52 EDT,403a88701352da05b0710a9e883b803e,2026-11-22,13:0,Arizona Cardinals,Kansas City Chiefs,Arizona Cardinals,440,Kansas City Chiefs,-600,44.5,11.5,-110,-11.5,-110
152,2026-09-07 10:22:52 EDT,4527f57f5bc32742d8194af1ccf7da7e,2026-11-22,13:0,Baltimore Ravens,Carolina Panthers,Carolina Panthers,170,Baltimore Ravens,-205,46.5,-4.5,-110,4.5,-110
153,2026-09-07 10:22:52 EDT,4c5b1c0843a260278e95eb93e7787576,2026-11-22,13:0,Miami Dolphins,Buffalo Bills,Miami Dolphins,470,Buffalo Bills,-650,47.5,11.5,-110,-11.5,-110
154,2026-09-07 10:22:52 EDT,3ea90704fb576633bd1e2fa5aafd9ea3,2026-11-22,13:0,New Orleans Saints,Chicago Bears,New Orleans Saints,225,Chicago Bears,-278,46.5,6.5,-110,-6.5,-110
155,2026-09-07 10:22:52 EDT,5e63079b678f8c13419adc169fff02d3,2026-11-22,13:0,Tennessee Titans,Dallas Cowboys,Tennessee Titans,230,Dallas Cowboys,-285,48.5,6.5,-110,-6.5,-110
156,2026-09-07 10:22:52 EDT,41e2dd69bddd65d7e823d9ed61cc2afc,2026-11-22,13:0,Tampa Bay Buccaneers,Detroit Lions,Tampa Bay Buccaneers,185,Detroit Lions,-225,49.5,4.5,-110,-4.5,-110
157,2026-09-07 10:22:52 EDT,8ba112fabf4e87639338a5f437c5abfe,2026-11-22,13:0,Jacksonville Jaguars,New York Giants,New York Giants,105,Jacksonville Jaguars,-125,46.5,-1.5,-110,1.5,-110
158,2026-09-07 10:22:52 EDT,4b20b742b6168aaca4f25d87f11b1526,2026-11-22,16:5,New York Jets,Los Angeles Chargers,New York Jets,330,Los Angeles Chargers,-425,41.5,9.5,-110,-9.5,-110
159,2026-09-07 10:22:52 EDT,1940706a79cbcbafacdcbf231069716b,2026-11-22,16:25,Las Vegas Raiders,Denver Broncos,Las Vegas Raiders,270,Denver Broncos,-340,41.5,7.5,-110,-7.5,-110
160,2026-09-07 10:22:52 EDT,cbe45bafcc2615fc1d96cbc12840377a,2026-11-22,16:25,Pittsburgh Steelers,Philadelphia Eagles,Pittsburgh Steelers,195,Philadelphia Eagles,-238,42.5,5.5,-110,-5.5,-110
161,2026-09-07 10:22:52 EDT,60e1d27b083a335b722c2c852ea85612,2026-11-22,20:20,Minnesota Vikings,San Francisco 49ers,Minnesota Vikings,160,San Francisco 49ers,-192,46.5,3.5,-110,-3.5,-110
162,2026-09-07 10:22:52 EDT,3a60ed1d20004aa4d4772b2c1a2272e7,2026-11-23,20:15,Cincinnati Bengals,Washington Commanders,Washington Commanders,102,Cincinnati Bengals,-122,52.5,-1.5,-110,1.5,-110
163,2026-09-07 10:22:52 EDT,5b612899d6dcdf998107f2c6c6e49a58,2026-11-25,20:0,Green Bay Packers,Los Angeles Rams,Green Bay Packers,185,Los Angeles Rams,-225,48.5,4.5,-105,-4.5,-115
164,2026-09-07 10:22:52 EDT,9b825e6518156008da499be041975fdd,2026-11-26,13:0,Chicago Bears,Detroit Lions,Chicago Bears,120,Detroit Lions,-142,52.5,2.5,-105,-2.5,-115
165,2026-09-07 10:22:52 EDT,ffaa06af56a7137d4b078c5c46c0b730,2026-11-26,15:30,Philadelphia Eagles,Dallas Cowboys,Philadelphia Eagles,105,Dallas Cowboys,-125,49.5,1.5,-110,-1.5,-110
166,2026-09-07 10:22:52 EDT,f36f518585aec40e8cb40e071c0844aa,2026-11-26,20:20,Kansas City Chiefs,Buffalo Bills,Kansas City Chiefs,124,Buffalo Bills,-148,50.5,2.5,-105,-2.5,-115
167,2026-09-07 10:22:52 EDT,44a3bcf5bd002583ddef2207a92dd977,2026-11-27,15:0,Denver Broncos,Pittsburgh Steelers,Pittsburgh Steelers,105,Denver Broncos,-125,39.5,-1.5,-110,1.5,-110
168,2026-09-07 10:22:52 EDT,6a05021bdb6bab24b9bb381ffff10f0c,2026-11-29,13:0,Atlanta Falcons,Minnesota Vikings,Atlanta Falcons,180,Minnesota Vikings,-218,43.5,4.5,-110,-4.5,-110
169,2026-09-07 10:22:52 EDT,60d0c074801985c1062795362a24200e,2026-11-29,13:0,Baltimore Ravens,Houston Texans,Baltimore Ravens,102,Houston Texans,-122,45.5,1.5,-110,-1.5,-110
170,2026-09-07 10:22:52 EDT,f7d3ae7a8fe2438cef7d7d7bc67e31db,2026-11-29,13:0,New Orleans Saints,Cincinnati Bengals,New Orleans Saints,235,Cincinnati Bengals,-290,48.5,6.5,-110,-6.5,-110
171,2026-09-07 10:22:52 EDT,eaa993c3d62d6b5aeb6142cdd7862fd5,2026-11-29,13:0,Las Vegas Raiders,Cleveland Browns,Las Vegas Raiders,105,Cleveland Browns,-125,39.5,1.5,-110,-1.5,-110
172,2026-09-07 10:22:52 EDT,e9da808e36e1b7475698a57465ad4519,2026-11-29,13:0,New York Giants,Indianapolis Colts,New York Giants,114,Indianapolis Colts,-135,47.5,2.5,-110,-2.5,-110
173,2026-09-07 10:22:52 EDT,81a8fee5b649a3ad5ad59e9528f2f376,2026-11-29,13:0,Tennessee Titans,Jacksonville Jaguars,Tennessee Titans,190,Jacksonville Jaguars,-230,45.5,5.5,-110,-5.5,-110
174,2026-09-07 10:22:52 EDT,5ea0e3ea5944b0ad5169f21c0787b331,2026-11-29,13:0,New York Jets,Miami Dolphins,New York Jets,105,Miami Dolphins,-125,40.5,1.5,-110,-1.5,-110
175,2026-09-07 10:22:52 EDT,69a1dbe9de3d3212c3a7a55be5d204ab,2026-11-29,16:25,Washington Commanders,Arizona Cardinals,Arizona Cardinals,180,Washington Commanders,-218,47.5,-4.5,-110,4.5,-110
176,2026-09-07 10:22:52 EDT,d68dced0b26726890b9c79bd19a5ffe5,2026-11-29,16:25,Seattle Seahawks,San Francisco 49ers,Seattle Seahawks,-110,San Francisco 49ers,-110,46.5,1.5,-125,-1.5,105
177,2026-09-07 10:22:52 EDT,c64ceba13ede564e8658693e3171e7f9,2026-11-29,20:20,New England Patriots,Los Angeles Chargers,New England Patriots,105,Los Angeles Chargers,-125,45.5,1.5,-110,-1.5,-110
178,2026-09-07 10:22:52 EDT,2cdaecba7c0bff9b58a48a82e6ee17a7,2026-11-30,20:15,Carolina Panthers,Tampa Bay Buccaneers,Carolina Panthers,160,Tampa Bay Buccaneers,-192,44.5,3.5,-110,-3.5,-110
179,2026-09-07 10:22:52 EDT,06e52a676b516186989e3b181a37c8a7,2026-12-3,20:15,Kansas City Chiefs,Los Angeles Rams,Kansas City Chiefs,170,Los Angeles Rams,-205,47.5,4.5,-118,-4.5,-102
180,2026-09-07 10:22:52 EDT,c94419ba8fb818fc36a5b21b526aab75,2026-12-6,13:0,Detroit Lions,Atlanta Falcons,Atlanta Falcons,154,Detroit Lions,-185,48.5,-3.5,-110,3.5,-110
181,2026-09-07 10:22:52 EDT,0236f9aa68d65ea03bd1ca025b749c20,2026-12-6,13:0,Jacksonville Jaguars,Chicago Bears,Jacksonville Jaguars,130,Chicago Bears,-155,47.5,3.0,-115,-3.0,-105
182,2026-09-07 10:22:52 EDT,b447fab53534af892f98a74eae26c1c6,2026-12-6,13:0,Cincinnati Bengals,Cleveland Browns,Cleveland Browns,185,Cincinnati Bengals,-225,45.5,-4.5,-110,4.5,-110
183,2026-09-07 10:22:52 EDT,9a55467e1cd6310ae2af20d8154612e1,2026-12-6,13:0,Miami Dolphins,Denver Broncos,Miami Dolphins,360,Denver Broncos,-470,42.5,9.5,-110,-9.5,-110
184,2026-09-07 10:22:52 EDT,1ccb61b811b7aae4270df22a67e6459f,2026-12-6,13:0,Green Bay Packers,New Orleans Saints,New Orleans Saints,185,Green Bay Packers,-225,45.5,-4.5,-110,4.5,-110
185,2026-09-07 10:22:52 EDT,f8a92363386bd337975650879086cca6,2026-12-6,13:0,Los Angeles Chargers,Tampa Bay Buccaneers,Tampa Bay Buccaneers,120,Los Angeles Chargers,-142,46.5,-2.5,-110,2.5,-110
186,2026-09-07 10:22:52 EDT,a5495c3360b3bb13da76ba23a675c9ef,2026-12-6,13:0,San Francisco 49ers,New York Giants,New York Giants,140,San Francisco 49ers,-166,47.5,-3.0,-110,3.0,-110
187,2026-09-07 10:22:52 EDT,ae3429e95ee704c7fd001cade20072d0,2026-12-6,13:0,Washington Commanders,Tennessee Titans,Tennessee Titans,105,Washington Commanders,-125,46.5,-1.5,-110,1.5,-110
188,2026-09-07 10:22:52 EDT,f4897f48a5351881280f7598bd826408,2026-12-6,16:5,Philadelphia Eagles,Arizona Cardinals,Arizona Cardinals,310,Philadelphia Eagles,-395,43.5,-8.5,-110,8.5,-110
189,2026-09-07 10:22:52 EDT,4116dbff75ab7957b69c2152f204b74d,2026-12-6,16:25,Buffalo Bills,New England Patriots,Buffalo Bills,102,New England Patriots,-122,48.5,1.5,-112,-1.5,-108
190,2026-09-07 10:22:52 EDT,c186c605febd6370b292469c9151cfb3,2026-12-6,16:25,Carolina Panthers,Minnesota Vikings,Carolina Panthers,160,Minnesota Vikings,-192,42.5,3.5,-110,-3.5,-110
191,2026-09-07 10:22:52 EDT,26bf8e165d2d273ed0772a355f07ab16,2026-12-6,20:20,Houston Texans,Pittsburgh Steelers,Pittsburgh Steelers,102,Houston Texans,-122,41.5,-1.5,-110,1.5,-110
192,2026-09-07 10:22:52 EDT,0db4646c964ecdff19957373fe707546,2026-12-7,20:15,Dallas Cowboys,Seattle Seahawks,Dallas Cowboys,185,Seattle Seahawks,-225,48.5,4.5,-110,-4.5,-110
193,2026-09-07 10:22:52 EDT,01548e41e7ba5318bb25c9bc2a32f73d,2026-12-10,20:15,Minnesota Vikings,New England Patriots,Minnesota Vikings,180,New England Patriots,-218,43.5,4.5,-110,-4.5,-110
194,2026-09-07 10:22:52 EDT,f7fba6b1804e02292ee0ce4738484258,2026-12-13,13:0,Atlanta Falcons,Cleveland Browns,Atlanta Falcons,105,Cleveland Browns,-125,40.5,1.5,-110,-1.5,-110
195,2026-09-07 10:22:52 EDT,bec99e2f2b4c80e345731d69ee38d831,2026-12-13,13:0,Tampa Bay Buccaneers,Baltimore Ravens,Tampa Bay Buccaneers,210,Baltimore Ravens,-258,48.5,6.0,-110,-6.0,-110
196,2026-09-07 10:22:52 EDT,dcc7b377d3b3ec990304612bbef47d3d,2026-12-13,13:0,New Orleans Saints,Carolina Panthers,New Orleans Saints,114,Carolina Panthers,-135,43.5,2.5,-110,-2.5,-110
197,2026-09-07 10:22:52 EDT,2c6added7199a59f1e9dae8492c29da4,2026-12-13,13:0,Chicago Bears,Miami Dolphins,Miami Dolphins,200,Chicago Bears,-245,46.5,-5.5,-110,5.5,-110
198,2026-09-07 10:22:52 EDT,5185ace33aebc87d39074147940f2fa5,2026-12-13,13:0,Denver Broncos,New York Jets,New York Jets,190,Denver Broncos,-230,39.5,-5.5,-110,5.5,-110
199,2026-09-07 10:22:52 EDT,a31f461ccd92e1072f23ccfae281ae9a,2026-12-13,13:0,Tennessee Titans,Detroit Lions,Tennessee Titans,275,Detroit Lions,-345,47.5,7.5,-110,-7.5,-110
200,2026-09-07 10:22:52 EDT,5dc9cb8fba610d682dc670ae4e7d59f3,2026-12-13,13:0,Houston Texans,Washington Commanders,Washington Commanders,102,Houston Texans,-122,44.5,-1.5,-110,1.5,-110
201,2026-09-07 10:22:52 EDT,45203f985f8d1567ad19b0617dd267f8,2026-12-13,13:0,Indianapolis Colts,Philadelphia Eagles,Indianapolis Colts,200,Philadelphia Eagles,-245,46.5,5.5,-110,-5.5,-110
202,2026-09-07 10:22:52 EDT,484c491dc1dee090d740ba077b7d9709,2026-12-13,16:5,Los Angeles Chargers,Las Vegas Raiders,Las Vegas Raiders,190,Los Angeles Chargers,-230,43.5,-5.5,-110,5.5,-110
203,2026-09-07 10:22:52 EDT,180b5fa7ea6bd0d2d9ddb9ba5ee38cc0,2026-12-13,16:25,Kansas City Chiefs,Cincinnati Bengals,Kansas City Chiefs,105,Cincinnati Bengals,-125,48.5,1.5,-110,-1.5,-110
204,2026-09-07 10:22:52 EDT,6174916c7e2df8d1b80a88cfbd259d44,2026-12-13,16:25,Los Angeles Rams,San Francisco 49ers,San Francisco 49ers,110,Los Angeles Rams,-130,49.5,-2.5,-105,2.5,-115
205,2026-09-07 10:22:52 EDT,f5ab9d8455daf9e2a6c4c443fe0cd19f,2026-12-13,16:25,New York Giants,Seattle Seahawks,New York Giants,310,Seattle Seahawks,-395,45.5,7.5,-110,-7.5,-110
206,2026-09-07 10:22:52 EDT,c4877c048defcb80e0ab37c0688f37f6,2026-12-13,20:20,Buffalo Bills,Green Bay Packers,Buffalo Bills,105,Green Bay Packers,-125,49.5,1.5,-110,-1.5,-110
207,2026-09-07 10:22:52 EDT,690e2ee2ed5f0875f7cbaecdc51373f5,2026-12-14,20:15,Pittsburgh Steelers,Jacksonville Jaguars,Pittsburgh Steelers,136,Jacksonville Jaguars,-162,44.5,3.0,-110,-3.0,-110
208,2026-09-07 10:22:52 EDT,790af233087803c297861901ffa271d7,2026-12-17,20:15,San Francisco 49ers,Los Angeles Chargers,San Francisco 49ers,120,Los Angeles Chargers,-142,47.5,2.5,-110,-2.5,-110
209,2026-09-07 10:22:52 EDT,171aba127aaad3dcbe32a02fc194eb32,2026-12-19,17:0,Seattle Seahawks,Philadelphia Eagles,Seattle Seahawks,105,Philadelphia Eagles,-125,43.5,1.5,-110,-1.5,-110
210,2026-09-07 10:22:52 EDT,784568b1df055bf7eb8780c110d5e910,2026-12-19,20:20,Chicago Bears,Buffalo Bills,Chicago Bears,154,Buffalo Bills,-185,51.5,3.5,-110,-3.5,-110
211,2026-09-07 10:22:52 EDT,5931eee49f5f2656a5344e1388a68816,2026-12-20,13:0,Atlanta Falcons,Washington Commanders,Atlanta Falcons,150,Washington Commanders,-180,46.5,3.5,-110,-3.5,-110
212,2026-09-07 10:22:52 EDT,2f4b1899c1c278947920e0254b682d90,2026-12-20,13:0,Baltimore Ravens,Pittsburgh Steelers,Pittsburgh Steelers,124,Baltimore Ravens,-148,46.5,-2.5,-120,2.5,100
213,2026-09-07 10:22:52 EDT,000fc688beb4fc004ecdad115d9adb1c,2026-12-20,13:0,Cincinnati Bengals,Carolina Panthers,Carolina Panthers,124,Cincinnati Bengals,-148,47.5,-2.5,-120,2.5,100
214,2026-09-07 10:22:52 EDT,1cb23c83ae4af84cffcdae6b31d06e83,2026-12-20,13:0,Cleveland Browns,New York Giants,Cleveland Browns,180,New York Giants,-218,40.5,4.5,-110,-4.5,-110
215,2026-09-07 10:22:52 EDT,99719df35bc2efdcc72096f865ed8841,2026-12-20,13:0,Miami Dolphins,Green Bay Packers,Miami Dolphins,470,Green Bay Packers,-650,45.5,10.5,-110,-10.5,-110
216,2026-09-07 10:22:52 EDT,29211b6e78461220a2833184233f70e5,2026-12-20,13:0,Jacksonville Jaguars,Houston Texans,Jacksonville Jaguars,130,Houston Texans,-155,43.5,3.0,-110,-3.0,-110
217,2026-09-07 10:22:52 EDT,3b696c07ff6a1ef461d023a73db17584,2026-12-20,13:0,Indianapolis Colts,Tennessee Titans,Tennessee Titans,105,Indianapolis Colts,-125,47.5,-1.5,-110,1.5,-110
218,2026-09-07 10:22:52 EDT,e15a91cebf3480ff0b93b4fbacb09797,2026-12-20,13:0,New Orleans Saints,Tampa Bay Buccaneers,New Orleans Saints,164,Tampa Bay Buccaneers,-198,45.5,3.5,-110,-3.5,-110
219,2026-09-07 10:22:52 EDT,d8cd12e7684fa2aa39f5b188ef6e62e0,2026-12-20,16:5,New York Jets,Arizona Cardinals,New York Jets,-110,Arizona Cardinals,-110,41.5,-1.5,102,1.5,-122
220,2026-09-07 10:22:52 EDT,77396e9d565860fbfd05779028223a8a,2026-12-20,16:25,Dallas Cowboys,Los Angeles Rams,Dallas Cowboys,200,Los Angeles Rams,-245,52.5,6.0,-110,-6.0,-110
221,2026-09-07 10:22:52 EDT,9f507007b9c0a7082c1471a5fa841336,2026-12-20,16:25,Denver Broncos,Las Vegas Raiders,Las Vegas Raiders,170,Denver Broncos,-205,41.5,-4.5,-110,4.5,-110
222,2026-09-07 10:22:52 EDT,b34897a0368d570291d44e176c0c2331,2026-12-20,20:20,Detroit Lions,Minnesota Vikings,Minnesota Vikings,105,Detroit Lions,-125,46.5,-1.5,-110,1.5,-110
223,2026-09-07 10:22:52 EDT,b2759105c27a25289ea1938f290c50fd,2026-12-21,20:15,New England Patriots,Kansas City Chiefs,New England Patriots,120,Kansas City Chiefs,-142,45.5,2.5,-110,-2.5,-110
224,2026-09-07 10:22:52 EDT,3f226ec5402c6ec4d84a59be80c2fa67,2026-12-24,20:15,Houston Texans,Philadelphia Eagles,Houston Texans,114,Philadelphia Eagles,-135,37.5,2.5,-112,-2.5,-108
225,2026-09-07 10:22:52 EDT,2828c07018dfafbe96aba205809cc7ac,2026-12-25,13:0,Green Bay Packers,Chicago Bears,Green Bay Packers,-102,Chicago Bears,-118,47.5,1.5,-115,-1.5,-105
226,2026-09-07 10:22:52 EDT,126f27c71e8130ef87de0d137e833d9b,2026-12-25,16:30,Buffalo Bills,Denver Broncos,Denver Broncos,110,Buffalo Bills,-130,46.5,-1.5,-115,1.5,-105
227,2026-09-07 10:22:52 EDT,f1af9705dbd2bbe4f1555f080ad06ba2,2026-12-25,20:15,Los Angeles Rams,Seattle Seahawks,Los Angeles Rams,110,Seattle Seahawks,-130,47.5,1.5,-105,-1.5,-115
228,2026-09-07 10:22:52 EDT,8fd00347b6d77ce384d83cba814430d7,2026-12-27,13:0,Arizona Cardinals,New Orleans Saints,Arizona Cardinals,205,New Orleans Saints,-250,44.5,5.5,-110,-5.5,-110
229,2026-09-07 10:22:52 EDT,bd13d00f06ad222b0a1b6ea4d0add763,2026-12-27,13:0,Tampa Bay Buccaneers,Atlanta Falcons,Atlanta Falcons,105,Tampa Bay Buccaneers,-125,45.5,-1.5,-110,1.5,-110
230,2026-09-07 10:22:52 EDT,0f23afce92c2f0af28973c0a7533763e,2026-12-27,13:0,Cleveland Browns,Baltimore Ravens,Cleveland Browns,330,Baltimore Ravens,-425,43.5,10.0,-110,-10.0,-110
231,2026-09-07 10:22:52 EDT,74cb0e112d069cdbda1671ae85531f43,2026-12-27,13:0,Carolina Panthers,Pittsburgh Steelers,Carolina Panthers,160,Pittsburgh Steelers,-192,41.5,3.5,-110,-3.5,-110
232,2026-09-07 10:22:52 EDT,ca8982dccb6c3ae01525800317287f02,2026-12-27,13:0,Cincinnati Bengals,Indianapolis Colts,Indianapolis Colts,102,Cincinnati Bengals,-122,52.5,-1.5,-110,1.5,-110
233,2026-09-07 10:22:52 EDT,29425f5c68826d615277cf9be2b82e00,2026-12-27,13:0,Tennessee Titans,Las Vegas Raiders,Tennessee Titans,105,Las Vegas Raiders,-125,42.5,1.5,-110,-1.5,-110
234,2026-09-07 10:22:52 EDT,fe2eb511d4c2da3a8e88b85b4f4e9f7e,2026-12-27,13:0,Los Angeles Chargers,Miami Dolphins,Miami Dolphins,285,Los Angeles Chargers,-360,45.5,-7.0,-112,7.0,-108
235,2026-09-07 10:22:52 EDT,cf5cefa5556bcd0156bd394171ef6c8e,2026-12-27,13:0,Washington Commanders,Minnesota Vikings,Washington Commanders,114,Minnesota Vikings,-135,46.5,2.5,-110,-2.5,-110
236,2026-09-07 10:22:52 EDT,669a7b568c2a64f9a136dadb0eda1da8,2026-12-27,13:0,New England Patriots,New York Jets,New York Jets,225,New England Patriots,-278,40.5,-6.5,-110,6.5,-110
237,2026-09-07 10:22:52 EDT,fc7cce3ae7c73cc7151357829e11b6d5,2026-12-27,16:25,San Francisco 49ers,Kansas City Chiefs,San Francisco 49ers,136,Kansas City Chiefs,-162,46.5,3.0,-118,-3.0,-102
238,2026-09-07 10:22:52 EDT,b1c4ec04c3398a9efa25492000858384,2026-12-27,20:20,Jacksonville Jaguars,Dallas Cowboys,Jacksonville Jaguars,136,Dallas Cowboys,-162,51.5,3.0,-118,-3.0,-102
239,2026-09-07 10:22:52 EDT,ca92c191ebf7361ea56f9bbc09a5f51b,2026-12-28,20:15,New York Giants,Detroit Lions,New York Giants,170,Detroit Lions,-205,49.5,4.5,-110,-4.5,-110
240,2026-09-07 10:22:52 EDT,be268ce293cf4fad1c0c867a3ca4c257,2026-12-31,20:15,Baltimore Ravens,Cincinnati Bengals,Baltimore Ravens,114,Cincinnati Bengals,-135,51.5,2.5,-110,-2.5,-110
241,2026-09-07 10:22:52 EDT,e5dd9cc3fd5452d55c250949e946743d,2027-1-3,13:0,New Orleans Saints,Atlanta Falcons,New Orleans Saints,102,Atlanta Falcons,-122,44.5,1.5,-110,-1.5,-110
242,2026-09-07 10:22:52 EDT,d9a186d988a3ede2a33e504f4890fe52,2027-1-3,13:0,Buffalo Bills,Miami Dolphins,Miami Dolphins,295,Buffalo Bills,-375,47.5,-7.5,-110,7.5,-110
243,2026-09-07 10:22:52 EDT,b009f04b4f61b264a5163157c3439dc1,2027-1-3,13:0,Seattle Seahawks,Carolina Panthers,Carolina Panthers,200,Seattle Seahawks,-245,42.5,-5.5,-110,5.5,-110
244,2026-09-07 10:22:52 EDT,f2e03f9b857485bb13211ee0f5eb5935,2027-1-3,13:0,Indianapolis Colts,Cleveland Browns,Cleveland Browns,114,Indianapolis Colts,-135,43.5,-2.5,-110,2.5,-110
245,2026-09-07 10:22:52 EDT,c8945d476449633912cf51a346ac98ca,2027-1-3,13:0,New York Giants,Dallas Cowboys,New York Giants,180,Dallas Cowboys,-218,49.5,4.5,-110,-4.5,-110
246,2026-09-07 10:22:52 EDT,f62dba1e231083f489c391271a1f171c,2027-1-3,13:0,Denver Broncos,New England Patriots,Denver Broncos,114,New England Patriots,-135,42.5,2.5,-110,-2.5,-110
247,2026-09-07 10:22:52 EDT,c96a3e9e40569b4ed5a546dff131c61d,2027-1-3,13:0,Washington Commanders,Jacksonville Jaguars,Washington Commanders,160,Jacksonville Jaguars,-192,48.5,3.5,-110,-3.5,-110
248,2026-09-07 10:22:52 EDT,419106b9bcc9f7ef39cfc2d1ee9a3f87,2027-1-3,13:0,Los Angeles Rams,Tampa Bay Buccaneers,Tampa Bay Buccaneers,180,Los Angeles Rams,-218,48.5,-4.5,-110,4.5,-110
249,2026-09-07 10:22:52 EDT,bfe51fa0034c9d22a69ffd80e2d717f5,2027-1-3,13:0,Minnesota Vikings,New York Jets,New York Jets,154,Minnesota Vikings,-185,39.5,-3.5,-110,3.5,-110
250,2026-09-07 10:22:52 EDT,d0ffa5ed13cbd7610f9176041464404a,2027-1-3,13:0,Pittsburgh Steelers,Tennessee Titans,Tennessee Titans,102,Pittsburgh Steelers,-122,42.5,-1.5,-110,1.5,-110
251,2026-09-07 10:22:52 EDT,08abdb683fcb6d77f66baed136f47283,2027-1-3,16:5,Las Vegas Raiders,Arizona Cardinals,Arizona Cardinals,110,Las Vegas Raiders,-130,42.5,-1.5,-115,1.5,-105
252,2026-09-07 10:22:52 EDT,12089441cea51add4694cdde98b4a5b7,2027-1-3,16:25,Detroit Lions,Chicago Bears,Detroit Lions,102,Chicago Bears,-122,49.5,1.5,-110,-1.5,-110
253,2026-09-07 10:22:52 EDT,67d842cb73300ef923959105698b63bb,2027-1-3,16:25,Kansas City Chiefs,Los Angeles Chargers,Kansas City Chiefs,105,Los Angeles Chargers,-125,45.5,1.5,-110,-1.5,-110
254,2026-09-07 10:22:52 EDT,e7820b1226edbb1ef1fddce6b20f963d,2027-1-3,20:20,Philadelphia Eagles,San Francisco 49ers,Philadelphia Eagles,105,San Francisco 49ers,-125,45.5,1.5,-110,-1.5,-110
255,2026-09-07 10:22:52 EDT,37bc346543da471e067b695b862ccfe9,2027-1-4,20:15,Houston Texans,Green Bay Packers,Houston Texans,114,Green Bay Packers,-135,42.5,2.5,-110,-2.5,-110
256,2026-09-07 10:22:52 EDT,7f809a45bc8baedf0cb0259e7da7cd29,2027-1-10,13:0,Atlanta Falcons,Carolina Panthers,Atlanta Falcons,114,Carolina Panthers,-135,41.5,2.5,-110,-2.5,-110
257,2026-09-07 10:22:52 EDT,d7da5587a88a7fc35c36b453d3264d5a,2027-1-10,13:0,Pittsburgh Steelers,Baltimore Ravens,Pittsburgh Steelers,195,Baltimore Ravens,-238,43.5,5.5,-110,-5.5,-110
258,2026-09-07 10:22:52 EDT,97cbd9ad26dff1af47192120defe112d,2027-1-10,13:0,New York Jets,Buffalo Bills,New York Jets,360,Buffalo Bills,-470,43.5,10.0,-110,-10.0,-110
259,2026-09-07 10:22:52 EDT,d190fb7ea85c33b96a495041dad22142,2027-1-10,13:0,Chicago Bears,Minnesota Vikings,Chicago Bears,105,Minnesota Vikings,-125,43.5,1.5,-110,-1.5,-110
260,2026-09-07 10:22:52 EDT,8c16104c8afc72b583531508b2aa1c33,2027-1-10,13:0,Cleveland Browns,Cincinnati Bengals,Cleveland Browns,280,Cincinnati Bengals,-355,43.5,7.5,-110,-7.5,-110
261,2026-09-07 10:22:52 EDT,3f460f14b810d7bf642bdf7b658530c0,2027-1-10,13:0,Dallas Cowboys,Washington Commanders,Washington Commanders,102,Dallas Cowboys,-122,49.5,-1.5,-110,1.5,-110
262,2026-09-07 10:22:52 EDT,71d0d10e384393c1e071c39dd3931c19,2027-1-10,13:0,Los Angeles Chargers,Denver Broncos,Los Angeles Chargers,102,Denver Broncos,-122,41.5,1.5,-110,-1.5,-110
263,2026-09-07 10:22:52 EDT,8f81778bbdb984be44e24a3d55a49b4d,2027-1-10,13:0,Detroit Lions,Green Bay Packers,Detroit Lions,114,Green Bay Packers,-135,47.5,2.5,-110,-2.5,-110
264,2026-09-07 10:22:52 EDT,9bb63096709ba607443c454d2a813b14,2027-1-10,13:0,Tennessee Titans,Houston Texans,Tennessee Titans,235,Houston Texans,-290,39.5,7.0,-110,-7.0,-110
265,2026-09-07 10:22:52 EDT,bea47af467e217653bba8d69888e4d95,2027-1-10,13:0,Jacksonville Jaguars,Indianapolis Colts,Jacksonville Jaguars,105,Indianapolis Colts,-125,46.5,1.5,-110,-1.5,-110
266,2026-09-07 10:22:52 EDT,bb66a6f02c535c0cd8b9c689a5513687,2027-1-10,13:0,Las Vegas Raiders,Kansas City Chiefs,Las Vegas Raiders,310,Kansas City Chiefs,-395,40.5,8.5,-110,-8.5,-110
267,2026-09-07 10:22:52 EDT,f370f9410ef82b37bd15d1719434370b,2027-1-10,13:0,Miami Dolphins,New England Patriots,Miami Dolphins,440,New England Patriots,-600,42.5,10.5,-110,-10.5,-110
268,2026-09-07 10:22:52 EDT,7b8ce34c0e173e4ff6ccf8e8caa09113,2027-1-10,13:0,Tampa Bay Buccaneers,New Orleans Saints,New Orleans Saints,105,Tampa Bay Buccaneers,-125,43.5,-1.5,-110,1.5,-110
269,2026-09-07 10:22:52 EDT,01baed6f9d6482c5d89d37379c7c63c7,2027-1-10,13:0,Philadelphia Eagles,New York Giants,New York Giants,130,Philadelphia Eagles,-155,41.5,-3.0,-110,3.0,-110
270,2026-09-07 10:22:52 EDT,f1480276ab67dcf60686556ba9336695,2027-1-10,16:5,San Francisco 49ers,Arizona Cardinals,Arizona Cardinals,320,San Francisco 49ers,-410,44.5,-8.5,-110,8.5,-110
271,2026-09-07 10:22:52 EDT,dc2d9177b48e6f3962dabb1407aba7d3,2027-1-10,16:5,Seattle Seahawks,Los Angeles Rams,Seattle Seahawks,130,Los Angeles Rams,-155,44.5,3.0,-110,-3.0,-110
272,2026-09-07 10:25:12 EDT,8c94552d022acec4a0458d70c19d3da9,2026-9-9,20:20,New England Patriots,Seattle Seahawks,New England Patriots,150,Seattle Seahawks,-180,44.5,3.5,-118,-3.5,-102
273,2026-09-07 10:25:12 EDT,acc580d74344ea3b31bbcdd057fe6a9c,2026-9-10,20:35,San Francisco 49ers,Los Angeles Rams,San Francisco 49ers,154,Los Angeles Rams,-185,48.5,3.5,-112,-3.5,-108
274,2026-09-07 10:25:12 EDT,95c01d1bb797d6df14824b106c5a9130,2026-9-13,13:0,Atlanta Falcons,Pittsburgh Steelers,Atlanta Falcons,154,Pittsburgh Steelers,-185,42.5,3.5,-118,-3.5,-102
275,2026-09-07 10:25:12 EDT,b6cfdcbafa61ce220ba87dc2d9b80c77,2026-9-13,13:0,Baltimore Ravens,Indianapolis Colts,Indianapolis Colts,136,Baltimore Ravens,-162,47.5,-3.0,-118,3.0,-102
276,2026-09-07 10:25:12 EDT,7e09efed7e12c659b82740b67ce2f9a1,2026-9-13,13:0,Buffalo Bills,Houston Texans,Houston Texans,-110,Buffalo Bills,-110,44.5,1.5,-122,-1.5,102
277,2026-09-07 10:25:12 EDT,fc362aff0d889ec52d358307a70c32ed,2026-9-13,13:0,Chicago Bears,Carolina Panthers,Carolina Panthers,124,Chicago Bears,-148,46.5,-3.0,-102,3.0,-118
278,2026-09-07 10:25:12 EDT,ed6d24ff979f9c71979fead577b0b3f7,2026-9-13,13:0,Tampa Bay Buccaneers,Cincinnati Bengals,Tampa Bay Buccaneers,164,Cincinnati Bengals,-198,50.5,3.5,-105,-3.5,-115
279,2026-09-07 10:25:12 EDT,e55c6fe19fce094ce214c8b0e5b504e9,2026-9-13,13:0,Cleveland Browns,Jacksonville Jaguars,Cleveland Browns,330,Jacksonville Jaguars,-425,40.5,7.5,-105,-7.5,-115
280,2026-09-07 10:25:12 EDT,c1d3fcec25aaeb06ebd2244d33d338e0,2026-9-13,13:0,New Orleans Saints,Detroit Lions,New Orleans Saints,235,Detroit Lions,-290,49.5,7.0,-115,-7.0,-105
281,2026-09-07 10:25:12 EDT,7dddb296a42e7a41a774b24bd1709ce1,2026-9-13,13:0,New York Jets,Tennessee Titans,New York Jets,105,Tennessee Titans,-125,39.5,1.5,-110,-1.5,-110
282,2026-09-07 10:25:12 EDT,1edfa5ceaa1ad2cb57df1c1b908731f6,2026-9-13,16:25,Arizona Cardinals,Los Angeles Chargers,Arizona Cardinals,380,Los Angeles Chargers,-500,47.5,10.0,-115,-10.0,-105
283,2026-09-07 10:25:12 EDT,cb77efed7e711d25a72c1a2a0a1af119,2026-9-13,16:25,Green Bay Packers,Minnesota Vikings,Green Bay Packers,102,Minnesota Vikings,-122,46.5,1.5,-112,-1.5,-108
284,2026-09-07 10:25:12 EDT,c5d95f48a16849ab6bebc68fbbfcb74a,2026-9-13,16:25,Miami Dolphins,Las Vegas Raiders,Miami Dolphins,154,Las Vegas Raiders,-185,40.5,3.5,-115,-3.5,-105
285,2026-09-07 10:25:12 EDT,17885cb8dcade8f6c3bce14b2de805e8,2026-9-13,16:25,Washington Commanders,Philadelphia Eagles,Washington Commanders,170,Philadelphia Eagles,-205,44.5,4.5,-108,-4.5,-112
286,2026-09-07 10:25:12 EDT,3e646c7479c57f5d9752d8c7dfe7059b,2026-9-13,20:20,Dallas Cowboys,New York Giants,New York Giants,136,Dallas Cowboys,-162,48.5,-3.0,-108,3.0,-112
287,2026-09-07 10:25:12 EDT,5ad8135dc2b5f27de0b777acd317855a,2026-9-14,20:15,Denver Broncos,Kansas City Chiefs,Denver Broncos,124,Kansas City Chiefs,-148,43.5,3.0,-120,-3.0,100
288,2026-09-07 10:25:12 EDT,56e8897681915f7ec92baeee952bb1ae,2026-9-17,20:15,Detroit Lions,Buffalo Bills,Detroit Lions,130,Buffalo Bills,-155,52.5,3.0,-110,-3.0,-110
289,2026-09-07 10:25:12 EDT,aee7eae1849ebb103b9bf233e9741392,2026-9-20,13:0,Carolina Panthers,Atlanta Falcons,Carolina Panthers,105,Atlanta Falcons,-125,44.5,1.5,-110,-1.5,-110
290,2026-09-07 10:25:12 EDT,2143ade9684fd876b68a4e8cbf451f05,2026-9-20,13:0,New Orleans Saints,Baltimore Ravens,New Orleans Saints,285,Baltimore Ravens,-360,46.5,7.5,-110,-7.5,-110
291,2026-09-07 10:25:12 EDT,0283a29e1b38ef78b29b904fd56a16dd,2026-9-20,13:0,Minnesota Vikings,Chicago Bears,Minnesota Vikings,160,Chicago Bears,-192,45.5,3.5,-115,-3.5,-105
292,2026-09-07 10:25:12 EDT,36ad2fa722f4915ef23d2c81351261de,2026-9-20,13:0,Cincinnati Bengals,Houston Texans,Cincinnati Bengals,114,Houston Texans,-135,46.5,2.5,-110,-2.5,-110
293,2026-09-07 10:25:12 EDT,0636ebff776d43f8c829a36713c80b22,2026-9-20,13:0,Cleveland Browns,Tampa Bay Buccaneers,Cleveland Browns,225,Tampa Bay Buccaneers,-278,42.5,6.5,-110,-6.5,-110
294,2026-09-07 10:25:12 EDT,4aeee070bb6ec60bdfae4dede61b9014,2026-9-20,13:0,Green Bay Packers,New York Jets,New York Jets,200,Green Bay Packers,-245,42.5,-5.5,-110,5.5,-110
295,2026-09-07 10:25:12 EDT,9d14f87600f6edc74dbcb5c74edf6246,2026-9-20,13:0,Pittsburgh Steelers,New England Patriots,Pittsburgh Steelers,180,New England Patriots,-218,43.5,4.5,-110,-4.5,-110
296,2026-09-07 10:25:12 EDT,fafc649c455e32a0f2ba1bd06e2039bc,2026-9-20,13:0,Philadelphia Eagles,Tennessee Titans,Tennessee Titans,180,Philadelphia Eagles,-218,42.5,-4.5,-110,4.5,-110
297,2026-09-07 10:25:12 EDT,1fd6628c781f556a7a19638e97d7107f,2026-9-20,16:5,Jacksonville Jaguars,Denver Broncos,Jacksonville Jaguars,130,Denver Broncos,-155,43.5,3.0,-110,-3.0,-110
298,2026-09-07 10:25:12 EDT,71b3b83747589efdc5baef2c5cf811bf,2026-9-20,16:5,Las Vegas Raiders,Los Angeles Chargers,Las Vegas Raiders,285,Los Angeles Chargers,-360,42.5,8.5,-110,-8.5,-110
299,2026-09-07 10:25:12 EDT,4dd8020192a544385db42374e5555303,2026-9-20,16:25,Seattle Seahawks,Arizona Cardinals,Arizona Cardinals,400,Seattle Seahawks,-535,44.5,-10.0,-110,10.0,-110
300,2026-09-07 10:25:12 EDT,85ef85098ddd22fe4ecf45e7e3c0a9c0,2026-9-20,16:25,Washington Commanders,Dallas Cowboys,Washington Commanders,170,Dallas Cowboys,-205,51.5,4.5,-115,-4.5,-105
301,2026-09-07 10:25:12 EDT,68bc55903f50af4af4766adcc89fcc61,2026-9-20,16:25,Miami Dolphins,San Francisco 49ers,Miami Dolphins,490,San Francisco 49ers,-675,46.5,10.5,-110,-10.5,-110
302,2026-09-07 10:25:12 EDT,50bc247030707d823b9c3581d7eb5760,2026-9-20,20:20,Indianapolis Colts,Kansas City Chiefs,Indianapolis Colts,260,Kansas City Chiefs,-325,47.5,6.5,-110,-6.5,-110
303,2026-09-07 10:25:12 EDT,32367f882fac1a0c20a6335619922025,2026-9-21,20:15,New York Giants,Los Angeles Rams,New York Giants,310,Los Angeles Rams,-395,48.5,8.5,-110,-8.5,-110
304,2026-09-07 10:25:12 EDT,e5fbd3b3953b896b1bf897ddadb3cc4b,2026-9-24,20:15,Atlanta Falcons,Green Bay Packers,Atlanta Falcons,300,Green Bay Packers,-380,46.5,7.5,-110,-7.5,-110
305,2026-09-07 10:25:12 EDT,b225458a282e140c44c45651255f2f6c,2026-9-27,13:0,Los Angeles Chargers,Buffalo Bills,Los Angeles Chargers,136,Buffalo Bills,-162,48.5,3.0,-110,-3.0,-110
306,2026-09-07 10:25:12 EDT,613b8cd3a5fab58f7be4e3fd6f76223e,2026-9-27,13:0,Carolina Panthers,Cleveland Browns,Cleveland Browns,102,Carolina Panthers,-122,39.5,-1.5,-110,1.5,-110
307,2026-09-07 10:25:12 EDT,71123be049587b6facce3a20c53e5d09,2026-9-27,13:0,Cincinnati Bengals,Pittsburgh Steelers,Pittsburgh Steelers,105,Cincinnati Bengals,-125,46.5,-1.5,-110,1.5,-110
308,2026-09-07 10:25:12 EDT,07f552badfa8a565d1be22123713e4da,2026-9-27,13:0,New York Jets,Detroit Lions,New York Jets,320,Detroit Lions,-410,45.5,9.5,-110,-9.5,-110
309,2026-09-07 10:25:12 EDT,17a730b7d399feeab6a78c30767c29d2,2026-9-27,13:0,Houston Texans,Indianapolis Colts,Indianapolis Colts,102,Houston Texans,-122,45.5,-1.5,-110,1.5,-110
310,2026-09-07 10:25:12 EDT,1f3cfd315a24d1a7dd5859a8e6b88e18,2026-9-27,13:0,New England Patriots,Jacksonville Jaguars,New England Patriots,-102,Jacksonville Jaguars,-118,45.5,1.5,-115,-1.5,-105
311,2026-09-07 10:25:12 EDT,0339a0e41bcee12820eb3e64bb5fadb4,2026-9-27,13:0,Kansas City Chiefs,Miami Dolphins,Miami Dolphins,340,Kansas City Chiefs,-440,44.5,-7.5,-110,7.5,-110
312,2026-09-07 10:25:12 EDT,555afd4a27aaa392662881cffa8f2eef,2026-9-27,13:0,Tennessee Titans,New York Giants,Tennessee Titans,140,New York Giants,-166,44.5,3.0,-105,-3.0,-115
313,2026-09-07 10:25:12 EDT,2a529c108305ffa049d8b6cfdbaa4d36,2026-9-27,13:0,Seattle Seahawks,Washington Commanders,Washington Commanders,154,Seattle Seahawks,-185,46.5,-3.5,-110,3.5,-110
314,2026-09-07 10:25:12 EDT,9d2b09e0f9b6dd5ce0d985894f4f98fa,2026-9-27,16:5,Arizona Cardinals,San Francisco 49ers,Arizona Cardinals,470,San Francisco 49ers,-650,46.5,11.5,-110,-11.5,-110
315,2026-09-07 10:25:12 EDT,f1724dead3eab61546033032fc782375,2026-9-27,16:5,Minnesota Vikings,Tampa Bay Buccaneers,Minnesota Vikings,105,Tampa Bay Buccaneers,-125,44.5,1.5,-110,-1.5,-110
316,2026-09-07 10:25:12 EDT,84cfca14efc21363fd605508404cf1ff,2026-9-27,16:25,Baltimore Ravens,Dallas Cowboys,Dallas Cowboys,114,Baltimore Ravens,-135,51.5,-2.5,-110,2.5,-110
317,2026-09-07 10:25:12 EDT,2e523fcb0497aa689473e290eb2b97de,2026-9-27,16:25,Las Vegas Raiders,New Orleans Saints,Las Vegas Raiders,160,New Orleans Saints,-192,42.5,3.5,-110,-3.5,-110
318,2026-09-07 10:25:12 EDT,3bfd8bfb4b8e9a365a0877879b73b16b,2026-9-27,20:20,Los Angeles Rams,Denver Broncos,Denver Broncos,130,Los Angeles Rams,-155,45.5,-3.0,-110,3.0,-110
319,2026-09-07 10:25:12 EDT,47dc7baa254659f3beb2ed2b38c207b6,2026-9-28,20:15,Philadelphia Eagles,Chicago Bears,Philadelphia Eagles,-102,Chicago Bears,-118,46.5,1.5,-115,-1.5,-105
320,2026-09-07 10:25:12 EDT,d55cb69fed50a09170560b5b75d8de86,2026-10-1,20:15,Pittsburgh Steelers,Cleveland Browns,Cleveland Browns,114,Pittsburgh Steelers,-135,40.5,-2.5,-110,2.5,-110
321,2026-09-07 10:25:12 EDT,c9d8ed8aa4889486eaf10a630138ede0,2026-10-4,9:30,Indianapolis Colts,Washington Commanders,Indianapolis Colts,-102,Washington Commanders,-118,50.5,1.5,-115,-1.5,-105
322,2026-09-07 10:25:12 EDT,664e6bda5721dc63be16bcf7d962a436,2026-10-4,13:0,Arizona Cardinals,New York Giants,Arizona Cardinals,260,New York Giants,-325,45.5,7.0,-110,-7.0,-110
323,2026-09-07 10:25:12 EDT,f01589b0e7e6dd4f4ac1220a1db81f53,2026-10-4,13:0,Tennessee Titans,Baltimore Ravens,Tennessee Titans,310,Baltimore Ravens,-395,47.5,8.5,-110,-8.5,-110
324,2026-09-07 10:25:12 EDT,573cc0ef39631a4f6673ec843a8bedd4,2026-10-4,13:0,New England Patriots,Buffalo Bills,New England Patriots,140,Buffalo Bills,-166,49.5,3.0,-110,-3.0,-110
325,2026-09-07 10:25:12 EDT,164e6eb68f31bac190381903c3cccd31,2026-10-4,13:0,New York Jets,Chicago Bears,New York Jets,330,Chicago Bears,-425,45.5,8.5,-110,-8.5,-110
326,2026-09-07 10:25:12 EDT,2ea94ddf20f66432b9024fe2e2eaba5f,2026-10-4,13:0,Jacksonville Jaguars,Cincinnati Bengals,Jacksonville Jaguars,114,Cincinnati Bengals,-135,51.5,2.5,-110,-2.5,-110
327,2026-09-07 10:25:12 EDT,daf55e2df5341c007fee5a0fc5bbc2d4,2026-10-4,13:0,Dallas Cowboys,Houston Texans,Dallas Cowboys,114,Houston Texans,-135,47.5,2.5,-110,-2.5,-110
328,2026-09-07 10:25:12 EDT,99a9bae4dc0dc2590496bd3102b211f2,2026-10-4,13:0,Green Bay Packers,Tampa Bay Buccaneers,Tampa Bay Buccaneers,105,Green Bay Packers,-125,47.5,-1.5,-110,1.5,-110
329,2026-09-07 10:25:12 EDT,1b4f2e60ce83fa1d63a5dff83769d27c,2026-10-4,13:0,Los Angeles Rams,Philadelphia Eagles,Philadelphia Eagles,105,Los Angeles Rams,-125,47.5,-1.5,-110,1.5,-110
330,2026-09-07 10:25:12 EDT,c327223d76a3b7b0db8c6c104442f44b,2026-10-4,16:5,Miami Dolphins,Minnesota Vikings,Miami Dolphins,320,Minnesota Vikings,-410,43.5,7.5,-110,-7.5,-110
331,2026-09-07 10:25:12 EDT,a7e7efb75a9792ac63480ae6328dca18,2026-10-4,16:25,Denver Broncos,San Francisco 49ers,Denver Broncos,114,San Francisco 49ers,-135,46.5,2.5,-110,-2.5,-110
332,2026-09-07 10:25:12 EDT,e0cbd266dcf997089203a1b33ba0333d,2026-10-4,16:25,Kansas City Chiefs,Las Vegas Raiders,Las Vegas Raiders,205,Kansas City Chiefs,-250,43.5,-5.5,-110,5.5,-110
333,2026-09-07 10:25:12 EDT,96d2373cda647873b971f268482bced0,2026-10-4,16:25,Los Angeles Chargers,Seattle Seahawks,Los Angeles Chargers,145,Seattle Seahawks,-175,45.5,3.0,-105,-3.0,-115
334,2026-09-07 10:25:12 EDT,a73a76599a4f3422803e57bd8f61b626,2026-10-4,20:20,Detroit Lions,Carolina Panthers,Carolina Panthers,136,Detroit Lions,-162,47.5,-3.0,-110,3.0,-110
335,2026-09-07 10:25:12 EDT,8bd90781e17e6d97df3941063cedae1e,2026-10-5,20:15,Atlanta Falcons,New Orleans Saints,Atlanta Falcons,114,New Orleans Saints,-135,45.5,2.5,-110,-2.5,-110
336,2026-09-07 10:25:12 EDT,259b5df9aa0d10257f56de78523495e0,2026-10-8,20:15,Tampa Bay Buccaneers,Dallas Cowboys,Tampa Bay Buccaneers,170,Dallas Cowboys,-205,52.5,3.5,-110,-3.5,-110
337,2026-09-07 10:25:12 EDT,21b26266f3d78af02eb672e606275d95,2026-10-11,9:30,Philadelphia Eagles,Jacksonville Jaguars,Jacksonville Jaguars,105,Philadelphia Eagles,-125,45.5,-1.5,-110,1.5,-110
338,2026-09-07 10:25:12 EDT,c4647ca1201e6768501877267ca8251b,2026-10-11,13:0,Cincinnati Bengals,Miami Dolphins,Miami Dolphins,225,Cincinnati Bengals,-278,49.5,-6.0,-110,6.0,-110
339,2026-09-07 10:25:12 EDT,9db4ed15fe34fca1fb62f040cd244591,2026-10-11,13:0,Cleveland Browns,New York Jets,Cleveland Browns,110,New York Jets,-130,39.5,1.5,-105,-1.5,-115
340,2026-09-07 10:25:12 EDT,cc52bba56e74f5cddbe9011046181c3d,2026-10-11,13:0,Houston Texans,Tennessee Titans,Tennessee Titans,154,Houston Texans,-185,43.5,-3.5,-110,3.5,-110
341,2026-09-07 10:25:12 EDT,448d7cf18c6db4c811ed82ded1b72867,2026-10-11,13:0,Indianapolis Colts,Pittsburgh Steelers,Indianapolis Colts,120,Pittsburgh Steelers,-142,47.5,2.5,-110,-2.5,-110
342,2026-09-07 10:25:12 EDT,6b024bad1abb54f597225e4ab9b39d89,2026-10-11,13:0,Las Vegas Raiders,New England Patriots,Las Vegas Raiders,310,New England Patriots,-395,44.5,8.5,-110,-8.5,-110
343,2026-09-07 10:25:12 EDT,2cda9bf0fbe35a2735f0dd8aaafe9eff,2026-10-11,13:0,Minnesota Vikings,New Orleans Saints,New Orleans Saints,105,Minnesota Vikings,-125,44.5,-1.5,-110,1.5,-110
344,2026-09-07 10:25:12 EDT,fbffd0b7722fd81d68d5d62472dc80e8,2026-10-11,13:0,New York Giants,Washington Commanders,New York Giants,110,Washington Commanders,-130,48.5,1.5,-105,-1.5,-115
345,2026-09-07 10:25:12 EDT,d1d408fdfd272046fb517fe992a1c5a0,2026-10-11,16:5,Denver Broncos,Los Angeles Chargers,Denver Broncos,120,Los Angeles Chargers,-142,44.5,2.5,-110,-2.5,-110
346,2026-09-07 10:25:12 EDT,f8e7f43f73aa983c5c99c189587f0118,2026-10-11,16:25,Detroit Lions,Arizona Cardinals,Arizona Cardinals,300,Detroit Lions,-380,48.5,-8.5,-110,8.5,-110
347,2026-09-07 10:25:12 EDT,2caea57b1e5cfbba1334cfbfd46f6771,2026-10-11,16:25,Chicago Bears,Green Bay Packers,Chicago Bears,140,Green Bay Packers,-166,49.5,3.0,-110,-3.0,-110
348,2026-09-07 10:25:12 EDT,8e5d515b10d8a5ffb324640ed60bcc55,2026-10-11,16:25,San Francisco 49ers,Seattle Seahawks,San Francisco 49ers,170,Seattle Seahawks,-205,48.5,3.5,-110,-3.5,-110
349,2026-09-07 10:25:12 EDT,86457f91112732f21ad4bb7d37bd291c,2026-10-11,20:20,Baltimore Ravens,Atlanta Falcons,Atlanta Falcons,170,Baltimore Ravens,-205,48.5,-4.5,-110,4.5,-110
350,2026-09-07 10:25:12 EDT,e6d00eedd87d367e510314bd8cab8f6f,2026-10-12,20:15,Buffalo Bills,Los Angeles Rams,Buffalo Bills,140,Los Angeles Rams,-166,53.5,3.0,-110,-3.0,-110
351,2026-09-07 10:25:12 EDT,855f58fad5f0f14b239f4f63df27998b,2026-10-15,20:15,Seattle Seahawks,Denver Broncos,Denver Broncos,110,Seattle Seahawks,-130,43.5,-1.5,-115,1.5,-105
352,2026-09-07 10:25:12 EDT,57418b2cf5aca558b3c98eafac1e264a,2026-10-18,9:30,Houston Texans,Jacksonville Jaguars,Houston Texans,-108,Jacksonville Jaguars,-112,42.5,1.5,-122,-1.5,102
353,2026-09-07 10:25:12 EDT,7c312fdf24fb35f58b0e07c2932cc997,2026-10-18,13:0,Chicago Bears,Atlanta Falcons,Atlanta Falcons,136,Chicago Bears,-162,47.5,-3.0,-110,3.0,-110
354,2026-09-07 10:25:12 EDT,e86227938fd3cf008fc5648fb5128344,2026-10-18,13:0,Baltimore Ravens,Cleveland Browns,Cleveland Browns,205,Baltimore Ravens,-250,44.5,-6.5,-110,6.5,-110
355,2026-09-07 10:25:12 EDT,caca2d752fe1a1779029082e95332fcc,2026-10-18,13:0,Carolina Panthers,Philadelphia Eagles,Carolina Panthers,225,Philadelphia Eagles,-278,43.5,6.5,-110,-6.5,-110
356,2026-09-07 10:25:12 EDT,84aa9e190e625d7e9cd67e1f157a45b4,2026-10-18,13:0,Tennessee Titans,Indianapolis Colts,Tennessee Titans,160,Indianapolis Colts,-192,47.5,3.5,-110,-3.5,-110
357,2026-09-07 10:25:12 EDT,0b0b582b32b09ab6ff6664ffae0c9653,2026-10-18,13:0,New York Jets,New England Patriots,New York Jets,340,New England Patriots,-440,42.5,9.5,-110,-9.5,-110
358,2026-09-07 10:25:12 EDT,1cf74afd313e9fd300e1462012b174cb,2026-10-18,13:0,New Orleans Saints,New York Giants,New Orleans Saints,114,New York Giants,-135,44.5,2.5,-110,-2.5,-110
359,2026-09-07 10:25:12 EDT,27f3994841ce8081c0b7349cf3d1e3d7,2026-10-18,13:0,Pittsburgh Steelers,Tampa Bay Buccaneers,Pittsburgh Steelers,105,Tampa Bay Buccaneers,-125,45.5,1.5,-110,-1.5,-110
360,2026-09-07 10:25:12 EDT,3729ac6d2a66b642850caf2044cdc658,2026-10-18,16:5,Arizona Cardinals,Los Angeles Rams,Arizona Cardinals,550,Los Angeles Rams,-800,47.5,13.5,-108,-13.5,-112
361,2026-09-07 10:25:12 EDT,45b2690b350ed45145c7a716b18e8e66,2026-10-18,16:25,Buffalo Bills,Las Vegas Raiders,Las Vegas Raiders,215,Buffalo Bills,-265,47.5,-6.5,-110,6.5,-110
362,2026-09-07 10:25:12 EDT,20fefae8c296247460ba5773caa42218,2026-10-18,16:25,Los Angeles Chargers,Kansas City Chiefs,Los Angeles Chargers,120,Kansas City Chiefs,-142,46.5,2.5,-110,-2.5,-110
363,2026-09-07 10:25:12 EDT,82fd5a159fa130e67abab93a9537f70b,2026-10-18,20:20,Dallas Cowboys,Green Bay Packers,Dallas Cowboys,140,Green Bay Packers,-166,51.5,3.0,-110,-3.0,-110
364,2026-09-07 10:25:12 EDT,f122527f003276d3bca19efa48c902c1,2026-10-19,20:15,Washington Commanders,San Francisco 49ers,Washington Commanders,205,San Francisco 49ers,-250,50.5,5.5,-110,-5.5,-110
365,2026-09-07 10:25:12 EDT,ffebea881c1d7b2dfb85b3e590c35985,2026-10-22,20:15,New England Patriots,Chicago Bears,New England Patriots,102,Chicago Bears,-122,47.5,1.5,-110,-1.5,-110
366,2026-09-07 10:25:12 EDT,2e710ea5a306b614f0f966e3d78732f8,2026-10-25,9:30,Pittsburgh Steelers,New Orleans Saints,New Orleans Saints,120,Pittsburgh Steelers,-142,42.5,-2.5,-110,2.5,-110
367,2026-09-07 10:25:12 EDT,b1be064fb52a198a62109c279e7ab24c,2026-10-25,13:0,San Francisco 49ers,Atlanta Falcons,Atlanta Falcons,185,San Francisco 49ers,-225,47.5,-4.5,-110,4.5,-110
368,2026-09-07 10:25:12 EDT,550ec5290f935d311995affbcb0b5c79,2026-10-25,13:0,Cincinnati Bengals,Baltimore Ravens,Cincinnati Bengals,154,Baltimore Ravens,-185,51.5,3.5,-110,-3.5,-110
369,2026-09-07 10:25:12 EDT,2823e986597c449ab94126cd5ed3fae9,2026-10-25,13:0,Tampa Bay Buccaneers,Carolina Panthers,Carolina Panthers,105,Tampa Bay Buccaneers,-125,45.5,-1.5,-110,1.5,-110
370,2026-09-07 10:25:12 EDT,5dce18baccec5d3ad5fb3a3ce52f7619,2026-10-25,13:0,Cleveland Browns,Tennessee Titans,Cleveland Browns,114,Tennessee Titans,-135,40.5,2.5,-110,-2.5,-110
371,2026-09-07 10:25:12 EDT,2bba7fde6f97d0e54403d53676e4ab63,2026-10-25,13:0,New York Giants,Houston Texans,New York Giants,200,Houston Texans,-245,43.5,5.5,-110,-5.5,-110
372,2026-09-07 10:25:12 EDT,f3992ad4496724baf7dcd1ef58245d6b,2026-10-25,13:0,Indianapolis Colts,Minnesota Vikings,Indianapolis Colts,120,Minnesota Vikings,-142,46.5,2.5,-110,-2.5,-110
373,2026-09-07 10:25:12 EDT,be5dd120ca08b43d647b6caa8953500a,2026-10-25,13:0,Miami Dolphins,New York Jets,Miami Dolphins,120,New York Jets,-142,41.5,2.5,-110,-2.5,-110
374,2026-09-07 10:25:12 EDT,436119bb3ccdaa6ed7808aa3ebd82b76,2026-10-25,16:5,Denver Broncos,Arizona Cardinals,Arizona Cardinals,285,Denver Broncos,-360,43.5,-7.5,-110,7.5,-110
375,2026-09-07 10:25:12 EDT,e8e5715eefb6a9ce64765e9ddf49c0cc,2026-10-25,16:25,Green Bay Packers,Detroit Lions,Green Bay Packers,120,Detroit Lions,-142,50.5,2.5,-110,-2.5,-110
376,2026-09-07 10:25:12 EDT,f7679cf18454e4d88a8f2b990c3f08ac,2026-10-25,16:25,Los Angeles Rams,Las Vegas Raiders,Las Vegas Raiders,275,Los Angeles Rams,-345,46.5,-7.5,-110,7.5,-110
377,2026-09-07 10:25:12 EDT,176d474ed8b2bbf1eb4d7e9c56b4bf22,2026-10-25,20:20,Kansas City Chiefs,Seattle Seahawks,Kansas City Chiefs,145,Seattle Seahawks,-175,45.5,3.0,-110,-3.0,-110
378,2026-09-07 10:25:12 EDT,4853610e63c246f2027a6a248e642c9a,2026-10-26,20:15,Dallas Cowboys,Philadelphia Eagles,Dallas Cowboys,136,Philadelphia Eagles,-162,48.5,3.0,-110,-3.0,-110
379,2026-09-07 10:25:12 EDT,ab2865e9f2d4b012de8bc6fb6de11a7c,2026-10-29,20:15,Carolina Panthers,Green Bay Packers,Carolina Panthers,270,Green Bay Packers,-340,45.5,7.0,-110,-7.0,-110
380,2026-09-07 10:25:12 EDT,9255ca8f32aea590d00aa57de79f6bb6,2026-11-1,13:0,Arizona Cardinals,Dallas Cowboys,Arizona Cardinals,380,Dallas Cowboys,-500,47.5,10.5,-110,-10.5,-110
381,2026-09-07 10:25:12 EDT,921859689f5f8b3b8b1caf4248bdb1ec,2026-11-1,13:0,Atlanta Falcons,Tampa Bay Buccaneers,Atlanta Falcons,185,Tampa Bay Buccaneers,-225,46.5,4.5,-110,-4.5,-110
382,2026-09-07 10:25:12 EDT,c93c421e5fa46031a43162d111d981d0,2026-11-1,13:0,Baltimore Ravens,Buffalo Bills,Baltimore Ravens,114,Buffalo Bills,-135,51.5,2.5,-110,-2.5,-110
383,2026-09-07 10:25:12 EDT,9c5d8f57e0ba0fbd9ef436c1f0898f99,2026-11-1,13:0,Tennessee Titans,Cincinnati Bengals,Tennessee Titans,240,Cincinnati Bengals,-298,49.5,6.5,-110,-6.5,-110
384,2026-09-07 10:25:12 EDT,ab5ab731ab655bd6308bc7a922275518,2026-11-1,13:0,Cleveland Browns,Pittsburgh Steelers,Cleveland Browns,210,Pittsburgh Steelers,-258,39.5,6.0,-110,-6.0,-110
385,2026-09-07 10:25:12 EDT,52e7ee9c42525e6deec02da32dc2fad8,2026-11-1,13:0,Minnesota Vikings,Detroit Lions,Minnesota Vikings,185,Detroit Lions,-225,47.5,4.5,-110,-4.5,-110
386,2026-09-07 10:25:12 EDT,159dbf0253dd2038eda2212f84387f0c,2026-11-1,13:0,Indianapolis Colts,Jacksonville Jaguars,Indianapolis Colts,185,Jacksonville Jaguars,-225,49.5,4.5,-110,-4.5,-110
387,2026-09-07 10:25:12 EDT,98f1b121b793977434c046e76c707145,2026-11-1,13:0,Las Vegas Raiders,New York Jets,Las Vegas Raiders,105,New York Jets,-125,40.5,1.5,-110,-1.5,-110
388,2026-09-07 10:25:12 EDT,2ff84d3f6053d083c8c0a5bebf7cdd4c,2026-11-1,16:5,Los Angeles Chargers,Los Angeles Rams,Los Angeles Chargers,160,Los Angeles Rams,-192,48.5,3.5,-102,-3.5,-118
389,2026-09-07 10:25:12 EDT,f2a036d5edf483a277880014861e78ad,2026-11-1,16:25,Kansas City Chiefs,Denver Broncos,Kansas City Chiefs,105,Denver Broncos,-125,43.5,1.5,-110,-1.5,-110
390,2026-09-07 10:25:12 EDT,05405af79752f5e742cdf50b61f6745e,2026-11-1,16:25,New England Patriots,Miami Dolphins,Miami Dolphins,280,New England Patriots,-355,45.5,-7.0,-110,7.0,-110
391,2026-09-07 10:25:12 EDT,b9c60db63b1a19ad319f24b33c0defe8,2026-11-1,20:20,Philadelphia Eagles,Washington Commanders,Washington Commanders,105,Philadelphia Eagles,-125,46.5,-1.5,-110,1.5,-110
392,2026-09-07 10:25:12 EDT,7d664fbcd39350e559d83c0068ba7169,2026-11-2,20:20,Chicago Bears,Seattle Seahawks,Chicago Bears,185,Seattle Seahawks,-225,47.5,4.5,-110,-4.5,-110
393,2026-09-07 10:25:12 EDT,c75744790b7acf6260c78ba5e739c0e5,2026-11-5,20:15,Jacksonville Jaguars,Baltimore Ravens,Jacksonville Jaguars,170,Baltimore Ravens,-205,49.5,4.5,-110,-4.5,-110
394,2026-09-07 10:25:12 EDT,dc56d980f527ffeef89940133b211b13,2026-11-8,9:30,Cincinnati Bengals,Atlanta Falcons,Atlanta Falcons,190,Cincinnati Bengals,-230,49.5,-5.5,-110,5.5,-110
395,2026-09-07 10:25:12 EDT,014282b888c741b7d70c857c09f40aa7,2026-11-8,13:0,Denver Broncos,Carolina Panthers,Carolina Panthers,136,Denver Broncos,-162,42.5,-3.0,-110,3.0,-110
396,2026-09-07 10:25:12 EDT,e571bab6736f9338130a78a4f75c3231,2026-11-8,13:0,Cleveland Browns,New Orleans Saints,Cleveland Browns,170,New Orleans Saints,-205,41.5,3.5,-105,-3.5,-115
397,2026-09-07 10:25:12 EDT,415fc42e72888c63e82f7bce24c65391,2026-11-8,13:0,Dallas Cowboys,Indianapolis Colts,Indianapolis Colts,105,Dallas Cowboys,-125,52.5,-1.5,-110,1.5,-110
398,2026-09-07 10:25:12 EDT,44d8c37868b700e90f816db7c5df5cdd,2026-11-8,13:0,Detroit Lions,Miami Dolphins,Miami Dolphins,225,Detroit Lions,-278,47.5,-6.5,-110,6.5,-110
399,2026-09-07 10:25:12 EDT,e354e6a04b1cb9c96e549b863debb92e,2026-11-8,13:0,New York Jets,Kansas City Chiefs,New York Jets,360,Kansas City Chiefs,-470,41.5,9.5,-110,-9.5,-110
400,2026-09-07 10:25:12 EDT,89de07377e0aa8ffaa2ae6a7dc0855cc,2026-11-8,13:0,Los Angeles Rams,Washington Commanders,Washington Commanders,180,Los Angeles Rams,-218,50.5,-5.5,-105,5.5,-115
401,2026-09-07 10:25:12 EDT,fe93e6ab1e553c0169936a0a983c324f,2026-11-8,13:0,New York Giants,Philadelphia Eagles,New York Giants,195,Philadelphia Eagles,-238,44.5,5.5,-110,-5.5,-110
402,2026-09-07 10:25:12 EDT,39aeac43cea7b12558b91cdab1255a10,2026-11-8,16:5,Houston Texans,Los Angeles Chargers,Houston Texans,120,Los Angeles Chargers,-142,43.5,2.5,-110,-2.5,-110
403,2026-09-07 10:25:12 EDT,ac9d38a18d5c92814233a31aa9a48d78,2026-11-8,16:5,Las Vegas Raiders,San Francisco 49ers,Las Vegas Raiders,340,San Francisco 49ers,-440,46.5,8.5,-110,-8.5,-110
404,2026-09-07 10:25:12 EDT,240e23b02b1e3fef655d04a286b5a623,2026-11-8,16:25,Arizona Cardinals,Seattle Seahawks,Arizona Cardinals,575,Seattle Seahawks,-850,45.5,13.5,-110,-13.5,-110
405,2026-09-07 10:25:12 EDT,2922c573ec3df8466c4a34975e446898,2026-11-8,16:25,Green Bay Packers,New England Patriots,Green Bay Packers,105,New England Patriots,-125,46.5,1.5,-110,-1.5,-110
406,2026-09-07 10:25:12 EDT,9760d8f19f84bfee300a74ceb656c95d,2026-11-8,20:20,Tampa Bay Buccaneers,Chicago Bears,Tampa Bay Buccaneers,164,Chicago Bears,-198,48.5,3.5,-110,-3.5,-110
407,2026-09-07 10:25:12 EDT,17ad7eff2f7875e20a8109abe40470e3,2026-11-9,20:15,Buffalo Bills,Minnesota Vikings,Minnesota Vikings,142,Buffalo Bills,-170,48.5,-3.0,-110,3.0,-110
408,2026-09-07 10:25:12 EDT,74d39e19225caf211ad2c8eb4110179f,2026-11-12,20:15,Washington Commanders,New York Giants,Washington Commanders,105,New York Giants,-125,47.5,1.5,-110,-1.5,-110
409,2026-09-07 10:25:12 EDT,b8c10fdf1e0ac4e13deee7f7c0af0b0b,2026-11-15,9:30,New England Patriots,Detroit Lions,New England Patriots,105,Detroit Lions,-125,48.5,1.5,-108,-1.5,-112
410,2026-09-07 10:25:12 EDT,3c71d515b726f1096aabb435badb83fd,2026-11-15,13:0,Kansas City Chiefs,Atlanta Falcons,Atlanta Falcons,185,Kansas City Chiefs,-225,45.5,-4.5,-110,4.5,-110
411,2026-09-07 10:25:12 EDT,1057d50949844ddf483da9c8c20354be,2026-11-15,13:0,Buffalo Bills,New York Jets,New York Jets,270,Buffalo Bills,-340,46.5,-7.0,-115,7.0,-105
412,2026-09-07 10:25:12 EDT,e5aa20e1364dd639f042af1c2281bbe2,2026-11-15,13:0,Carolina Panthers,New Orleans Saints,Carolina Panthers,-102,New Orleans Saints,-118,43.5,1.5,-115,-1.5,-105
413,2026-09-07 10:25:12 EDT,be0e03cc42fbc9b6962467b22c7bf9dd,2026-11-15,13:0,Houston Texans,Cleveland Browns,Cleveland Browns,170,Houston Texans,-205,38.5,-4.5,-110,4.5,-110
414,2026-09-07 10:25:12 EDT,5d8d85473b87f772a979ecf294acab94,2026-11-15,13:0,Minnesota Vikings,Green Bay Packers,Minnesota Vikings,200,Green Bay Packers,-245,45.5,4.5,-110,-4.5,-110
415,2026-09-07 10:25:12 EDT,b5700b4d938fd94429f60d4622cc9c0a,2026-11-15,13:0,Miami Dolphins,Indianapolis Colts,Miami Dolphins,245,Indianapolis Colts,-305,47.5,6.5,-110,-6.5,-110
416,2026-09-07 10:25:12 EDT,28800df7e768ecec14f116454d560f9b,2026-11-15,13:0,Jacksonville Jaguars,Tennessee Titans,Tennessee Titans,114,Jacksonville Jaguars,-135,45.5,-2.5,-110,2.5,-110
417,2026-09-07 10:25:12 EDT,6c932a965110f3f89ec4a5f1a6ac256e,2026-11-15,16:5,Los Angeles Rams,Arizona Cardinals,Arizona Cardinals,360,Los Angeles Rams,-470,47.5,-10.5,-110,10.5,-110
418,2026-09-07 10:25:12 EDT,6079a5cbabf99b265a17edfc92a1da60,2026-11-15,16:5,Seattle Seahawks,Las Vegas Raiders,Las Vegas Raiders,250,Seattle Seahawks,-310,43.5,-7.0,-110,7.0,-110
419,2026-09-07 10:25:12 EDT,7627192fd89b05120ab6c712aa23fd81,2026-11-15,16:25,San Francisco 49ers,Dallas Cowboys,San Francisco 49ers,-102,Dallas Cowboys,-118,52.5,1.5,-115,-1.5,-105
420,2026-09-07 10:25:12 EDT,48e497c230e6c9afcb3b600091d28e17,2026-11-15,20:20,Pittsburgh Steelers,Cincinnati Bengals,Pittsburgh Steelers,160,Cincinnati Bengals,-192,47.5,3.5,-110,-3.5,-110
421,2026-09-07 10:25:12 EDT,35e3bdff558b5d1506251e814986f164,2026-11-16,20:15,Los Angeles Chargers,Baltimore Ravens,Los Angeles Chargers,150,Baltimore Ravens,-180,47.5,3.5,-110,-3.5,-110
422,2026-09-07 10:25:12 EDT,66f9e83cf025d58acee12bce18661fb3,2026-11-19,20:15,Indianapolis Colts,Houston Texans,Indianapolis Colts,200,Houston Texans,-245,45.5,5.5,-110,-5.5,-110
423,2026-09-07 10:25:12 EDT,403a88701352da05b0710a9e883b803e,2026-11-22,13:0,Arizona Cardinals,Kansas City Chiefs,Arizona Cardinals,440,Kansas City Chiefs,-600,44.5,11.5,-110,-11.5,-110
424,2026-09-07 10:25:12 EDT,4527f57f5bc32742d8194af1ccf7da7e,2026-11-22,13:0,Baltimore Ravens,Carolina Panthers,Carolina Panthers,170,Baltimore Ravens,-205,46.5,-4.5,-110,4.5,-110
425,2026-09-07 10:25:12 EDT,4c5b1c0843a260278e95eb93e7787576,2026-11-22,13:0,Miami Dolphins,Buffalo Bills,Miami Dolphins,470,Buffalo Bills,-650,47.5,11.5,-110,-11.5,-110
426,2026-09-07 10:25:12 EDT,3ea90704fb576633bd1e2fa5aafd9ea3,2026-11-22,13:0,New Orleans Saints,Chicago Bears,New Orleans Saints,225,Chicago Bears,-278,46.5,6.5,-110,-6.5,-110
427,2026-09-07 10:25:12 EDT,5e63079b678f8c13419adc169fff02d3,2026-11-22,13:0,Tennessee Titans,Dallas Cowboys,Tennessee Titans,230,Dallas Cowboys,-285,48.5,6.5,-110,-6.5,-110
428,2026-09-07 10:25:12 EDT,41e2dd69bddd65d7e823d9ed61cc2afc,2026-11-22,13:0,Tampa Bay Buccaneers,Detroit Lions,Tampa Bay Buccaneers,185,Detroit Lions,-225,49.5,4.5,-110,-4.5,-110
429,2026-09-07 10:25:12 EDT,8ba112fabf4e87639338a5f437c5abfe,2026-11-22,13:0,Jacksonville Jaguars,New York Giants,New York Giants,105,Jacksonville Jaguars,-125,46.5,-1.5,-110,1.5,-110
430,2026-09-07 10:25:12 EDT,4b20b742b6168aaca4f25d87f11b1526,2026-11-22,16:5,New York Jets,Los Angeles Chargers,New York Jets,330,Los Angeles Chargers,-425,41.5,9.5,-110,-9.5,-110
431,2026-09-07 10:25:12 EDT,1940706a79cbcbafacdcbf231069716b,2026-11-22,16:25,Las Vegas Raiders,Denver Broncos,Las Vegas Raiders,270,Denver Broncos,-340,41.5,7.5,-110,-7.5,-110
432,2026-09-07 10:25:12 EDT,cbe45bafcc2615fc1d96cbc12840377a,2026-11-22,16:25,Pittsburgh Steelers,Philadelphia Eagles,Pittsburgh Steelers,195,Philadelphia Eagles,-238,42.5,5.5,-110,-5.5,-110
433,2026-09-07 10:25:12 EDT,60e1d27b083a335b722c2c852ea85612,2026-11-22,20:20,Minnesota Vikings,San Francisco 49ers,Minnesota Vikings,160,San Francisco 49ers,-192,46.5,3.5,-110,-3.5,-110
434,2026-09-07 10:25:12 EDT,3a60ed1d20004aa4d4772b2c1a2272e7,2026-11-23,20:15,Cincinnati Bengals,Washington Commanders,Washington Commanders,102,Cincinnati Bengals,-122,52.5,-1.5,-110,1.5,-110
435,2026-09-07 10:25:12 EDT,5b612899d6dcdf998107f2c6c6e49a58,2026-11-25,20:0,Green Bay Packers,Los Angeles Rams,Green Bay Packers,185,Los Angeles Rams,-225,48.5,4.5,-105,-4.5,-115
436,2026-09-07 10:25:12 EDT,9b825e6518156008da499be041975fdd,2026-11-26,13:0,Chicago Bears,Detroit Lions,Chicago Bears,120,Detroit Lions,-142,52.5,2.5,-105,-2.5,-115
437,2026-09-07 10:25:12 EDT,ffaa06af56a7137d4b078c5c46c0b730,2026-11-26,15:30,Philadelphia Eagles,Dallas Cowboys,Philadelphia Eagles,105,Dallas Cowboys,-125,49.5,1.5,-110,-1.5,-110
438,2026-09-07 10:25:12 EDT,f36f518585aec40e8cb40e071c0844aa,2026-11-26,20:20,Kansas City Chiefs,Buffalo Bills,Kansas City Chiefs,124,Buffalo Bills,-148,50.5,2.5,-105,-2.5,-115
439,2026-09-07 10:25:12 EDT,44a3bcf5bd002583ddef2207a92dd977,2026-11-27,15:0,Denver Broncos,Pittsburgh Steelers,Pittsburgh Steelers,105,Denver Broncos,-125,39.5,-1.5,-110,1.5,-110
440,2026-09-07 10:25:12 EDT,6a05021bdb6bab24b9bb381ffff10f0c,2026-11-29,13:0,Atlanta Falcons,Minnesota Vikings,Atlanta Falcons,180,Minnesota Vikings,-218,43.5,4.5,-110,-4.5,-110
441,2026-09-07 10:25:12 EDT,60d0c074801985c1062795362a24200e,2026-11-29,13:0,Baltimore Ravens,Houston Texans,Baltimore Ravens,102,Houston Texans,-122,45.5,1.5,-110,-1.5,-110
442,2026-09-07 10:25:12 EDT,f7d3ae7a8fe2438cef7d7d7bc67e31db,2026-11-29,13:0,New Orleans Saints,Cincinnati Bengals,New Orleans Saints,235,Cincinnati Bengals,-290,48.5,6.5,-110,-6.5,-110
443,2026-09-07 10:25:12 EDT,eaa993c3d62d6b5aeb6142cdd7862fd5,2026-11-29,13:0,Las Vegas Raiders,Cleveland Browns,Las Vegas Raiders,105,Cleveland Browns,-125,39.5,1.5,-110,-1.5,-110
444,2026-09-07 10:25:12 EDT,e9da808e36e1b7475698a57465ad4519,2026-11-29,13:0,New York Giants,Indianapolis Colts,New York Giants,114,Indianapolis Colts,-135,47.5,2.5,-110,-2.5,-110
445,2026-09-07 10:25:12 EDT,81a8fee5b649a3ad5ad59e9528f2f376,2026-11-29,13:0,Tennessee Titans,Jacksonville Jaguars,Tennessee Titans,190,Jacksonville Jaguars,-230,45.5,5.5,-110,-5.5,-110
446,2026-09-07 10:25:12 EDT,5ea0e3ea5944b0ad5169f21c0787b331,2026-11-29,13:0,New York Jets,Miami Dolphins,New York Jets,105,Miami Dolphins,-125,40.5,1.5,-110,-1.5,-110
447,2026-09-07 10:25:12 EDT,69a1dbe9de3d3212c3a7a55be5d204ab,2026-11-29,16:25,Washington Commanders,Arizona Cardinals,Arizona Cardinals,180,Washington Commanders,-218,47.5,-4.5,-110,4.5,-110
448,2026-09-07 10:25:12 EDT,d68dced0b26726890b9c79bd19a5ffe5,2026-11-29,16:25,Seattle Seahawks,San Francisco 49ers,Seattle Seahawks,-110,San Francisco 49ers,-110,46.5,1.5,-125,-1.5,105
449,2026-09-07 10:25:12 EDT,c64ceba13ede564e8658693e3171e7f9,2026-11-29,20:20,New England Patriots,Los Angeles Chargers,New England Patriots,105,Los Angeles Chargers,-125,45.5,1.5,-110,-1.5,-110
450,2026-09-07 10:25:12 EDT,2cdaecba7c0bff9b58a48a82e6ee17a7,2026-11-30,20:15,Carolina Panthers,Tampa Bay Buccaneers,Carolina Panthers,160,Tampa Bay Buccaneers,-192,44.5,3.5,-110,-3.5,-110
451,2026-09-07 10:25:12 EDT,06e52a676b516186989e3b181a37c8a7,2026-12-3,20:15,Kansas City Chiefs,Los Angeles Rams,Kansas City Chiefs,170,Los Angeles Rams,-205,47.5,4.5,-118,-4.5,-102
452,2026-09-07 10:25:12 EDT,c94419ba8fb818fc36a5b21b526aab75,2026-12-6,13:0,Detroit Lions,Atlanta Falcons,Atlanta Falcons,154,Detroit Lions,-185,48.5,-3.5,-110,3.5,-110
453,2026-09-07 10:25:12 EDT,0236f9aa68d65ea03bd1ca025b749c20,2026-12-6,13:0,Jacksonville Jaguars,Chicago Bears,Jacksonville Jaguars,130,Chicago Bears,-155,47.5,3.0,-115,-3.0,-105
454,2026-09-07 10:25:12 EDT,b447fab53534af892f98a74eae26c1c6,2026-12-6,13:0,Cincinnati Bengals,Cleveland Browns,Cleveland Browns,185,Cincinnati Bengals,-225,45.5,-4.5,-110,4.5,-110
455,2026-09-07 10:25:12 EDT,9a55467e1cd6310ae2af20d8154612e1,2026-12-6,13:0,Miami Dolphins,Denver Broncos,Miami Dolphins,360,Denver Broncos,-470,42.5,9.5,-110,-9.5,-110
456,2026-09-07 10:25:12 EDT,1ccb61b811b7aae4270df22a67e6459f,2026-12-6,13:0,Green Bay Packers,New Orleans Saints,New Orleans Saints,185,Green Bay Packers,-225,45.5,-4.5,-110,4.5,-110
457,2026-09-07 10:25:12 EDT,f8a92363386bd337975650879086cca6,2026-12-6,13:0,Los Angeles Chargers,Tampa Bay Buccaneers,Tampa Bay Buccaneers,120,Los Angeles Chargers,-142,46.5,-2.5,-110,2.5,-110
458,2026-09-07 10:25:12 EDT,a5495c3360b3bb13da76ba23a675c9ef,2026-12-6,13:0,San Francisco 49ers,New York Giants,New York Giants,140,San Francisco 49ers,-166,47.5,-3.0,-110,3.0,-110
459,2026-09-07 10:25:12 EDT,ae3429e95ee704c7fd001cade20072d0,2026-12-6,13:0,Washington Commanders,Tennessee Titans,Tennessee Titans,105,Washington Commanders,-125,46.5,-1.5,-110,1.5,-110
460,2026-09-07 10:25:12 EDT,f4897f48a5351881280f7598bd826408,2026-12-6,16:5,Philadelphia Eagles,Arizona Cardinals,Arizona Cardinals,310,Philadelphia Eagles,-395,43.5,-8.5,-110,8.5,-110
461,2026-09-07 10:25:12 EDT,4116dbff75ab7957b69c2152f204b74d,2026-12-6,16:25,Buffalo Bills,New England Patriots,Buffalo Bills,102,New England Patriots,-122,48.5,1.5,-112,-1.5,-108
462,2026-09-07 10:25:12 EDT,c186c605febd6370b292469c9151cfb3,2026-12-6,16:25,Carolina Panthers,Minnesota Vikings,Carolina Panthers,160,Minnesota Vikings,-192,42.5,3.5,-110,-3.5,-110
463,2026-09-07 10:25:12 EDT,26bf8e165d2d273ed0772a355f07ab16,2026-12-6,20:20,Houston Texans,Pittsburgh Steelers,Pittsburgh Steelers,102,Houston Texans,-122,41.5,-1.5,-110,1.5,-110
464,2026-09-07 10:25:12 EDT,0db4646c964ecdff19957373fe707546,2026-12-7,20:15,Dallas Cowboys,Seattle Seahawks,Dallas Cowboys,185,Seattle Seahawks,-225,48.5,4.5,-110,-4.5,-110
465,2026-09-07 10:25:12 EDT,01548e41e7ba5318bb25c9bc2a32f73d,2026-12-10,20:15,Minnesota Vikings,New England Patriots,Minnesota Vikings,180,New England Patriots,-218,43.5,4.5,-110,-4.5,-110
466,2026-09-07 10:25:12 EDT,f7fba6b1804e02292ee0ce4738484258,2026-12-13,13:0,Atlanta Falcons,Cleveland Browns,Atlanta Falcons,105,Cleveland Browns,-125,40.5,1.5,-110,-1.5,-110
467,2026-09-07 10:25:12 EDT,bec99e2f2b4c80e345731d69ee38d831,2026-12-13,13:0,Tampa Bay Buccaneers,Baltimore Ravens,Tampa Bay Buccaneers,210,Baltimore Ravens,-258,48.5,6.0,-110,-6.0,-110
468,2026-09-07 10:25:12 EDT,dcc7b377d3b3ec990304612bbef47d3d,2026-12-13,13:0,New Orleans Saints,Carolina Panthers,New Orleans Saints,114,Carolina Panthers,-135,43.5,2.5,-110,-2.5,-110
469,2026-09-07 10:25:12 EDT,2c6added7199a59f1e9dae8492c29da4,2026-12-13,13:0,Chicago Bears,Miami Dolphins,Miami Dolphins,200,Chicago Bears,-245,46.5,-5.5,-110,5.5,-110
470,2026-09-07 10:25:12 EDT,5185ace33aebc87d39074147940f2fa5,2026-12-13,13:0,Denver Broncos,New York Jets,New York Jets,190,Denver Broncos,-230,39.5,-5.5,-110,5.5,-110
471,2026-09-07 10:25:12 EDT,a31f461ccd92e1072f23ccfae281ae9a,2026-12-13,13:0,Tennessee Titans,Detroit Lions,Tennessee Titans,275,Detroit Lions,-345,47.5,7.5,-110,-7.5,-110
472,2026-09-07 10:25:12 EDT,5dc9cb8fba610d682dc670ae4e7d59f3,2026-12-13,13:0,Houston Texans,Washington Commanders,Washington Commanders,102,Houston Texans,-122,44.5,-1.5,-110,1.5,-110
473,2026-09-07 10:25:12 EDT,45203f985f8d1567ad19b0617dd267f8,2026-12-13,13:0,Indianapolis Colts,Philadelphia Eagles,Indianapolis Colts,200,Philadelphia Eagles,-245,46.5,5.5,-110,-5.5,-110
474,2026-09-07 10:25:12 EDT,484c491dc1dee090d740ba077b7d9709,2026-12-13,16:5,Los Angeles Chargers,Las Vegas Raiders,Las Vegas Raiders,190,Los Angeles Chargers,-230,43.5,-5.5,-110,5.5,-110
475,2026-09-07 10:25:12 EDT,180b5fa7ea6bd0d2d9ddb9ba5ee38cc0,2026-12-13,16:25,Kansas City Chiefs,Cincinnati Bengals,Kansas City Chiefs,105,Cincinnati Bengals,-125,48.5,1.5,-110,-1.5,-110
476,2026-09-07 10:25:12 EDT,6174916c7e2df8d1b80a88cfbd259d44,2026-12-13,16:25,Los Angeles Rams,San Francisco 49ers,San Francisco 49ers,110,Los Angeles Rams,-130,49.5,-2.5,-105,2.5,-115
477,2026-09-07 10:25:12 EDT,f5ab9d8455daf9e2a6c4c443fe0cd19f,2026-12-13,16:25,New York Giants,Seattle Seahawks,New York Giants,310,Seattle Seahawks,-395,45.5,7.5,-110,-7.5,-110
478,2026-09-07 10:25:12 EDT,c4877c048defcb80e0ab37c0688f37f6,2026-12-13,20:20,Buffalo Bills,Green Bay Packers,Buffalo Bills,105,Green Bay Packers,-125,49.5,1.5,-110,-1.5,-110
479,2026-09-07 10:25:12 EDT,690e2ee2ed5f0875f7cbaecdc51373f5,2026-12-14,20:15,Pittsburgh Steelers,Jacksonville Jaguars,Pittsburgh Steelers,136,Jacksonville Jaguars,-162,44.5,3.0,-110,-3.0,-110
480,2026-09-07 10:25:12 EDT,790af233087803c297861901ffa271d7,2026-12-17,20:15,San Francisco 49ers,Los Angeles Chargers,San Francisco 49ers,120,Los Angeles Chargers,-142,47.5,2.5,-110,-2.5,-110
481,2026-09-07 10:25:12 EDT,171aba127aaad3dcbe32a02fc194eb32,2026-12-19,17:0,Seattle Seahawks,Philadelphia Eagles,Seattle Seahawks,105,Philadelphia Eagles,-125,43.5,1.5,-110,-1.5,-110
482,2026-09-07 10:25:12 EDT,784568b1df055bf7eb8780c110d5e910,2026-12-19,20:20,Chicago Bears,Buffalo Bills,Chicago Bears,154,Buffalo Bills,-185,51.5,3.5,-110,-3.5,-110
483,2026-09-07 10:25:12 EDT,5931eee49f5f2656a5344e1388a68816,2026-12-20,13:0,Atlanta Falcons,Washington Commanders,Atlanta Falcons,150,Washington Commanders,-180,46.5,3.5,-110,-3.5,-110
484,2026-09-07 10:25:12 EDT,2f4b1899c1c278947920e0254b682d90,2026-12-20,13:0,Baltimore Ravens,Pittsburgh Steelers,Pittsburgh Steelers,124,Baltimore Ravens,-148,46.5,-2.5,-120,2.5,100
485,2026-09-07 10:25:12 EDT,000fc688beb4fc004ecdad115d9adb1c,2026-12-20,13:0,Cincinnati Bengals,Carolina Panthers,Carolina Panthers,124,Cincinnati Bengals,-148,47.5,-2.5,-120,2.5,100
486,2026-09-07 10:25:12 EDT,1cb23c83ae4af84cffcdae6b31d06e83,2026-12-20,13:0,Cleveland Browns,New York Giants,Cleveland Browns,180,New York Giants,-218,40.5,4.5,-110,-4.5,-110
487,2026-09-07 10:25:12 EDT,99719df35bc2efdcc72096f865ed8841,2026-12-20,13:0,Miami Dolphins,Green Bay Packers,Miami Dolphins,470,Green Bay Packers,-650,45.5,10.5,-110,-10.5,-110
488,2026-09-07 10:25:12 EDT,29211b6e78461220a2833184233f70e5,2026-12-20,13:0,Jacksonville Jaguars,Houston Texans,Jacksonville Jaguars,130,Houston Texans,-155,43.5,3.0,-110,-3.0,-110
489,2026-09-07 10:25:12 EDT,3b696c07ff6a1ef461d023a73db17584,2026-12-20,13:0,Indianapolis Colts,Tennessee Titans,Tennessee Titans,105,Indianapolis Colts,-125,47.5,-1.5,-110,1.5,-110
490,2026-09-07 10:25:12 EDT,e15a91cebf3480ff0b93b4fbacb09797,2026-12-20,13:0,New Orleans Saints,Tampa Bay Buccaneers,New Orleans Saints,164,Tampa Bay Buccaneers,-198,45.5,3.5,-110,-3.5,-110
491,2026-09-07 10:25:12 EDT,d8cd12e7684fa2aa39f5b188ef6e62e0,2026-12-20,16:5,New York Jets,Arizona Cardinals,New York Jets,-110,Arizona Cardinals,-110,41.5,-1.5,102,1.5,-122
492,2026-09-07 10:25:12 EDT,77396e9d565860fbfd05779028223a8a,2026-12-20,16:25,Dallas Cowboys,Los Angeles Rams,Dallas Cowboys,200,Los Angeles Rams,-245,52.5,6.0,-110,-6.0,-110
493,2026-09-07 10:25:12 EDT,9f507007b9c0a7082c1471a5fa841336,2026-12-20,16:25,Denver Broncos,Las Vegas Raiders,Las Vegas Raiders,170,Denver Broncos,-205,41.5,-4.5,-110,4.5,-110
494,2026-09-07 10:25:12 EDT,b34897a0368d570291d44e176c0c2331,2026-12-20,20:20,Detroit Lions,Minnesota Vikings,Minnesota Vikings,105,Detroit Lions,-125,46.5,-1.5,-110,1.5,-110
495,2026-09-07 10:25:12 EDT,b2759105c27a25289ea1938f290c50fd,2026-12-21,20:15,New England Patriots,Kansas City Chiefs,New England Patriots,120,Kansas City Chiefs,-142,45.5,2.5,-110,-2.5,-110
496,2026-09-07 10:25:12 EDT,3f226ec5402c6ec4d84a59be80c2fa67,2026-12-24,20:15,Houston Texans,Philadelphia Eagles,Houston Texans,114,Philadelphia Eagles,-135,37.5,2.5,-112,-2.5,-108
497,2026-09-07 10:25:12 EDT,2828c07018dfafbe96aba205809cc7ac,2026-12-25,13:0,Green Bay Packers,Chicago Bears,Green Bay Packers,-102,Chicago Bears,-118,47.5,1.5,-115,-1.5,-105
498,2026-09-07 10:25:12 EDT,126f27c71e8130ef87de0d137e833d9b,2026-12-25,16:30,Buffalo Bills,Denver Broncos,Denver Broncos,110,Buffalo Bills,-130,46.5,-1.5,-115,1.5,-105
499,2026-09-07 10:25:12 EDT,f1af9705dbd2bbe4f1555f080ad06ba2,2026-12-25,20:15,Los Angeles Rams,Seattle Seahawks,Los Angeles Rams,110,Seattle Seahawks,-130,47.5,1.5,-105,-1.5,-115
500,2026-09-07 10:25:12 EDT,8fd00347b6d77ce384d83cba814430d7,2026-12-27,13:0,Arizona Cardinals,New Orleans Saints,Arizona Cardinals,205,New Orleans Saints,-250,44.5,5.5,-110,-5.5,-110
501,2026-09-07 10:25:12 EDT,bd13d00f06ad222b0a1b6ea4d0add763,2026-12-27,13:0,Tampa Bay Buccaneers,Atlanta Falcons,Atlanta Falcons,105,Tampa Bay Buccaneers,-125,45.5,-1.5,-110,1.5,-110
502,2026-09-07 10:25:12 EDT,0f23afce92c2f0af28973c0a7533763e,2026-12-27,13:0,Cleveland Browns,Baltimore Ravens,Cleveland Browns,330,Baltimore Ravens,-425,43.5,10.0,-110,-10.0,-110
503,2026-09-07 10:25:12 EDT,74cb0e112d069cdbda1671ae85531f43,2026-12-27,13:0,Carolina Panthers,Pittsburgh Steelers,Carolina Panthers,160,Pittsburgh Steelers,-192,41.5,3.5,-110,-3.5,-110
504,2026-09-07 10:25:12 EDT,ca8982dccb6c3ae01525800317287f02,2026-12-27,13:0,Cincinnati Bengals,Indianapolis Colts,Indianapolis Colts,102,Cincinnati Bengals,-122,52.5,-1.5,-110,1.5,-110
505,2026-09-07 10:25:12 EDT,29425f5c68826d615277cf9be2b82e00,2026-12-27,13:0,Tennessee Titans,Las Vegas Raiders,Tennessee Titans,105,Las Vegas Raiders,-125,42.5,1.5,-110,-1.5,-110
506,2026-09-07 10:25:12 EDT,fe2eb511d4c2da3a8e88b85b4f4e9f7e,2026-12-27,13:0,Los Angeles Chargers,Miami Dolphins,Miami Dolphins,285,Los Angeles Chargers,-360,45.5,-7.0,-112,7.0,-108
507,2026-09-07 10:25:12 EDT,cf5cefa5556bcd0156bd394171ef6c8e,2026-12-27,13:0,Washington Commanders,Minnesota Vikings,Washington Commanders,114,Minnesota Vikings,-135,46.5,2.5,-110,-2.5,-110
508,2026-09-07 10:25:12 EDT,669a7b568c2a64f9a136dadb0eda1da8,2026-12-27,13:0,New England Patriots,New York Jets,New York Jets,225,New England Patriots,-278,40.5,-6.5,-110,6.5,-110
509,2026-09-07 10:25:12 EDT,fc7cce3ae7c73cc7151357829e11b6d5,2026-12-27,16:25,San Francisco 49ers,Kansas City Chiefs,San Francisco 49ers,136,Kansas City Chiefs,-162,46.5,3.0,-118,-3.0,-102
510,2026-09-07 10:25:12 EDT,b1c4ec04c3398a9efa25492000858384,2026-12-27,20:20,Jacksonville Jaguars,Dallas Cowboys,Jacksonville Jaguars,136,Dallas Cowboys,-162,51.5,3.0,-118,-3.0,-102
511,2026-09-07 10:25:12 EDT,ca92c191ebf7361ea56f9bbc09a5f51b,2026-12-28,20:15,New York Giants,Detroit Lions,New York Giants,170,Detroit Lions,-205,49.5,4.5,-110,-4.5,-110
512,2026-09-07 10:25:12 EDT,be268ce293cf4fad1c0c867a3ca4c257,2026-12-31,20:15,Baltimore Ravens,Cincinnati Bengals,Baltimore Ravens,114,Cincinnati Bengals,-135,51.5,2.5,-110,-2.5,-110
513,2026-09-07 10:25:12 EDT,e5dd9cc3fd5452d55c250949e946743d,2027-1-3,13:0,New Orleans Saints,Atlanta Falcons,New Orleans Saints,102,Atlanta Falcons,-122,44.5,1.5,-110,-1.5,-110
514,2026-09-07 10:25:12 EDT,d9a186d988a3ede2a33e504f4890fe52,2027-1-3,13:0,Buffalo Bills,Miami Dolphins,Miami Dolphins,295,Buffalo Bills,-375,47.5,-7.5,-110,7.5,-110
515,2026-09-07 10:25:12 EDT,b009f04b4f61b264a5163157c3439dc1,2027-1-3,13:0,Seattle Seahawks,Carolina Panthers,Carolina Panthers,200,Seattle Seahawks,-245,42.5,-5.5,-110,5.5,-110
516,2026-09-07 10:25:12 EDT,f2e03f9b857485bb13211ee0f5eb5935,2027-1-3,13:0,Indianapolis Colts,Cleveland Browns,Cleveland Browns,114,Indianapolis Colts,-135,43.5,-2.5,-110,2.5,-110
517,2026-09-07 10:25:12 EDT,c8945d476449633912cf51a346ac98ca,2027-1-3,13:0,New York Giants,Dallas Cowboys,New York Giants,180,Dallas Cowboys,-218,49.5,4.5,-110,-4.5,-110
518,2026-09-07 10:25:12 EDT,f62dba1e231083f489c391271a1f171c,2027-1-3,13:0,Denver Broncos,New England Patriots,Denver Broncos,114,New England Patriots,-135,42.5,2.5,-110,-2.5,-110
519,2026-09-07 10:25:12 EDT,c96a3e9e40569b4ed5a546dff131c61d,2027-1-3,13:0,Washington Commanders,Jacksonville Jaguars,Washington Commanders,160,Jacksonville Jaguars,-192,48.5,3.5,-110,-3.5,-110
520,2026-09-07 10:25:12 EDT,419106b9bcc9f7ef39cfc2d1ee9a3f87,2027-1-3,13:0,Los Angeles Rams,Tampa Bay Buccaneers,Tampa Bay Buccaneers,180,Los Angeles Rams,-218,48.5,-4.5,-110,4.5,-110
521,2026-09-07 10:25:12 EDT,bfe51fa0034c9d22a69ffd80e2d717f5,2027-1-3,13:0,Minnesota Vikings,New York Jets,New York Jets,154,Minnesota Vikings,-185,39.5,-3.5,-110,3.5,-110
522,2026-09-07 10:25:12 EDT,d0ffa5ed13cbd7610f9176041464404a,2027-1-3,13:0,Pittsburgh Steelers,Tennessee Titans,Tennessee Titans,102,Pittsburgh Steelers,-122,42.5,-1.5,-110,1.5,-110
523,2026-09-07 10:25:12 EDT,08abdb683fcb6d77f66baed136f47283,2027-1-3,16:5,Las Vegas Raiders,Arizona Cardinals,Arizona Cardinals,110,Las Vegas Raiders,-130,42.5,-1.5,-115,1.5,-105
524,2026-09-07 10:25:12 EDT,12089441cea51add4694cdde98b4a5b7,2027-1-3,16:25,Detroit Lions,Chicago Bears,Detroit Lions,102,Chicago Bears,-122,49.5,1.5,-110,-1.5,-110
525,2026-09-07 10:25:12 EDT,67d842cb73300ef923959105698b63bb,2027-1-3,16:25,Kansas City Chiefs,Los Angeles Chargers,Kansas City Chiefs,105,Los Angeles Chargers,-125,45.5,1.5,-110,-1.5,-110
526,2026-09-07 10:25:12 EDT,e7820b1226edbb1ef1fddce6b20f963d,2027-1-3,20:20,Philadelphia Eagles,San Francisco 49ers,Philadelphia Eagles,105,San Francisco 49ers,-125,45.5,1.5,-110,-1.5,-110
527,2026-09-07 10:25:12 EDT,37bc346543da471e067b695b862ccfe9,2027-1-4,20:15,Houston Texans,Green Bay Packers,Houston Texans,114,Green Bay Packers,-135,42.5,2.5,-110,-2.5,-110
528,2026-09-07 10:25:12 EDT,7f809a45bc8baedf0cb0259e7da7cd29,2027-1-10,13:0,Atlanta Falcons,Carolina Panthers,Atlanta Falcons,114,Carolina Panthers,-135,41.5,2.5,-110,-2.5,-110
529,2026-09-07 10:25:12 EDT,d7da5587a88a7fc35c36b453d3264d5a,2027-1-10,13:0,Pittsburgh Steelers,Baltimore Ravens,Pittsburgh Steelers,195,Baltimore Ravens,-238,43.5,5.5,-110,-5.5,-110
530,2026-09-07 10:25:12 EDT,97cbd9ad26dff1af47192120defe112d,2027-1-10,13:0,New York Jets,Buffalo Bills,New York Jets,360,Buffalo Bills,-470,43.5,10.0,-110,-10.0,-110
531,2026-09-07 10:25:12 EDT,d190fb7ea85c33b96a495041dad22142,2027-1-10,13:0,Chicago Bears,Minnesota Vikings,Chicago Bears,105,Minnesota Vikings,-125,43.5,1.5,-110,-1.5,-110
532,2026-09-07 10:25:12 EDT,8c16104c8afc72b583531508b2aa1c33,2027-1-10,13:0,Cleveland Browns,Cincinnati Bengals,Cleveland Browns,280,Cincinnati Bengals,-355,43.5,7.5,-110,-7.5,-110
533,2026-09-07 10:25:12 EDT,3f460f14b810d7bf642bdf7b658530c0,2027-1-10,13:0,Dallas Cowboys,Washington Commanders,Washington Commanders,102,Dallas Cowboys,-122,49.5,-1.5,-110,1.5,-110
534,2026-09-07 10:25:12 EDT,71d0d10e384393c1e071c39dd3931c19,2027-1-10,13:0,Los Angeles Chargers,Denver Broncos,Los Angeles Chargers,102,Denver Broncos,-122,41.5,1.5,-110,-1.5,-110
535,2026-09-07 10:25:12 EDT,8f81778bbdb984be44e24a3d55a49b4d,2027-1-10,13:0,Detroit Lions,Green Bay Packers,Detroit Lions,114,Green Bay Packers,-135,47.5,2.5,-110,-2.5,-110
536,2026-09-07 10:25:12 EDT,9bb63096709ba607443c454d2a813b14,2027-1-10,13:0,Tennessee Titans,Houston Texans,Tennessee Titans,235,Houston Texans,-290,39.5,7.0,-110,-7.0,-110
537,2026-09-07 10:25:12 EDT,bea47af467e217653bba8d69888e4d95,2027-1-10,13:0,Jacksonville Jaguars,Indianapolis Colts,Jacksonville Jaguars,105,Indianapolis Colts,-125,46.5,1.5,-110,-1.5,-110
538,2026-09-07 10:25:12 EDT,bb66a6f02c535c0cd8b9c689a5513687,2027-1-10,13:0,Las Vegas Raiders,Kansas City Chiefs,Las Vegas Raiders,310,Kansas City Chiefs,-395,40.5,8.5,-110,-8.5,-110
539,2026-09-07 10:25:12 EDT,f370f9410ef82b37bd15d1719434370b,2027-1-10,13:0,Miami Dolphins,New England Patriots,Miami Dolphins,440,New England Patriots,-600,42.5,10.5,-110,-10.5,-110
540,2026-09-07 10:25:12 EDT,7b8ce34c0e173e4ff6ccf8e8caa09113,2027-1-10,13:0,Tampa Bay Buccaneers,New Orleans Saints,New Orleans Saints,105,Tampa Bay Buccaneers,-125,43.5,-1.5,-110,1.5,-110
541,2026-09-07 10:25:12 EDT,01baed6f9d6482c5d89d37379c7c63c7,2027-1-10,13:0,Philadelphia Eagles,New York Giants,New York Giants,130,Philadelphia Eagles,-155,41.5,-3.0,-110,3.0,-110
542,2026-09-07 10:25:12 EDT,f1480276ab67dcf60686556ba9336695,2027-1-10,16:5,San Francisco 49ers,Arizona Cardinals,Arizona Cardinals,320,San Francisco 49ers,-410,44.5,-8.5,-110,8.5,-110
543,2026-09-07 10:25:12 EDT,dc2d9177b48e6f3962dabb1407aba7d3,2027-1-10,16:5,Seattle Seahawks,Los Angeles Rams,Seattle Seahawks,130,Los Angeles Rams,-155,44.5,3.0,-110,-3.0,-110
544,2026-09-08 10:19:43 EDT,8c94552d022acec4a0458d70c19d3da9,2026-9-9,20:20,New England Patriots,Seattle Seahawks,New England Patriots,142,Seattle Seahawks,-170,44.5,3.0,-102,-3.0,-118
545,2026-09-08 10:19:43 EDT,acc580d74344ea3b31bbcdd057fe6a9c,2026-9-10,20:35,San Francisco 49ers,Los Angeles Rams,San Francisco 49ers,160,Los Angeles Rams,-192,48.5,3.5,-108,-3.5,-112
546,2026-09-08 10:19:43 EDT,95c01d1bb797d6df14824b106c5a9130,2026-9-13,13:0,Atlanta Falcons,Pittsburgh Steelers,Atlanta Falcons,145,Pittsburgh Steelers,-175,42.5,3.0,102,-3.0,-122
547,2026-09-08 10:19:43 EDT,b6cfdcbafa61ce220ba87dc2d9b80c77,2026-9-13,13:0,Baltimore Ravens,Indianapolis Colts,Indianapolis Colts,145,Baltimore Ravens,-175,47.5,-3.5,-105,3.5,-115
548,2026-09-08 10:19:43 EDT,7e09efed7e12c659b82740b67ce2f9a1,2026-9-13,13:0,Buffalo Bills,Houston Texans,Houston Texans,-105,Buffalo Bills,-115,44.5,-1.5,-102,1.5,-118
549,2026-09-08 10:19:43 EDT,fc362aff0d889ec52d358307a70c32ed,2026-9-13,13:0,Chicago Bears,Carolina Panthers,Carolina Panthers,130,Chicago Bears,-155,47.5,-3.0,-102,3.0,-118
550,2026-09-08 10:19:43 EDT,ed6d24ff979f9c71979fead577b0b3f7,2026-9-13,13:0,Tampa Bay Buccaneers,Cincinnati Bengals,Tampa Bay Buccaneers,164,Cincinnati Bengals,-198,50.5,3.5,-105,-3.5,-115
551,2026-09-08 10:19:43 EDT,e55c6fe19fce094ce214c8b0e5b504e9,2026-9-13,13:0,Cleveland Browns,Jacksonville Jaguars,Cleveland Browns,340,Jacksonville Jaguars,-440,40.5,8.5,-112,-8.5,-108
552,2026-09-08 10:19:43 EDT,c1d3fcec25aaeb06ebd2244d33d338e0,2026-9-13,13:0,New Orleans Saints,Detroit Lions,New Orleans Saints,245,Detroit Lions,-305,49.5,7.0,-115,-7.0,-105
553,2026-09-08 10:19:43 EDT,7dddb296a42e7a41a774b24bd1709ce1,2026-9-13,13:0,New York Jets,Tennessee Titans,New York Jets,105,Tennessee Titans,-125,39.5,1.5,-110,-1.5,-110
554,2026-09-08 10:19:43 EDT,1edfa5ceaa1ad2cb57df1c1b908731f6,2026-9-13,16:25,Arizona Cardinals,Los Angeles Chargers,Arizona Cardinals,380,Los Angeles Chargers,-500,47.5,10.0,-115,-10.0,-105
555,2026-09-08 10:19:43 EDT,cb77efed7e711d25a72c1a2a0a1af119,2026-9-13,16:25,Green Bay Packers,Minnesota Vikings,Green Bay Packers,105,Minnesota Vikings,-125,46.5,1.5,-108,-1.5,-112
556,2026-09-08 10:19:43 EDT,c5d95f48a16849ab6bebc68fbbfcb74a,2026-9-13,16:25,Miami Dolphins,Las Vegas Raiders,Miami Dolphins,154,Las Vegas Raiders,-185,41.5,3.5,-115,-3.5,-105
557,2026-09-08 10:19:43 EDT,17885cb8dcade8f6c3bce14b2de805e8,2026-9-13,16:25,Washington Commanders,Philadelphia Eagles,Washington Commanders,180,Philadelphia Eagles,-218,44.5,5.5,-112,-5.5,-108
558,2026-09-08 10:19:43 EDT,3e646c7479c57f5d9752d8c7dfe7059b,2026-9-13,20:20,Dallas Cowboys,New York Giants,New York Giants,136,Dallas Cowboys,-162,48.5,-3.0,-108,3.0,-112
559,2026-09-08 10:19:43 EDT,5ad8135dc2b5f27de0b777acd317855a,2026-9-14,20:15,Denver Broncos,Kansas City Chiefs,Denver Broncos,124,Kansas City Chiefs,-148,43.5,3.0,-120,-3.0,100
560,2026-09-08 10:19:43 EDT,56e8897681915f7ec92baeee952bb1ae,2026-9-17,20:15,Detroit Lions,Buffalo Bills,Detroit Lions,136,Buffalo Bills,-162,52.5,3.0,-110,-3.0,-110
561,2026-09-08 10:19:43 EDT,aee7eae1849ebb103b9bf233e9741392,2026-9-20,13:0,Carolina Panthers,Atlanta Falcons,Carolina Panthers,105,Atlanta Falcons,-125,44.5,1.5,-110,-1.5,-110
562,2026-09-08 10:19:43 EDT,2143ade9684fd876b68a4e8cbf451f05,2026-9-20,13:0,New Orleans Saints,Baltimore Ravens,New Orleans Saints,280,Baltimore Ravens,-355,46.5,7.5,-110,-7.5,-110
563,2026-09-08 10:19:43 EDT,0283a29e1b38ef78b29b904fd56a16dd,2026-9-20,13:0,Minnesota Vikings,Chicago Bears,Minnesota Vikings,160,Chicago Bears,-192,45.5,3.5,-115,-3.5,-105
564,2026-09-08 10:19:43 EDT,36ad2fa722f4915ef23d2c81351261de,2026-9-20,13:0,Cincinnati Bengals,Houston Texans,Cincinnati Bengals,114,Houston Texans,-135,46.5,2.5,-110,-2.5,-110
565,2026-09-08 10:19:43 EDT,0636ebff776d43f8c829a36713c80b22,2026-9-20,13:0,Cleveland Browns,Tampa Bay Buccaneers,Cleveland Browns,225,Tampa Bay Buccaneers,-278,42.5,6.5,-110,-6.5,-110
566,2026-09-08 10:19:43 EDT,4aeee070bb6ec60bdfae4dede61b9014,2026-9-20,13:0,Green Bay Packers,New York Jets,New York Jets,200,Green Bay Packers,-245,42.5,-5.5,-110,5.5,-110
567,2026-09-08 10:19:43 EDT,9d14f87600f6edc74dbcb5c74edf6246,2026-9-20,13:0,Pittsburgh Steelers,New England Patriots,Pittsburgh Steelers,180,New England Patriots,-218,43.5,4.5,-110,-4.5,-110
568,2026-09-08 10:19:43 EDT,fafc649c455e32a0f2ba1bd06e2039bc,2026-9-20,13:0,Philadelphia Eagles,Tennessee Titans,Tennessee Titans,180,Philadelphia Eagles,-218,42.5,-4.5,-110,4.5,-110
569,2026-09-08 10:19:43 EDT,1fd6628c781f556a7a19638e97d7107f,2026-9-20,16:5,Jacksonville Jaguars,Denver Broncos,Jacksonville Jaguars,130,Denver Broncos,-155,43.5,3.0,-110,-3.0,-110
570,2026-09-08 10:19:43 EDT,71b3b83747589efdc5baef2c5cf811bf,2026-9-20,16:5,Las Vegas Raiders,Los Angeles Chargers,Las Vegas Raiders,285,Los Angeles Chargers,-360,42.5,8.5,-110,-8.5,-110
571,2026-09-08 10:19:43 EDT,4dd8020192a544385db42374e5555303,2026-9-20,16:25,Seattle Seahawks,Arizona Cardinals,Arizona Cardinals,410,Seattle Seahawks,-550,44.5,-10.0,-110,10.0,-110
572,2026-09-08 10:19:43 EDT,85ef85098ddd22fe4ecf45e7e3c0a9c0,2026-9-20,16:25,Washington Commanders,Dallas Cowboys,Washington Commanders,170,Dallas Cowboys,-205,51.5,4.5,-115,-4.5,-105
573,2026-09-08 10:19:43 EDT,68bc55903f50af4af4766adcc89fcc61,2026-9-20,16:25,Miami Dolphins,San Francisco 49ers,Miami Dolphins,490,San Francisco 49ers,-675,46.5,10.5,-110,-10.5,-110
574,2026-09-08 10:19:43 EDT,50bc247030707d823b9c3581d7eb5760,2026-9-20,20:20,Indianapolis Colts,Kansas City Chiefs,Indianapolis Colts,260,Kansas City Chiefs,-325,47.5,6.5,-110,-6.5,-110
575,2026-09-08 10:19:43 EDT,32367f882fac1a0c20a6335619922025,2026-9-21,20:15,New York Giants,Los Angeles Rams,New York Giants,300,Los Angeles Rams,-380,48.5,8.5,-110,-8.5,-110
576,2026-09-08 10:19:43 EDT,e5fbd3b3953b896b1bf897ddadb3cc4b,2026-9-24,20:15,Atlanta Falcons,Green Bay Packers,Atlanta Falcons,295,Green Bay Packers,-375,46.5,7.5,-110,-7.5,-110
577,2026-09-08 10:19:43 EDT,b225458a282e140c44c45651255f2f6c,2026-9-27,13:0,Los Angeles Chargers,Buffalo Bills,Los Angeles Chargers,136,Buffalo Bills,-162,48.5,3.0,-110,-3.0,-110
578,2026-09-08 10:19:43 EDT,613b8cd3a5fab58f7be4e3fd6f76223e,2026-9-27,13:0,Carolina Panthers,Cleveland Browns,Cleveland Browns,102,Carolina Panthers,-122,39.5,-1.5,-110,1.5,-110
579,2026-09-08 10:19:43 EDT,71123be049587b6facce3a20c53e5d09,2026-9-27,13:0,Cincinnati Bengals,Pittsburgh Steelers,Pittsburgh Steelers,105,Cincinnati Bengals,-125,46.5,-1.5,-110,1.5,-110
580,2026-09-08 10:19:43 EDT,07f552badfa8a565d1be22123713e4da,2026-9-27,13:0,New York Jets,Detroit Lions,New York Jets,320,Detroit Lions,-410,45.5,9.5,-110,-9.5,-110
581,2026-09-08 10:19:43 EDT,17a730b7d399feeab6a78c30767c29d2,2026-9-27,13:0,Houston Texans,Indianapolis Colts,Indianapolis Colts,102,Houston Texans,-122,45.5,-1.5,-110,1.5,-110
582,2026-09-08 10:19:43 EDT,1f3cfd315a24d1a7dd5859a8e6b88e18,2026-9-27,13:0,New England Patriots,Jacksonville Jaguars,New England Patriots,-102,Jacksonville Jaguars,-118,45.5,1.5,-115,-1.5,-105
583,2026-09-08 10:19:43 EDT,0339a0e41bcee12820eb3e64bb5fadb4,2026-9-27,13:0,Kansas City Chiefs,Miami Dolphins,Miami Dolphins,340,Kansas City Chiefs,-440,44.5,-7.5,-110,7.5,-110
584,2026-09-08 10:19:43 EDT,555afd4a27aaa392662881cffa8f2eef,2026-9-27,13:0,Tennessee Titans,New York Giants,Tennessee Titans,140,New York Giants,-166,44.5,3.0,-105,-3.0,-115
585,2026-09-08 10:19:43 EDT,2a529c108305ffa049d8b6cfdbaa4d36,2026-9-27,13:0,Seattle Seahawks,Washington Commanders,Washington Commanders,160,Seattle Seahawks,-192,46.5,-3.5,-110,3.5,-110
586,2026-09-08 10:19:43 EDT,9d2b09e0f9b6dd5ce0d985894f4f98fa,2026-9-27,16:5,Arizona Cardinals,San Francisco 49ers,Arizona Cardinals,470,San Francisco 49ers,-650,46.5,11.5,-110,-11.5,-110
587,2026-09-08 10:19:43 EDT,f1724dead3eab61546033032fc782375,2026-9-27,16:5,Minnesota Vikings,Tampa Bay Buccaneers,Minnesota Vikings,105,Tampa Bay Buccaneers,-125,44.5,1.5,-110,-1.5,-110
588,2026-09-08 10:19:43 EDT,84cfca14efc21363fd605508404cf1ff,2026-9-27,16:25,Baltimore Ravens,Dallas Cowboys,Dallas Cowboys,114,Baltimore Ravens,-135,51.5,-2.5,-110,2.5,-110
589,2026-09-08 10:19:43 EDT,2e523fcb0497aa689473e290eb2b97de,2026-9-27,16:25,Las Vegas Raiders,New Orleans Saints,Las Vegas Raiders,154,New Orleans Saints,-185,42.5,3.5,-110,-3.5,-110
590,2026-09-08 10:19:43 EDT,3bfd8bfb4b8e9a365a0877879b73b16b,2026-9-27,20:20,Los Angeles Rams,Denver Broncos,Denver Broncos,130,Los Angeles Rams,-155,45.5,-3.0,-110,3.0,-110
591,2026-09-08 10:19:43 EDT,47dc7baa254659f3beb2ed2b38c207b6,2026-9-28,20:15,Philadelphia Eagles,Chicago Bears,Philadelphia Eagles,-102,Chicago Bears,-118,46.5,1.5,-115,-1.5,-105
592,2026-09-08 10:19:43 EDT,d55cb69fed50a09170560b5b75d8de86,2026-10-1,20:15,Pittsburgh Steelers,Cleveland Browns,Cleveland Browns,114,Pittsburgh Steelers,-135,40.5,-2.5,-110,2.5,-110
593,2026-09-08 10:19:43 EDT,c9d8ed8aa4889486eaf10a630138ede0,2026-10-4,9:30,Indianapolis Colts,Washington Commanders,Indianapolis Colts,-102,Washington Commanders,-118,50.5,1.5,-115,-1.5,-105
594,2026-09-08 10:19:43 EDT,664e6bda5721dc63be16bcf7d962a436,2026-10-4,13:0,Arizona Cardinals,New York Giants,Arizona Cardinals,260,New York Giants,-325,45.5,7.0,-110,-7.0,-110
595,2026-09-08 10:19:43 EDT,f01589b0e7e6dd4f4ac1220a1db81f53,2026-10-4,13:0,Tennessee Titans,Baltimore Ravens,Tennessee Titans,310,Baltimore Ravens,-395,47.5,8.5,-110,-8.5,-110
596,2026-09-08 10:19:43 EDT,573cc0ef39631a4f6673ec843a8bedd4,2026-10-4,13:0,New England Patriots,Buffalo Bills,New England Patriots,136,Buffalo Bills,-162,49.5,3.0,-110,-3.0,-110
597,2026-09-08 10:19:43 EDT,164e6eb68f31bac190381903c3cccd31,2026-10-4,13:0,New York Jets,Chicago Bears,New York Jets,330,Chicago Bears,-425,45.5,8.5,-110,-8.5,-110
598,2026-09-08 10:19:43 EDT,2ea94ddf20f66432b9024fe2e2eaba5f,2026-10-4,13:0,Jacksonville Jaguars,Cincinnati Bengals,Jacksonville Jaguars,114,Cincinnati Bengals,-135,51.5,2.5,-110,-2.5,-110
599,2026-09-08 10:19:43 EDT,daf55e2df5341c007fee5a0fc5bbc2d4,2026-10-4,13:0,Dallas Cowboys,Houston Texans,Dallas Cowboys,114,Houston Texans,-135,47.5,2.5,-110,-2.5,-110
600,2026-09-08 10:19:43 EDT,99a9bae4dc0dc2590496bd3102b211f2,2026-10-4,13:0,Green Bay Packers,Tampa Bay Buccaneers,Tampa Bay Buccaneers,105,Green Bay Packers,-125,47.5,-1.5,-110,1.5,-110
601,2026-09-08 10:19:43 EDT,1b4f2e60ce83fa1d63a5dff83769d27c,2026-10-4,13:0,Los Angeles Rams,Philadelphia Eagles,Philadelphia Eagles,105,Los Angeles Rams,-125,47.5,-1.5,-110,1.5,-110
602,2026-09-08 10:19:43 EDT,c327223d76a3b7b0db8c6c104442f44b,2026-10-4,16:5,Miami Dolphins,Minnesota Vikings,Miami Dolphins,320,Minnesota Vikings,-410,43.5,7.5,-110,-7.5,-110
603,2026-09-08 10:19:43 EDT,a7e7efb75a9792ac63480ae6328dca18,2026-10-4,16:25,Denver Broncos,San Francisco 49ers,Denver Broncos,114,San Francisco 49ers,-135,46.5,2.5,-110,-2.5,-110
604,2026-09-08 10:19:43 EDT,e0cbd266dcf997089203a1b33ba0333d,2026-10-4,16:25,Kansas City Chiefs,Las Vegas Raiders,Las Vegas Raiders,205,Kansas City Chiefs,-250,43.5,-5.5,-110,5.5,-110
605,2026-09-08 10:19:43 EDT,96d2373cda647873b971f268482bced0,2026-10-4,16:25,Los Angeles Chargers,Seattle Seahawks,Los Angeles Chargers,145,Seattle Seahawks,-175,45.5,3.0,-105,-3.0,-115
606,2026-09-08 10:19:43 EDT,a73a76599a4f3422803e57bd8f61b626,2026-10-4,20:20,Detroit Lions,Carolina Panthers,Carolina Panthers,136,Detroit Lions,-162,47.5,-3.0,-110,3.0,-110
607,2026-09-08 10:19:43 EDT,8bd90781e17e6d97df3941063cedae1e,2026-10-5,20:15,Atlanta Falcons,New Orleans Saints,Atlanta Falcons,114,New Orleans Saints,-135,45.5,2.5,-110,-2.5,-110
608,2026-09-08 10:19:43 EDT,259b5df9aa0d10257f56de78523495e0,2026-10-8,20:15,Tampa Bay Buccaneers,Dallas Cowboys,Tampa Bay Buccaneers,170,Dallas Cowboys,-205,52.5,3.5,-110,-3.5,-110
609,2026-09-08 10:19:43 EDT,21b26266f3d78af02eb672e606275d95,2026-10-11,9:30,Philadelphia Eagles,Jacksonville Jaguars,Jacksonville Jaguars,105,Philadelphia Eagles,-125,45.5,-1.5,-110,1.5,-110
610,2026-09-08 10:19:43 EDT,c4647ca1201e6768501877267ca8251b,2026-10-11,13:0,Cincinnati Bengals,Miami Dolphins,Miami Dolphins,220,Cincinnati Bengals,-270,49.5,-6.0,-110,6.0,-110
611,2026-09-08 10:19:43 EDT,9db4ed15fe34fca1fb62f040cd244591,2026-10-11,13:0,Cleveland Browns,New York Jets,Cleveland Browns,110,New York Jets,-130,39.5,1.5,-105,-1.5,-115
612,2026-09-08 10:19:43 EDT,cc52bba56e74f5cddbe9011046181c3d,2026-10-11,13:0,Houston Texans,Tennessee Titans,Tennessee Titans,160,Houston Texans,-192,43.5,-3.5,-110,3.5,-110
613,2026-09-08 10:19:43 EDT,448d7cf18c6db4c811ed82ded1b72867,2026-10-11,13:0,Indianapolis Colts,Pittsburgh Steelers,Indianapolis Colts,120,Pittsburgh Steelers,-142,47.5,2.5,-110,-2.5,-110
614,2026-09-08 10:19:43 EDT,6b024bad1abb54f597225e4ab9b39d89,2026-10-11,13:0,Las Vegas Raiders,New England Patriots,Las Vegas Raiders,310,New England Patriots,-395,44.5,8.5,-110,-8.5,-110
615,2026-09-08 10:19:43 EDT,2cda9bf0fbe35a2735f0dd8aaafe9eff,2026-10-11,13:0,Minnesota Vikings,New Orleans Saints,New Orleans Saints,105,Minnesota Vikings,-125,44.5,-1.5,-110,1.5,-110
616,2026-09-08 10:19:43 EDT,fbffd0b7722fd81d68d5d62472dc80e8,2026-10-11,13:0,New York Giants,Washington Commanders,New York Giants,110,Washington Commanders,-130,48.5,1.5,-105,-1.5,-115
617,2026-09-08 10:19:43 EDT,d1d408fdfd272046fb517fe992a1c5a0,2026-10-11,16:5,Denver Broncos,Los Angeles Chargers,Denver Broncos,114,Los Angeles Chargers,-135,44.5,2.5,-110,-2.5,-110
618,2026-09-08 10:19:43 EDT,f8e7f43f73aa983c5c99c189587f0118,2026-10-11,16:25,Detroit Lions,Arizona Cardinals,Arizona Cardinals,310,Detroit Lions,-395,48.5,-8.5,-110,8.5,-110
619,2026-09-08 10:19:43 EDT,2caea57b1e5cfbba1334cfbfd46f6771,2026-10-11,16:25,Chicago Bears,Green Bay Packers,Chicago Bears,140,Green Bay Packers,-166,49.5,3.0,-110,-3.0,-110
620,2026-09-08 10:19:43 EDT,8e5d515b10d8a5ffb324640ed60bcc55,2026-10-11,16:25,San Francisco 49ers,Seattle Seahawks,San Francisco 49ers,170,Seattle Seahawks,-205,48.5,3.5,-110,-3.5,-110
621,2026-09-08 10:19:43 EDT,86457f91112732f21ad4bb7d37bd291c,2026-10-11,20:20,Baltimore Ravens,Atlanta Falcons,Atlanta Falcons,170,Baltimore Ravens,-205,48.5,-4.5,-110,4.5,-110
622,2026-09-08 10:19:43 EDT,e6d00eedd87d367e510314bd8cab8f6f,2026-10-12,20:15,Buffalo Bills,Los Angeles Rams,Buffalo Bills,140,Los Angeles Rams,-166,53.5,3.0,-110,-3.0,-110
623,2026-09-08 10:19:43 EDT,855f58fad5f0f14b239f4f63df27998b,2026-10-15,20:15,Seattle Seahawks,Denver Broncos,Denver Broncos,110,Seattle Seahawks,-130,43.5,-1.5,-115,1.5,-105
624,2026-09-08 10:19:43 EDT,57418b2cf5aca558b3c98eafac1e264a,2026-10-18,9:30,Houston Texans,Jacksonville Jaguars,Houston Texans,-108,Jacksonville Jaguars,-112,42.5,1.5,-122,-1.5,102
625,2026-09-08 10:19:43 EDT,7c312fdf24fb35f58b0e07c2932cc997,2026-10-18,13:0,Chicago Bears,Atlanta Falcons,Atlanta Falcons,130,Chicago Bears,-155,47.5,-3.0,-110,3.0,-110
626,2026-09-08 10:19:43 EDT,e86227938fd3cf008fc5648fb5128344,2026-10-18,13:0,Baltimore Ravens,Cleveland Browns,Cleveland Browns,205,Baltimore Ravens,-250,44.5,-6.5,-110,6.5,-110
627,2026-09-08 10:19:43 EDT,caca2d752fe1a1779029082e95332fcc,2026-10-18,13:0,Carolina Panthers,Philadelphia Eagles,Carolina Panthers,225,Philadelphia Eagles,-278,43.5,6.5,-110,-6.5,-110
628,2026-09-08 10:19:43 EDT,84aa9e190e625d7e9cd67e1f157a45b4,2026-10-18,13:0,Tennessee Titans,Indianapolis Colts,Tennessee Titans,164,Indianapolis Colts,-198,47.5,3.5,-110,-3.5,-110
629,2026-09-08 10:19:43 EDT,0b0b582b32b09ab6ff6664ffae0c9653,2026-10-18,13:0,New York Jets,New England Patriots,New York Jets,340,New England Patriots,-440,42.5,9.5,-110,-9.5,-110
630,2026-09-08 10:19:43 EDT,1cf74afd313e9fd300e1462012b174cb,2026-10-18,13:0,New Orleans Saints,New York Giants,New Orleans Saints,120,New York Giants,-142,44.5,2.5,-110,-2.5,-110
631,2026-09-08 10:19:43 EDT,27f3994841ce8081c0b7349cf3d1e3d7,2026-10-18,13:0,Pittsburgh Steelers,Tampa Bay Buccaneers,Pittsburgh Steelers,105,Tampa Bay Buccaneers,-125,45.5,1.5,-110,-1.5,-110
632,2026-09-08 10:19:43 EDT,3729ac6d2a66b642850caf2044cdc658,2026-10-18,16:5,Arizona Cardinals,Los Angeles Rams,Arizona Cardinals,525,Los Angeles Rams,-750,47.5,13.5,-108,-13.5,-112
633,2026-09-08 10:19:43 EDT,45b2690b350ed45145c7a716b18e8e66,2026-10-18,16:25,Buffalo Bills,Las Vegas Raiders,Las Vegas Raiders,220,Buffalo Bills,-270,47.5,-6.5,-110,6.5,-110
634,2026-09-08 10:19:43 EDT,20fefae8c296247460ba5773caa42218,2026-10-18,16:25,Los Angeles Chargers,Kansas City Chiefs,Los Angeles Chargers,120,Kansas City Chiefs,-142,46.5,2.5,-110,-2.5,-110
635,2026-09-08 10:19:43 EDT,82fd5a159fa130e67abab93a9537f70b,2026-10-18,20:20,Dallas Cowboys,Green Bay Packers,Dallas Cowboys,140,Green Bay Packers,-166,51.5,3.0,-110,-3.0,-110
636,2026-09-08 10:19:43 EDT,f122527f003276d3bca19efa48c902c1,2026-10-19,20:15,Washington Commanders,San Francisco 49ers,Washington Commanders,200,San Francisco 49ers,-245,50.5,5.5,-110,-5.5,-110
637,2026-09-08 10:19:43 EDT,ffebea881c1d7b2dfb85b3e590c35985,2026-10-22,20:15,New England Patriots,Chicago Bears,New England Patriots,105,Chicago Bears,-125,47.5,1.5,-110,-1.5,-110
638,2026-09-08 10:19:43 EDT,2e710ea5a306b614f0f966e3d78732f8,2026-10-25,9:30,Pittsburgh Steelers,New Orleans Saints,New Orleans Saints,120,Pittsburgh Steelers,-142,42.5,-2.5,-110,2.5,-110
639,2026-09-08 10:19:43 EDT,b1be064fb52a198a62109c279e7ab24c,2026-10-25,13:0,San Francisco 49ers,Atlanta Falcons,Atlanta Falcons,185,San Francisco 49ers,-225,47.5,-4.5,-110,4.5,-110
640,2026-09-08 10:19:43 EDT,550ec5290f935d311995affbcb0b5c79,2026-10-25,13:0,Cincinnati Bengals,Baltimore Ravens,Cincinnati Bengals,154,Baltimore Ravens,-185,51.5,3.5,-110,-3.5,-110
641,2026-09-08 10:19:43 EDT,2823e986597c449ab94126cd5ed3fae9,2026-10-25,13:0,Tampa Bay Buccaneers,Carolina Panthers,Carolina Panthers,105,Tampa Bay Buccaneers,-125,45.5,-1.5,-110,1.5,-110
642,2026-09-08 10:19:43 EDT,5dce18baccec5d3ad5fb3a3ce52f7619,2026-10-25,13:0,Cleveland Browns,Tennessee Titans,Cleveland Browns,114,Tennessee Titans,-135,40.5,2.5,-110,-2.5,-110
643,2026-09-08 10:19:43 EDT,2bba7fde6f97d0e54403d53676e4ab63,2026-10-25,13:0,New York Giants,Houston Texans,New York Giants,195,Houston Texans,-238,43.5,5.5,-110,-5.5,-110
644,2026-09-08 10:19:43 EDT,f3992ad4496724baf7dcd1ef58245d6b,2026-10-25,13:0,Indianapolis Colts,Minnesota Vikings,Indianapolis Colts,120,Minnesota Vikings,-142,46.5,2.5,-110,-2.5,-110
645,2026-09-08 10:19:43 EDT,be5dd120ca08b43d647b6caa8953500a,2026-10-25,13:0,Miami Dolphins,New York Jets,Miami Dolphins,120,New York Jets,-142,41.5,2.5,-110,-2.5,-110
646,2026-09-08 10:19:43 EDT,436119bb3ccdaa6ed7808aa3ebd82b76,2026-10-25,16:5,Denver Broncos,Arizona Cardinals,Arizona Cardinals,285,Denver Broncos,-360,43.5,-7.5,-110,7.5,-110
647,2026-09-08 10:19:43 EDT,e8e5715eefb6a9ce64765e9ddf49c0cc,2026-10-25,16:25,Green Bay Packers,Detroit Lions,Green Bay Packers,114,Detroit Lions,-135,50.5,2.5,-110,-2.5,-110
648,2026-09-08 10:19:43 EDT,f7679cf18454e4d88a8f2b990c3f08ac,2026-10-25,16:25,Los Angeles Rams,Las Vegas Raiders,Las Vegas Raiders,275,Los Angeles Rams,-345,46.5,-7.5,-110,7.5,-110
649,2026-09-08 10:19:43 EDT,176d474ed8b2bbf1eb4d7e9c56b4bf22,2026-10-25,20:20,Kansas City Chiefs,Seattle Seahawks,Kansas City Chiefs,145,Seattle Seahawks,-175,45.5,3.0,-110,-3.0,-110
650,2026-09-08 10:19:43 EDT,4853610e63c246f2027a6a248e642c9a,2026-10-26,20:15,Dallas Cowboys,Philadelphia Eagles,Dallas Cowboys,136,Philadelphia Eagles,-162,48.5,3.0,-110,-3.0,-110
651,2026-09-08 10:19:43 EDT,ab2865e9f2d4b012de8bc6fb6de11a7c,2026-10-29,20:15,Carolina Panthers,Green Bay Packers,Carolina Panthers,275,Green Bay Packers,-345,45.5,7.0,-110,-7.0,-110
652,2026-09-08 10:19:43 EDT,9255ca8f32aea590d00aa57de79f6bb6,2026-11-1,13:0,Arizona Cardinals,Dallas Cowboys,Arizona Cardinals,410,Dallas Cowboys,-550,47.5,10.5,-110,-10.5,-110
653,2026-09-08 10:19:43 EDT,921859689f5f8b3b8b1caf4248bdb1ec,2026-11-1,13:0,Atlanta Falcons,Tampa Bay Buccaneers,Atlanta Falcons,180,Tampa Bay Buccaneers,-218,46.5,4.5,-110,-4.5,-110
654,2026-09-08 10:19:43 EDT,c93c421e5fa46031a43162d111d981d0,2026-11-1,13:0,Baltimore Ravens,Buffalo Bills,Baltimore Ravens,114,Buffalo Bills,-135,51.5,2.5,-110,-2.5,-110
655,2026-09-08 10:19:43 EDT,9c5d8f57e0ba0fbd9ef436c1f0898f99,2026-11-1,13:0,Tennessee Titans,Cincinnati Bengals,Tennessee Titans,235,Cincinnati Bengals,-290,49.5,6.5,-110,-6.5,-110
656,2026-09-08 10:19:43 EDT,ab5ab731ab655bd6308bc7a922275518,2026-11-1,13:0,Cleveland Browns,Pittsburgh Steelers,Cleveland Browns,215,Pittsburgh Steelers,-265,39.5,6.0,-110,-6.0,-110
657,2026-09-08 10:19:43 EDT,52e7ee9c42525e6deec02da32dc2fad8,2026-11-1,13:0,Minnesota Vikings,Detroit Lions,Minnesota Vikings,185,Detroit Lions,-225,47.5,4.5,-110,-4.5,-110
658,2026-09-08 10:19:43 EDT,159dbf0253dd2038eda2212f84387f0c,2026-11-1,13:0,Indianapolis Colts,Jacksonville Jaguars,Indianapolis Colts,185,Jacksonville Jaguars,-225,49.5,4.5,-110,-4.5,-110
659,2026-09-08 10:19:43 EDT,98f1b121b793977434c046e76c707145,2026-11-1,13:0,Las Vegas Raiders,New York Jets,Las Vegas Raiders,105,New York Jets,-125,40.5,1.5,-110,-1.5,-110
660,2026-09-08 10:19:43 EDT,2ff84d3f6053d083c8c0a5bebf7cdd4c,2026-11-1,16:5,Los Angeles Chargers,Los Angeles Rams,Los Angeles Chargers,164,Los Angeles Rams,-198,48.5,4.5,-115,-4.5,-105
661,2026-09-08 10:19:43 EDT,f2a036d5edf483a277880014861e78ad,2026-11-1,16:25,Kansas City Chiefs,Denver Broncos,Kansas City Chiefs,105,Denver Broncos,-125,43.5,1.5,-110,-1.5,-110
662,2026-09-08 10:19:43 EDT,05405af79752f5e742cdf50b61f6745e,2026-11-1,16:25,New England Patriots,Miami Dolphins,Miami Dolphins,280,New England Patriots,-355,45.5,-7.0,-110,7.0,-110
663,2026-09-08 10:19:43 EDT,b9c60db63b1a19ad319f24b33c0defe8,2026-11-1,20:20,Philadelphia Eagles,Washington Commanders,Washington Commanders,105,Philadelphia Eagles,-125,46.5,-1.5,-110,1.5,-110
664,2026-09-08 10:19:43 EDT,7d664fbcd39350e559d83c0068ba7169,2026-11-2,20:20,Chicago Bears,Seattle Seahawks,Chicago Bears,180,Seattle Seahawks,-218,47.5,4.5,-110,-4.5,-110
665,2026-09-08 10:19:43 EDT,c75744790b7acf6260c78ba5e739c0e5,2026-11-5,20:15,Jacksonville Jaguars,Baltimore Ravens,Jacksonville Jaguars,170,Baltimore Ravens,-205,49.5,4.5,-110,-4.5,-110
666,2026-09-08 10:19:43 EDT,dc56d980f527ffeef89940133b211b13,2026-11-8,9:30,Cincinnati Bengals,Atlanta Falcons,Atlanta Falcons,190,Cincinnati Bengals,-230,49.5,-5.5,-110,5.5,-110
667,2026-09-08 10:19:43 EDT,014282b888c741b7d70c857c09f40aa7,2026-11-8,13:0,Denver Broncos,Carolina Panthers,Carolina Panthers,136,Denver Broncos,-162,42.5,-3.0,-110,3.0,-110
668,2026-09-08 10:19:43 EDT,e571bab6736f9338130a78a4f75c3231,2026-11-8,13:0,Cleveland Browns,New Orleans Saints,Cleveland Browns,160,New Orleans Saints,-192,41.5,3.5,-105,-3.5,-115
669,2026-09-08 10:19:43 EDT,415fc42e72888c63e82f7bce24c65391,2026-11-8,13:0,Dallas Cowboys,Indianapolis Colts,Indianapolis Colts,105,Dallas Cowboys,-125,52.5,-1.5,-110,1.5,-110
670,2026-09-08 10:19:43 EDT,44d8c37868b700e90f816db7c5df5cdd,2026-11-8,13:0,Detroit Lions,Miami Dolphins,Miami Dolphins,225,Detroit Lions,-278,47.5,-6.5,-110,6.5,-110
671,2026-09-08 10:19:43 EDT,e354e6a04b1cb9c96e549b863debb92e,2026-11-8,13:0,New York Jets,Kansas City Chiefs,New York Jets,360,Kansas City Chiefs,-470,41.5,9.5,-110,-9.5,-110
672,2026-09-08 10:19:43 EDT,89de07377e0aa8ffaa2ae6a7dc0855cc,2026-11-8,13:0,Los Angeles Rams,Washington Commanders,Washington Commanders,185,Los Angeles Rams,-225,50.5,-4.5,-115,4.5,-105
673,2026-09-08 10:19:43 EDT,fe93e6ab1e553c0169936a0a983c324f,2026-11-8,13:0,New York Giants,Philadelphia Eagles,New York Giants,195,Philadelphia Eagles,-238,44.5,5.5,-110,-5.5,-110
674,2026-09-08 10:19:43 EDT,39aeac43cea7b12558b91cdab1255a10,2026-11-8,16:5,Houston Texans,Los Angeles Chargers,Houston Texans,120,Los Angeles Chargers,-142,43.5,2.5,-110,-2.5,-110
675,2026-09-08 10:19:43 EDT,ac9d38a18d5c92814233a31aa9a48d78,2026-11-8,16:5,Las Vegas Raiders,San Francisco 49ers,Las Vegas Raiders,330,San Francisco 49ers,-425,46.5,8.5,-110,-8.5,-110
676,2026-09-08 10:19:43 EDT,240e23b02b1e3fef655d04a286b5a623,2026-11-8,16:25,Arizona Cardinals,Seattle Seahawks,Arizona Cardinals,575,Seattle Seahawks,-850,45.5,13.5,-110,-13.5,-110
677,2026-09-08 10:19:43 EDT,2922c573ec3df8466c4a34975e446898,2026-11-8,16:25,Green Bay Packers,New England Patriots,Green Bay Packers,105,New England Patriots,-125,46.5,1.5,-110,-1.5,-110
678,2026-09-08 10:19:43 EDT,9760d8f19f84bfee300a74ceb656c95d,2026-11-8,20:20,Tampa Bay Buccaneers,Chicago Bears,Tampa Bay Buccaneers,160,Chicago Bears,-192,48.5,3.5,-110,-3.5,-110
679,2026-09-08 10:19:43 EDT,17ad7eff2f7875e20a8109abe40470e3,2026-11-9,20:15,Buffalo Bills,Minnesota Vikings,Minnesota Vikings,142,Buffalo Bills,-170,48.5,-3.0,-110,3.0,-110
680,2026-09-08 10:19:43 EDT,74d39e19225caf211ad2c8eb4110179f,2026-11-12,20:15,Washington Commanders,New York Giants,Washington Commanders,105,New York Giants,-125,47.5,1.5,-110,-1.5,-110
681,2026-09-08 10:19:43 EDT,b8c10fdf1e0ac4e13deee7f7c0af0b0b,2026-11-15,9:30,New England Patriots,Detroit Lions,New England Patriots,105,Detroit Lions,-125,48.5,1.5,-108,-1.5,-112
682,2026-09-08 10:19:43 EDT,3c71d515b726f1096aabb435badb83fd,2026-11-15,13:0,Kansas City Chiefs,Atlanta Falcons,Atlanta Falcons,185,Kansas City Chiefs,-225,45.5,-4.5,-110,4.5,-110
683,2026-09-08 10:19:43 EDT,1057d50949844ddf483da9c8c20354be,2026-11-15,13:0,Buffalo Bills,New York Jets,New York Jets,270,Buffalo Bills,-340,46.5,-7.0,-115,7.0,-105
684,2026-09-08 10:19:43 EDT,e5aa20e1364dd639f042af1c2281bbe2,2026-11-15,13:0,Carolina Panthers,New Orleans Saints,Carolina Panthers,-102,New Orleans Saints,-118,43.5,1.5,-115,-1.5,-105
685,2026-09-08 10:19:43 EDT,be0e03cc42fbc9b6962467b22c7bf9dd,2026-11-15,13:0,Houston Texans,Cleveland Browns,Cleveland Browns,170,Houston Texans,-205,38.5,-4.5,-110,4.5,-110
686,2026-09-08 10:19:43 EDT,5d8d85473b87f772a979ecf294acab94,2026-11-15,13:0,Minnesota Vikings,Green Bay Packers,Minnesota Vikings,200,Green Bay Packers,-245,45.5,4.5,-110,-4.5,-110
687,2026-09-08 10:19:43 EDT,b5700b4d938fd94429f60d4622cc9c0a,2026-11-15,13:0,Miami Dolphins,Indianapolis Colts,Miami Dolphins,250,Indianapolis Colts,-310,47.5,6.5,-110,-6.5,-110
688,2026-09-08 10:19:43 EDT,28800df7e768ecec14f116454d560f9b,2026-11-15,13:0,Jacksonville Jaguars,Tennessee Titans,Tennessee Titans,114,Jacksonville Jaguars,-135,45.5,-2.5,-110,2.5,-110
689,2026-09-08 10:19:43 EDT,6c932a965110f3f89ec4a5f1a6ac256e,2026-11-15,16:5,Los Angeles Rams,Arizona Cardinals,Arizona Cardinals,360,Los Angeles Rams,-470,47.5,-10.5,-110,10.5,-110
690,2026-09-08 10:19:43 EDT,6079a5cbabf99b265a17edfc92a1da60,2026-11-15,16:5,Seattle Seahawks,Las Vegas Raiders,Las Vegas Raiders,250,Seattle Seahawks,-310,43.5,-7.0,-110,7.0,-110
691,2026-09-08 10:19:43 EDT,7627192fd89b05120ab6c712aa23fd81,2026-11-15,16:25,San Francisco 49ers,Dallas Cowboys,San Francisco 49ers,-102,Dallas Cowboys,-118,52.5,1.5,-115,-1.5,-105
692,2026-09-08 10:19:43 EDT,48e497c230e6c9afcb3b600091d28e17,2026-11-15,20:20,Pittsburgh Steelers,Cincinnati Bengals,Pittsburgh Steelers,160,Cincinnati Bengals,-192,47.5,3.5,-110,-3.5,-110
693,2026-09-08 10:19:43 EDT,35e3bdff558b5d1506251e814986f164,2026-11-16,20:15,Los Angeles Chargers,Baltimore Ravens,Los Angeles Chargers,150,Baltimore Ravens,-180,47.5,3.5,-110,-3.5,-110
694,2026-09-08 10:19:43 EDT,66f9e83cf025d58acee12bce18661fb3,2026-11-19,20:15,Indianapolis Colts,Houston Texans,Indianapolis Colts,200,Houston Texans,-245,45.5,5.5,-110,-5.5,-110
695,2026-09-08 10:19:43 EDT,403a88701352da05b0710a9e883b803e,2026-11-22,13:0,Arizona Cardinals,Kansas City Chiefs,Arizona Cardinals,440,Kansas City Chiefs,-600,44.5,11.5,-110,-11.5,-110
696,2026-09-08 10:19:43 EDT,4527f57f5bc32742d8194af1ccf7da7e,2026-11-22,13:0,Baltimore Ravens,Carolina Panthers,Carolina Panthers,180,Baltimore Ravens,-218,46.5,-4.5,-110,4.5,-110
697,2026-09-08 10:19:43 EDT,4c5b1c0843a260278e95eb93e7787576,2026-11-22,13:0,Miami Dolphins,Buffalo Bills,Miami Dolphins,470,Buffalo Bills,-650,47.5,11.5,-110,-11.5,-110
698,2026-09-08 10:19:43 EDT,3ea90704fb576633bd1e2fa5aafd9ea3,2026-11-22,13:0,New Orleans Saints,Chicago Bears,New Orleans Saints,230,Chicago Bears,-285,46.5,6.5,-110,-6.5,-110
699,2026-09-08 10:19:43 EDT,5e63079b678f8c13419adc169fff02d3,2026-11-22,13:0,Tennessee Titans,Dallas Cowboys,Tennessee Titans,230,Dallas Cowboys,-285,48.5,6.5,-110,-6.5,-110
700,2026-09-08 10:19:43 EDT,41e2dd69bddd65d7e823d9ed61cc2afc,2026-11-22,13:0,Tampa Bay Buccaneers,Detroit Lions,Tampa Bay Buccaneers,185,Detroit Lions,-225,49.5,4.5,-110,-4.5,-110
701,2026-09-08 10:19:43 EDT,8ba112fabf4e87639338a5f437c5abfe,2026-11-22,13:0,Jacksonville Jaguars,New York Giants,New York Giants,105,Jacksonville Jaguars,-125,46.5,-1.5,-110,1.5,-110
702,2026-09-08 10:19:43 EDT,4b20b742b6168aaca4f25d87f11b1526,2026-11-22,16:5,New York Jets,Los Angeles Chargers,New York Jets,330,Los Angeles Chargers,-425,41.5,9.5,-110,-9.5,-110
703,2026-09-08 10:19:43 EDT,1940706a79cbcbafacdcbf231069716b,2026-11-22,16:25,Las Vegas Raiders,Denver Broncos,Las Vegas Raiders,270,Denver Broncos,-340,41.5,7.5,-110,-7.5,-110
704,2026-09-08 10:19:43 EDT,cbe45bafcc2615fc1d96cbc12840377a,2026-11-22,16:25,Pittsburgh Steelers,Philadelphia Eagles,Pittsburgh Steelers,200,Philadelphia Eagles,-245,42.5,5.5,-110,-5.5,-110
705,2026-09-08 10:19:43 EDT,60e1d27b083a335b722c2c852ea85612,2026-11-22,20:20,Minnesota Vikings,San Francisco 49ers,Minnesota Vikings,160,San Francisco 49ers,-192,46.5,3.5,-110,-3.5,-110
706,2026-09-08 10:19:43 EDT,3a60ed1d20004aa4d4772b2c1a2272e7,2026-11-23,20:15,Cincinnati Bengals,Washington Commanders,Washington Commanders,105,Cincinnati Bengals,-125,52.5,-1.5,-110,1.5,-110
707,2026-09-08 10:19:43 EDT,5b612899d6dcdf998107f2c6c6e49a58,2026-11-25,20:0,Green Bay Packers,Los Angeles Rams,Green Bay Packers,185,Los Angeles Rams,-225,48.5,4.5,-105,-4.5,-115
708,2026-09-08 10:19:43 EDT,9b825e6518156008da499be041975fdd,2026-11-26,13:0,Chicago Bears,Detroit Lions,Chicago Bears,120,Detroit Lions,-142,52.5,2.5,-105,-2.5,-115
709,2026-09-08 10:19:43 EDT,ffaa06af56a7137d4b078c5c46c0b730,2026-11-26,15:30,Philadelphia Eagles,Dallas Cowboys,Philadelphia Eagles,105,Dallas Cowboys,-125,49.5,1.5,-110,-1.5,-110
710,2026-09-08 10:19:43 EDT,f36f518585aec40e8cb40e071c0844aa,2026-11-26,20:20,Kansas City Chiefs,Buffalo Bills,Kansas City Chiefs,124,Buffalo Bills,-148,50.5,2.5,-105,-2.5,-115
711,2026-09-08 10:19:43 EDT,44a3bcf5bd002583ddef2207a92dd977,2026-11-27,15:0,Denver Broncos,Pittsburgh Steelers,Pittsburgh Steelers,102,Denver Broncos,-122,39.5,-1.5,-110,1.5,-110
712,2026-09-08 10:19:43 EDT,6a05021bdb6bab24b9bb381ffff10f0c,2026-11-29,13:0,Atlanta Falcons,Minnesota Vikings,Atlanta Falcons,180,Minnesota Vikings,-218,43.5,4.5,-110,-4.5,-110
713,2026-09-08 10:19:43 EDT,60d0c074801985c1062795362a24200e,2026-11-29,13:0,Baltimore Ravens,Houston Texans,Baltimore Ravens,102,Houston Texans,-122,45.5,1.5,-110,-1.5,-110
714,2026-09-08 10:19:43 EDT,f7d3ae7a8fe2438cef7d7d7bc67e31db,2026-11-29,13:0,New Orleans Saints,Cincinnati Bengals,New Orleans Saints,235,Cincinnati Bengals,-290,48.5,6.5,-110,-6.5,-110
715,2026-09-08 10:19:43 EDT,eaa993c3d62d6b5aeb6142cdd7862fd5,2026-11-29,13:0,Las Vegas Raiders,Cleveland Browns,Las Vegas Raiders,102,Cleveland Browns,-122,39.5,1.5,-110,-1.5,-110
716,2026-09-08 10:19:43 EDT,e9da808e36e1b7475698a57465ad4519,2026-11-29,13:0,New York Giants,Indianapolis Colts,New York Giants,114,Indianapolis Colts,-135,47.5,2.5,-110,-2.5,-110
717,2026-09-08 10:19:43 EDT,81a8fee5b649a3ad5ad59e9528f2f376,2026-11-29,13:0,Tennessee Titans,Jacksonville Jaguars,Tennessee Titans,195,Jacksonville Jaguars,-238,45.5,5.5,-110,-5.5,-110
718,2026-09-08 10:19:43 EDT,5ea0e3ea5944b0ad5169f21c0787b331,2026-11-29,13:0,New York Jets,Miami Dolphins,New York Jets,105,Miami Dolphins,-125,40.5,1.5,-110,-1.5,-110
719,2026-09-08 10:19:43 EDT,69a1dbe9de3d3212c3a7a55be5d204ab,2026-11-29,16:25,Washington Commanders,Arizona Cardinals,Arizona Cardinals,180,Washington Commanders,-218,47.5,-4.5,-110,4.5,-110
720,2026-09-08 10:19:43 EDT,d68dced0b26726890b9c79bd19a5ffe5,2026-11-29,16:25,Seattle Seahawks,San Francisco 49ers,Seattle Seahawks,-110,San Francisco 49ers,-110,46.5,1.5,-125,-1.5,105
721,2026-09-08 10:19:43 EDT,c64ceba13ede564e8658693e3171e7f9,2026-11-29,20:20,New England Patriots,Los Angeles Chargers,New England Patriots,105,Los Angeles Chargers,-125,45.5,1.5,-110,-1.5,-110
722,2026-09-08 10:19:43 EDT,2cdaecba7c0bff9b58a48a82e6ee17a7,2026-11-30,20:15,Carolina Panthers,Tampa Bay Buccaneers,Carolina Panthers,160,Tampa Bay Buccaneers,-192,44.5,3.5,-110,-3.5,-110
723,2026-09-08 10:19:43 EDT,06e52a676b516186989e3b181a37c8a7,2026-12-3,20:15,Kansas City Chiefs,Los Angeles Rams,Kansas City Chiefs,170,Los Angeles Rams,-205,47.5,3.5,-102,-3.5,-118
724,2026-09-08 10:19:43 EDT,c94419ba8fb818fc36a5b21b526aab75,2026-12-6,13:0,Detroit Lions,Atlanta Falcons,Atlanta Falcons,154,Detroit Lions,-185,48.5,-3.5,-110,3.5,-110
725,2026-09-08 10:19:43 EDT,0236f9aa68d65ea03bd1ca025b749c20,2026-12-6,13:0,Jacksonville Jaguars,Chicago Bears,Jacksonville Jaguars,130,Chicago Bears,-155,47.5,3.0,-115,-3.0,-105
726,2026-09-08 10:19:43 EDT,b447fab53534af892f98a74eae26c1c6,2026-12-6,13:0,Cincinnati Bengals,Cleveland Browns,Cleveland Browns,180,Cincinnati Bengals,-218,45.5,-4.5,-110,4.5,-110
727,2026-09-08 10:19:43 EDT,9a55467e1cd6310ae2af20d8154612e1,2026-12-6,13:0,Miami Dolphins,Denver Broncos,Miami Dolphins,350,Denver Broncos,-455,42.5,9.5,-110,-9.5,-110
728,2026-09-08 10:19:43 EDT,1ccb61b811b7aae4270df22a67e6459f,2026-12-6,13:0,Green Bay Packers,New Orleans Saints,New Orleans Saints,185,Green Bay Packers,-225,45.5,-4.5,-110,4.5,-110
729,2026-09-08 10:19:43 EDT,f8a92363386bd337975650879086cca6,2026-12-6,13:0,Los Angeles Chargers,Tampa Bay Buccaneers,Tampa Bay Buccaneers,120,Los Angeles Chargers,-142,46.5,-2.5,-110,2.5,-110
730,2026-09-08 10:19:43 EDT,a5495c3360b3bb13da76ba23a675c9ef,2026-12-6,13:0,San Francisco 49ers,New York Giants,New York Giants,140,San Francisco 49ers,-166,47.5,-3.0,-110,3.0,-110
731,2026-09-08 10:19:43 EDT,ae3429e95ee704c7fd001cade20072d0,2026-12-6,13:0,Washington Commanders,Tennessee Titans,Tennessee Titans,105,Washington Commanders,-125,46.5,-1.5,-110,1.5,-110
732,2026-09-08 10:19:43 EDT,f4897f48a5351881280f7598bd826408,2026-12-6,16:5,Philadelphia Eagles,Arizona Cardinals,Arizona Cardinals,310,Philadelphia Eagles,-395,43.5,-8.5,-110,8.5,-110
733,2026-09-08 10:19:43 EDT,4116dbff75ab7957b69c2152f204b74d,2026-12-6,16:25,Buffalo Bills,New England Patriots,Buffalo Bills,102,New England Patriots,-122,48.5,1.5,-112,-1.5,-108
734,2026-09-08 10:19:43 EDT,c186c605febd6370b292469c9151cfb3,2026-12-6,16:25,Carolina Panthers,Minnesota Vikings,Carolina Panthers,160,Minnesota Vikings,-192,42.5,3.5,-110,-3.5,-110
735,2026-09-08 10:19:43 EDT,26bf8e165d2d273ed0772a355f07ab16,2026-12-6,20:20,Houston Texans,Pittsburgh Steelers,Pittsburgh Steelers,102,Houston Texans,-122,41.5,-1.5,-110,1.5,-110
736,2026-09-08 10:19:43 EDT,0db4646c964ecdff19957373fe707546,2026-12-7,20:15,Dallas Cowboys,Seattle Seahawks,Dallas Cowboys,185,Seattle Seahawks,-225,48.5,4.5,-110,-4.5,-110
737,2026-09-08 10:19:43 EDT,01548e41e7ba5318bb25c9bc2a32f73d,2026-12-10,20:15,Minnesota Vikings,New England Patriots,Minnesota Vikings,180,New England Patriots,-218,43.5,4.5,-110,-4.5,-110
738,2026-09-08 10:19:43 EDT,f7fba6b1804e02292ee0ce4738484258,2026-12-13,13:0,Atlanta Falcons,Cleveland Browns,Atlanta Falcons,105,Cleveland Browns,-125,40.5,1.5,-110,-1.5,-110
739,2026-09-08 10:19:43 EDT,bec99e2f2b4c80e345731d69ee38d831,2026-12-13,13:0,Tampa Bay Buccaneers,Baltimore Ravens,Tampa Bay Buccaneers,210,Baltimore Ravens,-258,48.5,6.0,-110,-6.0,-110
740,2026-09-08 10:19:43 EDT,dcc7b377d3b3ec990304612bbef47d3d,2026-12-13,13:0,New Orleans Saints,Carolina Panthers,New Orleans Saints,114,Carolina Panthers,-135,43.5,2.5,-110,-2.5,-110
741,2026-09-08 10:19:43 EDT,2c6added7199a59f1e9dae8492c29da4,2026-12-13,13:0,Chicago Bears,Miami Dolphins,Miami Dolphins,200,Chicago Bears,-245,46.5,-5.5,-110,5.5,-110
742,2026-09-08 10:19:43 EDT,5185ace33aebc87d39074147940f2fa5,2026-12-13,13:0,Denver Broncos,New York Jets,New York Jets,190,Denver Broncos,-230,39.5,-5.5,-110,5.5,-110
743,2026-09-08 10:19:43 EDT,a31f461ccd92e1072f23ccfae281ae9a,2026-12-13,13:0,Tennessee Titans,Detroit Lions,Tennessee Titans,285,Detroit Lions,-360,47.5,7.5,-110,-7.5,-110
744,2026-09-08 10:19:43 EDT,5dc9cb8fba610d682dc670ae4e7d59f3,2026-12-13,13:0,Houston Texans,Washington Commanders,Washington Commanders,102,Houston Texans,-122,44.5,-1.5,-110,1.5,-110
745,2026-09-08 10:19:43 EDT,45203f985f8d1567ad19b0617dd267f8,2026-12-13,13:0,Indianapolis Colts,Philadelphia Eagles,Indianapolis Colts,200,Philadelphia Eagles,-245,46.5,5.5,-110,-5.5,-110
746,2026-09-08 10:19:43 EDT,484c491dc1dee090d740ba077b7d9709,2026-12-13,16:5,Los Angeles Chargers,Las Vegas Raiders,Las Vegas Raiders,190,Los Angeles Chargers,-230,43.5,-5.5,-110,5.5,-110
747,2026-09-08 10:19:43 EDT,180b5fa7ea6bd0d2d9ddb9ba5ee38cc0,2026-12-13,16:25,Kansas City Chiefs,Cincinnati Bengals,Kansas City Chiefs,105,Cincinnati Bengals,-125,48.5,1.5,-110,-1.5,-110
748,2026-09-08 10:19:43 EDT,6174916c7e2df8d1b80a88cfbd259d44,2026-12-13,16:25,Los Angeles Rams,San Francisco 49ers,San Francisco 49ers,110,Los Angeles Rams,-130,49.5,-2.5,-105,2.5,-115
749,2026-09-08 10:19:43 EDT,f5ab9d8455daf9e2a6c4c443fe0cd19f,2026-12-13,16:25,New York Giants,Seattle Seahawks,New York Giants,295,Seattle Seahawks,-375,45.5,7.5,-110,-7.5,-110
750,2026-09-08 10:19:43 EDT,c4877c048defcb80e0ab37c0688f37f6,2026-12-13,20:20,Buffalo Bills,Green Bay Packers,Buffalo Bills,105,Green Bay Packers,-125,49.5,1.5,-110,-1.5,-110
751,2026-09-08 10:19:43 EDT,690e2ee2ed5f0875f7cbaecdc51373f5,2026-12-14,20:15,Pittsburgh Steelers,Jacksonville Jaguars,Pittsburgh Steelers,136,Jacksonville Jaguars,-162,44.5,3.0,-110,-3.0,-110
752,2026-09-08 10:19:43 EDT,790af233087803c297861901ffa271d7,2026-12-17,20:15,San Francisco 49ers,Los Angeles Chargers,San Francisco 49ers,120,Los Angeles Chargers,-142,47.5,2.5,-110,-2.5,-110
753,2026-09-08 10:19:43 EDT,171aba127aaad3dcbe32a02fc194eb32,2026-12-19,17:0,Seattle Seahawks,Philadelphia Eagles,Seattle Seahawks,105,Philadelphia Eagles,-125,43.5,1.5,-110,-1.5,-110
754,2026-09-08 10:19:43 EDT,784568b1df055bf7eb8780c110d5e910,2026-12-19,20:20,Chicago Bears,Buffalo Bills,Chicago Bears,154,Buffalo Bills,-185,51.5,3.5,-110,-3.5,-110
755,2026-09-08 10:19:43 EDT,5931eee49f5f2656a5344e1388a68816,2026-12-20,13:0,Atlanta Falcons,Washington Commanders,Atlanta Falcons,154,Washington Commanders,-185,46.5,3.5,-110,-3.5,-110
756,2026-09-08 10:19:43 EDT,2f4b1899c1c278947920e0254b682d90,2026-12-20,13:0,Baltimore Ravens,Pittsburgh Steelers,Pittsburgh Steelers,124,Baltimore Ravens,-148,46.5,-2.5,-120,2.5,100
757,2026-09-08 10:19:43 EDT,000fc688beb4fc004ecdad115d9adb1c,2026-12-20,13:0,Cincinnati Bengals,Carolina Panthers,Carolina Panthers,124,Cincinnati Bengals,-148,47.5,-2.5,-120,2.5,100
758,2026-09-08 10:19:43 EDT,1cb23c83ae4af84cffcdae6b31d06e83,2026-12-20,13:0,Cleveland Browns,New York Giants,Cleveland Browns,180,New York Giants,-218,40.5,4.5,-110,-4.5,-110
759,2026-09-08 10:19:43 EDT,99719df35bc2efdcc72096f865ed8841,2026-12-20,13:0,Miami Dolphins,Green Bay Packers,Miami Dolphins,470,Green Bay Packers,-650,45.5,10.5,-110,-10.5,-110
760,2026-09-08 10:19:43 EDT,29211b6e78461220a2833184233f70e5,2026-12-20,13:0,Jacksonville Jaguars,Houston Texans,Jacksonville Jaguars,136,Houston Texans,-162,43.5,3.0,-110,-3.0,-110
761,2026-09-08 10:19:43 EDT,3b696c07ff6a1ef461d023a73db17584,2026-12-20,13:0,Indianapolis Colts,Tennessee Titans,Tennessee Titans,105,Indianapolis Colts,-125,47.5,-1.5,-110,1.5,-110
762,2026-09-08 10:19:43 EDT,e15a91cebf3480ff0b93b4fbacb09797,2026-12-20,13:0,New Orleans Saints,Tampa Bay Buccaneers,New Orleans Saints,164,Tampa Bay Buccaneers,-198,45.5,3.5,-110,-3.5,-110
763,2026-09-08 10:19:43 EDT,d8cd12e7684fa2aa39f5b188ef6e62e0,2026-12-20,16:5,New York Jets,Arizona Cardinals,New York Jets,-110,Arizona Cardinals,-110,41.5,-1.5,102,1.5,-122
764,2026-09-08 10:19:43 EDT,77396e9d565860fbfd05779028223a8a,2026-12-20,16:25,Dallas Cowboys,Los Angeles Rams,Dallas Cowboys,200,Los Angeles Rams,-245,52.5,6.0,-110,-6.0,-110
765,2026-09-08 10:19:43 EDT,9f507007b9c0a7082c1471a5fa841336,2026-12-20,16:25,Denver Broncos,Las Vegas Raiders,Las Vegas Raiders,170,Denver Broncos,-205,41.5,-4.5,-110,4.5,-110
766,2026-09-08 10:19:43 EDT,b34897a0368d570291d44e176c0c2331,2026-12-20,20:20,Detroit Lions,Minnesota Vikings,Minnesota Vikings,105,Detroit Lions,-125,46.5,-1.5,-110,1.5,-110
767,2026-09-08 10:19:43 EDT,b2759105c27a25289ea1938f290c50fd,2026-12-21,20:15,New England Patriots,Kansas City Chiefs,New England Patriots,120,Kansas City Chiefs,-142,45.5,2.5,-110,-2.5,-110
768,2026-09-08 10:19:43 EDT,3f226ec5402c6ec4d84a59be80c2fa67,2026-12-24,20:15,Houston Texans,Philadelphia Eagles,Houston Texans,114,Philadelphia Eagles,-135,37.5,2.5,-112,-2.5,-108
769,2026-09-08 10:19:43 EDT,2828c07018dfafbe96aba205809cc7ac,2026-12-25,13:0,Green Bay Packers,Chicago Bears,Green Bay Packers,-102,Chicago Bears,-118,47.5,1.5,-115,-1.5,-105
770,2026-09-08 10:19:43 EDT,126f27c71e8130ef87de0d137e833d9b,2026-12-25,16:30,Buffalo Bills,Denver Broncos,Denver Broncos,110,Buffalo Bills,-130,46.5,-1.5,-115,1.5,-105
771,2026-09-08 10:19:43 EDT,f1af9705dbd2bbe4f1555f080ad06ba2,2026-12-25,20:15,Los Angeles Rams,Seattle Seahawks,Los Angeles Rams,110,Seattle Seahawks,-130,47.5,1.5,-105,-1.5,-115
772,2026-09-08 10:19:43 EDT,8fd00347b6d77ce384d83cba814430d7,2026-12-27,13:0,Arizona Cardinals,New Orleans Saints,Arizona Cardinals,205,New Orleans Saints,-250,44.5,5.5,-110,-5.5,-110
773,2026-09-08 10:19:43 EDT,bd13d00f06ad222b0a1b6ea4d0add763,2026-12-27,13:0,Tampa Bay Buccaneers,Atlanta Falcons,Atlanta Falcons,105,Tampa Bay Buccaneers,-125,45.5,-1.5,-110,1.5,-110
774,2026-09-08 10:19:43 EDT,0f23afce92c2f0af28973c0a7533763e,2026-12-27,13:0,Cleveland Browns,Baltimore Ravens,Cleveland Browns,330,Baltimore Ravens,-425,43.5,10.0,-110,-10.0,-110
775,2026-09-08 10:19:43 EDT,74cb0e112d069cdbda1671ae85531f43,2026-12-27,13:0,Carolina Panthers,Pittsburgh Steelers,Carolina Panthers,160,Pittsburgh Steelers,-192,41.5,3.5,-110,-3.5,-110
776,2026-09-08 10:19:43 EDT,ca8982dccb6c3ae01525800317287f02,2026-12-27,13:0,Cincinnati Bengals,Indianapolis Colts,Indianapolis Colts,105,Cincinnati Bengals,-125,52.5,-1.5,-110,1.5,-110
777,2026-09-08 10:19:43 EDT,29425f5c68826d615277cf9be2b82e00,2026-12-27,13:0,Tennessee Titans,Las Vegas Raiders,Tennessee Titans,105,Las Vegas Raiders,-125,42.5,1.5,-110,-1.5,-110
778,2026-09-08 10:19:43 EDT,fe2eb511d4c2da3a8e88b85b4f4e9f7e,2026-12-27,13:0,Los Angeles Chargers,Miami Dolphins,Miami Dolphins,285,Los Angeles Chargers,-360,45.5,-7.0,-112,7.0,-108
779,2026-09-08 10:19:43 EDT,cf5cefa5556bcd0156bd394171ef6c8e,2026-12-27,13:0,Washington Commanders,Minnesota Vikings,Washington Commanders,114,Minnesota Vikings,-135,46.5,2.5,-110,-2.5,-110
780,2026-09-08 10:19:43 EDT,669a7b568c2a64f9a136dadb0eda1da8,2026-12-27,13:0,New England Patriots,New York Jets,New York Jets,220,New England Patriots,-270,40.5,-6.5,-110,6.5,-110
781,2026-09-08 10:19:43 EDT,fc7cce3ae7c73cc7151357829e11b6d5,2026-12-27,16:25,San Francisco 49ers,Kansas City Chiefs,San Francisco 49ers,136,Kansas City Chiefs,-162,46.5,3.0,-118,-3.0,-102
782,2026-09-08 10:19:43 EDT,b1c4ec04c3398a9efa25492000858384,2026-12-27,20:20,Jacksonville Jaguars,Dallas Cowboys,Jacksonville Jaguars,136,Dallas Cowboys,-162,51.5,3.0,-118,-3.0,-102
783,2026-09-08 10:19:43 EDT,ca92c191ebf7361ea56f9bbc09a5f51b,2026-12-28,20:15,New York Giants,Detroit Lions,New York Giants,170,Detroit Lions,-205,49.5,4.5,-110,-4.5,-110
784,2026-09-08 10:19:43 EDT,be268ce293cf4fad1c0c867a3ca4c257,2026-12-31,20:15,Baltimore Ravens,Cincinnati Bengals,Baltimore Ravens,114,Cincinnati Bengals,-135,51.5,2.5,-110,-2.5,-110
785,2026-09-08 10:19:43 EDT,e5dd9cc3fd5452d55c250949e946743d,2027-1-3,13:0,New Orleans Saints,Atlanta Falcons,New Orleans Saints,102,Atlanta Falcons,-122,44.5,1.5,-110,-1.5,-110
786,2026-09-08 10:19:43 EDT,d9a186d988a3ede2a33e504f4890fe52,2027-1-3,13:0,Buffalo Bills,Miami Dolphins,Miami Dolphins,300,Buffalo Bills,-380,47.5,-7.5,-110,7.5,-110
787,2026-09-08 10:19:43 EDT,b009f04b4f61b264a5163157c3439dc1,2027-1-3,13:0,Seattle Seahawks,Carolina Panthers,Carolina Panthers,200,Seattle Seahawks,-245,42.5,-5.5,-110,5.5,-110
788,2026-09-08 10:19:43 EDT,f2e03f9b857485bb13211ee0f5eb5935,2027-1-3,13:0,Indianapolis Colts,Cleveland Browns,Cleveland Browns,114,Indianapolis Colts,-135,43.5,-2.5,-110,2.5,-110
789,2026-09-08 10:19:43 EDT,c8945d476449633912cf51a346ac98ca,2027-1-3,13:0,New York Giants,Dallas Cowboys,New York Giants,180,Dallas Cowboys,-218,49.5,4.5,-110,-4.5,-110
790,2026-09-08 10:19:43 EDT,f62dba1e231083f489c391271a1f171c,2027-1-3,13:0,Denver Broncos,New England Patriots,Denver Broncos,114,New England Patriots,-135,42.5,2.5,-110,-2.5,-110
791,2026-09-08 10:19:43 EDT,c96a3e9e40569b4ed5a546dff131c61d,2027-1-3,13:0,Washington Commanders,Jacksonville Jaguars,Washington Commanders,154,Jacksonville Jaguars,-185,48.5,3.5,-110,-3.5,-110
792,2026-09-08 10:19:43 EDT,419106b9bcc9f7ef39cfc2d1ee9a3f87,2027-1-3,13:0,Los Angeles Rams,Tampa Bay Buccaneers,Tampa Bay Buccaneers,180,Los Angeles Rams,-218,48.5,-4.5,-110,4.5,-110
793,2026-09-08 10:19:43 EDT,bfe51fa0034c9d22a69ffd80e2d717f5,2027-1-3,13:0,Minnesota Vikings,New York Jets,New York Jets,154,Minnesota Vikings,-185,39.5,-3.5,-110,3.5,-110
794,2026-09-08 10:19:43 EDT,d0ffa5ed13cbd7610f9176041464404a,2027-1-3,13:0,Pittsburgh Steelers,Tennessee Titans,Tennessee Titans,105,Pittsburgh Steelers,-125,42.5,-1.5,-110,1.5,-110
795,2026-09-08 10:19:43 EDT,08abdb683fcb6d77f66baed136f47283,2027-1-3,16:5,Las Vegas Raiders,Arizona Cardinals,Arizona Cardinals,110,Las Vegas Raiders,-130,42.5,-1.5,-115,1.5,-105
796,2026-09-08 10:19:43 EDT,12089441cea51add4694cdde98b4a5b7,2027-1-3,16:25,Detroit Lions,Chicago Bears,Detroit Lions,102,Chicago Bears,-122,49.5,1.5,-110,-1.5,-110
797,2026-09-08 10:19:43 EDT,67d842cb73300ef923959105698b63bb,2027-1-3,16:25,Kansas City Chiefs,Los Angeles Chargers,Kansas City Chiefs,105,Los Angeles Chargers,-125,45.5,1.5,-110,-1.5,-110
798,2026-09-08 10:19:43 EDT,e7820b1226edbb1ef1fddce6b20f963d,2027-1-3,20:20,Philadelphia Eagles,San Francisco 49ers,Philadelphia Eagles,105,San Francisco 49ers,-125,45.5,1.5,-110,-1.5,-110
799,2026-09-08 10:19:43 EDT,37bc346543da471e067b695b862ccfe9,2027-1-4,20:15,Houston Texans,Green Bay Packers,Houston Texans,114,Green Bay Packers,-135,42.5,2.5,-110,-2.5,-110
800,2026-09-08 10:19:43 EDT,7f809a45bc8baedf0cb0259e7da7cd29,2027-1-10,13:0,Atlanta Falcons,Carolina Panthers,Atlanta Falcons,114,Carolina Panthers,-135,41.5,2.5,-110,-2.5,-110
801,2026-09-08 10:19:43 EDT,d7da5587a88a7fc35c36b453d3264d5a,2027-1-10,13:0,Pittsburgh Steelers,Baltimore Ravens,Pittsburgh Steelers,190,Baltimore Ravens,-230,43.5,5.5,-110,-5.5,-110
802,2026-09-08 10:19:43 EDT,97cbd9ad26dff1af47192120defe112d,2027-1-10,13:0,New York Jets,Buffalo Bills,New York Jets,360,Buffalo Bills,-470,43.5,10.0,-110,-10.0,-110
803,2026-09-08 10:19:43 EDT,d190fb7ea85c33b96a495041dad22142,2027-1-10,13:0,Chicago Bears,Minnesota Vikings,Chicago Bears,102,Minnesota Vikings,-122,43.5,1.5,-110,-1.5,-110
804,2026-09-08 10:19:43 EDT,8c16104c8afc72b583531508b2aa1c33,2027-1-10,13:0,Cleveland Browns,Cincinnati Bengals,Cleveland Browns,285,Cincinnati Bengals,-360,43.5,7.5,-110,-7.5,-110
805,2026-09-08 10:19:43 EDT,3f460f14b810d7bf642bdf7b658530c0,2027-1-10,13:0,Dallas Cowboys,Washington Commanders,Washington Commanders,102,Dallas Cowboys,-122,49.5,-1.5,-110,1.5,-110
806,2026-09-08 10:19:43 EDT,71d0d10e384393c1e071c39dd3931c19,2027-1-10,13:0,Los Angeles Chargers,Denver Broncos,Los Angeles Chargers,102,Denver Broncos,-122,41.5,1.5,-110,-1.5,-110
807,2026-09-08 10:19:43 EDT,8f81778bbdb984be44e24a3d55a49b4d,2027-1-10,13:0,Detroit Lions,Green Bay Packers,Detroit Lions,114,Green Bay Packers,-135,47.5,2.5,-110,-2.5,-110
808,2026-09-08 10:19:43 EDT,9bb63096709ba607443c454d2a813b14,2027-1-10,13:0,Tennessee Titans,Houston Texans,Tennessee Titans,240,Houston Texans,-298,39.5,7.0,-110,-7.0,-110
809,2026-09-08 10:19:43 EDT,bea47af467e217653bba8d69888e4d95,2027-1-10,13:0,Jacksonville Jaguars,Indianapolis Colts,Jacksonville Jaguars,105,Indianapolis Colts,-125,46.5,1.5,-110,-1.5,-110
810,2026-09-08 10:19:43 EDT,bb66a6f02c535c0cd8b9c689a5513687,2027-1-10,13:0,Las Vegas Raiders,Kansas City Chiefs,Las Vegas Raiders,310,Kansas City Chiefs,-395,40.5,8.5,-110,-8.5,-110
811,2026-09-08 10:19:43 EDT,f370f9410ef82b37bd15d1719434370b,2027-1-10,13:0,Miami Dolphins,New England Patriots,Miami Dolphins,425,New England Patriots,-575,42.5,10.5,-110,-10.5,-110
812,2026-09-08 10:19:43 EDT,7b8ce34c0e173e4ff6ccf8e8caa09113,2027-1-10,13:0,Tampa Bay Buccaneers,New Orleans Saints,New Orleans Saints,102,Tampa Bay Buccaneers,-122,43.5,-1.5,-110,1.5,-110
813,2026-09-08 10:19:43 EDT,01baed6f9d6482c5d89d37379c7c63c7,2027-1-10,13:0,Philadelphia Eagles,New York Giants,New York Giants,130,Philadelphia Eagles,-155,41.5,-3.0,-110,3.0,-110
814,2026-09-08 10:19:43 EDT,f1480276ab67dcf60686556ba9336695,2027-1-10,16:5,San Francisco 49ers,Arizona Cardinals,Arizona Cardinals,320,San Francisco 49ers,-410,44.5,-8.5,-110,8.5,-110
815,2026-09-08 10:19:43 EDT,dc2d9177b48e6f3962dabb1407aba7d3,2027-1-10,16:5,Seattle Seahawks,Los Angeles Rams,Seattle Seahawks,130,Los Angeles Rams,-155,44.5,3.0,-110,-3.0,-110
816,2026-09-08 13:26:00 EDT,8c94552d022acec4a0458d70c19d3da9,2026-9-9,20:20,New England Patriots,Seattle Seahawks,New England Patriots,142,Seattle Seahawks,-170,44.5,3.0,-102,-3.0,-118
817,2026-09-08 13:26:00 EDT,acc580d74344ea3b31bbcdd057fe6a9c,2026-9-10,20:35,San Francisco 49ers,Los Angeles Rams,San Francisco 49ers,164,Los Angeles Rams,-198,48.5,3.5,-108,-3.5,-112
818,2026-09-08 13:26:00 EDT,95c01d1bb797d6df14824b106c5a9130,2026-9-13,13:0,Atlanta Falcons,Pittsburgh Steelers,Atlanta Falcons,154,Pittsburgh Steelers,-185,42.5,3.5,-110,-3.5,-110
819,2026-09-08 13:26:00 EDT,b6cfdcbafa61ce220ba87dc2d9b80c77,2026-9-13,13:0,Baltimore Ravens,Indianapolis Colts,Indianapolis Colts,145,Baltimore Ravens,-175,47.5,-3.5,-105,3.5,-115
820,2026-09-08 13:26:00 EDT,7e09efed7e12c659b82740b67ce2f9a1,2026-9-13,13:0,Buffalo Bills,Houston Texans,Houston Texans,-105,Buffalo Bills,-115,44.5,-1.5,-102,1.5,-118
821,2026-09-08 13:26:00 EDT,fc362aff0d889ec52d358307a70c32ed,2026-9-13,13:0,Chicago Bears,Carolina Panthers,Carolina Panthers,130,Chicago Bears,-155,47.5,-3.0,-102,3.0,-118
822,2026-09-08 13:26:00 EDT,ed6d24ff979f9c71979fead577b0b3f7,2026-9-13,13:0,Tampa Bay Buccaneers,Cincinnati Bengals,Tampa Bay Buccaneers,164,Cincinnati Bengals,-198,50.5,3.5,-108,-3.5,-112
823,2026-09-08 13:26:00 EDT,e55c6fe19fce094ce214c8b0e5b504e9,2026-9-13,13:0,Cleveland Browns,Jacksonville Jaguars,Cleveland Browns,350,Jacksonville Jaguars,-455,40.5,8.5,-110,-8.5,-110
824,2026-09-08 13:26:00 EDT,c1d3fcec25aaeb06ebd2244d33d338e0,2026-9-13,13:0,New Orleans Saints,Detroit Lions,New Orleans Saints,245,Detroit Lions,-305,49.5,7.0,-115,-7.0,-105
825,2026-09-08 13:26:00 EDT,7dddb296a42e7a41a774b24bd1709ce1,2026-9-13,13:0,New York Jets,Tennessee Titans,New York Jets,105,Tennessee Titans,-125,39.5,1.5,-110,-1.5,-110
826,2026-09-08 13:26:00 EDT,1edfa5ceaa1ad2cb57df1c1b908731f6,2026-9-13,16:25,Arizona Cardinals,Los Angeles Chargers,Arizona Cardinals,370,Los Angeles Chargers,-485,47.5,9.5,-108,-9.5,-112
827,2026-09-08 13:26:00 EDT,cb77efed7e711d25a72c1a2a0a1af119,2026-9-13,16:25,Green Bay Packers,Minnesota Vikings,Green Bay Packers,102,Minnesota Vikings,-122,46.5,1.5,-108,-1.5,-112
828,2026-09-08 13:26:00 EDT,c5d95f48a16849ab6bebc68fbbfcb74a,2026-9-13,16:25,Miami Dolphins,Las Vegas Raiders,Miami Dolphins,154,Las Vegas Raiders,-185,41.5,3.5,-115,-3.5,-105
829,2026-09-08 13:26:00 EDT,17885cb8dcade8f6c3bce14b2de805e8,2026-9-13,16:25,Washington Commanders,Philadelphia Eagles,Washington Commanders,180,Philadelphia Eagles,-218,44.5,5.5,-112,-5.5,-108
830,2026-09-08 13:26:00 EDT,3e646c7479c57f5d9752d8c7dfe7059b,2026-9-13,20:20,Dallas Cowboys,New York Giants,New York Giants,136,Dallas Cowboys,-162,48.5,-3.0,-108,3.0,-112
831,2026-09-08 13:26:00 EDT,5ad8135dc2b5f27de0b777acd317855a,2026-9-14,20:15,Denver Broncos,Kansas City Chiefs,Denver Broncos,124,Kansas City Chiefs,-148,43.5,3.0,-120,-3.0,100
832,2026-09-08 13:26:00 EDT,56e8897681915f7ec92baeee952bb1ae,2026-9-17,20:15,Detroit Lions,Buffalo Bills,Detroit Lions,136,Buffalo Bills,-162,52.5,3.0,-110,-3.0,-110
833,2026-09-08 13:26:00 EDT,aee7eae1849ebb103b9bf233e9741392,2026-9-20,13:0,Carolina Panthers,Atlanta Falcons,Carolina Panthers,105,Atlanta Falcons,-125,44.5,1.5,-110,-1.5,-110
834,2026-09-08 13:26:00 EDT,2143ade9684fd876b68a4e8cbf451f05,2026-9-20,13:0,New Orleans Saints,Baltimore Ravens,New Orleans Saints,280,Baltimore Ravens,-355,46.5,7.5,-110,-7.5,-110
835,2026-09-08 13:26:00 EDT,0283a29e1b38ef78b29b904fd56a16dd,2026-9-20,13:0,Minnesota Vikings,Chicago Bears,Minnesota Vikings,160,Chicago Bears,-192,45.5,3.5,-115,-3.5,-105
836,2026-09-08 13:26:00 EDT,36ad2fa722f4915ef23d2c81351261de,2026-9-20,13:0,Cincinnati Bengals,Houston Texans,Cincinnati Bengals,114,Houston Texans,-135,46.5,2.5,-110,-2.5,-110
837,2026-09-08 13:26:00 EDT,0636ebff776d43f8c829a36713c80b22,2026-9-20,13:0,Cleveland Browns,Tampa Bay Buccaneers,Cleveland Browns,225,Tampa Bay Buccaneers,-278,42.5,6.5,-110,-6.5,-110
838,2026-09-08 13:26:00 EDT,4aeee070bb6ec60bdfae4dede61b9014,2026-9-20,13:0,Green Bay Packers,New York Jets,New York Jets,200,Green Bay Packers,-245,42.5,-5.5,-110,5.5,-110
839,2026-09-08 13:26:00 EDT,9d14f87600f6edc74dbcb5c74edf6246,2026-9-20,13:0,Pittsburgh Steelers,New England Patriots,Pittsburgh Steelers,180,New England Patriots,-218,43.5,4.5,-110,-4.5,-110
840,2026-09-08 13:26:00 EDT,fafc649c455e32a0f2ba1bd06e2039bc,2026-9-20,13:0,Philadelphia Eagles,Tennessee Titans,Tennessee Titans,180,Philadelphia Eagles,-218,42.5,-4.5,-110,4.5,-110
841,2026-09-08 13:26:00 EDT,1fd6628c781f556a7a19638e97d7107f,2026-9-20,16:5,Jacksonville Jaguars,Denver Broncos,Jacksonville Jaguars,130,Denver Broncos,-155,43.5,3.0,-110,-3.0,-110
842,2026-09-08 13:26:00 EDT,71b3b83747589efdc5baef2c5cf811bf,2026-9-20,16:5,Las Vegas Raiders,Los Angeles Chargers,Las Vegas Raiders,285,Los Angeles Chargers,-360,42.5,8.5,-110,-8.5,-110
843,2026-09-08 13:26:00 EDT,4dd8020192a544385db42374e5555303,2026-9-20,16:25,Seattle Seahawks,Arizona Cardinals,Arizona Cardinals,410,Seattle Seahawks,-550,44.5,-10.0,-110,10.0,-110
844,2026-09-08 13:26:00 EDT,85ef85098ddd22fe4ecf45e7e3c0a9c0,2026-9-20,16:25,Washington Commanders,Dallas Cowboys,Washington Commanders,170,Dallas Cowboys,-205,51.5,4.5,-115,-4.5,-105
845,2026-09-08 13:26:00 EDT,68bc55903f50af4af4766adcc89fcc61,2026-9-20,16:25,Miami Dolphins,San Francisco 49ers,Miami Dolphins,490,San Francisco 49ers,-675,46.5,10.5,-110,-10.5,-110
846,2026-09-08 13:26:00 EDT,50bc247030707d823b9c3581d7eb5760,2026-9-20,20:20,Indianapolis Colts,Kansas City Chiefs,Indianapolis Colts,260,Kansas City Chiefs,-325,47.5,6.5,-110,-6.5,-110
847,2026-09-08 13:26:00 EDT,32367f882fac1a0c20a6335619922025,2026-9-21,20:15,New York Giants,Los Angeles Rams,New York Giants,300,Los Angeles Rams,-380,48.5,8.5,-110,-8.5,-110
848,2026-09-08 13:26:00 EDT,e5fbd3b3953b896b1bf897ddadb3cc4b,2026-9-24,20:15,Atlanta Falcons,Green Bay Packers,Atlanta Falcons,295,Green Bay Packers,-375,46.5,7.5,-110,-7.5,-110
849,2026-09-08 13:26:00 EDT,b225458a282e140c44c45651255f2f6c,2026-9-27,13:0,Los Angeles Chargers,Buffalo Bills,Los Angeles Chargers,136,Buffalo Bills,-162,48.5,3.0,-110,-3.0,-110
850,2026-09-08 13:26:00 EDT,613b8cd3a5fab58f7be4e3fd6f76223e,2026-9-27,13:0,Carolina Panthers,Cleveland Browns,Cleveland Browns,102,Carolina Panthers,-122,39.5,-1.5,-110,1.5,-110
851,2026-09-08 13:26:00 EDT,71123be049587b6facce3a20c53e5d09,2026-9-27,13:0,Cincinnati Bengals,Pittsburgh Steelers,Pittsburgh Steelers,105,Cincinnati Bengals,-125,46.5,-1.5,-110,1.5,-110
852,2026-09-08 13:26:00 EDT,07f552badfa8a565d1be22123713e4da,2026-9-27,13:0,New York Jets,Detroit Lions,New York Jets,320,Detroit Lions,-410,45.5,9.5,-110,-9.5,-110
853,2026-09-08 13:26:00 EDT,17a730b7d399feeab6a78c30767c29d2,2026-9-27,13:0,Houston Texans,Indianapolis Colts,Indianapolis Colts,102,Houston Texans,-122,45.5,-1.5,-110,1.5,-110
854,2026-09-08 13:26:00 EDT,1f3cfd315a24d1a7dd5859a8e6b88e18,2026-9-27,13:0,New England Patriots,Jacksonville Jaguars,New England Patriots,-102,Jacksonville Jaguars,-118,45.5,1.5,-115,-1.5,-105
855,2026-09-08 13:26:00 EDT,0339a0e41bcee12820eb3e64bb5fadb4,2026-9-27,13:0,Kansas City Chiefs,Miami Dolphins,Miami Dolphins,340,Kansas City Chiefs,-440,44.5,-7.5,-110,7.5,-110
856,2026-09-08 13:26:00 EDT,555afd4a27aaa392662881cffa8f2eef,2026-9-27,13:0,Tennessee Titans,New York Giants,Tennessee Titans,140,New York Giants,-166,44.5,3.0,-105,-3.0,-115
857,2026-09-08 13:26:00 EDT,2a529c108305ffa049d8b6cfdbaa4d36,2026-9-27,13:0,Seattle Seahawks,Washington Commanders,Washington Commanders,160,Seattle Seahawks,-192,46.5,-3.5,-110,3.5,-110
858,2026-09-08 13:26:00 EDT,9d2b09e0f9b6dd5ce0d985894f4f98fa,2026-9-27,16:5,Arizona Cardinals,San Francisco 49ers,Arizona Cardinals,470,San Francisco 49ers,-650,46.5,11.5,-110,-11.5,-110
859,2026-09-08 13:26:00 EDT,f1724dead3eab61546033032fc782375,2026-9-27,16:5,Minnesota Vikings,Tampa Bay Buccaneers,Minnesota Vikings,105,Tampa Bay Buccaneers,-125,44.5,1.5,-110,-1.5,-110
860,2026-09-08 13:26:00 EDT,84cfca14efc21363fd605508404cf1ff,2026-9-27,16:25,Baltimore Ravens,Dallas Cowboys,Dallas Cowboys,114,Baltimore Ravens,-135,51.5,-2.5,-110,2.5,-110
861,2026-09-08 13:26:00 EDT,2e523fcb0497aa689473e290eb2b97de,2026-9-27,16:25,Las Vegas Raiders,New Orleans Saints,Las Vegas Raiders,154,New Orleans Saints,-185,42.5,3.5,-110,-3.5,-110
862,2026-09-08 13:26:00 EDT,3bfd8bfb4b8e9a365a0877879b73b16b,2026-9-27,20:20,Los Angeles Rams,Denver Broncos,Denver Broncos,130,Los Angeles Rams,-155,45.5,-3.0,-110,3.0,-110
863,2026-09-08 13:26:00 EDT,47dc7baa254659f3beb2ed2b38c207b6,2026-9-28,20:15,Philadelphia Eagles,Chicago Bears,Philadelphia Eagles,-102,Chicago Bears,-118,46.5,1.5,-115,-1.5,-105
864,2026-09-08 13:26:00 EDT,d55cb69fed50a09170560b5b75d8de86,2026-10-1,20:15,Pittsburgh Steelers,Cleveland Browns,Cleveland Browns,114,Pittsburgh Steelers,-135,40.5,-2.5,-110,2.5,-110
865,2026-09-08 13:26:00 EDT,c9d8ed8aa4889486eaf10a630138ede0,2026-10-4,9:30,Indianapolis Colts,Washington Commanders,Indianapolis Colts,-102,Washington Commanders,-118,50.5,1.5,-115,-1.5,-105
866,2026-09-08 13:26:00 EDT,664e6bda5721dc63be16bcf7d962a436,2026-10-4,13:0,Arizona Cardinals,New York Giants,Arizona Cardinals,260,New York Giants,-325,45.5,7.0,-110,-7.0,-110
867,2026-09-08 13:26:00 EDT,f01589b0e7e6dd4f4ac1220a1db81f53,2026-10-4,13:0,Tennessee Titans,Baltimore Ravens,Tennessee Titans,310,Baltimore Ravens,-395,47.5,8.5,-110,-8.5,-110
868,2026-09-08 13:26:00 EDT,573cc0ef39631a4f6673ec843a8bedd4,2026-10-4,13:0,New England Patriots,Buffalo Bills,New England Patriots,136,Buffalo Bills,-162,49.5,3.0,-110,-3.0,-110
869,2026-09-08 13:26:00 EDT,164e6eb68f31bac190381903c3cccd31,2026-10-4,13:0,New York Jets,Chicago Bears,New York Jets,330,Chicago Bears,-425,45.5,8.5,-110,-8.5,-110
870,2026-09-08 13:26:00 EDT,2ea94ddf20f66432b9024fe2e2eaba5f,2026-10-4,13:0,Jacksonville Jaguars,Cincinnati Bengals,Jacksonville Jaguars,114,Cincinnati Bengals,-135,51.5,2.5,-110,-2.5,-110
871,2026-09-08 13:26:00 EDT,daf55e2df5341c007fee5a0fc5bbc2d4,2026-10-4,13:0,Dallas Cowboys,Houston Texans,Dallas Cowboys,114,Houston Texans,-135,47.5,2.5,-110,-2.5,-110
872,2026-09-08 13:26:00 EDT,99a9bae4dc0dc2590496bd3102b211f2,2026-10-4,13:0,Green Bay Packers,Tampa Bay Buccaneers,Tampa Bay Buccaneers,105,Green Bay Packers,-125,47.5,-1.5,-110,1.5,-110
873,2026-09-08 13:26:00 EDT,1b4f2e60ce83fa1d63a5dff83769d27c,2026-10-4,13:0,Los Angeles Rams,Philadelphia Eagles,Philadelphia Eagles,105,Los Angeles Rams,-125,47.5,-1.5,-110,1.5,-110
874,2026-09-08 13:26:00 EDT,c327223d76a3b7b0db8c6c104442f44b,2026-10-4,16:5,Miami Dolphins,Minnesota Vikings,Miami Dolphins,320,Minnesota Vikings,-410,43.5,7.5,-110,-7.5,-110
875,2026-09-08 13:26:00 EDT,a7e7efb75a9792ac63480ae6328dca18,2026-10-4,16:25,Denver Broncos,San Francisco 49ers,Denver Broncos,114,San Francisco 49ers,-135,46.5,2.5,-110,-2.5,-110
876,2026-09-08 13:26:00 EDT,e0cbd266dcf997089203a1b33ba0333d,2026-10-4,16:25,Kansas City Chiefs,Las Vegas Raiders,Las Vegas Raiders,205,Kansas City Chiefs,-250,43.5,-5.5,-110,5.5,-110
877,2026-09-08 13:26:00 EDT,96d2373cda647873b971f268482bced0,2026-10-4,16:25,Los Angeles Chargers,Seattle Seahawks,Los Angeles Chargers,145,Seattle Seahawks,-175,45.5,3.0,-105,-3.0,-115
878,2026-09-08 13:26:00 EDT,a73a76599a4f3422803e57bd8f61b626,2026-10-4,20:20,Detroit Lions,Carolina Panthers,Carolina Panthers,136,Detroit Lions,-162,47.5,-3.0,-110,3.0,-110
879,2026-09-08 13:26:00 EDT,8bd90781e17e6d97df3941063cedae1e,2026-10-5,20:15,Atlanta Falcons,New Orleans Saints,Atlanta Falcons,114,New Orleans Saints,-135,45.5,2.5,-110,-2.5,-110
880,2026-09-08 13:26:00 EDT,259b5df9aa0d10257f56de78523495e0,2026-10-8,20:15,Tampa Bay Buccaneers,Dallas Cowboys,Tampa Bay Buccaneers,170,Dallas Cowboys,-205,52.5,3.5,-110,-3.5,-110
881,2026-09-08 13:26:00 EDT,21b26266f3d78af02eb672e606275d95,2026-10-11,9:30,Philadelphia Eagles,Jacksonville Jaguars,Jacksonville Jaguars,105,Philadelphia Eagles,-125,45.5,-1.5,-110,1.5,-110
882,2026-09-08 13:26:00 EDT,c4647ca1201e6768501877267ca8251b,2026-10-11,13:0,Cincinnati Bengals,Miami Dolphins,Miami Dolphins,220,Cincinnati Bengals,-270,49.5,-6.0,-110,6.0,-110
883,2026-09-08 13:26:00 EDT,9db4ed15fe34fca1fb62f040cd244591,2026-10-11,13:0,Cleveland Browns,New York Jets,Cleveland Browns,110,New York Jets,-130,39.5,1.5,-105,-1.5,-115
884,2026-09-08 13:26:00 EDT,cc52bba56e74f5cddbe9011046181c3d,2026-10-11,13:0,Houston Texans,Tennessee Titans,Tennessee Titans,160,Houston Texans,-192,43.5,-3.5,-110,3.5,-110
885,2026-09-08 13:26:00 EDT,448d7cf18c6db4c811ed82ded1b72867,2026-10-11,13:0,Indianapolis Colts,Pittsburgh Steelers,Indianapolis Colts,120,Pittsburgh Steelers,-142,47.5,2.5,-110,-2.5,-110
886,2026-09-08 13:26:00 EDT,6b024bad1abb54f597225e4ab9b39d89,2026-10-11,13:0,Las Vegas Raiders,New England Patriots,Las Vegas Raiders,310,New England Patriots,-395,44.5,8.5,-110,-8.5,-110
887,2026-09-08 13:26:00 EDT,2cda9bf0fbe35a2735f0dd8aaafe9eff,2026-10-11,13:0,Minnesota Vikings,New Orleans Saints,New Orleans Saints,105,Minnesota Vikings,-125,44.5,-1.5,-110,1.5,-110
888,2026-09-08 13:26:00 EDT,fbffd0b7722fd81d68d5d62472dc80e8,2026-10-11,13:0,New York Giants,Washington Commanders,New York Giants,110,Washington Commanders,-130,48.5,1.5,-105,-1.5,-115
889,2026-09-08 13:26:00 EDT,d1d408fdfd272046fb517fe992a1c5a0,2026-10-11,16:5,Denver Broncos,Los Angeles Chargers,Denver Broncos,114,Los Angeles Chargers,-135,44.5,2.5,-110,-2.5,-110
890,2026-09-08 13:26:00 EDT,f8e7f43f73aa983c5c99c189587f0118,2026-10-11,16:25,Detroit Lions,Arizona Cardinals,Arizona Cardinals,310,Detroit Lions,-395,48.5,-8.5,-110,8.5,-110
891,2026-09-08 13:26:00 EDT,2caea57b1e5cfbba1334cfbfd46f6771,2026-10-11,16:25,Chicago Bears,Green Bay Packers,Chicago Bears,140,Green Bay Packers,-166,49.5,3.0,-110,-3.0,-110
892,2026-09-08 13:26:00 EDT,8e5d515b10d8a5ffb324640ed60bcc55,2026-10-11,16:25,San Francisco 49ers,Seattle Seahawks,San Francisco 49ers,170,Seattle Seahawks,-205,48.5,3.5,-110,-3.5,-110
893,2026-09-08 13:26:00 EDT,86457f91112732f21ad4bb7d37bd291c,2026-10-11,20:20,Baltimore Ravens,Atlanta Falcons,Atlanta Falcons,170,Baltimore Ravens,-205,48.5,-4.5,-110,4.5,-110
894,2026-09-08 13:26:00 EDT,e6d00eedd87d367e510314bd8cab8f6f,2026-10-12,20:15,Buffalo Bills,Los Angeles Rams,Buffalo Bills,140,Los Angeles Rams,-166,53.5,3.0,-110,-3.0,-110
895,2026-09-08 13:26:00 EDT,855f58fad5f0f14b239f4f63df27998b,2026-10-15,20:15,Seattle Seahawks,Denver Broncos,Denver Broncos,110,Seattle Seahawks,-130,43.5,-1.5,-115,1.5,-105
896,2026-09-08 13:26:00 EDT,57418b2cf5aca558b3c98eafac1e264a,2026-10-18,9:30,Houston Texans,Jacksonville Jaguars,Houston Texans,-108,Jacksonville Jaguars,-112,42.5,1.5,-122,-1.5,102
897,2026-09-08 13:26:00 EDT,7c312fdf24fb35f58b0e07c2932cc997,2026-10-18,13:0,Chicago Bears,Atlanta Falcons,Atlanta Falcons,130,Chicago Bears,-155,47.5,-3.0,-110,3.0,-110
898,2026-09-08 13:26:00 EDT,e86227938fd3cf008fc5648fb5128344,2026-10-18,13:0,Baltimore Ravens,Cleveland Browns,Cleveland Browns,205,Baltimore Ravens,-250,44.5,-6.5,-110,6.5,-110
899,2026-09-08 13:26:00 EDT,caca2d752fe1a1779029082e95332fcc,2026-10-18,13:0,Carolina Panthers,Philadelphia Eagles,Carolina Panthers,230,Philadelphia Eagles,-285,43.5,6.5,-110,-6.5,-110
900,2026-09-08 13:26:00 EDT,84aa9e190e625d7e9cd67e1f157a45b4,2026-10-18,13:0,Tennessee Titans,Indianapolis Colts,Tennessee Titans,164,Indianapolis Colts,-198,47.5,3.5,-110,-3.5,-110
901,2026-09-08 13:26:00 EDT,0b0b582b32b09ab6ff6664ffae0c9653,2026-10-18,13:0,New York Jets,New England Patriots,New York Jets,340,New England Patriots,-440,42.5,9.5,-110,-9.5,-110
902,2026-09-08 13:26:00 EDT,1cf74afd313e9fd300e1462012b174cb,2026-10-18,13:0,New Orleans Saints,New York Giants,New Orleans Saints,120,New York Giants,-142,44.5,2.5,-110,-2.5,-110
903,2026-09-08 13:26:00 EDT,27f3994841ce8081c0b7349cf3d1e3d7,2026-10-18,13:0,Pittsburgh Steelers,Tampa Bay Buccaneers,Pittsburgh Steelers,105,Tampa Bay Buccaneers,-125,45.5,1.5,-110,-1.5,-110
904,2026-09-08 13:26:00 EDT,3729ac6d2a66b642850caf2044cdc658,2026-10-18,16:5,Arizona Cardinals,Los Angeles Rams,Arizona Cardinals,525,Los Angeles Rams,-750,47.5,13.5,-108,-13.5,-112
905,2026-09-08 13:26:00 EDT,45b2690b350ed45145c7a716b18e8e66,2026-10-18,16:25,Buffalo Bills,Las Vegas Raiders,Las Vegas Raiders,215,Buffalo Bills,-265,47.5,-6.5,-110,6.5,-110
906,2026-09-08 13:26:00 EDT,20fefae8c296247460ba5773caa42218,2026-10-18,16:25,Los Angeles Chargers,Kansas City Chiefs,Los Angeles Chargers,120,Kansas City Chiefs,-142,46.5,2.5,-110,-2.5,-110
907,2026-09-08 13:26:00 EDT,82fd5a159fa130e67abab93a9537f70b,2026-10-18,20:20,Dallas Cowboys,Green Bay Packers,Dallas Cowboys,140,Green Bay Packers,-166,51.5,3.0,-110,-3.0,-110
908,2026-09-08 13:26:00 EDT,f122527f003276d3bca19efa48c902c1,2026-10-19,20:15,Washington Commanders,San Francisco 49ers,Washington Commanders,200,San Francisco 49ers,-245,50.5,5.5,-110,-5.5,-110
909,2026-09-08 13:26:00 EDT,ffebea881c1d7b2dfb85b3e590c35985,2026-10-22,20:15,New England Patriots,Chicago Bears,New England Patriots,105,Chicago Bears,-125,47.5,1.5,-110,-1.5,-110
910,2026-09-08 13:26:00 EDT,2e710ea5a306b614f0f966e3d78732f8,2026-10-25,9:30,Pittsburgh Steelers,New Orleans Saints,New Orleans Saints,120,Pittsburgh Steelers,-142,42.5,-2.5,-110,2.5,-110
911,2026-09-08 13:26:00 EDT,b1be064fb52a198a62109c279e7ab24c,2026-10-25,13:0,San Francisco 49ers,Atlanta Falcons,Atlanta Falcons,185,San Francisco 49ers,-225,47.5,-4.5,-110,4.5,-110
912,2026-09-08 13:26:00 EDT,550ec5290f935d311995affbcb0b5c79,2026-10-25,13:0,Cincinnati Bengals,Baltimore Ravens,Cincinnati Bengals,154,Baltimore Ravens,-185,51.5,3.5,-110,-3.5,-110
913,2026-09-08 13:26:00 EDT,2823e986597c449ab94126cd5ed3fae9,2026-10-25,13:0,Tampa Bay Buccaneers,Carolina Panthers,Carolina Panthers,105,Tampa Bay Buccaneers,-125,45.5,-1.5,-110,1.5,-110
914,2026-09-08 13:26:00 EDT,5dce18baccec5d3ad5fb3a3ce52f7619,2026-10-25,13:0,Cleveland Browns,Tennessee Titans,Cleveland Browns,114,Tennessee Titans,-135,40.5,2.5,-110,-2.5,-110
915,2026-09-08 13:26:00 EDT,2bba7fde6f97d0e54403d53676e4ab63,2026-10-25,13:0,New York Giants,Houston Texans,New York Giants,195,Houston Texans,-238,43.5,5.5,-110,-5.5,-110
916,2026-09-08 13:26:00 EDT,f3992ad4496724baf7dcd1ef58245d6b,2026-10-25,13:0,Indianapolis Colts,Minnesota Vikings,Indianapolis Colts,120,Minnesota Vikings,-142,46.5,2.5,-110,-2.5,-110
917,2026-09-08 13:26:00 EDT,be5dd120ca08b43d647b6caa8953500a,2026-10-25,13:0,Miami Dolphins,New York Jets,Miami Dolphins,120,New York Jets,-142,41.5,2.5,-110,-2.5,-110
918,2026-09-08 13:26:00 EDT,436119bb3ccdaa6ed7808aa3ebd82b76,2026-10-25,16:5,Denver Broncos,Arizona Cardinals,Arizona Cardinals,285,Denver Broncos,-360,43.5,-7.5,-110,7.5,-110
919,2026-09-08 13:26:00 EDT,e8e5715eefb6a9ce64765e9ddf49c0cc,2026-10-25,16:25,Green Bay Packers,Detroit Lions,Green Bay Packers,114,Detroit Lions,-135,50.5,2.5,-110,-2.5,-110
920,2026-09-08 13:26:00 EDT,f7679cf18454e4d88a8f2b990c3f08ac,2026-10-25,16:25,Los Angeles Rams,Las Vegas Raiders,Las Vegas Raiders,275,Los Angeles Rams,-345,46.5,-7.5,-110,7.5,-110
921,2026-09-08 13:26:00 EDT,176d474ed8b2bbf1eb4d7e9c56b4bf22,2026-10-25,20:20,Kansas City Chiefs,Seattle Seahawks,Kansas City Chiefs,145,Seattle Seahawks,-175,45.5,3.0,-110,-3.0,-110
922,2026-09-08 13:26:00 EDT,4853610e63c246f2027a6a248e642c9a,2026-10-26,20:15,Dallas Cowboys,Philadelphia Eagles,Dallas Cowboys,136,Philadelphia Eagles,-162,48.5,3.0,-110,-3.0,-110
923,2026-09-08 13:26:00 EDT,ab2865e9f2d4b012de8bc6fb6de11a7c,2026-10-29,20:15,Carolina Panthers,Green Bay Packers,Carolina Panthers,275,Green Bay Packers,-345,45.5,7.0,-110,-7.0,-110
924,2026-09-08 13:26:00 EDT,9255ca8f32aea590d00aa57de79f6bb6,2026-11-1,13:0,Arizona Cardinals,Dallas Cowboys,Arizona Cardinals,410,Dallas Cowboys,-550,47.5,10.5,-110,-10.5,-110
925,2026-09-08 13:26:00 EDT,921859689f5f8b3b8b1caf4248bdb1ec,2026-11-1,13:0,Atlanta Falcons,Tampa Bay Buccaneers,Atlanta Falcons,180,Tampa Bay Buccaneers,-218,46.5,4.5,-110,-4.5,-110
926,2026-09-08 13:26:00 EDT,c93c421e5fa46031a43162d111d981d0,2026-11-1,13:0,Baltimore Ravens,Buffalo Bills,Baltimore Ravens,114,Buffalo Bills,-135,51.5,2.5,-110,-2.5,-110
927,2026-09-08 13:26:00 EDT,9c5d8f57e0ba0fbd9ef436c1f0898f99,2026-11-1,13:0,Tennessee Titans,Cincinnati Bengals,Tennessee Titans,235,Cincinnati Bengals,-290,49.5,6.5,-110,-6.5,-110
928,2026-09-08 13:26:00 EDT,ab5ab731ab655bd6308bc7a922275518,2026-11-1,13:0,Cleveland Browns,Pittsburgh Steelers,Cleveland Browns,215,Pittsburgh Steelers,-265,39.5,6.0,-110,-6.0,-110
929,2026-09-08 13:26:00 EDT,52e7ee9c42525e6deec02da32dc2fad8,2026-11-1,13:0,Minnesota Vikings,Detroit Lions,Minnesota Vikings,185,Detroit Lions,-225,47.5,4.5,-110,-4.5,-110
930,2026-09-08 13:26:00 EDT,159dbf0253dd2038eda2212f84387f0c,2026-11-1,13:0,Indianapolis Colts,Jacksonville Jaguars,Indianapolis Colts,185,Jacksonville Jaguars,-225,49.5,4.5,-110,-4.5,-110
931,2026-09-08 13:26:00 EDT,98f1b121b793977434c046e76c707145,2026-11-1,13:0,Las Vegas Raiders,New York Jets,Las Vegas Raiders,105,New York Jets,-125,40.5,1.5,-110,-1.5,-110
932,2026-09-08 13:26:00 EDT,2ff84d3f6053d083c8c0a5bebf7cdd4c,2026-11-1,16:5,Los Angeles Chargers,Los Angeles Rams,Los Angeles Chargers,164,Los Angeles Rams,-198,48.5,4.5,-115,-4.5,-105
933,2026-09-08 13:26:00 EDT,f2a036d5edf483a277880014861e78ad,2026-11-1,16:25,Kansas City Chiefs,Denver Broncos,Kansas City Chiefs,105,Denver Broncos,-125,43.5,1.5,-110,-1.5,-110
934,2026-09-08 13:26:00 EDT,05405af79752f5e742cdf50b61f6745e,2026-11-1,16:25,New England Patriots,Miami Dolphins,Miami Dolphins,280,New England Patriots,-355,45.5,-7.0,-110,7.0,-110
935,2026-09-08 13:26:00 EDT,b9c60db63b1a19ad319f24b33c0defe8,2026-11-1,20:20,Philadelphia Eagles,Washington Commanders,Washington Commanders,105,Philadelphia Eagles,-125,46.5,-1.5,-110,1.5,-110
936,2026-09-08 13:26:00 EDT,7d664fbcd39350e559d83c0068ba7169,2026-11-2,20:20,Chicago Bears,Seattle Seahawks,Chicago Bears,180,Seattle Seahawks,-218,47.5,4.5,-110,-4.5,-110
937,2026-09-08 13:26:00 EDT,c75744790b7acf6260c78ba5e739c0e5,2026-11-5,20:15,Jacksonville Jaguars,Baltimore Ravens,Jacksonville Jaguars,170,Baltimore Ravens,-205,49.5,4.5,-110,-4.5,-110
938,2026-09-08 13:26:00 EDT,dc56d980f527ffeef89940133b211b13,2026-11-8,9:30,Cincinnati Bengals,Atlanta Falcons,Atlanta Falcons,190,Cincinnati Bengals,-230,49.5,-5.5,-110,5.5,-110
939,2026-09-08 13:26:00 EDT,014282b888c741b7d70c857c09f40aa7,2026-11-8,13:0,Denver Broncos,Carolina Panthers,Carolina Panthers,136,Denver Broncos,-162,42.5,-3.0,-110,3.0,-110
940,2026-09-08 13:26:00 EDT,e571bab6736f9338130a78a4f75c3231,2026-11-8,13:0,Cleveland Browns,New Orleans Saints,Cleveland Browns,160,New Orleans Saints,-192,41.5,3.5,-105,-3.5,-115
941,2026-09-08 13:26:00 EDT,415fc42e72888c63e82f7bce24c65391,2026-11-8,13:0,Dallas Cowboys,Indianapolis Colts,Indianapolis Colts,105,Dallas Cowboys,-125,52.5,-1.5,-110,1.5,-110
942,2026-09-08 13:26:00 EDT,44d8c37868b700e90f816db7c5df5cdd,2026-11-8,13:0,Detroit Lions,Miami Dolphins,Miami Dolphins,225,Detroit Lions,-278,47.5,-6.5,-110,6.5,-110
943,2026-09-08 13:26:00 EDT,e354e6a04b1cb9c96e549b863debb92e,2026-11-8,13:0,New York Jets,Kansas City Chiefs,New York Jets,360,Kansas City Chiefs,-470,41.5,9.5,-110,-9.5,-110
944,2026-09-08 13:26:00 EDT,89de07377e0aa8ffaa2ae6a7dc0855cc,2026-11-8,13:0,Los Angeles Rams,Washington Commanders,Washington Commanders,185,Los Angeles Rams,-225,50.5,-4.5,-115,4.5,-105
945,2026-09-08 13:26:00 EDT,fe93e6ab1e553c0169936a0a983c324f,2026-11-8,13:0,New York Giants,Philadelphia Eagles,New York Giants,195,Philadelphia Eagles,-238,44.5,5.5,-110,-5.5,-110
946,2026-09-08 13:26:00 EDT,39aeac43cea7b12558b91cdab1255a10,2026-11-8,16:5,Houston Texans,Los Angeles Chargers,Houston Texans,120,Los Angeles Chargers,-142,43.5,2.5,-110,-2.5,-110
947,2026-09-08 13:26:00 EDT,ac9d38a18d5c92814233a31aa9a48d78,2026-11-8,16:5,Las Vegas Raiders,San Francisco 49ers,Las Vegas Raiders,330,San Francisco 49ers,-425,46.5,8.5,-110,-8.5,-110
948,2026-09-08 13:26:00 EDT,240e23b02b1e3fef655d04a286b5a623,2026-11-8,16:25,Arizona Cardinals,Seattle Seahawks,Arizona Cardinals,575,Seattle Seahawks,-850,45.5,13.5,-110,-13.5,-110
949,2026-09-08 13:26:00 EDT,2922c573ec3df8466c4a34975e446898,2026-11-8,16:25,Green Bay Packers,New England Patriots,Green Bay Packers,105,New England Patriots,-125,46.5,1.5,-110,-1.5,-110
950,2026-09-08 13:26:00 EDT,9760d8f19f84bfee300a74ceb656c95d,2026-11-8,20:20,Tampa Bay Buccaneers,Chicago Bears,Tampa Bay Buccaneers,160,Chicago Bears,-192,48.5,3.5,-110,-3.5,-110
951,2026-09-08 13:26:00 EDT,17ad7eff2f7875e20a8109abe40470e3,2026-11-9,20:15,Buffalo Bills,Minnesota Vikings,Minnesota Vikings,142,Buffalo Bills,-170,48.5,-3.0,-110,3.0,-110
952,2026-09-08 13:26:00 EDT,74d39e19225caf211ad2c8eb4110179f,2026-11-12,20:15,Washington Commanders,New York Giants,Washington Commanders,105,New York Giants,-125,47.5,1.5,-110,-1.5,-110
953,2026-09-08 13:26:00 EDT,b8c10fdf1e0ac4e13deee7f7c0af0b0b,2026-11-15,9:30,New England Patriots,Detroit Lions,New England Patriots,105,Detroit Lions,-125,48.5,1.5,-108,-1.5,-112
954,2026-09-08 13:26:00 EDT,3c71d515b726f1096aabb435badb83fd,2026-11-15,13:0,Kansas City Chiefs,Atlanta Falcons,Atlanta Falcons,185,Kansas City Chiefs,-225,45.5,-4.5,-110,4.5,-110
955,2026-09-08 13:26:00 EDT,1057d50949844ddf483da9c8c20354be,2026-11-15,13:0,Buffalo Bills,New York Jets,New York Jets,270,Buffalo Bills,-340,46.5,-7.0,-115,7.0,-105
956,2026-09-08 13:26:00 EDT,e5aa20e1364dd639f042af1c2281bbe2,2026-11-15,13:0,Carolina Panthers,New Orleans Saints,Carolina Panthers,100,New Orleans Saints,-120,43.5,1.5,-115,-1.5,-105
957,2026-09-08 13:26:00 EDT,be0e03cc42fbc9b6962467b22c7bf9dd,2026-11-15,13:0,Houston Texans,Cleveland Browns,Cleveland Browns,170,Houston Texans,-205,38.5,-4.5,-110,4.5,-110
958,2026-09-08 13:26:00 EDT,5d8d85473b87f772a979ecf294acab94,2026-11-15,13:0,Minnesota Vikings,Green Bay Packers,Minnesota Vikings,200,Green Bay Packers,-245,45.5,4.5,-110,-4.5,-110
959,2026-09-08 13:26:00 EDT,b5700b4d938fd94429f60d4622cc9c0a,2026-11-15,13:0,Miami Dolphins,Indianapolis Colts,Miami Dolphins,245,Indianapolis Colts,-305,47.5,6.5,-110,-6.5,-110
960,2026-09-08 13:26:00 EDT,28800df7e768ecec14f116454d560f9b,2026-11-15,13:0,Jacksonville Jaguars,Tennessee Titans,Tennessee Titans,114,Jacksonville Jaguars,-135,45.5,-2.5,-110,2.5,-110
961,2026-09-08 13:26:00 EDT,6c932a965110f3f89ec4a5f1a6ac256e,2026-11-15,16:5,Los Angeles Rams,Arizona Cardinals,Arizona Cardinals,360,Los Angeles Rams,-470,47.5,-10.5,-110,10.5,-110
962,2026-09-08 13:26:00 EDT,6079a5cbabf99b265a17edfc92a1da60,2026-11-15,16:5,Seattle Seahawks,Las Vegas Raiders,Las Vegas Raiders,250,Seattle Seahawks,-310,43.5,-7.0,-110,7.0,-110
963,2026-09-08 13:26:00 EDT,7627192fd89b05120ab6c712aa23fd81,2026-11-15,16:25,San Francisco 49ers,Dallas Cowboys,San Francisco 49ers,-102,Dallas Cowboys,-118,52.5,1.5,-115,-1.5,-105
964,2026-09-08 13:26:00 EDT,48e497c230e6c9afcb3b600091d28e17,2026-11-15,20:20,Pittsburgh Steelers,Cincinnati Bengals,Pittsburgh Steelers,160,Cincinnati Bengals,-192,47.5,3.5,-110,-3.5,-110
965,2026-09-08 13:26:00 EDT,35e3bdff558b5d1506251e814986f164,2026-11-16,20:15,Los Angeles Chargers,Baltimore Ravens,Los Angeles Chargers,150,Baltimore Ravens,-180,47.5,3.5,-110,-3.5,-110
966,2026-09-08 13:26:00 EDT,66f9e83cf025d58acee12bce18661fb3,2026-11-19,20:15,Indianapolis Colts,Houston Texans,Indianapolis Colts,195,Houston Texans,-238,45.5,5.5,-110,-5.5,-110
967,2026-09-08 13:26:00 EDT,403a88701352da05b0710a9e883b803e,2026-11-22,13:0,Arizona Cardinals,Kansas City Chiefs,Arizona Cardinals,440,Kansas City Chiefs,-600,44.5,11.5,-110,-11.5,-110
968,2026-09-08 13:26:00 EDT,4527f57f5bc32742d8194af1ccf7da7e,2026-11-22,13:0,Baltimore Ravens,Carolina Panthers,Carolina Panthers,180,Baltimore Ravens,-218,46.5,-4.5,-110,4.5,-110
969,2026-09-08 13:26:00 EDT,4c5b1c0843a260278e95eb93e7787576,2026-11-22,13:0,Miami Dolphins,Buffalo Bills,Miami Dolphins,470,Buffalo Bills,-650,47.5,11.5,-110,-11.5,-110
970,2026-09-08 13:26:00 EDT,3ea90704fb576633bd1e2fa5aafd9ea3,2026-11-22,13:0,New Orleans Saints,Chicago Bears,New Orleans Saints,230,Chicago Bears,-285,46.5,6.5,-110,-6.5,-110
971,2026-09-08 13:26:00 EDT,5e63079b678f8c13419adc169fff02d3,2026-11-22,13:0,Tennessee Titans,Dallas Cowboys,Tennessee Titans,230,Dallas Cowboys,-285,48.5,6.5,-110,-6.5,-110
972,2026-09-08 13:26:00 EDT,41e2dd69bddd65d7e823d9ed61cc2afc,2026-11-22,13:0,Tampa Bay Buccaneers,Detroit Lions,Tampa Bay Buccaneers,185,Detroit Lions,-225,49.5,4.5,-110,-4.5,-110
973,2026-09-08 13:26:00 EDT,8ba112fabf4e87639338a5f437c5abfe,2026-11-22,13:0,Jacksonville Jaguars,New York Giants,New York Giants,105,Jacksonville Jaguars,-125,46.5,-1.5,-110,1.5,-110
974,2026-09-08 13:26:00 EDT,4b20b742b6168aaca4f25d87f11b1526,2026-11-22,16:5,New York Jets,Los Angeles Chargers,New York Jets,330,Los Angeles Chargers,-425,41.5,9.5,-110,-9.5,-110
975,2026-09-08 13:26:00 EDT,1940706a79cbcbafacdcbf231069716b,2026-11-22,16:25,Las Vegas Raiders,Denver Broncos,Las Vegas Raiders,270,Denver Broncos,-340,41.5,7.5,-110,-7.5,-110
976,2026-09-08 13:26:00 EDT,cbe45bafcc2615fc1d96cbc12840377a,2026-11-22,16:25,Pittsburgh Steelers,Philadelphia Eagles,Pittsburgh Steelers,200,Philadelphia Eagles,-245,42.5,5.5,-110,-5.5,-110
977,2026-09-08 13:26:00 EDT,60e1d27b083a335b722c2c852ea85612,2026-11-22,20:20,Minnesota Vikings,San Francisco 49ers,Minnesota Vikings,160,San Francisco 49ers,-192,46.5,3.5,-110,-3.5,-110
978,2026-09-08 13:26:00 EDT,3a60ed1d20004aa4d4772b2c1a2272e7,2026-11-23,20:15,Cincinnati Bengals,Washington Commanders,Washington Commanders,105,Cincinnati Bengals,-125,52.5,-1.5,-110,1.5,-110
979,2026-09-08 13:26:00 EDT,5b612899d6dcdf998107f2c6c6e49a58,2026-11-25,20:0,Green Bay Packers,Los Angeles Rams,Green Bay Packers,185,Los Angeles Rams,-225,48.5,4.5,-105,-4.5,-115
980,2026-09-08 13:26:00 EDT,9b825e6518156008da499be041975fdd,2026-11-26,13:0,Chicago Bears,Detroit Lions,Chicago Bears,120,Detroit Lions,-142,52.5,2.5,-105,-2.5,-115
981,2026-09-08 13:26:00 EDT,ffaa06af56a7137d4b078c5c46c0b730,2026-11-26,15:30,Philadelphia Eagles,Dallas Cowboys,Philadelphia Eagles,105,Dallas Cowboys,-125,49.5,1.5,-110,-1.5,-110
982,2026-09-08 13:26:00 EDT,f36f518585aec40e8cb40e071c0844aa,2026-11-26,20:20,Kansas City Chiefs,Buffalo Bills,Kansas City Chiefs,124,Buffalo Bills,-148,50.5,2.5,-105,-2.5,-115
983,2026-09-08 13:26:00 EDT,44a3bcf5bd002583ddef2207a92dd977,2026-11-27,15:0,Denver Broncos,Pittsburgh Steelers,Pittsburgh Steelers,102,Denver Broncos,-122,39.5,-1.5,-110,1.5,-110
984,2026-09-08 13:26:00 EDT,6a05021bdb6bab24b9bb381ffff10f0c,2026-11-29,13:0,Atlanta Falcons,Minnesota Vikings,Atlanta Falcons,180,Minnesota Vikings,-218,43.5,4.5,-110,-4.5,-110
985,2026-09-08 13:26:00 EDT,60d0c074801985c1062795362a24200e,2026-11-29,13:0,Baltimore Ravens,Houston Texans,Baltimore Ravens,102,Houston Texans,-122,45.5,1.5,-110,-1.5,-110
986,2026-09-08 13:26:00 EDT,f7d3ae7a8fe2438cef7d7d7bc67e31db,2026-11-29,13:0,New Orleans Saints,Cincinnati Bengals,New Orleans Saints,235,Cincinnati Bengals,-290,48.5,6.5,-110,-6.5,-110
987,2026-09-08 13:26:00 EDT,eaa993c3d62d6b5aeb6142cdd7862fd5,2026-11-29,13:0,Las Vegas Raiders,Cleveland Browns,Las Vegas Raiders,102,Cleveland Browns,-122,39.5,1.5,-110,-1.5,-110
988,2026-09-08 13:26:00 EDT,e9da808e36e1b7475698a57465ad4519,2026-11-29,13:0,New York Giants,Indianapolis Colts,New York Giants,114,Indianapolis Colts,-135,47.5,2.5,-110,-2.5,-110
989,2026-09-08 13:26:00 EDT,81a8fee5b649a3ad5ad59e9528f2f376,2026-11-29,13:0,Tennessee Titans,Jacksonville Jaguars,Tennessee Titans,195,Jacksonville Jaguars,-238,45.5,5.5,-110,-5.5,-110
990,2026-09-08 13:26:00 EDT,5ea0e3ea5944b0ad5169f21c0787b331,2026-11-29,13:0,New York Jets,Miami Dolphins,New York Jets,105,Miami Dolphins,-125,40.5,1.5,-110,-1.5,-110
991,2026-09-08 13:26:00 EDT,69a1dbe9de3d3212c3a7a55be5d204ab,2026-11-29,16:25,Washington Commanders,Arizona Cardinals,Arizona Cardinals,180,Washington Commanders,-218,47.5,-4.5,-110,4.5,-110
992,2026-09-08 13:26:00 EDT,d68dced0b26726890b9c79bd19a5ffe5,2026-11-29,16:25,Seattle Seahawks,San Francisco 49ers,Seattle Seahawks,-110,San Francisco 49ers,-110,46.5,1.5,-125,-1.5,105
993,2026-09-08 13:26:00 EDT,c64ceba13ede564e8658693e3171e7f9,2026-11-29,20:20,New England Patriots,Los Angeles Chargers,New England Patriots,105,Los Angeles Chargers,-125,45.5,1.5,-110,-1.5,-110
994,2026-09-08 13:26:00 EDT,2cdaecba7c0bff9b58a48a82e6ee17a7,2026-11-30,20:15,Carolina Panthers,Tampa Bay Buccaneers,Carolina Panthers,160,Tampa Bay Buccaneers,-192,44.5,3.5,-110,-3.5,-110
995,2026-09-08 13:26:00 EDT,06e52a676b516186989e3b181a37c8a7,2026-12-3,20:15,Kansas City Chiefs,Los Angeles Rams,Kansas City Chiefs,170,Los Angeles Rams,-205,47.5,3.5,-102,-3.5,-118
996,2026-09-08 13:26:00 EDT,c94419ba8fb818fc36a5b21b526aab75,2026-12-6,13:0,Detroit Lions,Atlanta Falcons,Atlanta Falcons,154,Detroit Lions,-185,48.5,-3.5,-110,3.5,-110
997,2026-09-08 13:26:00 EDT,0236f9aa68d65ea03bd1ca025b749c20,2026-12-6,13:0,Jacksonville Jaguars,Chicago Bears,Jacksonville Jaguars,130,Chicago Bears,-155,47.5,3.0,-115,-3.0,-105
998,2026-09-08 13:26:00 EDT,b447fab53534af892f98a74eae26c1c6,2026-12-6,13:0,Cincinnati Bengals,Cleveland Browns,Cleveland Browns,185,Cincinnati Bengals,-225,45.5,-4.5,-110,4.5,-110
999,2026-09-08 13:26:00 EDT,9a55467e1cd6310ae2af20d8154612e1,2026-12-6,13:0,Miami Dolphins,Denver Broncos,Miami Dolphins,350,Denver Broncos,-455,42.5,9.5,-110,-9.5,-110
1000,2026-09-08 13:26:00 EDT,1ccb61b811b7aae4270df22a67e6459f,2026-12-6,13:0,Green Bay Packers,New Orleans Saints,New Orleans Saints,185,Green Bay Packers,-225,45.5,-4.5,-110,4.5,-110
1001,2026-09-08 13:26:00 EDT,f8a92363386bd337975650879086cca6,2026-12-6,13:0,Los Angeles Chargers,Tampa Bay Buccaneers,Tampa Bay Buccaneers,120,Los Angeles Chargers,-142,46.5,-2.5,-110,2.5,-110
1002,2026-09-08 13:26:00 EDT,a5495c3360b3bb13da76ba23a675c9ef,2026-12-6,13:0,San Francisco 49ers,New York Giants,New York Giants,140,San Francisco 49ers,-166,47.5,-3.0,-110,3.0,-110
1003,2026-09-08 13:26:00 EDT,ae3429e95ee704c7fd001cade20072d0,2026-12-6,13:0,Washington Commanders,Tennessee Titans,Tennessee Titans,105,Washington Commanders,-125,46.5,-1.5,-110,1.5,-110
1004,2026-09-08 13:26:00 EDT,f4897f48a5351881280f7598bd826408,2026-12-6,16:5,Philadelphia Eagles,Arizona Cardinals,Arizona Cardinals,310,Philadelphia Eagles,-395,43.5,-8.5,-110,8.5,-110
1005,2026-09-08 13:26:00 EDT,4116dbff75ab7957b69c2152f204b74d,2026-12-6,16:25,Buffalo Bills,New England Patriots,Buffalo Bills,102,New England Patriots,-122,48.5,1.5,-112,-1.5,-108
1006,2026-09-08 13:26:00 EDT,c186c605febd6370b292469c9151cfb3,2026-12-6,16:25,Carolina Panthers,Minnesota Vikings,Carolina Panthers,160,Minnesota Vikings,-192,42.5,3.5,-110,-3.5,-110
1007,2026-09-08 13:26:00 EDT,26bf8e165d2d273ed0772a355f07ab16,2026-12-6,20:20,Houston Texans,Pittsburgh Steelers,Pittsburgh Steelers,105,Houston Texans,-125,41.5,-1.5,-110,1.5,-110
1008,2026-09-08 13:26:00 EDT,0db4646c964ecdff19957373fe707546,2026-12-7,20:15,Dallas Cowboys,Seattle Seahawks,Dallas Cowboys,185,Seattle Seahawks,-225,48.5,4.5,-110,-4.5,-110
1009,2026-09-08 13:26:00 EDT,01548e41e7ba5318bb25c9bc2a32f73d,2026-12-10,20:15,Minnesota Vikings,New England Patriots,Minnesota Vikings,185,New England Patriots,-225,43.5,4.5,-110,-4.5,-110
1010,2026-09-08 13:26:00 EDT,f7fba6b1804e02292ee0ce4738484258,2026-12-13,13:0,Atlanta Falcons,Cleveland Browns,Atlanta Falcons,105,Cleveland Browns,-125,40.5,1.5,-110,-1.5,-110
1011,2026-09-08 13:26:00 EDT,bec99e2f2b4c80e345731d69ee38d831,2026-12-13,13:0,Tampa Bay Buccaneers,Baltimore Ravens,Tampa Bay Buccaneers,210,Baltimore Ravens,-258,48.5,6.0,-110,-6.0,-110
1012,2026-09-08 13:26:00 EDT,dcc7b377d3b3ec990304612bbef47d3d,2026-12-13,13:0,New Orleans Saints,Carolina Panthers,New Orleans Saints,114,Carolina Panthers,-135,43.5,2.5,-110,-2.5,-110
1013,2026-09-08 13:26:00 EDT,2c6added7199a59f1e9dae8492c29da4,2026-12-13,13:0,Chicago Bears,Miami Dolphins,Miami Dolphins,200,Chicago Bears,-245,46.5,-5.5,-110,5.5,-110
1014,2026-09-08 13:26:00 EDT,5185ace33aebc87d39074147940f2fa5,2026-12-13,13:0,Denver Broncos,New York Jets,New York Jets,190,Denver Broncos,-230,39.5,-5.5,-110,5.5,-110
1015,2026-09-08 13:26:00 EDT,a31f461ccd92e1072f23ccfae281ae9a,2026-12-13,13:0,Tennessee Titans,Detroit Lions,Tennessee Titans,285,Detroit Lions,-360,47.5,7.5,-110,-7.5,-110
1016,2026-09-08 13:26:00 EDT,5dc9cb8fba610d682dc670ae4e7d59f3,2026-12-13,13:0,Houston Texans,Washington Commanders,Washington Commanders,102,Houston Texans,-122,44.5,-1.5,-110,1.5,-110
1017,2026-09-08 13:26:00 EDT,45203f985f8d1567ad19b0617dd267f8,2026-12-13,13:0,Indianapolis Colts,Philadelphia Eagles,Indianapolis Colts,200,Philadelphia Eagles,-245,46.5,5.5,-110,-5.5,-110
1018,2026-09-08 13:26:00 EDT,484c491dc1dee090d740ba077b7d9709,2026-12-13,16:5,Los Angeles Chargers,Las Vegas Raiders,Las Vegas Raiders,190,Los Angeles Chargers,-230,43.5,-5.5,-110,5.5,-110
1019,2026-09-08 13:26:00 EDT,180b5fa7ea6bd0d2d9ddb9ba5ee38cc0,2026-12-13,16:25,Kansas City Chiefs,Cincinnati Bengals,Kansas City Chiefs,105,Cincinnati Bengals,-125,48.5,1.5,-110,-1.5,-110
1020,2026-09-08 13:26:00 EDT,6174916c7e2df8d1b80a88cfbd259d44,2026-12-13,16:25,Los Angeles Rams,San Francisco 49ers,San Francisco 49ers,110,Los Angeles Rams,-130,49.5,-2.5,-105,2.5,-115
1021,2026-09-08 13:26:00 EDT,f5ab9d8455daf9e2a6c4c443fe0cd19f,2026-12-13,16:25,New York Giants,Seattle Seahawks,New York Giants,295,Seattle Seahawks,-375,45.5,7.5,-110,-7.5,-110
1022,2026-09-08 13:26:00 EDT,c4877c048defcb80e0ab37c0688f37f6,2026-12-13,20:20,Buffalo Bills,Green Bay Packers,Buffalo Bills,105,Green Bay Packers,-125,49.5,1.5,-110,-1.5,-110
1023,2026-09-08 13:26:00 EDT,690e2ee2ed5f0875f7cbaecdc51373f5,2026-12-14,20:15,Pittsburgh Steelers,Jacksonville Jaguars,Pittsburgh Steelers,136,Jacksonville Jaguars,-162,44.5,3.0,-110,-3.0,-110
1024,2026-09-08 13:26:00 EDT,790af233087803c297861901ffa271d7,2026-12-17,20:15,San Francisco 49ers,Los Angeles Chargers,San Francisco 49ers,120,Los Angeles Chargers,-142,47.5,2.5,-110,-2.5,-110
1025,2026-09-08 13:26:00 EDT,171aba127aaad3dcbe32a02fc194eb32,2026-12-19,17:0,Seattle Seahawks,Philadelphia Eagles,Seattle Seahawks,105,Philadelphia Eagles,-125,43.5,1.5,-110,-1.5,-110
1026,2026-09-08 13:26:00 EDT,784568b1df055bf7eb8780c110d5e910,2026-12-19,20:20,Chicago Bears,Buffalo Bills,Chicago Bears,154,Buffalo Bills,-185,51.5,3.5,-110,-3.5,-110
1027,2026-09-08 13:26:00 EDT,5931eee49f5f2656a5344e1388a68816,2026-12-20,13:0,Atlanta Falcons,Washington Commanders,Atlanta Falcons,154,Washington Commanders,-185,46.5,3.5,-110,-3.5,-110
1028,2026-09-08 13:26:00 EDT,2f4b1899c1c278947920e0254b682d90,2026-12-20,13:0,Baltimore Ravens,Pittsburgh Steelers,Pittsburgh Steelers,124,Baltimore Ravens,-148,46.5,-2.5,-120,2.5,100
1029,2026-09-08 13:26:00 EDT,000fc688beb4fc004ecdad115d9adb1c,2026-12-20,13:0,Cincinnati Bengals,Carolina Panthers,Carolina Panthers,124,Cincinnati Bengals,-148,47.5,-2.5,-120,2.5,100
1030,2026-09-08 13:26:00 EDT,1cb23c83ae4af84cffcdae6b31d06e83,2026-12-20,13:0,Cleveland Browns,New York Giants,Cleveland Browns,180,New York Giants,-218,40.5,4.5,-110,-4.5,-110
1031,2026-09-08 13:26:00 EDT,99719df35bc2efdcc72096f865ed8841,2026-12-20,13:0,Miami Dolphins,Green Bay Packers,Miami Dolphins,470,Green Bay Packers,-650,45.5,10.5,-110,-10.5,-110
1032,2026-09-08 13:26:00 EDT,29211b6e78461220a2833184233f70e5,2026-12-20,13:0,Jacksonville Jaguars,Houston Texans,Jacksonville Jaguars,136,Houston Texans,-162,43.5,3.0,-110,-3.0,-110
1033,2026-09-08 13:26:00 EDT,3b696c07ff6a1ef461d023a73db17584,2026-12-20,13:0,Indianapolis Colts,Tennessee Titans,Tennessee Titans,105,Indianapolis Colts,-125,47.5,-1.5,-110,1.5,-110
1034,2026-09-08 13:26:00 EDT,e15a91cebf3480ff0b93b4fbacb09797,2026-12-20,13:0,New Orleans Saints,Tampa Bay Buccaneers,New Orleans Saints,164,Tampa Bay Buccaneers,-198,45.5,3.5,-110,-3.5,-110
1035,2026-09-08 13:26:00 EDT,d8cd12e7684fa2aa39f5b188ef6e62e0,2026-12-20,16:5,New York Jets,Arizona Cardinals,New York Jets,-110,Arizona Cardinals,-110,41.5,-1.5,102,1.5,-122
1036,2026-09-08 13:26:00 EDT,77396e9d565860fbfd05779028223a8a,2026-12-20,16:25,Dallas Cowboys,Los Angeles Rams,Dallas Cowboys,200,Los Angeles Rams,-245,52.5,6.0,-110,-6.0,-110
1037,2026-09-08 13:26:00 EDT,9f507007b9c0a7082c1471a5fa841336,2026-12-20,16:25,Denver Broncos,Las Vegas Raiders,Las Vegas Raiders,170,Denver Broncos,-205,41.5,-4.5,-110,4.5,-110
1038,2026-09-08 13:26:00 EDT,b34897a0368d570291d44e176c0c2331,2026-12-20,20:20,Detroit Lions,Minnesota Vikings,Minnesota Vikings,105,Detroit Lions,-125,46.5,-1.5,-110,1.5,-110
1039,2026-09-08 13:26:00 EDT,b2759105c27a25289ea1938f290c50fd,2026-12-21,20:15,New England Patriots,Kansas City Chiefs,New England Patriots,120,Kansas City Chiefs,-142,45.5,2.5,-110,-2.5,-110
1040,2026-09-08 13:26:00 EDT,3f226ec5402c6ec4d84a59be80c2fa67,2026-12-24,20:15,Houston Texans,Philadelphia Eagles,Houston Texans,114,Philadelphia Eagles,-135,37.5,2.5,-112,-2.5,-108
1041,2026-09-08 13:26:00 EDT,2828c07018dfafbe96aba205809cc7ac,2026-12-25,13:0,Green Bay Packers,Chicago Bears,Green Bay Packers,-102,Chicago Bears,-118,47.5,1.5,-115,-1.5,-105
1042,2026-09-08 13:26:00 EDT,126f27c71e8130ef87de0d137e833d9b,2026-12-25,16:30,Buffalo Bills,Denver Broncos,Denver Broncos,110,Buffalo Bills,-130,46.5,-1.5,-115,1.5,-105
1043,2026-09-08 13:26:00 EDT,f1af9705dbd2bbe4f1555f080ad06ba2,2026-12-25,20:15,Los Angeles Rams,Seattle Seahawks,Los Angeles Rams,110,Seattle Seahawks,-130,47.5,1.5,-105,-1.5,-115
1044,2026-09-08 13:26:00 EDT,8fd00347b6d77ce384d83cba814430d7,2026-12-27,13:0,Arizona Cardinals,New Orleans Saints,Arizona Cardinals,205,New Orleans Saints,-250,44.5,5.5,-110,-5.5,-110
1045,2026-09-08 13:26:00 EDT,bd13d00f06ad222b0a1b6ea4d0add763,2026-12-27,13:0,Tampa Bay Buccaneers,Atlanta Falcons,Atlanta Falcons,105,Tampa Bay Buccaneers,-125,45.5,-1.5,-110,1.5,-110
1046,2026-09-08 13:26:00 EDT,0f23afce92c2f0af28973c0a7533763e,2026-12-27,13:0,Cleveland Browns,Baltimore Ravens,Cleveland Browns,330,Baltimore Ravens,-425,43.5,10.0,-110,-10.0,-110
1047,2026-09-08 13:26:00 EDT,74cb0e112d069cdbda1671ae85531f43,2026-12-27,13:0,Carolina Panthers,Pittsburgh Steelers,Carolina Panthers,160,Pittsburgh Steelers,-192,41.5,3.5,-110,-3.5,-110
1048,2026-09-08 13:26:00 EDT,ca8982dccb6c3ae01525800317287f02,2026-12-27,13:0,Cincinnati Bengals,Indianapolis Colts,Indianapolis Colts,105,Cincinnati Bengals,-125,52.5,-1.5,-110,1.5,-110
1049,2026-09-08 13:26:00 EDT,29425f5c68826d615277cf9be2b82e00,2026-12-27,13:0,Tennessee Titans,Las Vegas Raiders,Tennessee Titans,105,Las Vegas Raiders,-125,42.5,1.5,-110,-1.5,-110
1050,2026-09-08 13:26:00 EDT,fe2eb511d4c2da3a8e88b85b4f4e9f7e,2026-12-27,13:0,Los Angeles Chargers,Miami Dolphins,Miami Dolphins,285,Los Angeles Chargers,-360,45.5,-7.0,-112,7.0,-108
1051,2026-09-08 13:26:00 EDT,cf5cefa5556bcd0156bd394171ef6c8e,2026-12-27,13:0,Washington Commanders,Minnesota Vikings,Washington Commanders,114,Minnesota Vikings,-135,46.5,2.5,-110,-2.5,-110
1052,2026-09-08 13:26:00 EDT,669a7b568c2a64f9a136dadb0eda1da8,2026-12-27,13:0,New England Patriots,New York Jets,New York Jets,225,New England Patriots,-278,40.5,-6.5,-110,6.5,-110
1053,2026-09-08 13:26:00 EDT,fc7cce3ae7c73cc7151357829e11b6d5,2026-12-27,16:25,San Francisco 49ers,Kansas City Chiefs,San Francisco 49ers,136,Kansas City Chiefs,-162,46.5,3.0,-118,-3.0,-102
1054,2026-09-08 13:26:00 EDT,b1c4ec04c3398a9efa25492000858384,2026-12-27,20:20,Jacksonville Jaguars,Dallas Cowboys,Jacksonville Jaguars,136,Dallas Cowboys,-162,51.5,3.0,-118,-3.0,-102
1055,2026-09-08 13:26:00 EDT,ca92c191ebf7361ea56f9bbc09a5f51b,2026-12-28,20:15,New York Giants,Detroit Lions,New York Giants,170,Detroit Lions,-205,49.5,4.5,-110,-4.5,-110
1056,2026-09-08 13:26:00 EDT,be268ce293cf4fad1c0c867a3ca4c257,2026-12-31,20:15,Baltimore Ravens,Cincinnati Bengals,Baltimore Ravens,114,Cincinnati Bengals,-135,51.5,2.5,-110,-2.5,-110
1057,2026-09-08 13:26:00 EDT,e5dd9cc3fd5452d55c250949e946743d,2027-1-3,13:0,New Orleans Saints,Atlanta Falcons,New Orleans Saints,102,Atlanta Falcons,-122,44.5,1.5,-110,-1.5,-110
1058,2026-09-08 13:26:00 EDT,d9a186d988a3ede2a33e504f4890fe52,2027-1-3,13:0,Buffalo Bills,Miami Dolphins,Miami Dolphins,300,Buffalo Bills,-380,47.5,-7.5,-110,7.5,-110
1059,2026-09-08 13:26:00 EDT,b009f04b4f61b264a5163157c3439dc1,2027-1-3,13:0,Seattle Seahawks,Carolina Panthers,Carolina Panthers,200,Seattle Seahawks,-245,42.5,-5.5,-110,5.5,-110
1060,2026-09-08 13:26:00 EDT,f2e03f9b857485bb13211ee0f5eb5935,2027-1-3,13:0,Indianapolis Colts,Cleveland Browns,Cleveland Browns,114,Indianapolis Colts,-135,43.5,-2.5,-110,2.5,-110
1061,2026-09-08 13:26:00 EDT,c8945d476449633912cf51a346ac98ca,2027-1-3,13:0,New York Giants,Dallas Cowboys,New York Giants,180,Dallas Cowboys,-218,49.5,4.5,-110,-4.5,-110
1062,2026-09-08 13:26:00 EDT,f62dba1e231083f489c391271a1f171c,2027-1-3,13:0,Denver Broncos,New England Patriots,Denver Broncos,114,New England Patriots,-135,42.5,2.5,-110,-2.5,-110
1063,2026-09-08 13:26:00 EDT,c96a3e9e40569b4ed5a546dff131c61d,2027-1-3,13:0,Washington Commanders,Jacksonville Jaguars,Washington Commanders,154,Jacksonville Jaguars,-185,48.5,3.5,-110,-3.5,-110
1064,2026-09-08 13:26:00 EDT,419106b9bcc9f7ef39cfc2d1ee9a3f87,2027-1-3,13:0,Los Angeles Rams,Tampa Bay Buccaneers,Tampa Bay Buccaneers,180,Los Angeles Rams,-218,48.5,-4.5,-110,4.5,-110
1065,2026-09-08 13:26:00 EDT,bfe51fa0034c9d22a69ffd80e2d717f5,2027-1-3,13:0,Minnesota Vikings,New York Jets,New York Jets,154,Minnesota Vikings,-185,39.5,-3.5,-110,3.5,-110
1066,2026-09-08 13:26:00 EDT,d0ffa5ed13cbd7610f9176041464404a,2027-1-3,13:0,Pittsburgh Steelers,Tennessee Titans,Tennessee Titans,102,Pittsburgh Steelers,-122,42.5,-1.5,-110,1.5,-110
1067,2026-09-08 13:26:00 EDT,08abdb683fcb6d77f66baed136f47283,2027-1-3,16:5,Las Vegas Raiders,Arizona Cardinals,Arizona Cardinals,110,Las Vegas Raiders,-130,42.5,-1.5,-115,1.5,-105
1068,2026-09-08 13:26:00 EDT,12089441cea51add4694cdde98b4a5b7,2027-1-3,16:25,Detroit Lions,Chicago Bears,Detroit Lions,102,Chicago Bears,-122,49.5,1.5,-110,-1.5,-110
1069,2026-09-08 13:26:00 EDT,67d842cb73300ef923959105698b63bb,2027-1-3,16:25,Kansas City Chiefs,Los Angeles Chargers,Kansas City Chiefs,105,Los Angeles Chargers,-125,45.5,1.5,-110,-1.5,-110
1070,2026-09-08 13:26:00 EDT,e7820b1226edbb1ef1fddce6b20f963d,2027-1-3,20:20,Philadelphia Eagles,San Francisco 49ers,Philadelphia Eagles,105,San Francisco 49ers,-125,45.5,1.5,-110,-1.5,-110
1071,2026-09-08 13:26:00 EDT,37bc346543da471e067b695b862ccfe9,2027-1-4,20:15,Houston Texans,Green Bay Packers,Houston Texans,114,Green Bay Packers,-135,42.5,2.5,-110,-2.5,-110
1072,2026-09-08 13:26:00 EDT,7f809a45bc8baedf0cb0259e7da7cd29,2027-1-10,13:0,Atlanta Falcons,Carolina Panthers,Atlanta Falcons,114,Carolina Panthers,-135,41.5,2.5,-110,-2.5,-110
1073,2026-09-08 13:26:00 EDT,d7da5587a88a7fc35c36b453d3264d5a,2027-1-10,13:0,Pittsburgh Steelers,Baltimore Ravens,Pittsburgh Steelers,190,Baltimore Ravens,-230,43.5,5.5,-110,-5.5,-110
1074,2026-09-08 13:26:00 EDT,97cbd9ad26dff1af47192120defe112d,2027-1-10,13:0,New York Jets,Buffalo Bills,New York Jets,360,Buffalo Bills,-470,43.5,10.0,-110,-10.0,-110
1075,2026-09-08 13:26:00 EDT,d190fb7ea85c33b96a495041dad22142,2027-1-10,13:0,Chicago Bears,Minnesota Vikings,Chicago Bears,102,Minnesota Vikings,-122,43.5,1.5,-110,-1.5,-110
1076,2026-09-08 13:26:00 EDT,8c16104c8afc72b583531508b2aa1c33,2027-1-10,13:0,Cleveland Browns,Cincinnati Bengals,Cleveland Browns,285,Cincinnati Bengals,-360,43.5,7.5,-110,-7.5,-110
1077,2026-09-08 13:26:00 EDT,3f460f14b810d7bf642bdf7b658530c0,2027-1-10,13:0,Dallas Cowboys,Washington Commanders,Washington Commanders,102,Dallas Cowboys,-122,49.5,-1.5,-110,1.5,-110
1078,2026-09-08 13:26:00 EDT,71d0d10e384393c1e071c39dd3931c19,2027-1-10,13:0,Los Angeles Chargers,Denver Broncos,Los Angeles Chargers,102,Denver Broncos,-122,41.5,1.5,-110,-1.5,-110
1079,2026-09-08 13:26:00 EDT,8f81778bbdb984be44e24a3d55a49b4d,2027-1-10,13:0,Detroit Lions,Green Bay Packers,Detroit Lions,114,Green Bay Packers,-135,47.5,2.5,-110,-2.5,-110
1080,2026-09-08 13:26:00 EDT,9bb63096709ba607443c454d2a813b14,2027-1-10,13:0,Tennessee Titans,Houston Texans,Tennessee Titans,240,Houston Texans,-298,39.5,7.0,-110,-7.0,-110
1081,2026-09-08 13:26:00 EDT,bea47af467e217653bba8d69888e4d95,2027-1-10,13:0,Jacksonville Jaguars,Indianapolis Colts,Jacksonville Jaguars,102,Indianapolis Colts,-122,46.5,1.5,-110,-1.5,-110
1082,2026-09-08 13:26:00 EDT,bb66a6f02c535c0cd8b9c689a5513687,2027-1-10,13:0,Las Vegas Raiders,Kansas City Chiefs,Las Vegas Raiders,300,Kansas City Chiefs,-380,40.5,8.5,-110,-8.5,-110
1083,2026-09-08 13:26:00 EDT,f370f9410ef82b37bd15d1719434370b,2027-1-10,13:0,Miami Dolphins,New England Patriots,Miami Dolphins,425,New England Patriots,-575,42.5,10.5,-110,-10.5,-110
1084,2026-09-08 13:26:00 EDT,7b8ce34c0e173e4ff6ccf8e8caa09113,2027-1-10,13:0,Tampa Bay Buccaneers,New Orleans Saints,New Orleans Saints,102,Tampa Bay Buccaneers,-122,43.5,-1.5,-110,1.5,-110
1085,2026-09-08 13:26:00 EDT,01baed6f9d6482c5d89d37379c7c63c7,2027-1-10,13:0,Philadelphia Eagles,New York Giants,New York Giants,130,Philadelphia Eagles,-155,41.5,-3.0,-110,3.0,-110
1086,2026-09-08 13:26:00 EDT,f1480276ab67dcf60686556ba9336695,2027-1-10,16:5,San Francisco 49ers,Arizona Cardinals,Arizona Cardinals,320,San Francisco 49ers,-410,44.5,-8.5,-110,8.5,-110
1087,2026-09-08 13:26:00 EDT,dc2d9177b48e6f3962dabb1407aba7d3,2027-1-10,16:5,Seattle Seahawks,Los Angeles Rams,Seattle Seahawks,130,Los Angeles Rams,-155,44.5,3.0,-110,-3.0,-110
1088,2026-09-09 10:44:35 EDT,8c94552d022acec4a0458d70c19d3da9,2026-9-9,20:20,New England Patriots,Seattle Seahawks,New England Patriots,142,Seattle Seahawks,-170,44.5,3.0,100,-3.0,-120
1089,2026-09-09 10:44:35 EDT,acc580d74344ea3b31bbcdd057fe6a9c,2026-9-10,20:35,San Francisco 49ers,Los Angeles Rams,San Francisco 49ers,164,Los Angeles Rams,-198,48.5,3.5,-102,-3.5,-118
1090,2026-09-09 10:44:35 EDT,95c01d1bb797d6df14824b106c5a9130,2026-9-13,13:0,Atlanta Falcons,Pittsburgh Steelers,Atlanta Falcons,154,Pittsburgh Steelers,-185,42.5,3.5,-108,-3.5,-112
1091,2026-09-09 10:44:35 EDT,b6cfdcbafa61ce220ba87dc2d9b80c77,2026-9-13,13:0,Baltimore Ravens,Indianapolis Colts,Indianapolis Colts,145,Baltimore Ravens,-175,47.5,-3.5,-105,3.5,-115
1092,2026-09-09 10:44:35 EDT,7e09efed7e12c659b82740b67ce2f9a1,2026-9-13,13:0,Buffalo Bills,Houston Texans,Houston Texans,-102,Buffalo Bills,-118,44.5,-1.5,-102,1.5,-118
1093,2026-09-09 10:44:35 EDT,fc362aff0d889ec52d358307a70c32ed,2026-9-13,13:0,Chicago Bears,Carolina Panthers,Carolina Panthers,136,Chicago Bears,-162,46.5,-3.0,-118,3.0,-102
1094,2026-09-09 10:44:35 EDT,ed6d24ff979f9c71979fead577b0b3f7,2026-9-13,13:0,Tampa Bay Buccaneers,Cincinnati Bengals,Tampa Bay Buccaneers,170,Cincinnati Bengals,-205,50.5,3.5,-108,-3.5,-112
1095,2026-09-09 10:44:35 EDT,e55c6fe19fce094ce214c8b0e5b504e9,2026-9-13,13:0,Cleveland Browns,Jacksonville Jaguars,Cleveland Browns,360,Jacksonville Jaguars,-470,40.5,8.5,-110,-8.5,-110
1096,2026-09-09 10:44:35 EDT,c1d3fcec25aaeb06ebd2244d33d338e0,2026-9-13,13:0,New Orleans Saints,Detroit Lions,New Orleans Saints,250,Detroit Lions,-310,49.5,7.0,-112,-7.0,-108
1097,2026-09-09 10:44:35 EDT,7dddb296a42e7a41a774b24bd1709ce1,2026-9-13,13:0,New York Jets,Tennessee Titans,New York Jets,102,Tennessee Titans,-122,39.5,1.5,-110,-1.5,-110
1098,2026-09-09 10:44:35 EDT,1edfa5ceaa1ad2cb57df1c1b908731f6,2026-9-13,16:25,Arizona Cardinals,Los Angeles Chargers,Arizona Cardinals,390,Los Angeles Chargers,-520,47.5,9.5,-105,-9.5,-115
1099,2026-09-09 10:44:35 EDT,cb77efed7e711d25a72c1a2a0a1af119,2026-9-13,16:25,Green Bay Packers,Minnesota Vikings,Green Bay Packers,102,Minnesota Vikings,-122,46.5,1.5,-108,-1.5,-112
1100,2026-09-09 10:44:35 EDT,c5d95f48a16849ab6bebc68fbbfcb74a,2026-9-13,16:25,Miami Dolphins,Las Vegas Raiders,Miami Dolphins,154,Las Vegas Raiders,-185,40.5,3.5,-115,-3.5,-105
1101,2026-09-09 10:44:35 EDT,17885cb8dcade8f6c3bce14b2de805e8,2026-9-13,16:25,Washington Commanders,Philadelphia Eagles,Washington Commanders,180,Philadelphia Eagles,-218,44.5,5.5,-112,-5.5,-108
1102,2026-09-09 10:44:35 EDT,3e646c7479c57f5d9752d8c7dfe7059b,2026-9-13,20:20,Dallas Cowboys,New York Giants,New York Giants,136,Dallas Cowboys,-162,48.5,-3.0,-105,3.0,-115
1103,2026-09-09 10:44:35 EDT,5ad8135dc2b5f27de0b777acd317855a,2026-9-14,20:15,Denver Broncos,Kansas City Chiefs,Denver Broncos,130,Kansas City Chiefs,-155,43.5,2.5,100,-2.5,-120
1104,2026-09-09 10:44:35 EDT,56e8897681915f7ec92baeee952bb1ae,2026-9-17,20:15,Detroit Lions,Buffalo Bills,Detroit Lions,136,Buffalo Bills,-162,52.5,3.0,-110,-3.0,-110
1105,2026-09-09 10:44:35 EDT,aee7eae1849ebb103b9bf233e9741392,2026-9-20,13:0,Carolina Panthers,Atlanta Falcons,Carolina Panthers,105,Atlanta Falcons,-125,44.5,1.5,-110,-1.5,-110
1106,2026-09-09 10:44:35 EDT,2143ade9684fd876b68a4e8cbf451f05,2026-9-20,13:0,New Orleans Saints,Baltimore Ravens,New Orleans Saints,280,Baltimore Ravens,-355,46.5,7.5,-110,-7.5,-110
1107,2026-09-09 10:44:35 EDT,0283a29e1b38ef78b29b904fd56a16dd,2026-9-20,13:0,Minnesota Vikings,Chicago Bears,Minnesota Vikings,140,Chicago Bears,-166,45.5,3.0,-110,-3.0,-110
1108,2026-09-09 10:44:35 EDT,36ad2fa722f4915ef23d2c81351261de,2026-9-20,13:0,Cincinnati Bengals,Houston Texans,Cincinnati Bengals,124,Houston Texans,-148,45.5,2.5,-102,-2.5,-118
1109,2026-09-09 10:44:35 EDT,0636ebff776d43f8c829a36713c80b22,2026-9-20,13:0,Cleveland Browns,Tampa Bay Buccaneers,Cleveland Browns,225,Tampa Bay Buccaneers,-278,42.5,6.5,-110,-6.5,-110
1110,2026-09-09 10:44:35 EDT,4aeee070bb6ec60bdfae4dede61b9014,2026-9-20,13:0,Green Bay Packers,New York Jets,New York Jets,200,Green Bay Packers,-245,42.5,-5.5,-110,5.5,-110
1111,2026-09-09 10:44:35 EDT,9d14f87600f6edc74dbcb5c74edf6246,2026-9-20,13:0,Pittsburgh Steelers,New England Patriots,Pittsburgh Steelers,180,New England Patriots,-218,43.5,4.5,-110,-4.5,-110
1112,2026-09-09 10:44:35 EDT,fafc649c455e32a0f2ba1bd06e2039bc,2026-9-20,13:0,Philadelphia Eagles,Tennessee Titans,Tennessee Titans,190,Philadelphia Eagles,-230,42.5,-5.5,-110,5.5,-110
1113,2026-09-09 10:44:35 EDT,1fd6628c781f556a7a19638e97d7107f,2026-9-20,16:5,Jacksonville Jaguars,Denver Broncos,Jacksonville Jaguars,130,Denver Broncos,-155,43.5,3.0,-110,-3.0,-110
1114,2026-09-09 10:44:35 EDT,71b3b83747589efdc5baef2c5cf811bf,2026-9-20,16:5,Las Vegas Raiders,Los Angeles Chargers,Las Vegas Raiders,285,Los Angeles Chargers,-360,42.5,8.5,-110,-8.5,-110
1115,2026-09-09 10:44:35 EDT,4dd8020192a544385db42374e5555303,2026-9-20,16:25,Seattle Seahawks,Arizona Cardinals,Arizona Cardinals,410,Seattle Seahawks,-550,44.5,-10.0,-110,10.0,-110
1116,2026-09-09 10:44:35 EDT,85ef85098ddd22fe4ecf45e7e3c0a9c0,2026-9-20,16:25,Washington Commanders,Dallas Cowboys,Washington Commanders,170,Dallas Cowboys,-205,51.5,4.5,-115,-4.5,-105
1117,2026-09-09 10:44:35 EDT,68bc55903f50af4af4766adcc89fcc61,2026-9-20,16:25,Miami Dolphins,San Francisco 49ers,Miami Dolphins,490,San Francisco 49ers,-675,46.5,10.5,-110,-10.5,-110
1118,2026-09-09 10:44:35 EDT,50bc247030707d823b9c3581d7eb5760,2026-9-20,20:20,Indianapolis Colts,Kansas City Chiefs,Indianapolis Colts,250,Kansas City Chiefs,-310,47.5,6.5,-110,-6.5,-110
1119,2026-09-09 10:44:35 EDT,32367f882fac1a0c20a6335619922025,2026-9-21,20:15,New York Giants,Los Angeles Rams,New York Giants,370,Los Angeles Rams,-485,48.5,9.5,-108,-9.5,-112
1120,2026-09-09 10:44:35 EDT,e5fbd3b3953b896b1bf897ddadb3cc4b,2026-9-24,20:15,Atlanta Falcons,Green Bay Packers,Atlanta Falcons,295,Green Bay Packers,-375,46.5,7.5,-110,-7.5,-110
1121,2026-09-09 10:44:35 EDT,b225458a282e140c44c45651255f2f6c,2026-9-27,13:0,Los Angeles Chargers,Buffalo Bills,Los Angeles Chargers,136,Buffalo Bills,-162,48.5,3.0,-110,-3.0,-110
1122,2026-09-09 10:44:35 EDT,613b8cd3a5fab58f7be4e3fd6f76223e,2026-9-27,13:0,Carolina Panthers,Cleveland Browns,Cleveland Browns,102,Carolina Panthers,-122,39.5,-1.5,-110,1.5,-110
1123,2026-09-09 10:44:35 EDT,71123be049587b6facce3a20c53e5d09,2026-9-27,13:0,Cincinnati Bengals,Pittsburgh Steelers,Pittsburgh Steelers,105,Cincinnati Bengals,-125,46.5,-1.5,-110,1.5,-110
1124,2026-09-09 10:44:35 EDT,07f552badfa8a565d1be22123713e4da,2026-9-27,13:0,New York Jets,Detroit Lions,New York Jets,320,Detroit Lions,-410,45.5,9.5,-110,-9.5,-110
1125,2026-09-09 10:44:35 EDT,17a730b7d399feeab6a78c30767c29d2,2026-9-27,13:0,Houston Texans,Indianapolis Colts,Indianapolis Colts,102,Houston Texans,-122,45.5,-1.5,-110,1.5,-110
1126,2026-09-09 10:44:35 EDT,0339a0e41bcee12820eb3e64bb5fadb4,2026-9-27,13:0,Kansas City Chiefs,Miami Dolphins,Miami Dolphins,340,Kansas City Chiefs,-440,44.5,-7.5,-110,7.5,-110
1127,2026-09-09 10:44:35 EDT,555afd4a27aaa392662881cffa8f2eef,2026-9-27,13:0,Tennessee Titans,New York Giants,Tennessee Titans,140,New York Giants,-166,44.5,3.0,-105,-3.0,-115
1128,2026-09-09 10:44:35 EDT,2a529c108305ffa049d8b6cfdbaa4d36,2026-9-27,13:0,Seattle Seahawks,Washington Commanders,Washington Commanders,160,Seattle Seahawks,-192,46.5,-3.5,-110,3.5,-110
1129,2026-09-09 10:44:35 EDT,9d2b09e0f9b6dd5ce0d985894f4f98fa,2026-9-27,16:5,Arizona Cardinals,San Francisco 49ers,Arizona Cardinals,470,San Francisco 49ers,-650,46.5,11.5,-110,-11.5,-110
1130,2026-09-09 10:44:35 EDT,f1724dead3eab61546033032fc782375,2026-9-27,16:5,Minnesota Vikings,Tampa Bay Buccaneers,Minnesota Vikings,105,Tampa Bay Buccaneers,-125,44.5,1.5,-110,-1.5,-110
1131,2026-09-09 10:44:35 EDT,84cfca14efc21363fd605508404cf1ff,2026-9-27,16:25,Baltimore Ravens,Dallas Cowboys,Dallas Cowboys,114,Baltimore Ravens,-135,51.5,-2.5,-110,2.5,-110
1132,2026-09-09 10:44:35 EDT,2e523fcb0497aa689473e290eb2b97de,2026-9-27,16:25,Las Vegas Raiders,New Orleans Saints,Las Vegas Raiders,154,New Orleans Saints,-185,42.5,3.5,-110,-3.5,-110
1133,2026-09-09 10:44:35 EDT,3bfd8bfb4b8e9a365a0877879b73b16b,2026-9-27,20:20,Los Angeles Rams,Denver Broncos,Denver Broncos,130,Los Angeles Rams,-155,45.5,-3.0,-110,3.0,-110
1134,2026-09-09 10:44:35 EDT,47dc7baa254659f3beb2ed2b38c207b6,2026-9-28,20:15,Philadelphia Eagles,Chicago Bears,Philadelphia Eagles,-102,Chicago Bears,-118,46.5,1.5,-115,-1.5,-105
1135,2026-09-09 10:44:35 EDT,d55cb69fed50a09170560b5b75d8de86,2026-10-1,20:15,Pittsburgh Steelers,Cleveland Browns,Cleveland Browns,114,Pittsburgh Steelers,-135,40.5,-2.5,-110,2.5,-110
1136,2026-09-09 10:44:35 EDT,c9d8ed8aa4889486eaf10a630138ede0,2026-10-4,9:30,Indianapolis Colts,Washington Commanders,Indianapolis Colts,-102,Washington Commanders,-118,50.5,1.5,-115,-1.5,-105
1137,2026-09-09 10:44:35 EDT,664e6bda5721dc63be16bcf7d962a436,2026-10-4,13:0,Arizona Cardinals,New York Giants,Arizona Cardinals,260,New York Giants,-325,45.5,7.0,-110,-7.0,-110
1138,2026-09-09 10:44:35 EDT,f01589b0e7e6dd4f4ac1220a1db81f53,2026-10-4,13:0,Tennessee Titans,Baltimore Ravens,Tennessee Titans,310,Baltimore Ravens,-395,47.5,8.5,-110,-8.5,-110
1139,2026-09-09 10:44:35 EDT,573cc0ef39631a4f6673ec843a8bedd4,2026-10-4,13:0,New England Patriots,Buffalo Bills,New England Patriots,136,Buffalo Bills,-162,49.5,3.0,-110,-3.0,-110
1140,2026-09-09 10:44:35 EDT,164e6eb68f31bac190381903c3cccd31,2026-10-4,13:0,New York Jets,Chicago Bears,New York Jets,330,Chicago Bears,-425,45.5,8.5,-110,-8.5,-110
1141,2026-09-09 10:44:35 EDT,2ea94ddf20f66432b9024fe2e2eaba5f,2026-10-4,13:0,Jacksonville Jaguars,Cincinnati Bengals,Jacksonville Jaguars,114,Cincinnati Bengals,-135,51.5,2.5,-110,-2.5,-110
1142,2026-09-09 10:44:35 EDT,daf55e2df5341c007fee5a0fc5bbc2d4,2026-10-4,13:0,Dallas Cowboys,Houston Texans,Dallas Cowboys,114,Houston Texans,-135,47.5,2.5,-110,-2.5,-110
1143,2026-09-09 10:44:35 EDT,99a9bae4dc0dc2590496bd3102b211f2,2026-10-4,13:0,Green Bay Packers,Tampa Bay Buccaneers,Tampa Bay Buccaneers,105,Green Bay Packers,-125,47.5,-1.5,-110,1.5,-110
1144,2026-09-09 10:44:35 EDT,1b4f2e60ce83fa1d63a5dff83769d27c,2026-10-4,13:0,Los Angeles Rams,Philadelphia Eagles,Philadelphia Eagles,105,Los Angeles Rams,-125,47.5,-1.5,-110,1.5,-110
1145,2026-09-09 10:44:35 EDT,c327223d76a3b7b0db8c6c104442f44b,2026-10-4,16:5,Miami Dolphins,Minnesota Vikings,Miami Dolphins,320,Minnesota Vikings,-410,43.5,7.5,-110,-7.5,-110
1146,2026-09-09 10:44:35 EDT,a7e7efb75a9792ac63480ae6328dca18,2026-10-4,16:25,Denver Broncos,San Francisco 49ers,Denver Broncos,114,San Francisco 49ers,-135,46.5,2.5,-110,-2.5,-110
1147,2026-09-09 10:44:35 EDT,e0cbd266dcf997089203a1b33ba0333d,2026-10-4,16:25,Kansas City Chiefs,Las Vegas Raiders,Las Vegas Raiders,205,Kansas City Chiefs,-250,43.5,-5.5,-110,5.5,-110
1148,2026-09-09 10:44:35 EDT,96d2373cda647873b971f268482bced0,2026-10-4,16:25,Los Angeles Chargers,Seattle Seahawks,Los Angeles Chargers,145,Seattle Seahawks,-175,45.5,3.0,-105,-3.0,-115
1149,2026-09-09 10:44:35 EDT,a73a76599a4f3422803e57bd8f61b626,2026-10-4,20:20,Detroit Lions,Carolina Panthers,Carolina Panthers,136,Detroit Lions,-162,47.5,-3.0,-110,3.0,-110
1150,2026-09-09 10:44:35 EDT,8bd90781e17e6d97df3941063cedae1e,2026-10-5,20:15,Atlanta Falcons,New Orleans Saints,Atlanta Falcons,114,New Orleans Saints,-135,45.5,2.5,-110,-2.5,-110
1151,2026-09-09 10:44:35 EDT,259b5df9aa0d10257f56de78523495e0,2026-10-8,20:15,Tampa Bay Buccaneers,Dallas Cowboys,Tampa Bay Buccaneers,170,Dallas Cowboys,-205,52.5,3.5,-110,-3.5,-110
1152,2026-09-09 10:44:35 EDT,21b26266f3d78af02eb672e606275d95,2026-10-11,9:30,Philadelphia Eagles,Jacksonville Jaguars,Jacksonville Jaguars,105,Philadelphia Eagles,-125,45.5,-1.5,-110,1.5,-110
1153,2026-09-09 10:44:35 EDT,c4647ca1201e6768501877267ca8251b,2026-10-11,13:0,Cincinnati Bengals,Miami Dolphins,Miami Dolphins,220,Cincinnati Bengals,-270,49.5,-6.0,-110,6.0,-110
1154,2026-09-09 10:44:35 EDT,9db4ed15fe34fca1fb62f040cd244591,2026-10-11,13:0,Cleveland Browns,New York Jets,Cleveland Browns,110,New York Jets,-130,39.5,1.5,-105,-1.5,-115
1155,2026-09-09 10:44:35 EDT,cc52bba56e74f5cddbe9011046181c3d,2026-10-11,13:0,Houston Texans,Tennessee Titans,Tennessee Titans,154,Houston Texans,-185,43.5,-3.5,-110,3.5,-110
1156,2026-09-09 10:44:35 EDT,448d7cf18c6db4c811ed82ded1b72867,2026-10-11,13:0,Indianapolis Colts,Pittsburgh Steelers,Indianapolis Colts,120,Pittsburgh Steelers,-142,47.5,2.5,-110,-2.5,-110
1157,2026-09-09 10:44:35 EDT,6b024bad1abb54f597225e4ab9b39d89,2026-10-11,13:0,Las Vegas Raiders,New England Patriots,Las Vegas Raiders,310,New England Patriots,-395,44.5,8.5,-110,-8.5,-110
1158,2026-09-09 10:44:35 EDT,2cda9bf0fbe35a2735f0dd8aaafe9eff,2026-10-11,13:0,Minnesota Vikings,New Orleans Saints,New Orleans Saints,105,Minnesota Vikings,-125,44.5,-1.5,-110,1.5,-110
1159,2026-09-09 10:44:35 EDT,fbffd0b7722fd81d68d5d62472dc80e8,2026-10-11,13:0,New York Giants,Washington Commanders,New York Giants,110,Washington Commanders,-130,48.5,1.5,-105,-1.5,-115
1160,2026-09-09 10:44:35 EDT,d1d408fdfd272046fb517fe992a1c5a0,2026-10-11,16:5,Denver Broncos,Los Angeles Chargers,Denver Broncos,114,Los Angeles Chargers,-135,44.5,2.5,-110,-2.5,-110
1161,2026-09-09 10:44:35 EDT,f8e7f43f73aa983c5c99c189587f0118,2026-10-11,16:25,Detroit Lions,Arizona Cardinals,Arizona Cardinals,310,Detroit Lions,-395,48.5,-8.5,-110,8.5,-110
1162,2026-09-09 10:44:35 EDT,2caea57b1e5cfbba1334cfbfd46f6771,2026-10-11,16:25,Chicago Bears,Green Bay Packers,Chicago Bears,140,Green Bay Packers,-166,49.5,3.0,-110,-3.0,-110
1163,2026-09-09 10:44:35 EDT,8e5d515b10d8a5ffb324640ed60bcc55,2026-10-11,16:25,San Francisco 49ers,Seattle Seahawks,San Francisco 49ers,170,Seattle Seahawks,-205,48.5,3.5,-110,-3.5,-110
1164,2026-09-09 10:44:35 EDT,86457f91112732f21ad4bb7d37bd291c,2026-10-11,20:20,Baltimore Ravens,Atlanta Falcons,Atlanta Falcons,170,Baltimore Ravens,-205,48.5,-4.5,-110,4.5,-110
1165,2026-09-09 10:44:35 EDT,e6d00eedd87d367e510314bd8cab8f6f,2026-10-12,20:15,Buffalo Bills,Los Angeles Rams,Buffalo Bills,140,Los Angeles Rams,-166,53.5,3.0,-110,-3.0,-110
1166,2026-09-09 10:44:35 EDT,855f58fad5f0f14b239f4f63df27998b,2026-10-15,20:15,Seattle Seahawks,Denver Broncos,Denver Broncos,110,Seattle Seahawks,-130,43.5,-2.5,-105,2.5,-115
1167,2026-09-09 10:44:35 EDT,57418b2cf5aca558b3c98eafac1e264a,2026-10-18,9:30,Houston Texans,Jacksonville Jaguars,Houston Texans,-108,Jacksonville Jaguars,-112,42.5,1.5,-122,-1.5,102
1168,2026-09-09 10:44:35 EDT,7c312fdf24fb35f58b0e07c2932cc997,2026-10-18,13:0,Chicago Bears,Atlanta Falcons,Atlanta Falcons,130,Chicago Bears,-155,47.5,-3.0,-110,3.0,-110
1169,2026-09-09 10:44:35 EDT,e86227938fd3cf008fc5648fb5128344,2026-10-18,13:0,Baltimore Ravens,Cleveland Browns,Cleveland Browns,205,Baltimore Ravens,-250,44.5,-6.5,-110,6.5,-110
1170,2026-09-09 10:44:35 EDT,caca2d752fe1a1779029082e95332fcc,2026-10-18,13:0,Carolina Panthers,Philadelphia Eagles,Carolina Panthers,230,Philadelphia Eagles,-285,43.5,6.5,-110,-6.5,-110
1171,2026-09-09 10:44:35 EDT,84aa9e190e625d7e9cd67e1f157a45b4,2026-10-18,13:0,Tennessee Titans,Indianapolis Colts,Tennessee Titans,164,Indianapolis Colts,-198,47.5,3.5,-110,-3.5,-110
1172,2026-09-09 10:44:35 EDT,0b0b582b32b09ab6ff6664ffae0c9653,2026-10-18,13:0,New York Jets,New England Patriots,New York Jets,330,New England Patriots,-425,42.5,9.5,-110,-9.5,-110
1173,2026-09-09 10:44:35 EDT,1cf74afd313e9fd300e1462012b174cb,2026-10-18,13:0,New Orleans Saints,New York Giants,New Orleans Saints,120,New York Giants,-142,44.5,2.5,-110,-2.5,-110
1174,2026-09-09 10:44:35 EDT,27f3994841ce8081c0b7349cf3d1e3d7,2026-10-18,13:0,Pittsburgh Steelers,Tampa Bay Buccaneers,Pittsburgh Steelers,105,Tampa Bay Buccaneers,-125,45.5,1.5,-110,-1.5,-110
1175,2026-09-09 10:44:35 EDT,3729ac6d2a66b642850caf2044cdc658,2026-10-18,16:5,Arizona Cardinals,Los Angeles Rams,Arizona Cardinals,525,Los Angeles Rams,-750,47.5,13.5,-108,-13.5,-112
1176,2026-09-09 10:44:35 EDT,45b2690b350ed45145c7a716b18e8e66,2026-10-18,16:25,Buffalo Bills,Las Vegas Raiders,Las Vegas Raiders,215,Buffalo Bills,-265,47.5,-6.5,-110,6.5,-110
1177,2026-09-09 10:44:35 EDT,20fefae8c296247460ba5773caa42218,2026-10-18,16:25,Los Angeles Chargers,Kansas City Chiefs,Los Angeles Chargers,120,Kansas City Chiefs,-142,46.5,2.5,-110,-2.5,-110
1178,2026-09-09 10:44:35 EDT,82fd5a159fa130e67abab93a9537f70b,2026-10-18,20:20,Dallas Cowboys,Green Bay Packers,Dallas Cowboys,140,Green Bay Packers,-166,51.5,3.0,-110,-3.0,-110
1179,2026-09-09 10:44:35 EDT,f122527f003276d3bca19efa48c902c1,2026-10-19,20:15,Washington Commanders,San Francisco 49ers,Washington Commanders,200,San Francisco 49ers,-245,50.5,5.5,-110,-5.5,-110
1180,2026-09-09 10:44:35 EDT,ffebea881c1d7b2dfb85b3e590c35985,2026-10-22,20:15,New England Patriots,Chicago Bears,New England Patriots,105,Chicago Bears,-125,47.5,1.5,-110,-1.5,-110
1181,2026-09-09 10:44:35 EDT,2e710ea5a306b614f0f966e3d78732f8,2026-10-25,9:30,Pittsburgh Steelers,New Orleans Saints,New Orleans Saints,120,Pittsburgh Steelers,-142,42.5,-2.5,-110,2.5,-110
1182,2026-09-09 10:44:35 EDT,b1be064fb52a198a62109c279e7ab24c,2026-10-25,13:0,San Francisco 49ers,Atlanta Falcons,Atlanta Falcons,185,San Francisco 49ers,-225,47.5,-4.5,-110,4.5,-110
1183,2026-09-09 10:44:35 EDT,550ec5290f935d311995affbcb0b5c79,2026-10-25,13:0,Cincinnati Bengals,Baltimore Ravens,Cincinnati Bengals,154,Baltimore Ravens,-185,51.5,3.5,-110,-3.5,-110
1184,2026-09-09 10:44:35 EDT,2823e986597c449ab94126cd5ed3fae9,2026-10-25,13:0,Tampa Bay Buccaneers,Carolina Panthers,Carolina Panthers,105,Tampa Bay Buccaneers,-125,45.5,-1.5,-110,1.5,-110
1185,2026-09-09 10:44:35 EDT,5dce18baccec5d3ad5fb3a3ce52f7619,2026-10-25,13:0,Cleveland Browns,Tennessee Titans,Cleveland Browns,114,Tennessee Titans,-135,40.5,2.5,-110,-2.5,-110
1186,2026-09-09 10:44:35 EDT,2bba7fde6f97d0e54403d53676e4ab63,2026-10-25,13:0,New York Giants,Houston Texans,New York Giants,200,Houston Texans,-245,43.5,5.5,-110,-5.5,-110
1187,2026-09-09 10:44:35 EDT,f3992ad4496724baf7dcd1ef58245d6b,2026-10-25,13:0,Indianapolis Colts,Minnesota Vikings,Indianapolis Colts,120,Minnesota Vikings,-142,46.5,2.5,-110,-2.5,-110
1188,2026-09-09 10:44:35 EDT,be5dd120ca08b43d647b6caa8953500a,2026-10-25,13:0,Miami Dolphins,New York Jets,Miami Dolphins,120,New York Jets,-142,41.5,2.5,-110,-2.5,-110
1189,2026-09-09 10:44:35 EDT,436119bb3ccdaa6ed7808aa3ebd82b76,2026-10-25,16:5,Denver Broncos,Arizona Cardinals,Arizona Cardinals,295,Denver Broncos,-375,43.5,-7.5,-110,7.5,-110
1190,2026-09-09 10:44:35 EDT,e8e5715eefb6a9ce64765e9ddf49c0cc,2026-10-25,16:25,Green Bay Packers,Detroit Lions,Green Bay Packers,120,Detroit Lions,-142,50.5,2.5,-110,-2.5,-110
1191,2026-09-09 10:44:35 EDT,f7679cf18454e4d88a8f2b990c3f08ac,2026-10-25,16:25,Los Angeles Rams,Las Vegas Raiders,Las Vegas Raiders,275,Los Angeles Rams,-345,46.5,-7.5,-110,7.5,-110
1192,2026-09-09 10:44:35 EDT,176d474ed8b2bbf1eb4d7e9c56b4bf22,2026-10-25,20:20,Kansas City Chiefs,Seattle Seahawks,Kansas City Chiefs,145,Seattle Seahawks,-175,45.5,3.0,-110,-3.0,-110
1193,2026-09-09 10:44:35 EDT,4853610e63c246f2027a6a248e642c9a,2026-10-26,20:15,Dallas Cowboys,Philadelphia Eagles,Dallas Cowboys,136,Philadelphia Eagles,-162,48.5,3.0,-110,-3.0,-110
1194,2026-09-09 10:44:35 EDT,ab2865e9f2d4b012de8bc6fb6de11a7c,2026-10-29,20:15,Carolina Panthers,Green Bay Packers,Carolina Panthers,275,Green Bay Packers,-345,45.5,7.0,-110,-7.0,-110
1195,2026-09-09 10:44:35 EDT,9255ca8f32aea590d00aa57de79f6bb6,2026-11-1,13:0,Arizona Cardinals,Dallas Cowboys,Arizona Cardinals,410,Dallas Cowboys,-550,47.5,10.5,-110,-10.5,-110
1196,2026-09-09 10:44:35 EDT,921859689f5f8b3b8b1caf4248bdb1ec,2026-11-1,13:0,Atlanta Falcons,Tampa Bay Buccaneers,Atlanta Falcons,180,Tampa Bay Buccaneers,-218,46.5,4.5,-110,-4.5,-110
1197,2026-09-09 10:44:35 EDT,c93c421e5fa46031a43162d111d981d0,2026-11-1,13:0,Baltimore Ravens,Buffalo Bills,Baltimore Ravens,114,Buffalo Bills,-135,51.5,2.5,-110,-2.5,-110
1198,2026-09-09 10:44:35 EDT,9c5d8f57e0ba0fbd9ef436c1f0898f99,2026-11-1,13:0,Tennessee Titans,Cincinnati Bengals,Tennessee Titans,235,Cincinnati Bengals,-290,49.5,6.5,-110,-6.5,-110
1199,2026-09-09 10:44:35 EDT,ab5ab731ab655bd6308bc7a922275518,2026-11-1,13:0,Cleveland Browns,Pittsburgh Steelers,Cleveland Browns,215,Pittsburgh Steelers,-265,39.5,6.0,-110,-6.0,-110
1200,2026-09-09 10:44:35 EDT,52e7ee9c42525e6deec02da32dc2fad8,2026-11-1,13:0,Minnesota Vikings,Detroit Lions,Minnesota Vikings,185,Detroit Lions,-225,47.5,4.5,-110,-4.5,-110
1201,2026-09-09 10:44:35 EDT,159dbf0253dd2038eda2212f84387f0c,2026-11-1,13:0,Indianapolis Colts,Jacksonville Jaguars,Indianapolis Colts,185,Jacksonville Jaguars,-225,49.5,4.5,-110,-4.5,-110
1202,2026-09-09 10:44:35 EDT,98f1b121b793977434c046e76c707145,2026-11-1,13:0,Las Vegas Raiders,New York Jets,Las Vegas Raiders,105,New York Jets,-125,40.5,1.5,-110,-1.5,-110
1203,2026-09-09 10:44:35 EDT,2ff84d3f6053d083c8c0a5bebf7cdd4c,2026-11-1,16:5,Los Angeles Chargers,Los Angeles Rams,Los Angeles Chargers,164,Los Angeles Rams,-198,48.5,3.5,-105,-3.5,-115
1204,2026-09-09 10:44:35 EDT,f2a036d5edf483a277880014861e78ad,2026-11-1,16:25,Kansas City Chiefs,Denver Broncos,Kansas City Chiefs,105,Denver Broncos,-125,43.5,1.5,-110,-1.5,-110
1205,2026-09-09 10:44:35 EDT,05405af79752f5e742cdf50b61f6745e,2026-11-1,16:25,New England Patriots,Miami Dolphins,Miami Dolphins,280,New England Patriots,-355,45.5,-7.0,-110,7.0,-110
1206,2026-09-09 10:44:35 EDT,b9c60db63b1a19ad319f24b33c0defe8,2026-11-1,20:20,Philadelphia Eagles,Washington Commanders,Washington Commanders,105,Philadelphia Eagles,-125,46.5,-1.5,-110,1.5,-110
1207,2026-09-09 10:44:35 EDT,7d664fbcd39350e559d83c0068ba7169,2026-11-2,20:20,Chicago Bears,Seattle Seahawks,Chicago Bears,180,Seattle Seahawks,-218,47.5,4.5,-110,-4.5,-110
1208,2026-09-09 10:44:35 EDT,c75744790b7acf6260c78ba5e739c0e5,2026-11-5,20:15,Jacksonville Jaguars,Baltimore Ravens,Jacksonville Jaguars,170,Baltimore Ravens,-205,49.5,4.5,-110,-4.5,-110
1209,2026-09-09 10:44:35 EDT,dc56d980f527ffeef89940133b211b13,2026-11-8,9:30,Cincinnati Bengals,Atlanta Falcons,Atlanta Falcons,190,Cincinnati Bengals,-230,49.5,-5.5,-110,5.5,-110
1210,2026-09-09 10:44:35 EDT,014282b888c741b7d70c857c09f40aa7,2026-11-8,13:0,Denver Broncos,Carolina Panthers,Carolina Panthers,136,Denver Broncos,-162,42.5,-3.0,-110,3.0,-110
1211,2026-09-09 10:44:35 EDT,e571bab6736f9338130a78a4f75c3231,2026-11-8,13:0,Cleveland Browns,New Orleans Saints,Cleveland Browns,160,New Orleans Saints,-192,41.5,3.5,-105,-3.5,-115
1212,2026-09-09 10:44:35 EDT,415fc42e72888c63e82f7bce24c65391,2026-11-8,13:0,Dallas Cowboys,Indianapolis Colts,Indianapolis Colts,105,Dallas Cowboys,-125,52.5,-1.5,-110,1.5,-110
1213,2026-09-09 10:44:35 EDT,44d8c37868b700e90f816db7c5df5cdd,2026-11-8,13:0,Detroit Lions,Miami Dolphins,Miami Dolphins,225,Detroit Lions,-278,47.5,-6.5,-110,6.5,-110
1214,2026-09-09 10:44:35 EDT,e354e6a04b1cb9c96e549b863debb92e,2026-11-8,13:0,New York Jets,Kansas City Chiefs,New York Jets,350,Kansas City Chiefs,-455,41.5,9.5,-110,-9.5,-110
1215,2026-09-09 10:44:35 EDT,89de07377e0aa8ffaa2ae6a7dc0855cc,2026-11-8,13:0,Los Angeles Rams,Washington Commanders,Washington Commanders,185,Los Angeles Rams,-225,50.5,-5.5,-105,5.5,-115
1216,2026-09-09 10:44:35 EDT,fe93e6ab1e553c0169936a0a983c324f,2026-11-8,13:0,New York Giants,Philadelphia Eagles,New York Giants,195,Philadelphia Eagles,-238,44.5,5.5,-110,-5.5,-110
1217,2026-09-09 10:44:35 EDT,39aeac43cea7b12558b91cdab1255a10,2026-11-8,16:5,Houston Texans,Los Angeles Chargers,Houston Texans,120,Los Angeles Chargers,-142,43.5,2.5,-110,-2.5,-110
1218,2026-09-09 10:44:35 EDT,ac9d38a18d5c92814233a31aa9a48d78,2026-11-8,16:5,Las Vegas Raiders,San Francisco 49ers,Las Vegas Raiders,330,San Francisco 49ers,-425,46.5,8.5,-110,-8.5,-110
1219,2026-09-09 10:44:35 EDT,240e23b02b1e3fef655d04a286b5a623,2026-11-8,16:25,Arizona Cardinals,Seattle Seahawks,Arizona Cardinals,575,Seattle Seahawks,-850,45.5,13.5,-110,-13.5,-110
1220,2026-09-09 10:44:35 EDT,2922c573ec3df8466c4a34975e446898,2026-11-8,16:25,Green Bay Packers,New England Patriots,Green Bay Packers,105,New England Patriots,-125,46.5,1.5,-110,-1.5,-110
1221,2026-09-09 10:44:35 EDT,9760d8f19f84bfee300a74ceb656c95d,2026-11-8,20:20,Tampa Bay Buccaneers,Chicago Bears,Tampa Bay Buccaneers,160,Chicago Bears,-192,48.5,3.5,-110,-3.5,-110
1222,2026-09-09 10:44:35 EDT,17ad7eff2f7875e20a8109abe40470e3,2026-11-9,20:15,Buffalo Bills,Minnesota Vikings,Minnesota Vikings,142,Buffalo Bills,-170,48.5,-3.0,-110,3.0,-110
1223,2026-09-09 10:44:35 EDT,74d39e19225caf211ad2c8eb4110179f,2026-11-12,20:15,Washington Commanders,New York Giants,Washington Commanders,105,New York Giants,-125,47.5,1.5,-110,-1.5,-110
1224,2026-09-09 10:44:35 EDT,3c71d515b726f1096aabb435badb83fd,2026-11-15,13:0,Kansas City Chiefs,Atlanta Falcons,Atlanta Falcons,185,Kansas City Chiefs,-225,45.5,-4.5,-110,4.5,-110
1225,2026-09-09 10:44:35 EDT,1057d50949844ddf483da9c8c20354be,2026-11-15,13:0,Buffalo Bills,New York Jets,New York Jets,275,Buffalo Bills,-345,46.5,-7.0,-115,7.0,-105
1226,2026-09-09 10:44:35 EDT,e5aa20e1364dd639f042af1c2281bbe2,2026-11-15,13:0,Carolina Panthers,New Orleans Saints,Carolina Panthers,100,New Orleans Saints,-120,43.5,1.5,-115,-1.5,-105
1227,2026-09-09 10:44:35 EDT,be0e03cc42fbc9b6962467b22c7bf9dd,2026-11-15,13:0,Houston Texans,Cleveland Browns,Cleveland Browns,170,Houston Texans,-205,38.5,-4.5,-110,4.5,-110
1228,2026-09-09 10:44:35 EDT,5d8d85473b87f772a979ecf294acab94,2026-11-15,13:0,Minnesota Vikings,Green Bay Packers,Minnesota Vikings,200,Green Bay Packers,-245,45.5,4.5,-110,-4.5,-110
1229,2026-09-09 10:44:35 EDT,b5700b4d938fd94429f60d4622cc9c0a,2026-11-15,13:0,Miami Dolphins,Indianapolis Colts,Miami Dolphins,245,Indianapolis Colts,-305,47.5,6.5,-110,-6.5,-110
1230,2026-09-09 10:44:35 EDT,28800df7e768ecec14f116454d560f9b,2026-11-15,13:0,Jacksonville Jaguars,Tennessee Titans,Tennessee Titans,114,Jacksonville Jaguars,-135,45.5,-2.5,-110,2.5,-110
1231,2026-09-09 10:44:35 EDT,6c932a965110f3f89ec4a5f1a6ac256e,2026-11-15,16:5,Los Angeles Rams,Arizona Cardinals,Arizona Cardinals,360,Los Angeles Rams,-470,47.5,-10.5,-110,10.5,-110
1232,2026-09-09 10:44:35 EDT,6079a5cbabf99b265a17edfc92a1da60,2026-11-15,16:5,Seattle Seahawks,Las Vegas Raiders,Las Vegas Raiders,250,Seattle Seahawks,-310,43.5,-7.0,-110,7.0,-110
1233,2026-09-09 10:44:35 EDT,7627192fd89b05120ab6c712aa23fd81,2026-11-15,16:25,San Francisco 49ers,Dallas Cowboys,San Francisco 49ers,100,Dallas Cowboys,-120,52.5,1.5,-115,-1.5,-105
1234,2026-09-09 10:44:35 EDT,48e497c230e6c9afcb3b600091d28e17,2026-11-15,20:20,Pittsburgh Steelers,Cincinnati Bengals,Pittsburgh Steelers,160,Cincinnati Bengals,-192,47.5,3.5,-110,-3.5,-110
1235,2026-09-09 10:44:35 EDT,35e3bdff558b5d1506251e814986f164,2026-11-16,20:15,Los Angeles Chargers,Baltimore Ravens,Los Angeles Chargers,150,Baltimore Ravens,-180,47.5,3.5,-110,-3.5,-110
1236,2026-09-09 10:44:35 EDT,66f9e83cf025d58acee12bce18661fb3,2026-11-19,20:15,Indianapolis Colts,Houston Texans,Indianapolis Colts,195,Houston Texans,-238,45.5,5.5,-110,-5.5,-110
1237,2026-09-09 10:44:35 EDT,403a88701352da05b0710a9e883b803e,2026-11-22,13:0,Arizona Cardinals,Kansas City Chiefs,Arizona Cardinals,440,Kansas City Chiefs,-600,44.5,11.5,-110,-11.5,-110
1238,2026-09-09 10:44:35 EDT,4527f57f5bc32742d8194af1ccf7da7e,2026-11-22,13:0,Baltimore Ravens,Carolina Panthers,Carolina Panthers,180,Baltimore Ravens,-218,46.5,-4.5,-110,4.5,-110
1239,2026-09-09 10:44:35 EDT,4c5b1c0843a260278e95eb93e7787576,2026-11-22,13:0,Miami Dolphins,Buffalo Bills,Miami Dolphins,470,Buffalo Bills,-650,47.5,11.5,-110,-11.5,-110
1240,2026-09-09 10:44:35 EDT,3ea90704fb576633bd1e2fa5aafd9ea3,2026-11-22,13:0,New Orleans Saints,Chicago Bears,New Orleans Saints,230,Chicago Bears,-285,46.5,6.5,-110,-6.5,-110
1241,2026-09-09 10:44:35 EDT,5e63079b678f8c13419adc169fff02d3,2026-11-22,13:0,Tennessee Titans,Dallas Cowboys,Tennessee Titans,230,Dallas Cowboys,-285,48.5,6.5,-110,-6.5,-110
1242,2026-09-09 10:44:35 EDT,41e2dd69bddd65d7e823d9ed61cc2afc,2026-11-22,13:0,Tampa Bay Buccaneers,Detroit Lions,Tampa Bay Buccaneers,185,Detroit Lions,-225,49.5,4.5,-110,-4.5,-110
1243,2026-09-09 10:44:35 EDT,8ba112fabf4e87639338a5f437c5abfe,2026-11-22,13:0,Jacksonville Jaguars,New York Giants,New York Giants,105,Jacksonville Jaguars,-125,46.5,-1.5,-110,1.5,-110
1244,2026-09-09 10:44:35 EDT,4b20b742b6168aaca4f25d87f11b1526,2026-11-22,16:5,New York Jets,Los Angeles Chargers,New York Jets,330,Los Angeles Chargers,-425,41.5,9.5,-110,-9.5,-110
1245,2026-09-09 10:44:35 EDT,1940706a79cbcbafacdcbf231069716b,2026-11-22,16:25,Las Vegas Raiders,Denver Broncos,Las Vegas Raiders,270,Denver Broncos,-340,41.5,7.5,-110,-7.5,-110
1246,2026-09-09 10:44:35 EDT,cbe45bafcc2615fc1d96cbc12840377a,2026-11-22,16:25,Pittsburgh Steelers,Philadelphia Eagles,Pittsburgh Steelers,200,Philadelphia Eagles,-245,42.5,5.5,-110,-5.5,-110
1247,2026-09-09 10:44:35 EDT,60e1d27b083a335b722c2c852ea85612,2026-11-22,20:20,Minnesota Vikings,San Francisco 49ers,Minnesota Vikings,160,San Francisco 49ers,-192,46.5,3.5,-110,-3.5,-110
1248,2026-09-09 10:44:35 EDT,3a60ed1d20004aa4d4772b2c1a2272e7,2026-11-23,20:15,Cincinnati Bengals,Washington Commanders,Washington Commanders,105,Cincinnati Bengals,-125,52.5,-1.5,-110,1.5,-110
1249,2026-09-09 10:44:35 EDT,5b612899d6dcdf998107f2c6c6e49a58,2026-11-25,20:0,Green Bay Packers,Los Angeles Rams,Green Bay Packers,185,Los Angeles Rams,-225,48.5,4.5,-105,-4.5,-115
1250,2026-09-09 10:44:35 EDT,9b825e6518156008da499be041975fdd,2026-11-26,13:0,Chicago Bears,Detroit Lions,Chicago Bears,120,Detroit Lions,-142,52.5,2.5,-105,-2.5,-115
1251,2026-09-09 10:44:35 EDT,ffaa06af56a7137d4b078c5c46c0b730,2026-11-26,15:30,Philadelphia Eagles,Dallas Cowboys,Philadelphia Eagles,105,Dallas Cowboys,-125,49.5,1.5,-110,-1.5,-110
1252,2026-09-09 10:44:35 EDT,f36f518585aec40e8cb40e071c0844aa,2026-11-26,20:20,Kansas City Chiefs,Buffalo Bills,Kansas City Chiefs,124,Buffalo Bills,-148,50.5,2.5,-105,-2.5,-115
1253,2026-09-09 10:44:35 EDT,44a3bcf5bd002583ddef2207a92dd977,2026-11-27,15:0,Denver Broncos,Pittsburgh Steelers,Pittsburgh Steelers,102,Denver Broncos,-122,39.5,-1.5,-110,1.5,-110
1254,2026-09-09 10:44:35 EDT,6a05021bdb6bab24b9bb381ffff10f0c,2026-11-29,13:0,Atlanta Falcons,Minnesota Vikings,Atlanta Falcons,180,Minnesota Vikings,-218,43.5,4.5,-110,-4.5,-110
1255,2026-09-09 10:44:35 EDT,60d0c074801985c1062795362a24200e,2026-11-29,13:0,Baltimore Ravens,Houston Texans,Baltimore Ravens,102,Houston Texans,-122,45.5,1.5,-110,-1.5,-110
1256,2026-09-09 10:44:35 EDT,f7d3ae7a8fe2438cef7d7d7bc67e31db,2026-11-29,13:0,New Orleans Saints,Cincinnati Bengals,New Orleans Saints,235,Cincinnati Bengals,-290,48.5,6.5,-110,-6.5,-110
1257,2026-09-09 10:44:35 EDT,eaa993c3d62d6b5aeb6142cdd7862fd5,2026-11-29,13:0,Las Vegas Raiders,Cleveland Browns,Las Vegas Raiders,102,Cleveland Browns,-122,39.5,1.5,-110,-1.5,-110
1258,2026-09-09 10:44:35 EDT,e9da808e36e1b7475698a57465ad4519,2026-11-29,13:0,New York Giants,Indianapolis Colts,New York Giants,114,Indianapolis Colts,-135,47.5,2.5,-110,-2.5,-110
1259,2026-09-09 10:44:35 EDT,81a8fee5b649a3ad5ad59e9528f2f376,2026-11-29,13:0,Tennessee Titans,Jacksonville Jaguars,Tennessee Titans,195,Jacksonville Jaguars,-238,45.5,5.5,-110,-5.5,-110
1260,2026-09-09 10:44:35 EDT,5ea0e3ea5944b0ad5169f21c0787b331,2026-11-29,13:0,New York Jets,Miami Dolphins,New York Jets,105,Miami Dolphins,-125,40.5,1.5,-110,-1.5,-110
1261,2026-09-09 10:44:35 EDT,69a1dbe9de3d3212c3a7a55be5d204ab,2026-11-29,16:25,Washington Commanders,Arizona Cardinals,Arizona Cardinals,180,Washington Commanders,-218,47.5,-4.5,-110,4.5,-110
1262,2026-09-09 10:44:35 EDT,d68dced0b26726890b9c79bd19a5ffe5,2026-11-29,16:25,Seattle Seahawks,San Francisco 49ers,Seattle Seahawks,-110,San Francisco 49ers,-110,46.5,1.5,-125,-1.5,105
1263,2026-09-09 10:44:35 EDT,c64ceba13ede564e8658693e3171e7f9,2026-11-29,20:20,New England Patriots,Los Angeles Chargers,New England Patriots,105,Los Angeles Chargers,-125,45.5,1.5,-110,-1.5,-110
1264,2026-09-09 10:44:35 EDT,2cdaecba7c0bff9b58a48a82e6ee17a7,2026-11-30,20:15,Carolina Panthers,Tampa Bay Buccaneers,Carolina Panthers,160,Tampa Bay Buccaneers,-192,44.5,3.5,-110,-3.5,-110
1265,2026-09-09 10:44:35 EDT,06e52a676b516186989e3b181a37c8a7,2026-12-3,20:15,Kansas City Chiefs,Los Angeles Rams,Kansas City Chiefs,170,Los Angeles Rams,-205,47.5,3.5,-105,-3.5,-115
1266,2026-09-09 10:44:35 EDT,c94419ba8fb818fc36a5b21b526aab75,2026-12-6,13:0,Detroit Lions,Atlanta Falcons,Atlanta Falcons,154,Detroit Lions,-185,48.5,-3.5,-110,3.5,-110
1267,2026-09-09 10:44:35 EDT,0236f9aa68d65ea03bd1ca025b749c20,2026-12-6,13:0,Jacksonville Jaguars,Chicago Bears,Jacksonville Jaguars,130,Chicago Bears,-155,47.5,3.0,-115,-3.0,-105
1268,2026-09-09 10:44:35 EDT,b447fab53534af892f98a74eae26c1c6,2026-12-6,13:0,Cincinnati Bengals,Cleveland Browns,Cleveland Browns,185,Cincinnati Bengals,-225,45.5,-4.5,-110,4.5,-110
1269,2026-09-09 10:44:35 EDT,9a55467e1cd6310ae2af20d8154612e1,2026-12-6,13:0,Miami Dolphins,Denver Broncos,Miami Dolphins,350,Denver Broncos,-455,42.5,9.5,-110,-9.5,-110
1270,2026-09-09 10:44:35 EDT,1ccb61b811b7aae4270df22a67e6459f,2026-12-6,13:0,Green Bay Packers,New Orleans Saints,New Orleans Saints,185,Green Bay Packers,-225,45.5,-4.5,-110,4.5,-110
1271,2026-09-09 10:44:35 EDT,f8a92363386bd337975650879086cca6,2026-12-6,13:0,Los Angeles Chargers,Tampa Bay Buccaneers,Tampa Bay Buccaneers,120,Los Angeles Chargers,-142,46.5,-2.5,-110,2.5,-110
1272,2026-09-09 10:44:35 EDT,a5495c3360b3bb13da76ba23a675c9ef,2026-12-6,13:0,San Francisco 49ers,New York Giants,New York Giants,140,San Francisco 49ers,-166,47.5,-3.0,-110,3.0,-110
1273,2026-09-09 10:44:35 EDT,ae3429e95ee704c7fd001cade20072d0,2026-12-6,13:0,Washington Commanders,Tennessee Titans,Tennessee Titans,105,Washington Commanders,-125,46.5,-1.5,-110,1.5,-110
1274,2026-09-09 10:44:35 EDT,f4897f48a5351881280f7598bd826408,2026-12-6,16:5,Philadelphia Eagles,Arizona Cardinals,Arizona Cardinals,310,Philadelphia Eagles,-395,43.5,-8.5,-110,8.5,-110
1275,2026-09-09 10:44:35 EDT,4116dbff75ab7957b69c2152f204b74d,2026-12-6,16:25,Buffalo Bills,New England Patriots,Buffalo Bills,102,New England Patriots,-122,48.5,1.5,-112,-1.5,-108
1276,2026-09-09 10:44:35 EDT,c186c605febd6370b292469c9151cfb3,2026-12-6,16:25,Carolina Panthers,Minnesota Vikings,Carolina Panthers,160,Minnesota Vikings,-192,42.5,3.5,-110,-3.5,-110
1277,2026-09-09 10:44:35 EDT,26bf8e165d2d273ed0772a355f07ab16,2026-12-6,20:20,Houston Texans,Pittsburgh Steelers,Pittsburgh Steelers,105,Houston Texans,-125,41.5,-1.5,-110,1.5,-110
1278,2026-09-09 10:44:35 EDT,0db4646c964ecdff19957373fe707546,2026-12-7,20:15,Dallas Cowboys,Seattle Seahawks,Dallas Cowboys,185,Seattle Seahawks,-225,48.5,4.5,-110,-4.5,-110
1279,2026-09-09 10:44:35 EDT,01548e41e7ba5318bb25c9bc2a32f73d,2026-12-10,20:15,Minnesota Vikings,New England Patriots,Minnesota Vikings,180,New England Patriots,-218,43.5,4.5,-110,-4.5,-110
1280,2026-09-09 10:44:35 EDT,f7fba6b1804e02292ee0ce4738484258,2026-12-13,13:0,Atlanta Falcons,Cleveland Browns,Atlanta Falcons,105,Cleveland Browns,-125,40.5,1.5,-110,-1.5,-110
1281,2026-09-09 10:44:35 EDT,bec99e2f2b4c80e345731d69ee38d831,2026-12-13,13:0,Tampa Bay Buccaneers,Baltimore Ravens,Tampa Bay Buccaneers,210,Baltimore Ravens,-258,48.5,6.0,-110,-6.0,-110
1282,2026-09-09 10:44:35 EDT,dcc7b377d3b3ec990304612bbef47d3d,2026-12-13,13:0,New Orleans Saints,Carolina Panthers,New Orleans Saints,114,Carolina Panthers,-135,43.5,2.5,-110,-2.5,-110
1283,2026-09-09 10:44:35 EDT,2c6added7199a59f1e9dae8492c29da4,2026-12-13,13:0,Chicago Bears,Miami Dolphins,Miami Dolphins,200,Chicago Bears,-245,46.5,-5.5,-110,5.5,-110
1284,2026-09-09 10:44:35 EDT,5185ace33aebc87d39074147940f2fa5,2026-12-13,13:0,Denver Broncos,New York Jets,New York Jets,190,Denver Broncos,-230,39.5,-5.5,-110,5.5,-110
1285,2026-09-09 10:44:35 EDT,a31f461ccd92e1072f23ccfae281ae9a,2026-12-13,13:0,Tennessee Titans,Detroit Lions,Tennessee Titans,285,Detroit Lions,-360,47.5,7.5,-110,-7.5,-110
1286,2026-09-09 10:44:35 EDT,5dc9cb8fba610d682dc670ae4e7d59f3,2026-12-13,13:0,Houston Texans,Washington Commanders,Washington Commanders,102,Houston Texans,-122,44.5,-1.5,-110,1.5,-110
1287,2026-09-09 10:44:35 EDT,45203f985f8d1567ad19b0617dd267f8,2026-12-13,13:0,Indianapolis Colts,Philadelphia Eagles,Indianapolis Colts,200,Philadelphia Eagles,-245,46.5,5.5,-110,-5.5,-110
1288,2026-09-09 10:44:35 EDT,484c491dc1dee090d740ba077b7d9709,2026-12-13,16:5,Los Angeles Chargers,Las Vegas Raiders,Las Vegas Raiders,190,Los Angeles Chargers,-230,43.5,-5.5,-110,5.5,-110
1289,2026-09-09 10:44:35 EDT,180b5fa7ea6bd0d2d9ddb9ba5ee38cc0,2026-12-13,16:25,Kansas City Chiefs,Cincinnati Bengals,Kansas City Chiefs,105,Cincinnati Bengals,-125,48.5,1.5,-110,-1.5,-110
1290,2026-09-09 10:44:35 EDT,6174916c7e2df8d1b80a88cfbd259d44,2026-12-13,16:25,Los Angeles Rams,San Francisco 49ers,San Francisco 49ers,110,Los Angeles Rams,-130,49.5,-1.5,-115,1.5,-105
1291,2026-09-09 10:44:35 EDT,f5ab9d8455daf9e2a6c4c443fe0cd19f,2026-12-13,16:25,New York Giants,Seattle Seahawks,New York Giants,295,Seattle Seahawks,-375,45.5,7.5,-110,-7.5,-110
1292,2026-09-09 10:44:35 EDT,c4877c048defcb80e0ab37c0688f37f6,2026-12-13,20:20,Buffalo Bills,Green Bay Packers,Buffalo Bills,105,Green Bay Packers,-125,49.5,1.5,-110,-1.5,-110
1293,2026-09-09 10:44:35 EDT,690e2ee2ed5f0875f7cbaecdc51373f5,2026-12-14,20:15,Pittsburgh Steelers,Jacksonville Jaguars,Pittsburgh Steelers,136,Jacksonville Jaguars,-162,44.5,3.0,-110,-3.0,-110
1294,2026-09-09 10:44:35 EDT,790af233087803c297861901ffa271d7,2026-12-17,20:15,San Francisco 49ers,Los Angeles Chargers,San Francisco 49ers,120,Los Angeles Chargers,-142,47.5,2.5,-110,-2.5,-110
1295,2026-09-09 10:44:35 EDT,171aba127aaad3dcbe32a02fc194eb32,2026-12-19,17:0,Seattle Seahawks,Philadelphia Eagles,Seattle Seahawks,105,Philadelphia Eagles,-125,43.5,1.5,-110,-1.5,-110
1296,2026-09-09 10:44:35 EDT,784568b1df055bf7eb8780c110d5e910,2026-12-19,20:20,Chicago Bears,Buffalo Bills,Chicago Bears,154,Buffalo Bills,-185,51.5,3.5,-110,-3.5,-110
1297,2026-09-09 10:44:35 EDT,5931eee49f5f2656a5344e1388a68816,2026-12-20,13:0,Atlanta Falcons,Washington Commanders,Atlanta Falcons,154,Washington Commanders,-185,46.5,3.5,-110,-3.5,-110
1298,2026-09-09 10:44:35 EDT,2f4b1899c1c278947920e0254b682d90,2026-12-20,13:0,Baltimore Ravens,Pittsburgh Steelers,Pittsburgh Steelers,124,Baltimore Ravens,-148,46.5,-2.5,-120,2.5,100
1299,2026-09-09 10:44:35 EDT,000fc688beb4fc004ecdad115d9adb1c,2026-12-20,13:0,Cincinnati Bengals,Carolina Panthers,Carolina Panthers,124,Cincinnati Bengals,-148,47.5,-2.5,-120,2.5,100
1300,2026-09-09 10:44:35 EDT,1cb23c83ae4af84cffcdae6b31d06e83,2026-12-20,13:0,Cleveland Browns,New York Giants,Cleveland Browns,180,New York Giants,-218,40.5,4.5,-110,-4.5,-110
1301,2026-09-09 10:44:35 EDT,99719df35bc2efdcc72096f865ed8841,2026-12-20,13:0,Miami Dolphins,Green Bay Packers,Miami Dolphins,470,Green Bay Packers,-650,45.5,10.5,-110,-10.5,-110
1302,2026-09-09 10:44:35 EDT,29211b6e78461220a2833184233f70e5,2026-12-20,13:0,Jacksonville Jaguars,Houston Texans,Jacksonville Jaguars,136,Houston Texans,-162,43.5,3.0,-110,-3.0,-110
1303,2026-09-09 10:44:35 EDT,3b696c07ff6a1ef461d023a73db17584,2026-12-20,13:0,Indianapolis Colts,Tennessee Titans,Tennessee Titans,105,Indianapolis Colts,-125,47.5,-1.5,-110,1.5,-110
1304,2026-09-09 10:44:35 EDT,e15a91cebf3480ff0b93b4fbacb09797,2026-12-20,13:0,New Orleans Saints,Tampa Bay Buccaneers,New Orleans Saints,164,Tampa Bay Buccaneers,-198,45.5,3.5,-110,-3.5,-110
1305,2026-09-09 10:44:35 EDT,d8cd12e7684fa2aa39f5b188ef6e62e0,2026-12-20,16:5,New York Jets,Arizona Cardinals,New York Jets,-110,Arizona Cardinals,-110,41.5,1.5,-125,-1.5,105
1306,2026-09-09 10:44:35 EDT,77396e9d565860fbfd05779028223a8a,2026-12-20,16:25,Dallas Cowboys,Los Angeles Rams,Dallas Cowboys,200,Los Angeles Rams,-245,52.5,6.0,-112,-6.0,-108
1307,2026-09-09 10:44:35 EDT,9f507007b9c0a7082c1471a5fa841336,2026-12-20,16:25,Denver Broncos,Las Vegas Raiders,Las Vegas Raiders,170,Denver Broncos,-205,41.5,-4.5,-110,4.5,-110
1308,2026-09-09 10:44:35 EDT,b34897a0368d570291d44e176c0c2331,2026-12-20,20:20,Detroit Lions,Minnesota Vikings,Minnesota Vikings,102,Detroit Lions,-122,46.5,-1.5,-110,1.5,-110
1309,2026-09-09 10:44:35 EDT,b2759105c27a25289ea1938f290c50fd,2026-12-21,20:15,New England Patriots,Kansas City Chiefs,New England Patriots,120,Kansas City Chiefs,-142,45.5,2.5,-110,-2.5,-110
1310,2026-09-09 10:44:35 EDT,3f226ec5402c6ec4d84a59be80c2fa67,2026-12-24,20:15,Houston Texans,Philadelphia Eagles,Houston Texans,114,Philadelphia Eagles,-135,37.5,2.5,-112,-2.5,-108
1311,2026-09-09 10:44:35 EDT,2828c07018dfafbe96aba205809cc7ac,2026-12-25,13:0,Green Bay Packers,Chicago Bears,Green Bay Packers,-102,Chicago Bears,-118,47.5,1.5,-115,-1.5,-105
1312,2026-09-09 10:44:35 EDT,126f27c71e8130ef87de0d137e833d9b,2026-12-25,16:30,Buffalo Bills,Denver Broncos,Denver Broncos,110,Buffalo Bills,-130,46.5,-1.5,-115,1.5,-105
1313,2026-09-09 10:44:35 EDT,f1af9705dbd2bbe4f1555f080ad06ba2,2026-12-25,20:15,Los Angeles Rams,Seattle Seahawks,Los Angeles Rams,110,Seattle Seahawks,-130,47.5,1.5,-105,-1.5,-115
1314,2026-09-09 10:44:35 EDT,8fd00347b6d77ce384d83cba814430d7,2026-12-27,13:0,Arizona Cardinals,New Orleans Saints,Arizona Cardinals,205,New Orleans Saints,-250,44.5,5.5,-110,-5.5,-110
1315,2026-09-09 10:44:35 EDT,bd13d00f06ad222b0a1b6ea4d0add763,2026-12-27,13:0,Tampa Bay Buccaneers,Atlanta Falcons,Atlanta Falcons,105,Tampa Bay Buccaneers,-125,45.5,-1.5,-110,1.5,-110
1316,2026-09-09 10:44:35 EDT,0f23afce92c2f0af28973c0a7533763e,2026-12-27,13:0,Cleveland Browns,Baltimore Ravens,Cleveland Browns,330,Baltimore Ravens,-425,43.5,10.0,-110,-10.0,-110
1317,2026-09-09 10:44:35 EDT,74cb0e112d069cdbda1671ae85531f43,2026-12-27,13:0,Carolina Panthers,Pittsburgh Steelers,Carolina Panthers,160,Pittsburgh Steelers,-192,41.5,3.5,-110,-3.5,-110
1318,2026-09-09 10:44:35 EDT,ca8982dccb6c3ae01525800317287f02,2026-12-27,13:0,Cincinnati Bengals,Indianapolis Colts,Indianapolis Colts,105,Cincinnati Bengals,-125,52.5,-1.5,-110,1.5,-110
1319,2026-09-09 10:44:35 EDT,29425f5c68826d615277cf9be2b82e00,2026-12-27,13:0,Tennessee Titans,Las Vegas Raiders,Tennessee Titans,105,Las Vegas Raiders,-125,42.5,1.5,-110,-1.5,-110
1320,2026-09-09 10:44:35 EDT,fe2eb511d4c2da3a8e88b85b4f4e9f7e,2026-12-27,13:0,Los Angeles Chargers,Miami Dolphins,Miami Dolphins,285,Los Angeles Chargers,-360,45.5,-7.0,-112,7.0,-108
1321,2026-09-09 10:44:35 EDT,cf5cefa5556bcd0156bd394171ef6c8e,2026-12-27,13:0,Washington Commanders,Minnesota Vikings,Washington Commanders,120,Minnesota Vikings,-142,46.5,2.5,-110,-2.5,-110
1322,2026-09-09 10:44:35 EDT,669a7b568c2a64f9a136dadb0eda1da8,2026-12-27,13:0,New England Patriots,New York Jets,New York Jets,225,New England Patriots,-278,40.5,-6.5,-110,6.5,-110
1323,2026-09-09 10:44:35 EDT,fc7cce3ae7c73cc7151357829e11b6d5,2026-12-27,16:25,San Francisco 49ers,Kansas City Chiefs,San Francisco 49ers,130,Kansas City Chiefs,-155,46.5,3.0,-118,-3.0,-102
1324,2026-09-09 10:44:35 EDT,b1c4ec04c3398a9efa25492000858384,2026-12-27,20:20,Jacksonville Jaguars,Dallas Cowboys,Jacksonville Jaguars,136,Dallas Cowboys,-162,51.5,3.0,-118,-3.0,-102
1325,2026-09-09 10:44:35 EDT,ca92c191ebf7361ea56f9bbc09a5f51b,2026-12-28,20:15,New York Giants,Detroit Lions,New York Giants,170,Detroit Lions,-205,49.5,4.5,-110,-4.5,-110
1326,2026-09-09 10:44:35 EDT,be268ce293cf4fad1c0c867a3ca4c257,2026-12-31,20:15,Baltimore Ravens,Cincinnati Bengals,Baltimore Ravens,114,Cincinnati Bengals,-135,51.5,2.5,-110,-2.5,-110
1327,2026-09-09 10:44:35 EDT,e5dd9cc3fd5452d55c250949e946743d,2027-1-3,13:0,New Orleans Saints,Atlanta Falcons,New Orleans Saints,102,Atlanta Falcons,-122,44.5,1.5,-110,-1.5,-110
1328,2026-09-09 10:44:35 EDT,d9a186d988a3ede2a33e504f4890fe52,2027-1-3,13:0,Buffalo Bills,Miami Dolphins,Miami Dolphins,300,Buffalo Bills,-380,47.5,-7.5,-110,7.5,-110
1329,2026-09-09 10:44:35 EDT,b009f04b4f61b264a5163157c3439dc1,2027-1-3,13:0,Seattle Seahawks,Carolina Panthers,Carolina Panthers,200,Seattle Seahawks,-245,42.5,-5.5,-110,5.5,-110
1330,2026-09-09 10:44:35 EDT,f2e03f9b857485bb13211ee0f5eb5935,2027-1-3,13:0,Indianapolis Colts,Cleveland Browns,Cleveland Browns,114,Indianapolis Colts,-135,43.5,-2.5,-110,2.5,-110
1331,2026-09-09 10:44:35 EDT,c8945d476449633912cf51a346ac98ca,2027-1-3,13:0,New York Giants,Dallas Cowboys,New York Giants,180,Dallas Cowboys,-218,49.5,4.5,-110,-4.5,-110
1332,2026-09-09 10:44:35 EDT,f62dba1e231083f489c391271a1f171c,2027-1-3,13:0,Denver Broncos,New England Patriots,Denver Broncos,114,New England Patriots,-135,42.5,2.5,-110,-2.5,-110
1333,2026-09-09 10:44:35 EDT,c96a3e9e40569b4ed5a546dff131c61d,2027-1-3,13:0,Washington Commanders,Jacksonville Jaguars,Washington Commanders,154,Jacksonville Jaguars,-185,48.5,3.5,-110,-3.5,-110
1334,2026-09-09 10:44:35 EDT,419106b9bcc9f7ef39cfc2d1ee9a3f87,2027-1-3,13:0,Los Angeles Rams,Tampa Bay Buccaneers,Tampa Bay Buccaneers,170,Los Angeles Rams,-205,48.5,-4.5,-110,4.5,-110
1335,2026-09-09 10:44:35 EDT,bfe51fa0034c9d22a69ffd80e2d717f5,2027-1-3,13:0,Minnesota Vikings,New York Jets,New York Jets,154,Minnesota Vikings,-185,39.5,-3.5,-110,3.5,-110
1336,2026-09-09 10:44:35 EDT,d0ffa5ed13cbd7610f9176041464404a,2027-1-3,13:0,Pittsburgh Steelers,Tennessee Titans,Tennessee Titans,105,Pittsburgh Steelers,-125,42.5,-1.5,-110,1.5,-110
1337,2026-09-09 10:44:35 EDT,08abdb683fcb6d77f66baed136f47283,2027-1-3,16:5,Las Vegas Raiders,Arizona Cardinals,Arizona Cardinals,110,Las Vegas Raiders,-130,42.5,-1.5,-115,1.5,-105
1338,2026-09-09 10:44:35 EDT,12089441cea51add4694cdde98b4a5b7,2027-1-3,16:25,Detroit Lions,Chicago Bears,Detroit Lions,102,Chicago Bears,-122,49.5,1.5,-110,-1.5,-110
1339,2026-09-09 10:44:35 EDT,67d842cb73300ef923959105698b63bb,2027-1-3,16:25,Kansas City Chiefs,Los Angeles Chargers,Kansas City Chiefs,105,Los Angeles Chargers,-125,45.5,1.5,-110,-1.5,-110
1340,2026-09-09 10:44:35 EDT,e7820b1226edbb1ef1fddce6b20f963d,2027-1-3,20:20,Philadelphia Eagles,San Francisco 49ers,Philadelphia Eagles,105,San Francisco 49ers,-125,45.5,1.5,-110,-1.5,-110
1341,2026-09-09 10:44:35 EDT,37bc346543da471e067b695b862ccfe9,2027-1-4,20:15,Houston Texans,Green Bay Packers,Houston Texans,114,Green Bay Packers,-135,42.5,2.5,-110,-2.5,-110
1342,2026-09-09 10:44:35 EDT,7f809a45bc8baedf0cb0259e7da7cd29,2027-1-10,13:0,Atlanta Falcons,Carolina Panthers,Atlanta Falcons,114,Carolina Panthers,-135,41.5,2.5,-110,-2.5,-110
1343,2026-09-09 10:44:35 EDT,d7da5587a88a7fc35c36b453d3264d5a,2027-1-10,13:0,Pittsburgh Steelers,Baltimore Ravens,Pittsburgh Steelers,190,Baltimore Ravens,-230,43.5,5.5,-110,-5.5,-110
1344,2026-09-09 10:44:35 EDT,97cbd9ad26dff1af47192120defe112d,2027-1-10,13:0,New York Jets,Buffalo Bills,New York Jets,370,Buffalo Bills,-485,43.5,10.0,-110,-10.0,-110
1345,2026-09-09 10:44:35 EDT,d190fb7ea85c33b96a495041dad22142,2027-1-10,13:0,Chicago Bears,Minnesota Vikings,Chicago Bears,105,Minnesota Vikings,-125,43.5,1.5,-110,-1.5,-110
1346,2026-09-09 10:44:35 EDT,8c16104c8afc72b583531508b2aa1c33,2027-1-10,13:0,Cleveland Browns,Cincinnati Bengals,Cleveland Browns,285,Cincinnati Bengals,-360,43.5,7.5,-110,-7.5,-110
1347,2026-09-09 10:44:35 EDT,3f460f14b810d7bf642bdf7b658530c0,2027-1-10,13:0,Dallas Cowboys,Washington Commanders,Washington Commanders,102,Dallas Cowboys,-122,49.5,-1.5,-110,1.5,-110
1348,2026-09-09 10:44:35 EDT,71d0d10e384393c1e071c39dd3931c19,2027-1-10,13:0,Los Angeles Chargers,Denver Broncos,Los Angeles Chargers,102,Denver Broncos,-122,41.5,1.5,-110,-1.5,-110
1349,2026-09-09 10:44:35 EDT,8f81778bbdb984be44e24a3d55a49b4d,2027-1-10,13:0,Detroit Lions,Green Bay Packers,Detroit Lions,114,Green Bay Packers,-135,47.5,2.5,-110,-2.5,-110
1350,2026-09-09 10:44:35 EDT,9bb63096709ba607443c454d2a813b14,2027-1-10,13:0,Tennessee Titans,Houston Texans,Tennessee Titans,240,Houston Texans,-298,39.5,7.0,-110,-7.0,-110
1351,2026-09-09 10:44:35 EDT,bea47af467e217653bba8d69888e4d95,2027-1-10,13:0,Jacksonville Jaguars,Indianapolis Colts,Jacksonville Jaguars,102,Indianapolis Colts,-122,46.5,1.5,-110,-1.5,-110
1352,2026-09-09 10:44:35 EDT,bb66a6f02c535c0cd8b9c689a5513687,2027-1-10,13:0,Las Vegas Raiders,Kansas City Chiefs,Las Vegas Raiders,300,Kansas City Chiefs,-380,40.5,8.5,-110,-8.5,-110
1353,2026-09-09 10:44:35 EDT,f370f9410ef82b37bd15d1719434370b,2027-1-10,13:0,Miami Dolphins,New England Patriots,Miami Dolphins,425,New England Patriots,-575,42.5,10.5,-110,-10.5,-110
1354,2026-09-09 10:44:35 EDT,7b8ce34c0e173e4ff6ccf8e8caa09113,2027-1-10,13:0,Tampa Bay Buccaneers,New Orleans Saints,New Orleans Saints,102,Tampa Bay Buccaneers,-122,43.5,-1.5,-110,1.5,-110
1355,2026-09-09 10:44:35 EDT,01baed6f9d6482c5d89d37379c7c63c7,2027-1-10,13:0,Philadelphia Eagles,New York Giants,New York Giants,130,Philadelphia Eagles,-155,41.5,-3.0,-110,3.0,-110
1356,2026-09-09 10:44:35 EDT,f1480276ab67dcf60686556ba9336695,2027-1-10,16:5,San Francisco 49ers,Arizona Cardinals,Arizona Cardinals,320,San Francisco 49ers,-410,44.5,-8.5,-110,8.5,-110
1357,2026-09-09 10:44:35 EDT,dc2d9177b48e6f3962dabb1407aba7d3,2027-1-10,16:5,Seattle Seahawks,Los Angeles Rams,Seattle Seahawks,136,Los Angeles Rams,-162,44.5,3.0,-110,-3.0,-110
1358,2026-09-10 09:42:32 EDT,acc580d74344ea3b31bbcdd057fe6a9c,2026-9-10,20:35,San Francisco 49ers,Los Angeles Rams,San Francisco 49ers,164,Los Angeles Rams,-198,48.5,3.5,-102,-3.5,-118
1359,2026-09-10 09:42:32 EDT,95c01d1bb797d6df14824b106c5a9130,2026-9-13,13:0,Atlanta Falcons,Pittsburgh Steelers,Atlanta Falcons,154,Pittsburgh Steelers,-185,42.5,3.5,-108,-3.5,-112
1360,2026-09-10 09:42:32 EDT,b6cfdcbafa61ce220ba87dc2d9b80c77,2026-9-13,13:0,Baltimore Ravens,Indianapolis Colts,Indianapolis Colts,145,Baltimore Ravens,-175,47.5,-3.5,-105,3.5,-115
1361,2026-09-10 09:42:32 EDT,7e09efed7e12c659b82740b67ce2f9a1,2026-9-13,13:0,Buffalo Bills,Houston Texans,Houston Texans,100,Buffalo Bills,-120,44.5,-1.5,-108,1.5,-112
1362,2026-09-10 09:42:32 EDT,fc362aff0d889ec52d358307a70c32ed,2026-9-13,13:0,Chicago Bears,Carolina Panthers,Carolina Panthers,136,Chicago Bears,-162,46.5,-3.0,-118,3.0,-102
1363,2026-09-10 09:42:32 EDT,ed6d24ff979f9c71979fead577b0b3f7,2026-9-13,13:0,Tampa Bay Buccaneers,Cincinnati Bengals,Tampa Bay Buccaneers,164,Cincinnati Bengals,-198,50.5,3.5,-108,-3.5,-112
1364,2026-09-10 09:42:32 EDT,e55c6fe19fce094ce214c8b0e5b504e9,2026-9-13,13:0,Cleveland Browns,Jacksonville Jaguars,Cleveland Browns,350,Jacksonville Jaguars,-455,40.5,8.5,-110,-8.5,-110
1365,2026-09-10 09:42:32 EDT,c1d3fcec25aaeb06ebd2244d33d338e0,2026-9-13,13:0,New Orleans Saints,Detroit Lions,New Orleans Saints,250,Detroit Lions,-310,50.5,7.0,-112,-7.0,-108
1366,2026-09-10 09:42:32 EDT,7dddb296a42e7a41a774b24bd1709ce1,2026-9-13,13:0,New York Jets,Tennessee Titans,New York Jets,105,Tennessee Titans,-125,38.5,1.5,-110,-1.5,-110
1367,2026-09-10 09:42:32 EDT,1edfa5ceaa1ad2cb57df1c1b908731f6,2026-9-13,16:25,Arizona Cardinals,Los Angeles Chargers,Arizona Cardinals,380,Los Angeles Chargers,-500,47.5,9.5,-105,-9.5,-115
1368,2026-09-10 09:42:32 EDT,cb77efed7e711d25a72c1a2a0a1af119,2026-9-13,16:25,Green Bay Packers,Minnesota Vikings,Green Bay Packers,102,Minnesota Vikings,-122,46.5,1.5,-112,-1.5,-108
1369,2026-09-10 09:42:32 EDT,c5d95f48a16849ab6bebc68fbbfcb74a,2026-9-13,16:25,Miami Dolphins,Las Vegas Raiders,Miami Dolphins,140,Las Vegas Raiders,-166,40.5,3.0,-108,-3.0,-112
1370,2026-09-10 09:42:32 EDT,17885cb8dcade8f6c3bce14b2de805e8,2026-9-13,16:25,Washington Commanders,Philadelphia Eagles,Washington Commanders,180,Philadelphia Eagles,-218,44.5,5.5,-112,-5.5,-108
1371,2026-09-10 09:42:32 EDT,3e646c7479c57f5d9752d8c7dfe7059b,2026-9-13,20:20,Dallas Cowboys,New York Giants,New York Giants,136,Dallas Cowboys,-162,48.5,-3.0,-105,3.0,-115
1372,2026-09-10 09:42:32 EDT,5ad8135dc2b5f27de0b777acd317855a,2026-9-14,20:15,Denver Broncos,Kansas City Chiefs,Denver Broncos,124,Kansas City Chiefs,-148,43.5,2.5,-102,-2.5,-118
1373,2026-09-10 09:42:32 EDT,56e8897681915f7ec92baeee952bb1ae,2026-9-17,20:15,Detroit Lions,Buffalo Bills,Detroit Lions,136,Buffalo Bills,-162,51.5,3.0,-105,-3.0,-115
1374,2026-09-10 09:42:32 EDT,aee7eae1849ebb103b9bf233e9741392,2026-9-20,13:0,Carolina Panthers,Atlanta Falcons,Carolina Panthers,102,Atlanta Falcons,-122,43.5,1.5,-110,-1.5,-110
1375,2026-09-10 09:42:32 EDT,2143ade9684fd876b68a4e8cbf451f05,2026-9-20,13:0,New Orleans Saints,Baltimore Ravens,New Orleans Saints,280,Baltimore Ravens,-355,46.5,7.5,-110,-7.5,-110
1376,2026-09-10 09:42:32 EDT,0283a29e1b38ef78b29b904fd56a16dd,2026-9-20,13:0,Minnesota Vikings,Chicago Bears,Minnesota Vikings,142,Chicago Bears,-170,45.5,3.0,-110,-3.0,-110
1377,2026-09-10 09:42:32 EDT,36ad2fa722f4915ef23d2c81351261de,2026-9-20,13:0,Cincinnati Bengals,Houston Texans,Cincinnati Bengals,124,Houston Texans,-148,45.5,2.5,-102,-2.5,-118
1378,2026-09-10 09:42:32 EDT,0636ebff776d43f8c829a36713c80b22,2026-9-20,13:0,Cleveland Browns,Tampa Bay Buccaneers,Cleveland Browns,230,Tampa Bay Buccaneers,-285,42.5,6.5,-110,-6.5,-110
1379,2026-09-10 09:42:32 EDT,4aeee070bb6ec60bdfae4dede61b9014,2026-9-20,13:0,Green Bay Packers,New York Jets,New York Jets,200,Green Bay Packers,-245,42.5,-5.5,-110,5.5,-110
1380,2026-09-10 09:42:32 EDT,fafc649c455e32a0f2ba1bd06e2039bc,2026-9-20,13:0,Philadelphia Eagles,Tennessee Titans,Tennessee Titans,190,Philadelphia Eagles,-230,42.5,-5.5,-110,5.5,-110
1381,2026-09-10 09:42:32 EDT,1fd6628c781f556a7a19638e97d7107f,2026-9-20,16:5,Jacksonville Jaguars,Denver Broncos,Jacksonville Jaguars,130,Denver Broncos,-155,43.5,3.0,-110,-3.0,-110
1382,2026-09-10 09:42:32 EDT,71b3b83747589efdc5baef2c5cf811bf,2026-9-20,16:5,Las Vegas Raiders,Los Angeles Chargers,Las Vegas Raiders,310,Los Angeles Chargers,-395,42.5,9.5,-110,-9.5,-110
1383,2026-09-10 09:42:32 EDT,85ef85098ddd22fe4ecf45e7e3c0a9c0,2026-9-20,16:25,Washington Commanders,Dallas Cowboys,Washington Commanders,170,Dallas Cowboys,-205,51.5,4.5,-115,-4.5,-105
1384,2026-09-10 09:42:32 EDT,68bc55903f50af4af4766adcc89fcc61,2026-9-20,16:25,Miami Dolphins,San Francisco 49ers,Miami Dolphins,490,San Francisco 49ers,-675,46.5,10.5,-110,-10.5,-110
1385,2026-09-10 09:42:32 EDT,50bc247030707d823b9c3581d7eb5760,2026-9-20,20:20,Indianapolis Colts,Kansas City Chiefs,Indianapolis Colts,260,Kansas City Chiefs,-325,47.5,6.5,-110,-6.5,-110
1386,2026-09-10 09:42:32 EDT,32367f882fac1a0c20a6335619922025,2026-9-21,20:15,New York Giants,Los Angeles Rams,New York Giants,370,Los Angeles Rams,-485,48.5,9.5,-108,-9.5,-112
1387,2026-09-10 09:42:32 EDT,e5fbd3b3953b896b1bf897ddadb3cc4b,2026-9-24,20:15,Atlanta Falcons,Green Bay Packers,Atlanta Falcons,295,Green Bay Packers,-375,46.5,7.5,-110,-7.5,-110
1388,2026-09-10 09:42:32 EDT,b225458a282e140c44c45651255f2f6c,2026-9-27,13:0,Los Angeles Chargers,Buffalo Bills,Los Angeles Chargers,136,Buffalo Bills,-162,48.5,3.0,-110,-3.0,-110
1389,2026-09-10 09:42:32 EDT,613b8cd3a5fab58f7be4e3fd6f76223e,2026-9-27,13:0,Carolina Panthers,Cleveland Browns,Cleveland Browns,105,Carolina Panthers,-125,39.5,-1.5,-110,1.5,-110
1390,2026-09-10 09:42:32 EDT,71123be049587b6facce3a20c53e5d09,2026-9-27,13:0,Cincinnati Bengals,Pittsburgh Steelers,Pittsburgh Steelers,105,Cincinnati Bengals,-125,46.5,-1.5,-110,1.5,-110
1391,2026-09-10 09:42:32 EDT,07f552badfa8a565d1be22123713e4da,2026-9-27,13:0,New York Jets,Detroit Lions,New York Jets,320,Detroit Lions,-410,45.5,9.5,-110,-9.5,-110
1392,2026-09-10 09:42:32 EDT,17a730b7d399feeab6a78c30767c29d2,2026-9-27,13:0,Houston Texans,Indianapolis Colts,Indianapolis Colts,102,Houston Texans,-122,45.5,-1.5,-110,1.5,-110
1393,2026-09-10 09:42:32 EDT,0339a0e41bcee12820eb3e64bb5fadb4,2026-9-27,13:0,Kansas City Chiefs,Miami Dolphins,Miami Dolphins,340,Kansas City Chiefs,-440,44.5,-7.5,-110,7.5,-110
1394,2026-09-10 09:42:32 EDT,555afd4a27aaa392662881cffa8f2eef,2026-9-27,13:0,Tennessee Titans,New York Giants,Tennessee Titans,140,New York Giants,-166,44.5,3.0,-105,-3.0,-115
1395,2026-09-10 09:42:32 EDT,9d2b09e0f9b6dd5ce0d985894f4f98fa,2026-9-27,16:5,Arizona Cardinals,San Francisco 49ers,Arizona Cardinals,490,San Francisco 49ers,-675,46.5,11.5,-110,-11.5,-110
1396,2026-09-10 09:42:32 EDT,f1724dead3eab61546033032fc782375,2026-9-27,16:5,Minnesota Vikings,Tampa Bay Buccaneers,Minnesota Vikings,105,Tampa Bay Buccaneers,-125,44.5,1.5,-110,-1.5,-110
1397,2026-09-10 09:42:32 EDT,84cfca14efc21363fd605508404cf1ff,2026-9-27,16:25,Baltimore Ravens,Dallas Cowboys,Dallas Cowboys,114,Baltimore Ravens,-135,51.5,-2.5,-110,2.5,-110
1398,2026-09-10 09:42:32 EDT,2e523fcb0497aa689473e290eb2b97de,2026-9-27,16:25,Las Vegas Raiders,New Orleans Saints,Las Vegas Raiders,154,New Orleans Saints,-185,42.5,3.5,-110,-3.5,-110
1399,2026-09-10 09:42:32 EDT,3bfd8bfb4b8e9a365a0877879b73b16b,2026-9-27,20:20,Los Angeles Rams,Denver Broncos,Denver Broncos,130,Los Angeles Rams,-155,45.5,-3.0,-110,3.0,-110
1400,2026-09-10 09:42:32 EDT,47dc7baa254659f3beb2ed2b38c207b6,2026-9-28,20:15,Philadelphia Eagles,Chicago Bears,Philadelphia Eagles,-102,Chicago Bears,-118,46.5,1.5,-115,-1.5,-105
1401,2026-09-10 09:42:32 EDT,d55cb69fed50a09170560b5b75d8de86,2026-10-1,20:15,Pittsburgh Steelers,Cleveland Browns,Cleveland Browns,114,Pittsburgh Steelers,-135,40.5,-2.5,-110,2.5,-110
1402,2026-09-10 09:42:32 EDT,c9d8ed8aa4889486eaf10a630138ede0,2026-10-4,9:30,Indianapolis Colts,Washington Commanders,Indianapolis Colts,-102,Washington Commanders,-118,50.5,1.5,-115,-1.5,-105
1403,2026-09-10 09:42:32 EDT,664e6bda5721dc63be16bcf7d962a436,2026-10-4,13:0,Arizona Cardinals,New York Giants,Arizona Cardinals,260,New York Giants,-325,45.5,7.0,-110,-7.0,-110
1404,2026-09-10 09:42:32 EDT,f01589b0e7e6dd4f4ac1220a1db81f53,2026-10-4,13:0,Tennessee Titans,Baltimore Ravens,Tennessee Titans,300,Baltimore Ravens,-380,47.5,8.5,-110,-8.5,-110
1405,2026-09-10 09:42:32 EDT,164e6eb68f31bac190381903c3cccd31,2026-10-4,13:0,New York Jets,Chicago Bears,New York Jets,330,Chicago Bears,-425,45.5,8.5,-110,-8.5,-110
1406,2026-09-10 09:42:32 EDT,2ea94ddf20f66432b9024fe2e2eaba5f,2026-10-4,13:0,Jacksonville Jaguars,Cincinnati Bengals,Jacksonville Jaguars,114,Cincinnati Bengals,-135,51.5,2.5,-110,-2.5,-110
1407,2026-09-10 09:42:32 EDT,daf55e2df5341c007fee5a0fc5bbc2d4,2026-10-4,13:0,Dallas Cowboys,Houston Texans,Dallas Cowboys,114,Houston Texans,-135,47.5,2.5,-110,-2.5,-110
1408,2026-09-10 09:42:32 EDT,99a9bae4dc0dc2590496bd3102b211f2,2026-10-4,13:0,Green Bay Packers,Tampa Bay Buccaneers,Tampa Bay Buccaneers,105,Green Bay Packers,-125,47.5,-1.5,-110,1.5,-110
1409,2026-09-10 09:42:32 EDT,1b4f2e60ce83fa1d63a5dff83769d27c,2026-10-4,13:0,Los Angeles Rams,Philadelphia Eagles,Philadelphia Eagles,105,Los Angeles Rams,-125,47.5,-1.5,-110,1.5,-110
1410,2026-09-10 09:42:32 EDT,c327223d76a3b7b0db8c6c104442f44b,2026-10-4,16:5,Miami Dolphins,Minnesota Vikings,Miami Dolphins,310,Minnesota Vikings,-395,43.5,7.5,-110,-7.5,-110
1411,2026-09-10 09:42:32 EDT,a7e7efb75a9792ac63480ae6328dca18,2026-10-4,16:25,Denver Broncos,San Francisco 49ers,Denver Broncos,120,San Francisco 49ers,-142,46.5,2.5,-110,-2.5,-110
1412,2026-09-10 09:42:32 EDT,e0cbd266dcf997089203a1b33ba0333d,2026-10-4,16:25,Kansas City Chiefs,Las Vegas Raiders,Las Vegas Raiders,205,Kansas City Chiefs,-250,43.5,-5.5,-110,5.5,-110
1413,2026-09-10 09:42:32 EDT,a73a76599a4f3422803e57bd8f61b626,2026-10-4,20:20,Detroit Lions,Carolina Panthers,Carolina Panthers,136,Detroit Lions,-162,47.5,-3.0,-110,3.0,-110
1414,2026-09-10 09:42:32 EDT,8bd90781e17e6d97df3941063cedae1e,2026-10-5,20:15,Atlanta Falcons,New Orleans Saints,Atlanta Falcons,120,New Orleans Saints,-142,45.5,2.5,-110,-2.5,-110
1415,2026-09-10 09:42:32 EDT,259b5df9aa0d10257f56de78523495e0,2026-10-8,20:15,Tampa Bay Buccaneers,Dallas Cowboys,Tampa Bay Buccaneers,170,Dallas Cowboys,-205,52.5,3.5,-110,-3.5,-110
1416,2026-09-10 09:42:32 EDT,21b26266f3d78af02eb672e606275d95,2026-10-11,9:30,Philadelphia Eagles,Jacksonville Jaguars,Jacksonville Jaguars,105,Philadelphia Eagles,-125,45.5,-1.5,-110,1.5,-110
1417,2026-09-10 09:42:32 EDT,c4647ca1201e6768501877267ca8251b,2026-10-11,13:0,Cincinnati Bengals,Miami Dolphins,Miami Dolphins,225,Cincinnati Bengals,-278,49.5,-6.0,-110,6.0,-110
1418,2026-09-10 09:42:32 EDT,9db4ed15fe34fca1fb62f040cd244591,2026-10-11,13:0,Cleveland Browns,New York Jets,Cleveland Browns,110,New York Jets,-130,39.5,2.5,-115,-2.5,-105
1419,2026-09-10 09:42:32 EDT,cc52bba56e74f5cddbe9011046181c3d,2026-10-11,13:0,Houston Texans,Tennessee Titans,Tennessee Titans,154,Houston Texans,-185,43.5,-3.5,-110,3.5,-110
1420,2026-09-10 09:42:32 EDT,448d7cf18c6db4c811ed82ded1b72867,2026-10-11,13:0,Indianapolis Colts,Pittsburgh Steelers,Indianapolis Colts,120,Pittsburgh Steelers,-142,47.5,2.5,-110,-2.5,-110
1421,2026-09-10 09:42:32 EDT,2cda9bf0fbe35a2735f0dd8aaafe9eff,2026-10-11,13:0,Minnesota Vikings,New Orleans Saints,New Orleans Saints,105,Minnesota Vikings,-125,44.5,-1.5,-110,1.5,-110
1422,2026-09-10 09:42:32 EDT,fbffd0b7722fd81d68d5d62472dc80e8,2026-10-11,13:0,New York Giants,Washington Commanders,New York Giants,110,Washington Commanders,-130,48.5,2.5,-115,-2.5,-105
1423,2026-09-10 09:42:32 EDT,d1d408fdfd272046fb517fe992a1c5a0,2026-10-11,16:5,Denver Broncos,Los Angeles Chargers,Denver Broncos,120,Los Angeles Chargers,-142,44.5,2.5,-110,-2.5,-110
1424,2026-09-10 09:42:32 EDT,f8e7f43f73aa983c5c99c189587f0118,2026-10-11,16:25,Detroit Lions,Arizona Cardinals,Arizona Cardinals,310,Detroit Lions,-395,48.5,-8.5,-110,8.5,-110
1425,2026-09-10 09:42:32 EDT,2caea57b1e5cfbba1334cfbfd46f6771,2026-10-11,16:25,Chicago Bears,Green Bay Packers,Chicago Bears,140,Green Bay Packers,-166,49.5,3.0,-110,-3.0,-110
1426,2026-09-10 09:42:32 EDT,86457f91112732f21ad4bb7d37bd291c,2026-10-11,20:20,Baltimore Ravens,Atlanta Falcons,Atlanta Falcons,170,Baltimore Ravens,-205,48.5,-4.5,-110,4.5,-110
1427,2026-09-10 09:42:32 EDT,e6d00eedd87d367e510314bd8cab8f6f,2026-10-12,20:15,Buffalo Bills,Los Angeles Rams,Buffalo Bills,142,Los Angeles Rams,-170,53.5,3.0,-110,-3.0,-110
1428,2026-09-10 09:42:32 EDT,57418b2cf5aca558b3c98eafac1e264a,2026-10-18,9:30,Houston Texans,Jacksonville Jaguars,Houston Texans,-108,Jacksonville Jaguars,-112,42.5,1.5,-122,-1.5,102
1429,2026-09-10 09:42:32 EDT,7c312fdf24fb35f58b0e07c2932cc997,2026-10-18,13:0,Chicago Bears,Atlanta Falcons,Atlanta Falcons,130,Chicago Bears,-155,47.5,-3.0,-110,3.0,-110
1430,2026-09-10 09:42:32 EDT,e86227938fd3cf008fc5648fb5128344,2026-10-18,13:0,Baltimore Ravens,Cleveland Browns,Cleveland Browns,205,Baltimore Ravens,-250,44.5,-6.5,-110,6.5,-110
1431,2026-09-10 09:42:32 EDT,caca2d752fe1a1779029082e95332fcc,2026-10-18,13:0,Carolina Panthers,Philadelphia Eagles,Carolina Panthers,225,Philadelphia Eagles,-278,43.5,6.5,-110,-6.5,-110
1432,2026-09-10 09:42:32 EDT,84aa9e190e625d7e9cd67e1f157a45b4,2026-10-18,13:0,Tennessee Titans,Indianapolis Colts,Tennessee Titans,164,Indianapolis Colts,-198,47.5,3.5,-110,-3.5,-110
1433,2026-09-10 09:42:32 EDT,1cf74afd313e9fd300e1462012b174cb,2026-10-18,13:0,New Orleans Saints,New York Giants,New Orleans Saints,120,New York Giants,-142,44.5,2.5,-110,-2.5,-110
1434,2026-09-10 09:42:32 EDT,27f3994841ce8081c0b7349cf3d1e3d7,2026-10-18,13:0,Pittsburgh Steelers,Tampa Bay Buccaneers,Pittsburgh Steelers,105,Tampa Bay Buccaneers,-125,45.5,1.5,-110,-1.5,-110
1435,2026-09-10 09:42:32 EDT,3729ac6d2a66b642850caf2044cdc658,2026-10-18,16:5,Arizona Cardinals,Los Angeles Rams,Arizona Cardinals,525,Los Angeles Rams,-750,47.5,13.5,-108,-13.5,-112
1436,2026-09-10 09:42:32 EDT,45b2690b350ed45145c7a716b18e8e66,2026-10-18,16:25,Buffalo Bills,Las Vegas Raiders,Las Vegas Raiders,220,Buffalo Bills,-270,47.5,-6.5,-110,6.5,-110
1437,2026-09-10 09:42:32 EDT,20fefae8c296247460ba5773caa42218,2026-10-18,16:25,Los Angeles Chargers,Kansas City Chiefs,Los Angeles Chargers,120,Kansas City Chiefs,-142,46.5,2.5,-110,-2.5,-110
1438,2026-09-10 09:42:32 EDT,82fd5a159fa130e67abab93a9537f70b,2026-10-18,20:20,Dallas Cowboys,Green Bay Packers,Dallas Cowboys,140,Green Bay Packers,-166,51.5,3.0,-110,-3.0,-110
1439,2026-09-10 09:42:32 EDT,f122527f003276d3bca19efa48c902c1,2026-10-19,20:15,Washington Commanders,San Francisco 49ers,Washington Commanders,200,San Francisco 49ers,-245,50.5,5.5,-110,-5.5,-110
1440,2026-09-10 09:42:32 EDT,2e710ea5a306b614f0f966e3d78732f8,2026-10-25,9:30,Pittsburgh Steelers,New Orleans Saints,New Orleans Saints,120,Pittsburgh Steelers,-142,42.5,-2.5,-110,2.5,-110
1441,2026-09-10 09:42:32 EDT,b1be064fb52a198a62109c279e7ab24c,2026-10-25,13:0,San Francisco 49ers,Atlanta Falcons,Atlanta Falcons,185,San Francisco 49ers,-225,47.5,-4.5,-110,4.5,-110
1442,2026-09-10 09:42:32 EDT,550ec5290f935d311995affbcb0b5c79,2026-10-25,13:0,Cincinnati Bengals,Baltimore Ravens,Cincinnati Bengals,154,Baltimore Ravens,-185,51.5,3.5,-110,-3.5,-110
1443,2026-09-10 09:42:32 EDT,2823e986597c449ab94126cd5ed3fae9,2026-10-25,13:0,Tampa Bay Buccaneers,Carolina Panthers,Carolina Panthers,105,Tampa Bay Buccaneers,-125,45.5,-1.5,-110,1.5,-110
1444,2026-09-10 09:42:32 EDT,5dce18baccec5d3ad5fb3a3ce52f7619,2026-10-25,13:0,Cleveland Browns,Tennessee Titans,Cleveland Browns,114,Tennessee Titans,-135,40.5,2.5,-110,-2.5,-110
1445,2026-09-10 09:42:32 EDT,2bba7fde6f97d0e54403d53676e4ab63,2026-10-25,13:0,New York Giants,Houston Texans,New York Giants,195,Houston Texans,-238,43.5,5.5,-110,-5.5,-110
1446,2026-09-10 09:42:32 EDT,f3992ad4496724baf7dcd1ef58245d6b,2026-10-25,13:0,Indianapolis Colts,Minnesota Vikings,Indianapolis Colts,120,Minnesota Vikings,-142,46.5,2.5,-110,-2.5,-110
1447,2026-09-10 09:42:32 EDT,be5dd120ca08b43d647b6caa8953500a,2026-10-25,13:0,Miami Dolphins,New York Jets,Miami Dolphins,114,New York Jets,-135,41.5,2.5,-110,-2.5,-110
1448,2026-09-10 09:42:32 EDT,436119bb3ccdaa6ed7808aa3ebd82b76,2026-10-25,16:5,Denver Broncos,Arizona Cardinals,Arizona Cardinals,295,Denver Broncos,-375,43.5,-7.5,-110,7.5,-110
1449,2026-09-10 09:42:32 EDT,e8e5715eefb6a9ce64765e9ddf49c0cc,2026-10-25,16:25,Green Bay Packers,Detroit Lions,Green Bay Packers,120,Detroit Lions,-142,50.5,2.5,-110,-2.5,-110
1450,2026-09-10 09:42:32 EDT,f7679cf18454e4d88a8f2b990c3f08ac,2026-10-25,16:25,Los Angeles Rams,Las Vegas Raiders,Las Vegas Raiders,275,Los Angeles Rams,-345,46.5,-7.5,-110,7.5,-110
1451,2026-09-10 09:42:32 EDT,4853610e63c246f2027a6a248e642c9a,2026-10-26,20:15,Dallas Cowboys,Philadelphia Eagles,Dallas Cowboys,136,Philadelphia Eagles,-162,48.5,3.0,-110,-3.0,-110
1452,2026-09-10 09:42:32 EDT,ab2865e9f2d4b012de8bc6fb6de11a7c,2026-10-29,20:15,Carolina Panthers,Green Bay Packers,Carolina Panthers,280,Green Bay Packers,-355,45.5,7.0,-110,-7.0,-110
1453,2026-09-10 09:42:32 EDT,9255ca8f32aea590d00aa57de79f6bb6,2026-11-1,13:0,Arizona Cardinals,Dallas Cowboys,Arizona Cardinals,410,Dallas Cowboys,-550,47.5,10.5,-110,-10.5,-110
1454,2026-09-10 09:42:32 EDT,921859689f5f8b3b8b1caf4248bdb1ec,2026-11-1,13:0,Atlanta Falcons,Tampa Bay Buccaneers,Atlanta Falcons,185,Tampa Bay Buccaneers,-225,46.5,4.5,-110,-4.5,-110
1455,2026-09-10 09:42:32 EDT,c93c421e5fa46031a43162d111d981d0,2026-11-1,13:0,Baltimore Ravens,Buffalo Bills,Baltimore Ravens,114,Buffalo Bills,-135,51.5,2.5,-110,-2.5,-110
1456,2026-09-10 09:42:32 EDT,9c5d8f57e0ba0fbd9ef436c1f0898f99,2026-11-1,13:0,Tennessee Titans,Cincinnati Bengals,Tennessee Titans,235,Cincinnati Bengals,-290,49.5,6.5,-110,-6.5,-110
1457,2026-09-10 09:42:32 EDT,ab5ab731ab655bd6308bc7a922275518,2026-11-1,13:0,Cleveland Browns,Pittsburgh Steelers,Cleveland Browns,210,Pittsburgh Steelers,-258,39.5,6.0,-110,-6.0,-110
1458,2026-09-10 09:42:32 EDT,52e7ee9c42525e6deec02da32dc2fad8,2026-11-1,13:0,Minnesota Vikings,Detroit Lions,Minnesota Vikings,185,Detroit Lions,-225,47.5,4.5,-110,-4.5,-110
1459,2026-09-10 09:42:32 EDT,159dbf0253dd2038eda2212f84387f0c,2026-11-1,13:0,Indianapolis Colts,Jacksonville Jaguars,Indianapolis Colts,185,Jacksonville Jaguars,-225,49.5,4.5,-110,-4.5,-110
1460,2026-09-10 09:42:32 EDT,98f1b121b793977434c046e76c707145,2026-11-1,13:0,Las Vegas Raiders,New York Jets,Las Vegas Raiders,102,New York Jets,-122,40.5,1.5,-110,-1.5,-110
1461,2026-09-10 09:42:32 EDT,2ff84d3f6053d083c8c0a5bebf7cdd4c,2026-11-1,16:5,Los Angeles Chargers,Los Angeles Rams,Los Angeles Chargers,164,Los Angeles Rams,-198,48.5,4.5,-115,-4.5,-105
1462,2026-09-10 09:42:32 EDT,f2a036d5edf483a277880014861e78ad,2026-11-1,16:25,Kansas City Chiefs,Denver Broncos,Kansas City Chiefs,105,Denver Broncos,-125,43.5,1.5,-110,-1.5,-110
1463,2026-09-10 09:42:32 EDT,b9c60db63b1a19ad319f24b33c0defe8,2026-11-1,20:20,Philadelphia Eagles,Washington Commanders,Washington Commanders,105,Philadelphia Eagles,-125,46.5,-1.5,-110,1.5,-110
1464,2026-09-10 09:42:32 EDT,c75744790b7acf6260c78ba5e739c0e5,2026-11-5,20:15,Jacksonville Jaguars,Baltimore Ravens,Jacksonville Jaguars,170,Baltimore Ravens,-205,49.5,4.5,-110,-4.5,-110
1465,2026-09-10 09:42:32 EDT,dc56d980f527ffeef89940133b211b13,2026-11-8,9:30,Cincinnati Bengals,Atlanta Falcons,Atlanta Falcons,190,Cincinnati Bengals,-230,49.5,-5.5,-110,5.5,-110
1466,2026-09-10 09:42:32 EDT,014282b888c741b7d70c857c09f40aa7,2026-11-8,13:0,Denver Broncos,Carolina Panthers,Carolina Panthers,136,Denver Broncos,-162,42.5,-3.0,-110,3.0,-110
1467,2026-09-10 09:42:32 EDT,e571bab6736f9338130a78a4f75c3231,2026-11-8,13:0,Cleveland Browns,New Orleans Saints,Cleveland Browns,160,New Orleans Saints,-192,41.5,3.5,-105,-3.5,-115
1468,2026-09-10 09:42:32 EDT,415fc42e72888c63e82f7bce24c65391,2026-11-8,13:0,Dallas Cowboys,Indianapolis Colts,Indianapolis Colts,105,Dallas Cowboys,-125,52.5,-1.5,-110,1.5,-110
1469,2026-09-10 09:42:32 EDT,44d8c37868b700e90f816db7c5df5cdd,2026-11-8,13:0,Detroit Lions,Miami Dolphins,Miami Dolphins,225,Detroit Lions,-278,47.5,-6.5,-110,6.5,-110
1470,2026-09-10 09:42:32 EDT,e354e6a04b1cb9c96e549b863debb92e,2026-11-8,13:0,New York Jets,Kansas City Chiefs,New York Jets,350,Kansas City Chiefs,-455,41.5,9.5,-110,-9.5,-110
1471,2026-09-10 09:42:32 EDT,89de07377e0aa8ffaa2ae6a7dc0855cc,2026-11-8,13:0,Los Angeles Rams,Washington Commanders,Washington Commanders,185,Los Angeles Rams,-225,50.5,-5.5,-105,5.5,-115
1472,2026-09-10 09:42:32 EDT,fe93e6ab1e553c0169936a0a983c324f,2026-11-8,13:0,New York Giants,Philadelphia Eagles,New York Giants,195,Philadelphia Eagles,-238,44.5,5.5,-110,-5.5,-110
1473,2026-09-10 09:42:32 EDT,39aeac43cea7b12558b91cdab1255a10,2026-11-8,16:5,Houston Texans,Los Angeles Chargers,Houston Texans,114,Los Angeles Chargers,-135,43.5,2.5,-110,-2.5,-110
1474,2026-09-10 09:42:32 EDT,ac9d38a18d5c92814233a31aa9a48d78,2026-11-8,16:5,Las Vegas Raiders,San Francisco 49ers,Las Vegas Raiders,330,San Francisco 49ers,-425,46.5,8.5,-110,-8.5,-110
1475,2026-09-10 09:42:32 EDT,9760d8f19f84bfee300a74ceb656c95d,2026-11-8,20:20,Tampa Bay Buccaneers,Chicago Bears,Tampa Bay Buccaneers,160,Chicago Bears,-192,48.5,3.5,-110,-3.5,-110
1476,2026-09-10 09:42:32 EDT,17ad7eff2f7875e20a8109abe40470e3,2026-11-9,20:15,Buffalo Bills,Minnesota Vikings,Minnesota Vikings,142,Buffalo Bills,-170,48.5,-3.0,-110,3.0,-110
1477,2026-09-10 09:42:32 EDT,74d39e19225caf211ad2c8eb4110179f,2026-11-12,20:15,Washington Commanders,New York Giants,Washington Commanders,105,New York Giants,-125,47.5,1.5,-110,-1.5,-110
1478,2026-09-10 09:42:32 EDT,3c71d515b726f1096aabb435badb83fd,2026-11-15,13:0,Kansas City Chiefs,Atlanta Falcons,Atlanta Falcons,185,Kansas City Chiefs,-225,45.5,-4.5,-110,4.5,-110
1479,2026-09-10 09:42:32 EDT,1057d50949844ddf483da9c8c20354be,2026-11-15,13:0,Buffalo Bills,New York Jets,New York Jets,270,Buffalo Bills,-340,46.5,-7.0,-115,7.0,-105
1480,2026-09-10 09:42:32 EDT,e5aa20e1364dd639f042af1c2281bbe2,2026-11-15,13:0,Carolina Panthers,New Orleans Saints,Carolina Panthers,-102,New Orleans Saints,-118,43.5,1.5,-115,-1.5,-105
1481,2026-09-10 09:42:32 EDT,be0e03cc42fbc9b6962467b22c7bf9dd,2026-11-15,13:0,Houston Texans,Cleveland Browns,Cleveland Browns,170,Houston Texans,-205,38.5,-4.5,-110,4.5,-110
1482,2026-09-10 09:42:32 EDT,5d8d85473b87f772a979ecf294acab94,2026-11-15,13:0,Minnesota Vikings,Green Bay Packers,Minnesota Vikings,200,Green Bay Packers,-245,45.5,4.5,-110,-4.5,-110
1483,2026-09-10 09:42:32 EDT,b5700b4d938fd94429f60d4622cc9c0a,2026-11-15,13:0,Miami Dolphins,Indianapolis Colts,Miami Dolphins,250,Indianapolis Colts,-310,47.5,6.5,-110,-6.5,-110
1484,2026-09-10 09:42:32 EDT,28800df7e768ecec14f116454d560f9b,2026-11-15,13:0,Jacksonville Jaguars,Tennessee Titans,Tennessee Titans,114,Jacksonville Jaguars,-135,45.5,-2.5,-110,2.5,-110
1485,2026-09-10 09:42:32 EDT,6c932a965110f3f89ec4a5f1a6ac256e,2026-11-15,16:5,Los Angeles Rams,Arizona Cardinals,Arizona Cardinals,360,Los Angeles Rams,-470,47.5,-10.5,-110,10.5,-110
1486,2026-09-10 09:42:32 EDT,7627192fd89b05120ab6c712aa23fd81,2026-11-15,16:25,San Francisco 49ers,Dallas Cowboys,San Francisco 49ers,100,Dallas Cowboys,-120,52.5,1.5,-115,-1.5,-105
1487,2026-09-10 09:42:32 EDT,48e497c230e6c9afcb3b600091d28e17,2026-11-15,20:20,Pittsburgh Steelers,Cincinnati Bengals,Pittsburgh Steelers,164,Cincinnati Bengals,-198,47.5,3.5,-110,-3.5,-110
1488,2026-09-10 09:42:32 EDT,35e3bdff558b5d1506251e814986f164,2026-11-16,20:15,Los Angeles Chargers,Baltimore Ravens,Los Angeles Chargers,150,Baltimore Ravens,-180,47.5,3.5,-110,-3.5,-110
1489,2026-09-10 09:42:32 EDT,66f9e83cf025d58acee12bce18661fb3,2026-11-19,20:15,Indianapolis Colts,Houston Texans,Indianapolis Colts,195,Houston Texans,-238,45.5,5.5,-110,-5.5,-110
1490,2026-09-10 09:42:32 EDT,403a88701352da05b0710a9e883b803e,2026-11-22,13:0,Arizona Cardinals,Kansas City Chiefs,Arizona Cardinals,440,Kansas City Chiefs,-600,44.5,11.5,-110,-11.5,-110
1491,2026-09-10 09:42:32 EDT,4527f57f5bc32742d8194af1ccf7da7e,2026-11-22,13:0,Baltimore Ravens,Carolina Panthers,Carolina Panthers,180,Baltimore Ravens,-218,46.5,-4.5,-110,4.5,-110
1492,2026-09-10 09:42:32 EDT,4c5b1c0843a260278e95eb93e7787576,2026-11-22,13:0,Miami Dolphins,Buffalo Bills,Miami Dolphins,470,Buffalo Bills,-650,47.5,11.5,-110,-11.5,-110
1493,2026-09-10 09:42:32 EDT,3ea90704fb576633bd1e2fa5aafd9ea3,2026-11-22,13:0,New Orleans Saints,Chicago Bears,New Orleans Saints,235,Chicago Bears,-290,46.5,6.5,-110,-6.5,-110
1494,2026-09-10 09:42:32 EDT,5e63079b678f8c13419adc169fff02d3,2026-11-22,13:0,Tennessee Titans,Dallas Cowboys,Tennessee Titans,230,Dallas Cowboys,-285,48.5,6.5,-110,-6.5,-110
1495,2026-09-10 09:42:32 EDT,41e2dd69bddd65d7e823d9ed61cc2afc,2026-11-22,13:0,Tampa Bay Buccaneers,Detroit Lions,Tampa Bay Buccaneers,180,Detroit Lions,-218,49.5,4.5,-110,-4.5,-110
1496,2026-09-10 09:42:32 EDT,8ba112fabf4e87639338a5f437c5abfe,2026-11-22,13:0,Jacksonville Jaguars,New York Giants,New York Giants,105,Jacksonville Jaguars,-125,46.5,-1.5,-110,1.5,-110
1497,2026-09-10 09:42:32 EDT,4b20b742b6168aaca4f25d87f11b1526,2026-11-22,16:5,New York Jets,Los Angeles Chargers,New York Jets,330,Los Angeles Chargers,-425,41.5,9.5,-110,-9.5,-110
1498,2026-09-10 09:42:32 EDT,1940706a79cbcbafacdcbf231069716b,2026-11-22,16:25,Las Vegas Raiders,Denver Broncos,Las Vegas Raiders,260,Denver Broncos,-325,41.5,7.5,-110,-7.5,-110
1499,2026-09-10 09:42:32 EDT,cbe45bafcc2615fc1d96cbc12840377a,2026-11-22,16:25,Pittsburgh Steelers,Philadelphia Eagles,Pittsburgh Steelers,195,Philadelphia Eagles,-238,42.5,5.5,-110,-5.5,-110
1500,2026-09-10 09:42:32 EDT,60e1d27b083a335b722c2c852ea85612,2026-11-22,20:20,Minnesota Vikings,San Francisco 49ers,Minnesota Vikings,160,San Francisco 49ers,-192,46.5,3.5,-110,-3.5,-110
1501,2026-09-10 09:42:32 EDT,3a60ed1d20004aa4d4772b2c1a2272e7,2026-11-23,20:15,Cincinnati Bengals,Washington Commanders,Washington Commanders,102,Cincinnati Bengals,-122,52.5,-1.5,-110,1.5,-110
1502,2026-09-10 09:42:32 EDT,5b612899d6dcdf998107f2c6c6e49a58,2026-11-25,20:0,Green Bay Packers,Los Angeles Rams,Green Bay Packers,185,Los Angeles Rams,-225,48.5,4.5,-105,-4.5,-115
1503,2026-09-10 09:42:32 EDT,9b825e6518156008da499be041975fdd,2026-11-26,13:0,Chicago Bears,Detroit Lions,Chicago Bears,120,Detroit Lions,-142,52.5,2.5,-105,-2.5,-115
1504,2026-09-10 09:42:32 EDT,ffaa06af56a7137d4b078c5c46c0b730,2026-11-26,15:30,Philadelphia Eagles,Dallas Cowboys,Philadelphia Eagles,105,Dallas Cowboys,-125,49.5,1.5,-110,-1.5,-110
1505,2026-09-10 09:42:32 EDT,f36f518585aec40e8cb40e071c0844aa,2026-11-26,20:20,Kansas City Chiefs,Buffalo Bills,Kansas City Chiefs,124,Buffalo Bills,-148,50.5,2.5,-105,-2.5,-115
1506,2026-09-10 09:42:32 EDT,44a3bcf5bd002583ddef2207a92dd977,2026-11-27,15:0,Denver Broncos,Pittsburgh Steelers,Pittsburgh Steelers,102,Denver Broncos,-122,39.5,-1.5,-110,1.5,-110
1507,2026-09-10 09:42:32 EDT,6a05021bdb6bab24b9bb381ffff10f0c,2026-11-29,13:0,Atlanta Falcons,Minnesota Vikings,Atlanta Falcons,180,Minnesota Vikings,-218,43.5,4.5,-110,-4.5,-110
1508,2026-09-10 09:42:32 EDT,60d0c074801985c1062795362a24200e,2026-11-29,13:0,Baltimore Ravens,Houston Texans,Baltimore Ravens,102,Houston Texans,-122,45.5,1.5,-110,-1.5,-110
1509,2026-09-10 09:42:32 EDT,f7d3ae7a8fe2438cef7d7d7bc67e31db,2026-11-29,13:0,New Orleans Saints,Cincinnati Bengals,New Orleans Saints,235,Cincinnati Bengals,-290,48.5,6.5,-110,-6.5,-110
1510,2026-09-10 09:42:32 EDT,eaa993c3d62d6b5aeb6142cdd7862fd5,2026-11-29,13:0,Las Vegas Raiders,Cleveland Browns,Las Vegas Raiders,102,Cleveland Browns,-122,39.5,1.5,-110,-1.5,-110
1511,2026-09-10 09:42:32 EDT,e9da808e36e1b7475698a57465ad4519,2026-11-29,13:0,New York Giants,Indianapolis Colts,New York Giants,120,Indianapolis Colts,-142,47.5,2.5,-110,-2.5,-110
1512,2026-09-10 09:42:32 EDT,81a8fee5b649a3ad5ad59e9528f2f376,2026-11-29,13:0,Tennessee Titans,Jacksonville Jaguars,Tennessee Titans,195,Jacksonville Jaguars,-238,45.5,5.5,-110,-5.5,-110
1513,2026-09-10 09:42:32 EDT,5ea0e3ea5944b0ad5169f21c0787b331,2026-11-29,13:0,New York Jets,Miami Dolphins,New York Jets,105,Miami Dolphins,-125,40.5,1.5,-110,-1.5,-110
1514,2026-09-10 09:42:32 EDT,69a1dbe9de3d3212c3a7a55be5d204ab,2026-11-29,16:25,Washington Commanders,Arizona Cardinals,Arizona Cardinals,180,Washington Commanders,-218,47.5,-4.5,-110,4.5,-110
1515,2026-09-10 09:42:32 EDT,2cdaecba7c0bff9b58a48a82e6ee17a7,2026-11-30,20:15,Carolina Panthers,Tampa Bay Buccaneers,Carolina Panthers,160,Tampa Bay Buccaneers,-192,44.5,3.5,-110,-3.5,-110
1516,2026-09-10 09:42:32 EDT,06e52a676b516186989e3b181a37c8a7,2026-12-3,20:15,Kansas City Chiefs,Los Angeles Rams,Kansas City Chiefs,170,Los Angeles Rams,-205,47.5,3.5,-105,-3.5,-115
1517,2026-09-10 09:42:32 EDT,c94419ba8fb818fc36a5b21b526aab75,2026-12-6,13:0,Detroit Lions,Atlanta Falcons,Atlanta Falcons,154,Detroit Lions,-185,48.5,-3.5,-110,3.5,-110
1518,2026-09-10 09:42:32 EDT,0236f9aa68d65ea03bd1ca025b749c20,2026-12-6,13:0,Jacksonville Jaguars,Chicago Bears,Jacksonville Jaguars,130,Chicago Bears,-155,47.5,3.0,-115,-3.0,-105
1519,2026-09-10 09:42:32 EDT,b447fab53534af892f98a74eae26c1c6,2026-12-6,13:0,Cincinnati Bengals,Cleveland Browns,Cleveland Browns,180,Cincinnati Bengals,-218,45.5,-4.5,-110,4.5,-110
1520,2026-09-10 09:42:32 EDT,9a55467e1cd6310ae2af20d8154612e1,2026-12-6,13:0,Miami Dolphins,Denver Broncos,Miami Dolphins,350,Denver Broncos,-455,42.5,9.5,-110,-9.5,-110
1521,2026-09-10 09:42:32 EDT,1ccb61b811b7aae4270df22a67e6459f,2026-12-6,13:0,Green Bay Packers,New Orleans Saints,New Orleans Saints,185,Green Bay Packers,-225,45.5,-4.5,-110,4.5,-110
1522,2026-09-10 09:42:32 EDT,f8a92363386bd337975650879086cca6,2026-12-6,13:0,Los Angeles Chargers,Tampa Bay Buccaneers,Tampa Bay Buccaneers,120,Los Angeles Chargers,-142,46.5,-2.5,-110,2.5,-110
1523,2026-09-10 09:42:32 EDT,a5495c3360b3bb13da76ba23a675c9ef,2026-12-6,13:0,San Francisco 49ers,New York Giants,New York Giants,140,San Francisco 49ers,-166,47.5,-3.0,-110,3.0,-110
1524,2026-09-10 09:42:32 EDT,ae3429e95ee704c7fd001cade20072d0,2026-12-6,13:0,Washington Commanders,Tennessee Titans,Tennessee Titans,105,Washington Commanders,-125,46.5,-1.5,-110,1.5,-110
1525,2026-09-10 09:42:32 EDT,f4897f48a5351881280f7598bd826408,2026-12-6,16:5,Philadelphia Eagles,Arizona Cardinals,Arizona Cardinals,310,Philadelphia Eagles,-395,43.5,-8.5,-110,8.5,-110
1526,2026-09-10 09:42:32 EDT,c186c605febd6370b292469c9151cfb3,2026-12-6,16:25,Carolina Panthers,Minnesota Vikings,Carolina Panthers,160,Minnesota Vikings,-192,42.5,3.5,-110,-3.5,-110
1527,2026-09-10 09:42:32 EDT,26bf8e165d2d273ed0772a355f07ab16,2026-12-6,20:20,Houston Texans,Pittsburgh Steelers,Pittsburgh Steelers,102,Houston Texans,-122,41.5,-1.5,-110,1.5,-110
1528,2026-09-10 09:42:32 EDT,f7fba6b1804e02292ee0ce4738484258,2026-12-13,13:0,Atlanta Falcons,Cleveland Browns,Atlanta Falcons,105,Cleveland Browns,-125,40.5,1.5,-110,-1.5,-110
1529,2026-09-10 09:42:32 EDT,bec99e2f2b4c80e345731d69ee38d831,2026-12-13,13:0,Tampa Bay Buccaneers,Baltimore Ravens,Tampa Bay Buccaneers,210,Baltimore Ravens,-258,48.5,6.0,-110,-6.0,-110
1530,2026-09-10 09:42:32 EDT,dcc7b377d3b3ec990304612bbef47d3d,2026-12-13,13:0,New Orleans Saints,Carolina Panthers,New Orleans Saints,114,Carolina Panthers,-135,43.5,2.5,-110,-2.5,-110
1531,2026-09-10 09:42:32 EDT,2c6added7199a59f1e9dae8492c29da4,2026-12-13,13:0,Chicago Bears,Miami Dolphins,Miami Dolphins,205,Chicago Bears,-250,46.5,-5.5,-110,5.5,-110
1532,2026-09-10 09:42:32 EDT,5185ace33aebc87d39074147940f2fa5,2026-12-13,13:0,Denver Broncos,New York Jets,New York Jets,190,Denver Broncos,-230,39.5,-5.5,-110,5.5,-110
1533,2026-09-10 09:42:32 EDT,a31f461ccd92e1072f23ccfae281ae9a,2026-12-13,13:0,Tennessee Titans,Detroit Lions,Tennessee Titans,285,Detroit Lions,-360,47.5,7.5,-110,-7.5,-110
1534,2026-09-10 09:42:32 EDT,5dc9cb8fba610d682dc670ae4e7d59f3,2026-12-13,13:0,Houston Texans,Washington Commanders,Washington Commanders,105,Houston Texans,-125,44.5,-1.5,-110,1.5,-110
1535,2026-09-10 09:42:32 EDT,45203f985f8d1567ad19b0617dd267f8,2026-12-13,13:0,Indianapolis Colts,Philadelphia Eagles,Indianapolis Colts,200,Philadelphia Eagles,-245,46.5,5.5,-110,-5.5,-110
1536,2026-09-10 09:42:32 EDT,484c491dc1dee090d740ba077b7d9709,2026-12-13,16:5,Los Angeles Chargers,Las Vegas Raiders,Las Vegas Raiders,185,Los Angeles Chargers,-225,43.5,-5.5,-110,5.5,-110
1537,2026-09-10 09:42:32 EDT,180b5fa7ea6bd0d2d9ddb9ba5ee38cc0,2026-12-13,16:25,Kansas City Chiefs,Cincinnati Bengals,Kansas City Chiefs,105,Cincinnati Bengals,-125,48.5,1.5,-110,-1.5,-110
1538,2026-09-10 09:42:32 EDT,6174916c7e2df8d1b80a88cfbd259d44,2026-12-13,16:25,Los Angeles Rams,San Francisco 49ers,San Francisco 49ers,110,Los Angeles Rams,-130,49.5,-1.5,-115,1.5,-105
1539,2026-09-10 09:42:32 EDT,c4877c048defcb80e0ab37c0688f37f6,2026-12-13,20:20,Buffalo Bills,Green Bay Packers,Buffalo Bills,105,Green Bay Packers,-125,49.5,1.5,-110,-1.5,-110
1540,2026-09-10 09:42:32 EDT,690e2ee2ed5f0875f7cbaecdc51373f5,2026-12-14,20:15,Pittsburgh Steelers,Jacksonville Jaguars,Pittsburgh Steelers,136,Jacksonville Jaguars,-162,44.5,3.0,-110,-3.0,-110
1541,2026-09-10 09:42:32 EDT,790af233087803c297861901ffa271d7,2026-12-17,20:15,San Francisco 49ers,Los Angeles Chargers,San Francisco 49ers,120,Los Angeles Chargers,-142,47.5,2.5,-110,-2.5,-110
1542,2026-09-10 09:42:32 EDT,784568b1df055bf7eb8780c110d5e910,2026-12-19,20:20,Chicago Bears,Buffalo Bills,Chicago Bears,154,Buffalo Bills,-185,51.5,3.5,-110,-3.5,-110
1543,2026-09-10 09:42:32 EDT,5931eee49f5f2656a5344e1388a68816,2026-12-20,13:0,Atlanta Falcons,Washington Commanders,Atlanta Falcons,150,Washington Commanders,-180,46.5,3.5,-110,-3.5,-110
1544,2026-09-10 09:42:32 EDT,2f4b1899c1c278947920e0254b682d90,2026-12-20,13:0,Baltimore Ravens,Pittsburgh Steelers,Pittsburgh Steelers,124,Baltimore Ravens,-148,46.5,-2.5,-120,2.5,100
1545,2026-09-10 09:42:32 EDT,000fc688beb4fc004ecdad115d9adb1c,2026-12-20,13:0,Cincinnati Bengals,Carolina Panthers,Carolina Panthers,124,Cincinnati Bengals,-148,47.5,-2.5,-120,2.5,100
1546,2026-09-10 09:42:32 EDT,1cb23c83ae4af84cffcdae6b31d06e83,2026-12-20,13:0,Cleveland Browns,New York Giants,Cleveland Browns,180,New York Giants,-218,40.5,4.5,-110,-4.5,-110
1547,2026-09-10 09:42:32 EDT,99719df35bc2efdcc72096f865ed8841,2026-12-20,13:0,Miami Dolphins,Green Bay Packers,Miami Dolphins,470,Green Bay Packers,-650,45.5,10.5,-110,-10.5,-110
1548,2026-09-10 09:42:32 EDT,29211b6e78461220a2833184233f70e5,2026-12-20,13:0,Jacksonville Jaguars,Houston Texans,Jacksonville Jaguars,130,Houston Texans,-155,43.5,3.0,-110,-3.0,-110
1549,2026-09-10 09:42:32 EDT,3b696c07ff6a1ef461d023a73db17584,2026-12-20,13:0,Indianapolis Colts,Tennessee Titans,Tennessee Titans,105,Indianapolis Colts,-125,47.5,-1.5,-110,1.5,-110
1550,2026-09-10 09:42:32 EDT,e15a91cebf3480ff0b93b4fbacb09797,2026-12-20,13:0,New Orleans Saints,Tampa Bay Buccaneers,New Orleans Saints,160,Tampa Bay Buccaneers,-192,45.5,3.5,-110,-3.5,-110
1551,2026-09-10 09:42:32 EDT,d8cd12e7684fa2aa39f5b188ef6e62e0,2026-12-20,16:5,New York Jets,Arizona Cardinals,New York Jets,-110,Arizona Cardinals,-110,41.5,-1.5,102,1.5,-122
1552,2026-09-10 09:42:32 EDT,77396e9d565860fbfd05779028223a8a,2026-12-20,16:25,Dallas Cowboys,Los Angeles Rams,Dallas Cowboys,200,Los Angeles Rams,-245,52.5,6.0,-112,-6.0,-108
1553,2026-09-10 09:42:32 EDT,9f507007b9c0a7082c1471a5fa841336,2026-12-20,16:25,Denver Broncos,Las Vegas Raiders,Las Vegas Raiders,170,Denver Broncos,-205,41.5,-4.5,-110,4.5,-110
1554,2026-09-10 09:42:32 EDT,b34897a0368d570291d44e176c0c2331,2026-12-20,20:20,Detroit Lions,Minnesota Vikings,Minnesota Vikings,102,Detroit Lions,-122,46.5,-1.5,-110,1.5,-110
1555,2026-09-10 09:42:32 EDT,3f226ec5402c6ec4d84a59be80c2fa67,2026-12-24,20:15,Houston Texans,Philadelphia Eagles,Houston Texans,114,Philadelphia Eagles,-135,37.5,2.5,-112,-2.5,-108
1556,2026-09-10 09:42:32 EDT,2828c07018dfafbe96aba205809cc7ac,2026-12-25,13:0,Green Bay Packers,Chicago Bears,Green Bay Packers,-102,Chicago Bears,-118,47.5,1.5,-115,-1.5,-105
1557,2026-09-10 09:42:32 EDT,126f27c71e8130ef87de0d137e833d9b,2026-12-25,16:30,Buffalo Bills,Denver Broncos,Denver Broncos,110,Buffalo Bills,-130,46.5,-1.5,-115,1.5,-105
1558,2026-09-10 09:42:32 EDT,8fd00347b6d77ce384d83cba814430d7,2026-12-27,13:0,Arizona Cardinals,New Orleans Saints,Arizona Cardinals,200,New Orleans Saints,-245,44.5,5.5,-110,-5.5,-110
1559,2026-09-10 09:42:32 EDT,bd13d00f06ad222b0a1b6ea4d0add763,2026-12-27,13:0,Tampa Bay Buccaneers,Atlanta Falcons,Atlanta Falcons,105,Tampa Bay Buccaneers,-125,45.5,-1.5,-110,1.5,-110
1560,2026-09-10 09:42:32 EDT,0f23afce92c2f0af28973c0a7533763e,2026-12-27,13:0,Cleveland Browns,Baltimore Ravens,Cleveland Browns,330,Baltimore Ravens,-425,43.5,10.0,-110,-10.0,-110
1561,2026-09-10 09:42:32 EDT,74cb0e112d069cdbda1671ae85531f43,2026-12-27,13:0,Carolina Panthers,Pittsburgh Steelers,Carolina Panthers,160,Pittsburgh Steelers,-192,41.5,3.5,-110,-3.5,-110
1562,2026-09-10 09:42:32 EDT,ca8982dccb6c3ae01525800317287f02,2026-12-27,13:0,Cincinnati Bengals,Indianapolis Colts,Indianapolis Colts,105,Cincinnati Bengals,-125,52.5,-1.5,-110,1.5,-110
1563,2026-09-10 09:42:32 EDT,29425f5c68826d615277cf9be2b82e00,2026-12-27,13:0,Tennessee Titans,Las Vegas Raiders,Tennessee Titans,105,Las Vegas Raiders,-125,42.5,1.5,-110,-1.5,-110
1564,2026-09-10 09:42:32 EDT,fe2eb511d4c2da3a8e88b85b4f4e9f7e,2026-12-27,13:0,Los Angeles Chargers,Miami Dolphins,Miami Dolphins,285,Los Angeles Chargers,-360,45.5,-7.0,-112,7.0,-108
1565,2026-09-10 09:42:32 EDT,cf5cefa5556bcd0156bd394171ef6c8e,2026-12-27,13:0,Washington Commanders,Minnesota Vikings,Washington Commanders,114,Minnesota Vikings,-135,46.5,2.5,-110,-2.5,-110
1566,2026-09-10 09:42:32 EDT,fc7cce3ae7c73cc7151357829e11b6d5,2026-12-27,16:25,San Francisco 49ers,Kansas City Chiefs,San Francisco 49ers,130,Kansas City Chiefs,-155,46.5,3.0,-120,-3.0,100
1567,2026-09-10 09:42:32 EDT,b1c4ec04c3398a9efa25492000858384,2026-12-27,20:20,Jacksonville Jaguars,Dallas Cowboys,Jacksonville Jaguars,136,Dallas Cowboys,-162,51.5,3.0,-118,-3.0,-102
1568,2026-09-10 09:42:32 EDT,ca92c191ebf7361ea56f9bbc09a5f51b,2026-12-28,20:15,New York Giants,Detroit Lions,New York Giants,170,Detroit Lions,-205,49.5,4.5,-110,-4.5,-110
1569,2026-09-10 09:42:32 EDT,be268ce293cf4fad1c0c867a3ca4c257,2026-12-31,20:15,Baltimore Ravens,Cincinnati Bengals,Baltimore Ravens,114,Cincinnati Bengals,-135,51.5,2.5,-110,-2.5,-110
1570,2026-09-10 09:42:32 EDT,e5dd9cc3fd5452d55c250949e946743d,2027-1-3,13:0,New Orleans Saints,Atlanta Falcons,New Orleans Saints,105,Atlanta Falcons,-125,44.5,1.5,-110,-1.5,-110
1571,2026-09-10 09:42:32 EDT,d9a186d988a3ede2a33e504f4890fe52,2027-1-3,13:0,Buffalo Bills,Miami Dolphins,Miami Dolphins,300,Buffalo Bills,-380,47.5,-7.5,-110,7.5,-110
1572,2026-09-10 09:42:32 EDT,f2e03f9b857485bb13211ee0f5eb5935,2027-1-3,13:0,Indianapolis Colts,Cleveland Browns,Cleveland Browns,114,Indianapolis Colts,-135,43.5,-2.5,-110,2.5,-110
1573,2026-09-10 09:42:32 EDT,c8945d476449633912cf51a346ac98ca,2027-1-3,13:0,New York Giants,Dallas Cowboys,New York Giants,180,Dallas Cowboys,-218,49.5,4.5,-110,-4.5,-110
1574,2026-09-10 09:42:32 EDT,c96a3e9e40569b4ed5a546dff131c61d,2027-1-3,13:0,Washington Commanders,Jacksonville Jaguars,Washington Commanders,154,Jacksonville Jaguars,-185,48.5,3.5,-110,-3.5,-110
1575,2026-09-10 09:42:32 EDT,419106b9bcc9f7ef39cfc2d1ee9a3f87,2027-1-3,13:0,Los Angeles Rams,Tampa Bay Buccaneers,Tampa Bay Buccaneers,170,Los Angeles Rams,-205,48.5,-4.5,-110,4.5,-110
1576,2026-09-10 09:42:32 EDT,bfe51fa0034c9d22a69ffd80e2d717f5,2027-1-3,13:0,Minnesota Vikings,New York Jets,New York Jets,154,Minnesota Vikings,-185,39.5,-3.5,-110,3.5,-110
1577,2026-09-10 09:42:32 EDT,d0ffa5ed13cbd7610f9176041464404a,2027-1-3,13:0,Pittsburgh Steelers,Tennessee Titans,Tennessee Titans,105,Pittsburgh Steelers,-125,42.5,-1.5,-110,1.5,-110
1578,2026-09-10 09:42:32 EDT,08abdb683fcb6d77f66baed136f47283,2027-1-3,16:5,Las Vegas Raiders,Arizona Cardinals,Arizona Cardinals,110,Las Vegas Raiders,-130,42.5,-1.5,-115,1.5,-105
1579,2026-09-10 09:42:32 EDT,12089441cea51add4694cdde98b4a5b7,2027-1-3,16:25,Detroit Lions,Chicago Bears,Detroit Lions,102,Chicago Bears,-122,49.5,1.5,-110,-1.5,-110
1580,2026-09-10 09:42:32 EDT,67d842cb73300ef923959105698b63bb,2027-1-3,16:25,Kansas City Chiefs,Los Angeles Chargers,Kansas City Chiefs,105,Los Angeles Chargers,-125,45.5,1.5,-110,-1.5,-110
1581,2026-09-10 09:42:32 EDT,e7820b1226edbb1ef1fddce6b20f963d,2027-1-3,20:20,Philadelphia Eagles,San Francisco 49ers,Philadelphia Eagles,105,San Francisco 49ers,-125,45.5,1.5,-110,-1.5,-110
1582,2026-09-10 09:42:32 EDT,37bc346543da471e067b695b862ccfe9,2027-1-4,20:15,Houston Texans,Green Bay Packers,Houston Texans,114,Green Bay Packers,-135,42.5,2.5,-110,-2.5,-110
1583,2026-09-10 09:42:32 EDT,7f809a45bc8baedf0cb0259e7da7cd29,2027-1-10,13:0,Atlanta Falcons,Carolina Panthers,Atlanta Falcons,114,Carolina Panthers,-135,41.5,2.5,-110,-2.5,-110
1584,2026-09-10 09:42:32 EDT,d7da5587a88a7fc35c36b453d3264d5a,2027-1-10,13:0,Pittsburgh Steelers,Baltimore Ravens,Pittsburgh Steelers,190,Baltimore Ravens,-230,43.5,5.5,-110,-5.5,-110
1585,2026-09-10 09:42:32 EDT,97cbd9ad26dff1af47192120defe112d,2027-1-10,13:0,New York Jets,Buffalo Bills,New York Jets,370,Buffalo Bills,-485,43.5,10.0,-110,-10.0,-110
1586,2026-09-10 09:42:32 EDT,d190fb7ea85c33b96a495041dad22142,2027-1-10,13:0,Chicago Bears,Minnesota Vikings,Chicago Bears,102,Minnesota Vikings,-122,43.5,1.5,-110,-1.5,-110
1587,2026-09-10 09:42:32 EDT,8c16104c8afc72b583531508b2aa1c33,2027-1-10,13:0,Cleveland Browns,Cincinnati Bengals,Cleveland Browns,285,Cincinnati Bengals,-360,43.5,7.5,-110,-7.5,-110
1588,2026-09-10 09:42:32 EDT,3f460f14b810d7bf642bdf7b658530c0,2027-1-10,13:0,Dallas Cowboys,Washington Commanders,Washington Commanders,102,Dallas Cowboys,-122,49.5,-1.5,-110,1.5,-110
1589,2026-09-10 09:42:32 EDT,71d0d10e384393c1e071c39dd3931c19,2027-1-10,13:0,Los Angeles Chargers,Denver Broncos,Los Angeles Chargers,102,Denver Broncos,-122,41.5,1.5,-110,-1.5,-110
1590,2026-09-10 09:42:32 EDT,8f81778bbdb984be44e24a3d55a49b4d,2027-1-10,13:0,Detroit Lions,Green Bay Packers,Detroit Lions,114,Green Bay Packers,-135,47.5,2.5,-110,-2.5,-110
1591,2026-09-10 09:42:32 EDT,9bb63096709ba607443c454d2a813b14,2027-1-10,13:0,Tennessee Titans,Houston Texans,Tennessee Titans,240,Houston Texans,-298,39.5,7.0,-110,-7.0,-110
1592,2026-09-10 09:42:32 EDT,bea47af467e217653bba8d69888e4d95,2027-1-10,13:0,Jacksonville Jaguars,Indianapolis Colts,Jacksonville Jaguars,102,Indianapolis Colts,-122,46.5,1.5,-110,-1.5,-110
1593,2026-09-10 09:42:32 EDT,bb66a6f02c535c0cd8b9c689a5513687,2027-1-10,13:0,Las Vegas Raiders,Kansas City Chiefs,Las Vegas Raiders,310,Kansas City Chiefs,-395,40.5,8.5,-110,-8.5,-110
1594,2026-09-10 09:42:32 EDT,7b8ce34c0e173e4ff6ccf8e8caa09113,2027-1-10,13:0,Tampa Bay Buccaneers,New Orleans Saints,New Orleans Saints,105,Tampa Bay Buccaneers,-125,43.5,-1.5,-110,1.5,-110
1595,2026-09-10 09:42:32 EDT,01baed6f9d6482c5d89d37379c7c63c7,2027-1-10,13:0,Philadelphia Eagles,New York Giants,New York Giants,136,Philadelphia Eagles,-162,41.5,-3.0,-110,3.0,-110
1596,2026-09-10 09:42:32 EDT,f1480276ab67dcf60686556ba9336695,2027-1-10,16:5,San Francisco 49ers,Arizona Cardinals,Arizona Cardinals,330,San Francisco 49ers,-425,44.5,-8.5,-110,8.5,-110
