,Name,Team,OPP,Pos,MIN,PTS,REB,AST,STL,BLK,TO,FGM,FGA,FG%,3PM,3PA,3P%,FTM,FTA,FT%,OREB,DREB
1,Steven Adams,HOU,BKN,C,25.00000,6.99170,8.58185,2.40706,0.62590,0.62791,1.57008,2.75694,5.03995,54.7,0.10458,0.36690,28.5,1.37324,2.62749,52.3,3.74787,4.83399
2,Ochai Agbaji,TOR,SAS,F,19.00000,6.69911,3.03017,1.01885,0.64471,0.29508,0.53903,2.62575,5.37076,48.9,1.07119,2.71642,39.4,0.37642,0.50355,74.8,0.83966,2.19051
3,Santi Aldama,MEM,GSW,F,22.00000,10.99125,6.92265,2.63508,0.72348,0.49414,1.14710,4.24407,8.57612,49.5,1.54510,4.07459,37.9,0.95802,1.37545,69.7,1.49837,5.42428
4,Nickeil Alexander-Walker,ATL,CHI,G,28.00000,11.10497,4.12413,2.85274,0.75265,0.41409,1.34162,3.93343,9.04003,43.5,1.95852,5.31123,36.9,1.27959,1.63828,78.1,0.88639,3.23774
5,Grayson Allen,PHX,UTA,G,33.00000,15.31182,4.70263,3.78587,1.16842,0.46591,1.91539,5.04386,11.22070,45.0,3.04667,7.50407,40.6,2.17742,2.75210,79.1,0.72212,3.98051
6,Jarrett Allen,CLE,DET,C,28.00000,13.35761,9.87188,2.40164,0.91842,0.82344,1.40200,5.37373,8.23097,65.3,0.13092,0.40356,32.4,2.47922,3.47359,71.4,2.69865,7.17323
7,Jose Alvarado,NOP,BOS,G,0.00000,0.00000,0.00000,0.00000,0.00000,0.00000,0.00000,0.00000,0.00000,0.0,0.00000,0.00000,0.0,0.00000,0.00000,0.0,0.00000,0.00000
